concept_qname,namespace_uri,local_name,taxonomy_class,window,n_facts,n_filings,datatype,label_en
ext:PatrmonioNetto,https://group.intesasanpaolo.com/esef/2021-12-31,PatrmonioNetto,extension,train,108,1,monetary,
ext:TotalEquity,https://group.intesasanpaolo.com/esef/2021-12-31,TotalEquity,extension,train,108,1,monetary,
titancement:DeferredTaxOnTreasurySharesHeldBySubsidiary,http://titancement.com/xbrl/2020,DeferredTaxOnTreasurySharesHeldBySubsidiary,extension,train,44,2,monetary,
CACIB2020FR:RemunerationOfUndatedDeeplySubordinatedNotes,https://www.ca-cib.fr,RemunerationOfUndatedDeeplySubordinatedNotes,extension,train,33,1,monetary,
CACIB2020FR:IncreaseDecreaseDueToAcquisitionsAndDisposalsOfNonControllingInterests,https://www.ca-cib.fr,IncreaseDecreaseDueToAcquisitionsAndDisposalsOfNonControllingInterests,extension,train,32,1,monetary,
CACIB2020FR:IssuanceRedemptionOfEquityInstruments,https://www.ca-cib.fr,IssuanceRedemptionOfEquityInstruments,extension,train,32,1,monetary,
CACIB2020FR:OtherComprehensiveIncomeAttributableToChangesInOwnCreditRiskReclassifiedToConsolidatedReserves,https://www.ca-cib.fr,OtherComprehensiveIncomeAttributableToChangesInOwnCreditRiskReclassifiedToConsolidatedReserves,extension,train,32,1,monetary,
CACIB2020FR:OtherComprehensiveIncomeExludingShareOfOtherComprehensiveIncomeOfAssociatesAndJointVentures,https://www.ca-cib.fr,OtherComprehensiveIncomeExludingShareOfOtherComprehensiveIncomeOfAssociatesAndJointVentures,extension,train,32,1,monetary,
CACIB2020FR:OtherComprehensiveIncomeOnEquityInstrumentsThatWillNotBeReclassifiedToProfitOrLossReclassifiedToConsolidatedReserves,https://www.ca-cib.fr,OtherComprehensiveIncomeOnEquityInstrumentsThatWillNotBeReclassifiedToProfitOrLossReclassifiedToConsolidatedReserves,extension,train,32,1,monetary,
neles:TotalComprehensiveIncomeContinuingDiscontinued,http://neles.com,TotalComprehensiveIncomeContinuingDiscontinued,extension,train,32,2,monetary,
renta4:EfectosDeLaCorreccionDeErrores,http://renta4banco.com/xbrl/2020,EfectosDeLaCorreccionDeErrores,extension,train,28,1,monetary,
renta4:OtrasVariacionesDelPatrimonioNeto,http://renta4banco.com/xbrl/2020,OtrasVariacionesDelPatrimonioNeto,extension,train,28,1,monetary,
renta4:OtrosAumentosODisminucionesDelPatrimonioNetoNota18L,http://renta4banco.com/xbrl/2020,OtrosAumentosODisminucionesDelPatrimonioNetoNota18L,extension,train,28,1,monetary,
renta4:TransferenciasEntreComponentesDelPatrimonioNeto,http://renta4banco.com/xbrl/2020,TransferenciasEntreComponentesDelPatrimonioNeto,extension,train,28,1,monetary,
ext:AllocazioneRisultatoEsercizioPrecedenteRiserve,https://group.intesasanpaolo.com/esef/2021-12-31,AllocazioneRisultatoEsercizioPrecedenteRiserve,extension,train,27,1,monetary,
ext:AltreVariazioni,https://group.intesasanpaolo.com/esef/2021-12-31,AltreVariazioni,extension,train,27,1,monetary,
ext:DerivatiSuAzioniProprie,https://group.intesasanpaolo.com/esef/2021-12-31,DerivatiSuAzioniProprie,extension,train,27,1,monetary,
ext:DistribuzioneStraordinariaDividendi,https://group.intesasanpaolo.com/esef/2021-12-31,DistribuzioneStraordinariaDividendi,extension,train,27,1,monetary,
ext:ExtraordinaryDividendsDistribution,https://group.intesasanpaolo.com/esef/2021-12-31,ExtraordinaryDividendsDistribution,extension,train,27,1,monetary,
ext:IncreaseDecreaseDueToEquityInstruments,https://group.intesasanpaolo.com/esef/2021-12-31,IncreaseDecreaseDueToEquityInstruments,extension,train,27,1,monetary,
ext:IncreaseDecreaseOfReserves,https://group.intesasanpaolo.com/esef/2021-12-31,IncreaseDecreaseOfReserves,extension,train,27,1,monetary,
ext:IncreaseDecreaseThroughTreasuryShareDerivatives,https://group.intesasanpaolo.com/esef/2021-12-31,IncreaseDecreaseThroughTreasuryShareDerivatives,extension,train,27,1,monetary,
ext:IncrementiDecrementiDiRiserve,https://group.intesasanpaolo.com/esef/2021-12-31,IncrementiDecrementiDiRiserve,extension,train,27,1,monetary,
ext:Other,https://group.intesasanpaolo.com/esef/2021-12-31,Other,extension,train,27,1,monetary,
ext:PreviousYearProfitLossAllocationReserves,https://group.intesasanpaolo.com/esef/2021-12-31,PreviousYearProfitLossAllocationReserves,extension,train,27,1,monetary,
ext:VariazioneStrumentiDiCapitale,https://group.intesasanpaolo.com/esef/2021-12-31,VariazioneStrumentiDiCapitale,extension,train,27,1,monetary,
renta4:EfectosDeLosCambiosEnLasPoliticasContables,http://renta4banco.com/xbrl/2020,EfectosDeLosCambiosEnLasPoliticasContables,extension,train,25,1,monetary,
JADRA:EquitySubTotalDecrease,https://www.jgl.hr/en,EquitySubTotalDecrease,extension,train,24,1,monetary,
JADRA:EquitySubTotalIncrease,https://www.jgl.hr/en,EquitySubTotalIncrease,extension,train,24,1,monetary,
JADRA:ProfitForYear,https://www.jgl.hr/en,ProfitForYear,extension,train,24,1,monetary,
JADRA:ProfitForYearRE,https://www.jgl.hr/en,ProfitForYearRE,extension,train,24,1,monetary,
JADRA:ProfitForYearTransfer,https://www.jgl.hr/en,ProfitForYearTransfer,extension,train,24,1,monetary,
JADRA:TreasurySharesDecrease,https://www.jgl.hr/en,TreasurySharesDecrease,extension,train,24,1,monetary,
JADRA:TreasurySharesIncrease,https://www.jgl.hr/en,TreasurySharesIncrease,extension,train,24,1,monetary,
ext:PatrimonioNettoDelGruppo,https://group.intesasanpaolo.com/esef/2021-12-31,PatrimonioNettoDelGruppo,extension,train,23,1,monetary,
ext:PatrimonioNettoDiTerzi,https://group.intesasanpaolo.com/esef/2021-12-31,PatrimonioNettoDiTerzi,extension,train,23,1,monetary,
ext:TotalEquityAttributableToOwnersOfParent,https://group.intesasanpaolo.com/esef/2021-12-31,TotalEquityAttributableToOwnersOfParent,extension,train,23,1,monetary,
ext:TotalNoncontrollingInterests,https://group.intesasanpaolo.com/esef/2021-12-31,TotalNoncontrollingInterests,extension,train,23,1,monetary,
EDPR:ReclassificationToProfitAndLossDueToChangesInControl,https://www.edpr.com,ReclassificationToProfitAndLossDueToChangesInControl,extension,train,22,1,monetary,
titancement:ChangeInAccountingPolicy,http://titancement.com/xbrl/2020,ChangeInAccountingPolicy,extension,train,22,2,monetary,
titancement:ChangeOfParentCompanyToTitanCementInternational,http://titancement.com/xbrl/2020,ChangeOfParentCompanyToTitanCementInternational,extension,train,22,2,monetary,
titancement:DeferredTaxAdjustmentDueToChangeInIncomeTaxesRates0nRevaluationReserves,http://titancement.com/xbrl/2020,DeferredTaxAdjustmentDueToChangeInIncomeTaxesRates0nRevaluationReserves,extension,train,22,2,monetary,
titancement:RestatedBalanceAtBeginningOfYear,http://titancement.com/xbrl/2020,RestatedBalanceAtBeginningOfYear,extension,train,22,2,monetary,
titancement:TaxesAndExpensesRelevantToShareCapitalIncrease,http://titancement.com/xbrl/2020,TaxesAndExpensesRelevantToShareCapitalIncrease,extension,train,22,2,monetary,
TEC:OtherTaxEffectsOnEquity,http://technicolor.com/2020-12-31,OtherTaxEffectsOnEquity,extension,train,20,1,monetary,
ext:IVS_Rounding,https://www.ivsgroup.it/esef/2021-12-31,IVS_Rounding,extension,train,20,1,monetary,
jtb:IncreaseDecreaseInAllowanceAccountForCreditLossesOfLoanCommitmentsAndFinancialGuaranteeContracts,http://www.jtbank.cz/20201231,IncreaseDecreaseInAllowanceAccountForCreditLossesOfLoanCommitmentsAndFinancialGuaranteeContracts,extension,train,20,1,monetary,
EDPR:OtherChangesResultingFromAcquisitionsOrSalesAndEquityIncreases,https://www.edpr.com,OtherChangesResultingFromAcquisitionsOrSalesAndEquityIncreases,extension,train,18,1,monetary,
heiq:CapitalContributionsFromNonControllingInterests,http://heiq.com/xbrl/2020,CapitalContributionsFromNonControllingInterests,extension,train,18,1,monetary,
iktinos:OtherComprehensiveIncomeOfTheYear,http://www.iktinos.gr/el,OtherComprehensiveIncomeOfTheYear,extension,train,18,1,monetary,
iktinos:TotalComprehensiveIncome,http://www.iktinos.gr/el,TotalComprehensiveIncome,extension,train,18,1,monetary,
jtb:IncreaseDecreaseThroughTransferToStatutoryReservePerpetuityFund,http://www.jtbank.cz/20201231,IncreaseDecreaseThroughTransferToStatutoryReservePerpetuityFund,extension,train,18,1,monetary,
ncn1t:CancellationOfDividends,http://www.nordecon.com/xbrl/2020,CancellationOfDividends,extension,train,18,2,monetary,
neles:CurrencyTranslationOnSubsidiaryNetInvestmentsContinuingDiscontinued,http://neles.com,CurrencyTranslationOnSubsidiaryNetInvestmentsContinuingDiscontinued,extension,train,18,2,monetary,
profsoft:ReserveFromStockOption,http://www.profilesw.com/el,ReserveFromStockOption,extension,train,18,1,monetary,
profsoft:TotalComprehensiveIncome,http://www.profilesw.com/el,TotalComprehensiveIncome,extension,train,18,1,monetary,
ATR:ScripDividend,https://www.aere.com/taxonomy/2020-12-31,ScripDividend,extension,train,17,2,monetary,
CACIB2020FR:DividendsReceivedFromRegionalBanksAndTheirSubsidiaries,https://www.ca-cib.fr,DividendsReceivedFromRegionalBanksAndTheirSubsidiaries,extension,train,16,1,monetary,
econocom:RestatedEquity,http://www.econocom.com/taxonomy/2019-12-31/econocom_full_entry_point,RestatedEquity,extension,train,16,1,monetary,
sazkagroup:DividendsDeclared,http://www.sazkagroup.com,DividendsDeclared,extension,train,16,1,monetary,
sazkagroup:EffectOfScripDividend,http://www.sazkagroup.com,EffectOfScripDividend,extension,train,16,1,monetary,
sazkagroup:EffectofScripProgramme,http://www.sazkagroup.com,EffectofScripProgramme,extension,train,16,1,monetary,
ena:OtherChanges,http://www.enagas.es/20201231,OtherChanges,extension,train,14,1,monetary,
ext:AccontiSuDividendiPatrimonioNetto,https://group.intesasanpaolo.com/esef/2021-12-31,AccontiSuDividendiPatrimonioNetto,extension,train,14,1,monetary,
ext:InterimDividendsChangesOfEquity,https://group.intesasanpaolo.com/esef/2021-12-31,InterimDividendsChangesOfEquity,extension,train,14,1,monetary,
gekterna:IncreaseThroughChangeInEquityOfSubsidiaries,http://gekterna.com/xbrl/2021,IncreaseThroughChangeInEquityOfSubsidiaries,extension,train,14,1,monetary,
gyldendal:PurchaseOfNoncontrollingInterestInSubsidiaries,http://gyldendal.dk,PurchaseOfNoncontrollingInterestInSubsidiaries,extension,train,14,1,monetary,
neles:ComprehensiveIncomeDiscontinuedOperations,http://neles.com,ComprehensiveIncomeDiscontinuedOperations,extension,train,14,2,monetary,
JADRA:OtherEquityDecrease,https://www.jgl.hr/en,OtherEquityDecrease,extension,train,12,1,monetary,
abambergrid:InventoriesAndPrepayments,http://ambergrid.lt,InventoriesAndPrepayments,extension,train,12,2,monetary,
abambergrid:Reserves,http://ambergrid.lt,Reserves,extension,train,12,2,monetary,
neles:DefinedBenefitPlanActuarialGainsAndLossesContinuingDiscontinued,http://neles.com,DefinedBenefitPlanActuarialGainsAndLossesContinuingDiscontinued,extension,train,12,2,monetary,
neles:EffectOfDemerger,http://neles.com,EffectOfDemerger,extension,train,12,2,monetary,
neles:TaxRelatingToRemeasurementsOfDefinedBenefitPlansOfOtherComprehensiveIncomeContinuingDiscontinued,http://neles.com,TaxRelatingToRemeasurementsOfDefinedBenefitPlansOfOtherComprehensiveIncomeContinuingDiscontinued,extension,train,12,2,monetary,
econocom:PutAndCallOptionsOnNoncontrollingInterestsChangeInFairValue,http://www.econocom.com/taxonomy/2019-12-31/econocom_full_entry_point,PutAndCallOptionsOnNoncontrollingInterestsChangeInFairValue,extension,train,11,1,monetary,
novomaticag:ChangeInConsolidationscope,http://novomatic.com,ChangeInConsolidationscope,extension,train,11,1,monetary,
novomaticag:ObligationFromWrittenPutOptionsOverNonControllingInterests,http://novomatic.com,ObligationFromWrittenPutOptionsOverNonControllingInterests,extension,train,11,1,monetary,
EUR:IssueOfHybridCapital,http://xbrl.europeanenergy.dk/2020-12-31,IssueOfHybridCapital,extension,train,10,1,monetary,
GOM:IncreaseDecreaseThroughDevelopmentCostsLessAmortization,http://xbrl.gomspace.com/2020-12-31,IncreaseDecreaseThroughDevelopmentCostsLessAmortization,extension,train,10,1,monetary,
GOM:IncreaseDecreaseThroughShareBasedPaymentTransactionsCapitalContribution,http://xbrl.gomspace.com/2020-12-31,IncreaseDecreaseThroughShareBasedPaymentTransactionsCapitalContribution,extension,train,10,1,monetary,
GOM:IncreaseDecreaseThroughShareBasedPaymentTransactionsReturnOfCapitalContribution,http://xbrl.gomspace.com/2020-12-31,IncreaseDecreaseThroughShareBasedPaymentTransactionsReturnOfCapitalContribution,extension,train,10,1,monetary,
GOM:IncreaseDecreaseThroughTaxOnDevelopmentCostsLessAmortization,http://xbrl.gomspace.com/2020-12-31,IncreaseDecreaseThroughTaxOnDevelopmentCostsLessAmortization,extension,train,10,1,monetary,
TEC:IncreaseDecreaseThroughDebtEquitizationAtFairValue,http://technicolor.com/2020-12-31,IncreaseDecreaseThroughDebtEquitizationAtFairValue,extension,train,10,1,monetary,
TEC:IncreaseDecreaseThroughTransferOfLapsedAwardsFromOtherReservesToRetainedEarnings,http://technicolor.com/2020-12-31,IncreaseDecreaseThroughTransferOfLapsedAwardsFromOtherReservesToRetainedEarnings,extension,train,10,1,monetary,
econocom:PutAndCallOptionsOnNoncontrollingInterestsInitialRecognition,http://www.econocom.com/taxonomy/2019-12-31/econocom_full_entry_point,PutAndCallOptionsOnNoncontrollingInterestsInitialRecognition,extension,train,10,1,monetary,
ext:IVS_Acquisition2OfCoinServiceAndCoinServiceNord,https://www.ivsgroup.it/esef/2021-12-31,IVS_Acquisition2OfCoinServiceAndCoinServiceNord,extension,train,10,1,monetary,
ext:IVS_AcquisitionOf2OfCoinServiceAndCoinServiceNord,https://www.ivsgroup.it/esef/2021-12-31,IVS_AcquisitionOf2OfCoinServiceAndCoinServiceNord,extension,train,10,1,monetary,
ext:IVS_AcquisitionOfIVS70IVSH24S.r.l.,https://www.ivsgroup.it/esef/2021-12-31,IVS_AcquisitionOfIVS70IVSH24S.r.l.,extension,train,10,1,monetary,
ext:IVS_AcquisitionOfNonControllingInterestSWISS,https://www.ivsgroup.it/esef/2021-12-31,IVS_AcquisitionOfNonControllingInterestSWISS,extension,train,10,1,monetary,
ext:IVS_DisposalOf1.4OfVenpayS.p.A,https://www.ivsgroup.it/esef/2021-12-31,IVS_DisposalOf1.4OfVenpayS.p.A,extension,train,10,1,monetary,
ext:IVS_DisposalOf4OfIVSH24Srl,https://www.ivsgroup.it/esef/2021-12-31,IVS_DisposalOf4OfIVSH24Srl,extension,train,10,1,monetary,
ext:IVS_PutCall30OfIVSH24S.r.l.,https://www.ivsgroup.it/esef/2021-12-31,IVS_PutCall30OfIVSH24S.r.l.,extension,train,10,1,monetary,
ext:IVS_TreasurySharesSold,https://www.ivsgroup.it/esef/2021-12-31,IVS_TreasurySharesSold,extension,train,10,1,monetary,
bats:OtherMovementsRelatedToOwnersOfParent,http://www.british.com/20201231,OtherMovementsRelatedToOwnersOfParent,extension,train,9,1,monetary,
ext:AcquisitionOfNciOnBusinessCombination,http://www.medservenergy.com/esef/2021-12-31,AcquisitionOfNciOnBusinessCombination,extension,train,9,1,monetary,
ext:EquityBeforeRestatement,http://www.medservenergy.com/esef/2021-12-31,EquityBeforeRestatement,extension,train,9,1,monetary,
ext:ImpactOfCorrectionOfErrors,http://www.medservenergy.com/esef/2021-12-31,ImpactOfCorrectionOfErrors,extension,train,9,1,monetary,
ext:OtherAdjustments,http://www.medservenergy.com/esef/2021-12-31,OtherAdjustments,extension,train,9,1,monetary,
ext:ReversalOfDividends,http://www.medservenergy.com/esef/2021-12-31,ReversalOfDividends,extension,train,9,1,monetary,
ext:TotalContributionsAndDistributions,http://www.medservenergy.com/esef/2021-12-31,TotalContributionsAndDistributions,extension,train,9,1,monetary,
ext:TranslationAdjustment,http://www.medservenergy.com/esef/2021-12-31,TranslationAdjustment,extension,train,9,1,monetary,
heiq:ReverseAcquisitionAdjustment,http://heiq.com/xbrl/2020,ReverseAcquisitionAdjustment,extension,train,9,1,monetary,
iktinos:ImpactFromChangeInAccountingPolicyOfIAS19,http://www.iktinos.gr/el,ImpactFromChangeInAccountingPolicyOfIAS19,extension,train,9,1,monetary,
iktinos:PreviousYearsDividendsPaid,http://www.iktinos.gr/el,PreviousYearsDividendsPaid,extension,train,9,1,monetary,
profsoft:RetrospectiveApplicationIas19,http://www.profilesw.com/el,RetrospectiveApplicationIas19,extension,train,9,1,monetary,
FRI:AdjustmentsForDecreaseIncreaseInReceivablesDueFromRelatedParties,http://frigoglass.com/2021-12-31,AdjustmentsForDecreaseIncreaseInReceivablesDueFromRelatedParties,extension,train,8,2,monetary,
FRI:AdjustmentsForExpenseOfRestructuringActivities,http://frigoglass.com/2021-12-31,AdjustmentsForExpenseOfRestructuringActivities,extension,train,8,2,monetary,
FRI:AdjustmentsForImpairmentLossReversalOfImpairmentLossRecognisedInProfitOrLossRightOfUseAssets,http://frigoglass.com/2021-12-31,AdjustmentsForImpairmentLossReversalOfImpairmentLossRecognisedInProfitOrLossRightOfUseAssets,extension,train,8,2,monetary,
FRI:AdjustmentsForIncreaseDecreaseInPayablesToRelatedParties,http://frigoglass.com/2021-12-31,AdjustmentsForIncreaseDecreaseInPayablesToRelatedParties,extension,train,8,2,monetary,
FRI:CashFlowsFromUsedInOperatingAndInvestingActivities,http://frigoglass.com/2021-12-31,CashFlowsFromUsedInOperatingAndInvestingActivities,extension,train,8,2,monetary,
FRI:ExpenseOfRestructuringActivitiesPaidClassifiedAsOperatingActivities,http://frigoglass.com/2021-12-31,ExpenseOfRestructuringActivitiesPaidClassifiedAsOperatingActivities,extension,train,8,2,monetary,
FRI:ImpairmentLossReversalOfImpairmentLossRecognisedInProfitOrLossRightOfUseAssets,http://frigoglass.com/2021-12-31,ImpairmentLossReversalOfImpairmentLossRecognisedInProfitOrLossRightOfUseAssets,extension,train,8,2,monetary,
FRI:ProceedsFromInsuranceClaimsClassifiedAsInvestingActivities,http://frigoglass.com/2021-12-31,ProceedsFromInsuranceClaimsClassifiedAsInvestingActivities,extension,train,8,2,monetary,
FRI:ProfitLossBeforeTaxAndExpenseOfRestructuringActivities,http://frigoglass.com/2021-12-31,ProfitLossBeforeTaxAndExpenseOfRestructuringActivities,extension,train,8,2,monetary,
FRI:ProfitLossFromOperatingActivitiesBeforeInterestTaxesDepreciationAndAmortisationExpense,http://frigoglass.com/2021-12-31,ProfitLossFromOperatingActivitiesBeforeInterestTaxesDepreciationAndAmortisationExpense,extension,train,8,2,monetary,
HT:EffectOfMergerOfSubsidiary,https://www.hrvatskitelekom.hr/,EffectOfMergerOfSubsidiary,extension,train,8,1,monetary,
KUL:IncreaseDecreaseThroughEmployeeSharesFromTreasuryShares,http://kulcs-soft.hu/2021-12-31,IncreaseDecreaseThroughEmployeeSharesFromTreasuryShares,extension,train,8,1,monetary,
KUL:IncreaseDecreaseThroughEmployeeSharesFromTreasuryShares,http://kulcs-soft.hu/2020-12-31,IncreaseDecreaseThroughEmployeeSharesFromTreasuryShares,extension,train,8,1,monetary,
KUL:IncreaseDecreaseThroughExchangeRateDifferencesOnTranslationOfSubsidiaries,http://kulcs-soft.hu/2020-12-31,IncreaseDecreaseThroughExchangeRateDifferencesOnTranslationOfSubsidiaries,extension,train,8,1,monetary,
KUL:IncreaseDecreaseThroughSharePurchaseOfTreasuryShares,http://kulcs-soft.hu/2020-12-31,IncreaseDecreaseThroughSharePurchaseOfTreasuryShares,extension,train,8,1,monetary,
KUL:IncreaseDecreaseThroughSharePurchaseOfTreasuryShares,http://kulcs-soft.hu/2021-12-31,IncreaseDecreaseThroughSharePurchaseOfTreasuryShares,extension,train,8,1,monetary,
abambergrid:AcquisitionOfPropertyPlantAndEquipmentAndIntangibleAssets,http://ambergrid.lt,AcquisitionOfPropertyPlantAndEquipmentAndIntangibleAssets,extension,train,8,2,monetary,
abambergrid:EffectsOfChangeInAccountingPolicy,http://ambergrid.lt,EffectsOfChangeInAccountingPolicy,extension,train,8,2,monetary,
abambergrid:ImpairmentReversalOfImpairmentOfPropertyPlantAndEquipmentFinancialAssetsDoubtfulTradeReceivablesAndInventories,http://abambergrid.com/xbrl/2021,ImpairmentReversalOfImpairmentOfPropertyPlantAndEquipmentFinancialAssetsDoubtfulTradeReceivablesAndInventories,extension,train,8,2,monetary,
abambergrid:ImpairmentReversalOfImpairmentOfPropertyPlantAndEquipmentFinancialAssetsDoubtfulTradeReceivablesAndInventories,http://ambergrid.lt,ImpairmentReversalOfImpairmentOfPropertyPlantAndEquipmentFinancialAssetsDoubtfulTradeReceivablesAndInventories,extension,train,8,2,monetary,
abambergrid:InventoriesAndPrepayments,http://abambergrid.com/xbrl/2021,InventoriesAndPrepayments,extension,train,8,2,monetary,
abambergrid:LossProfitOnDisposalAndWriteOffOfPropertyPlantAndEquipmentDoubtfulTradeReceivablesAndInventories,http://ambergrid.lt,LossProfitOnDisposalAndWriteOffOfPropertyPlantAndEquipmentDoubtfulTradeReceivablesAndInventories,extension,train,8,2,monetary,
abambergrid:LossProfitOnDisposalAndWriteOffOfPropertyPlantAndEquipmentDoubtfulTradeReceivablesAndInventories,http://abambergrid.com/xbrl/2021,LossProfitOnDisposalAndWriteOffOfPropertyPlantAndEquipmentDoubtfulTradeReceivablesAndInventories,extension,train,8,2,monetary,
abambergrid:Reserves,http://abambergrid.com/xbrl/2021,Reserves,extension,train,8,2,monetary,
abambergrid:TelecommunicationsAndItSystemExpenses,http://abambergrid.com/xbrl/2021,TelecommunicationsAndItSystemExpenses,extension,train,8,2,monetary,
delfingroup:RetainedEarningsSubsidiaryInclusion,http://delfingroup.com/xbrl/2021,RetainedEarningsSubsidiaryInclusion,extension,train,8,2,monetary,
itw:IncreaseDecreaseThroughAllocationOfResultForPeriod,http://www.itway.com/xbrl/2021,IncreaseDecreaseThroughAllocationOfResultForPeriod,extension,train,8,2,monetary,
itw:IncreaseDecreaseThroughTransactionsOnOwnShares,http://www.itway.com/xbrl/2021,IncreaseDecreaseThroughTransactionsOnOwnShares,extension,train,8,2,monetary,
latvijasgze:AdvancesForInventory,http://latvijasgze.com/xbrl/2020,AdvancesForInventory,extension,train,8,2,monetary,
latvijasgze:ChangeInAdvancesForInventory,http://latvijasgze.com/xbrl/2020,ChangeInAdvancesForInventory,extension,train,8,2,monetary,
latvijasgze:RightToUseAssets,http://latvijasgze.com/xbrl/2020,RightToUseAssets,extension,train,8,2,monetary,
pjp:IncreaseDecreaseThroughTransfersAndWaivingOfVestedEquityRights,http://www.x5.ru/xbrl/2020,IncreaseDecreaseThroughTransfersAndWaivingOfVestedEquityRights,extension,train,8,1,monetary,
tpng:AdjustmentsForExchangeDifferencesFromRelatedPartyTransactions,http://www.tng.hr/xbrl/2020,AdjustmentsForExchangeDifferencesFromRelatedPartyTransactions,extension,train,8,2,monetary,
tpng:TaxTonnagePerShip,http://www.tng.hr/xbrl/2020,TaxTonnagePerShip,extension,train,8,2,monetary,
tpng:VesselOperatingExpenses,http://www.tng.hr/xbrl/2020,VesselOperatingExpenses,extension,train,8,2,monetary,
tpng:VoyageExpenses,http://www.tng.hr/xbrl/2020,VoyageExpenses,extension,train,8,2,monetary,
econocom:IncreaseDecreaseDueToChangesInAccountingPolicy,http://www.econocom.com/taxonomy/2019-12-31/econocom_full_entry_point,IncreaseDecreaseDueToChangesInAccountingPolicy,extension,train,7,1,monetary,
gekterna:DecreaseThroughChangeInEquityOfSubsidiaries,http://gekterna.com/xbrl/2021,DecreaseThroughChangeInEquityOfSubsidiaries,extension,train,7,1,monetary,
gyldendal:DividendToShareholders,http://gyldendal.dk,DividendToShareholders,extension,train,7,1,monetary,
gyldendal:DividendsTreasuryShares,http://gyldendal.dk,DividendsTreasuryShares,extension,train,7,1,monetary,
oci:ReversalOfDeclaredDividendsToNoncontrollingInterest,http://www.oci.nl/20201231,ReversalOfDeclaredDividendsToNoncontrollingInterest,extension,train,7,1,monetary,
scf:TransferenciasEntreComponentesDelPatrimonioNeto,http://www.santanderconsumer.com/20201231,TransferenciasEntreComponentesDelPatrimonioNeto,extension,train,7,1,monetary,
JADRA:OtherEquityIncrease,https://www.jgl.hr/en,OtherEquityIncrease,extension,train,6,1,monetary,
VAT:IncreaseDecreaseThroughTransfersRelatingToSecurities,http://vis.is/2021-12-31,IncreaseDecreaseThroughTransfersRelatingToSecurities,extension,train,6,1,monetary,
asm:VestingRestrictedSharesOutOfTreasuryShares,http://www.asm.com/20201231,VestingRestrictedSharesOutOfTreasuryShares,extension,train,6,1,monetary,
ena:IncreaseDecreaseThroughTransactionsBetweenEquityItems,http://www.enagas.es/20201231,IncreaseDecreaseThroughTransactionsBetweenEquityItems,extension,train,6,1,monetary,
neles:EquityFinancingMetsoGroup,http://neles.com,EquityFinancingMetsoGroup,extension,train,6,2,monetary,
neles:PriorYearCorrections,http://neles.com,PriorYearCorrections,extension,train,6,2,monetary,
nwg:OtherComprehensiveIncomeBeforeTaxGainsLossesOnRemeasurementsOfDefinedBenefitPlansOnOtherMovements,http://www.natwestgroup.com/20211231,OtherComprehensiveIncomeBeforeTaxGainsLossesOnRemeasurementsOfDefinedBenefitPlansOnOtherMovements,extension,train,6,1,monetary,
nwg:RedemptionOfPreferenceShares,http://www.natwestgroup.com/20211231,RedemptionOfPreferenceShares,extension,train,6,1,monetary,
nwg:ReductionInEquityDueToPensionSchemeContribution,http://www.natwestgroup.com/20211231,ReductionInEquityDueToPensionSchemeContribution,extension,train,6,1,monetary,
nwg:SharesIssuedUnderEmployeeShareSchemes,http://www.natwestgroup.com/20211231,SharesIssuedUnderEmployeeShareSchemes,extension,train,6,1,monetary,
qgen:IncreaseDecreaseThroughEmployeeStockPlansEquity,http://www.qiagen.com/20201231,IncreaseDecreaseThroughEmployeeStockPlansEquity,extension,train,6,1,monetary,
dem:DecreaseThroughPriorYearsAdjustments,https://demetra.com.cy/xbrl/2021/,DecreaseThroughPriorYearsAdjustments,extension,train,5,1,monetary,
ena:IncreaseDecreaseThroughChangesInConsolidationScope,http://www.enagas.es/20201231,IncreaseDecreaseThroughChangesInConsolidationScope,extension,train,5,1,monetary,
novomaticag:Changeinconsolidationscope,http://novomatic.com,Changeinconsolidationscope,extension,train,5,1,monetary,
novomaticag:Obligationfromwrittenputoptionsovernoncontrollinginterests,http://novomatic.com,Obligationfromwrittenputoptionsovernoncontrollinginterests,extension,train,5,1,monetary,
nwg:EquityAttributableToOrdinaryShareholders,http://www.natwestgroup.com/20211231,EquityAttributableToOrdinaryShareholders,extension,train,5,1,monetary,
rss:IncreaseDecreaseThroughTransactionsRecordedDirectlyInEquity,http://www.rs2.com/xbrl/2021,IncreaseDecreaseThroughTransactionsRecordedDirectlyInEquity,extension,train,5,1,monetary,
ATR:AdjustmentsForGainsLossesOnFairValueAdjustmentInvestmentPropertyRedevelopmentsAndLand,https://www.aere.com/taxonomy/2020-12-31,AdjustmentsForGainsLossesOnFairValueAdjustmentInvestmentPropertyRedevelopmentsAndLand,extension,train,4,2,monetary,
ATR:AdjustmentsForGainsLossesOnFairValueAdjustmentInvestmentPropertyStandingInvestments,https://www.aere.com/taxonomy/2020-12-31,AdjustmentsForGainsLossesOnFairValueAdjustmentInvestmentPropertyStandingInvestments,extension,train,4,2,monetary,
ATR:AdjustmentsForInterestExpenseOnLeaseLiabilities,https://www.aere.com/taxonomy/2020-12-31,AdjustmentsForInterestExpenseOnLeaseLiabilities,extension,train,4,2,monetary,
ATR:AdjustmentsForInterestExpenseOtherThanLeaseLiabilities,https://www.aere.com/taxonomy/2020-12-31,AdjustmentsForInterestExpenseOtherThanLeaseLiabilities,extension,train,4,2,monetary,
ATR:AdjustmentsForOtherIncome,https://www.aere.com/taxonomy/2020-12-31,AdjustmentsForOtherIncome,extension,train,4,2,monetary,
ATR:CashFlowsFromUsedInDecreaseIncreaseInRestrictedCashAndCashEquivalentsClassifiedAsOperatingActivities,https://www.aere.com/taxonomy/2020-12-31,CashFlowsFromUsedInDecreaseIncreaseInRestrictedCashAndCashEquivalentsClassifiedAsOperatingActivities,extension,train,4,2,monetary,
ATR:CashFlowsFromUsedInOperatingAndInvestingActivities,https://www.aere.com/taxonomy/2020-12-31,CashFlowsFromUsedInOperatingAndInvestingActivities,extension,train,4,2,monetary,
ATR:GainsLossesOnFairValueAdjustmentInvestmentPropertyRedevelopmentsAndLand,https://www.aere.com/taxonomy/2020-12-31,GainsLossesOnFairValueAdjustmentInvestmentPropertyRedevelopmentsAndLand,extension,train,4,2,monetary,
ATR:GainsLossesOnFairValueAdjustmentInvestmentPropertyStandingInvestments,https://www.aere.com/taxonomy/2020-12-31,GainsLossesOnFairValueAdjustmentInvestmentPropertyStandingInvestments,extension,train,4,2,monetary,
ATR:InvestmentPropertyRedevelopmentsAndLand,https://www.aere.com/taxonomy/2020-12-31,InvestmentPropertyRedevelopmentsAndLand,extension,train,4,2,monetary,
ATR:InvestmentPropertyStandingInvestments,https://www.aere.com/taxonomy/2020-12-31,InvestmentPropertyStandingInvestments,extension,train,4,2,monetary,
ATR:ReserveOfExchangeDifferencesOnTranslationDisposalGroupsClassifiedAsHeldForSale,https://www.aere.com/taxonomy/2020-12-31,ReserveOfExchangeDifferencesOnTranslationDisposalGroupsClassifiedAsHeldForSale,extension,train,4,2,monetary,
CACIB2020FR:NetCashAccountsAndAccountsWithCentralBanks,https://www.ca-cib.fr,NetCashAccountsAndAccountsWithCentralBanks,extension,train,4,1,monetary,
CACIB2020FR:NetDemandLoansAndDepositsWithCreditInstitut,https://www.ca-cib.fr,NetDemandLoansAndDepositsWithCreditInstitut,extension,train,4,1,monetary,
EUR:UnrestrictedCashAndCashEquivalents,http://xbrl.europeanenergy.dk/2020-12-31,UnrestrictedCashAndCashEquivalents,extension,train,4,1,monetary,
FRI:OtherComprehensiveIncomeNetOfTaxExchangeDifferencesOnTranslationAttributableToNonControllingInterests,http://frigoglass.com/2021-12-31,OtherComprehensiveIncomeNetOfTaxExchangeDifferencesOnTranslationAttributableToNonControllingInterests,extension,train,4,2,monetary,
FRI:OtherComprehensiveIncomeNetOfTaxExchangeDifferencesOnTranslationAttributableToOwnersOfParent,http://frigoglass.com/2021-12-31,OtherComprehensiveIncomeNetOfTaxExchangeDifferencesOnTranslationAttributableToOwnersOfParent,extension,train,4,2,monetary,
HT:ContractCosts,https://www.hrvatskitelekom.hr/,ContractCosts,extension,train,4,2,monetary,
HT:GainOnDisposalOfAssetsHeldForSale,https://www.hrvatskitelekom.hr/,GainOnDisposalOfAssetsHeldForSale,extension,train,4,2,monetary,
HT:ImpairmentLossOfTangibleAndIntangibleAssets,https://www.hrvatskitelekom.hr/,ImpairmentLossOfTangibleAndIntangibleAssets,extension,train,4,2,monetary,
HT:IncreaseDecreaseInContractLiabilities,https://www.hrvatskitelekom.hr/,IncreaseDecreaseInContractLiabilities,extension,train,4,2,monetary,
HT:MerchandiseMaterialAndEnergyExpenses,https://www.hrvatskitelekom.hr/,MerchandiseMaterialAndEnergyExpenses,extension,train,4,2,monetary,
HT:RepaymentOfRadioFrequencySpectrumAndContent,https://www.hrvatskitelekom.hr/,RepaymentOfRadioFrequencySpectrumAndContent,extension,train,4,2,monetary,
ICE:IncreaseDecreaseThroughDividendsDeclaredFromSubsidiariesToParent,http://icelandseafood.is/2021-12-31,IncreaseDecreaseThroughDividendsDeclaredFromSubsidiariesToParent,extension,train,4,1,monetary,
ICE:ProfitLossFromOperatingActivitiesBeforeInterestTaxesDepreciationAndAmortisationExpense,http://icelandseafood.is/2021-12-31,ProfitLossFromOperatingActivitiesBeforeInterestTaxesDepreciationAndAmortisationExpense,extension,train,4,1,monetary,
ISS:ProfitLossFromOperatingActivitiesBeforeOtherItems,http://xbrl.issworld.com/2021-12-31,ProfitLossFromOperatingActivitiesBeforeOtherItems,extension,train,4,1,monetary,
JADRA:FinCostNet,https://www.jgl.hr/en,FinCostNet,extension,train,4,1,monetary,
JADRA:NetProfitRE,https://www.jgl.hr/en,NetProfitRE,extension,train,4,1,monetary,
JADRA:OtherPaymentsFinancingActivities,https://www.jgl.hr/en,OtherPaymentsFinancingActivities,extension,train,4,1,monetary,
JADRA:OtherPaymentsInvestingActivities,https://www.jgl.hr/en,OtherPaymentsInvestingActivities,extension,train,4,1,monetary,
JADRA:OtherReceiptsFinancingActivities,https://www.jgl.hr/en,OtherReceiptsFinancingActivities,extension,train,4,1,monetary,
JADRA:OtherReceiptsInvestingActivities,https://www.jgl.hr/en,OtherReceiptsInvestingActivities,extension,train,4,1,monetary,
JADRA:TotalPaymentsFinancingActivities,https://www.jgl.hr/en,TotalPaymentsFinancingActivities,extension,train,4,1,monetary,
JADRA:TotalPaymentsInvestingActivities,https://www.jgl.hr/en,TotalPaymentsInvestingActivities,extension,train,4,1,monetary,
JADRA:TotalPaymentsOperatingActivities,https://www.jgl.hr/en,TotalPaymentsOperatingActivities,extension,train,4,1,monetary,
JADRA:TotalReceiptsFinancingActivities,https://www.jgl.hr/en,TotalReceiptsFinancingActivities,extension,train,4,1,monetary,
JADRA:TotalReceiptsInvestingActivities,https://www.jgl.hr/en,TotalReceiptsInvestingActivities,extension,train,4,1,monetary,
JADRA:TotalReceiptsOpActiviites,https://www.jgl.hr/en,TotalReceiptsOpActiviites,extension,train,4,1,monetary,
KVI:PurchaseOfTreasurySharesForShareBuyBackProgramme,http://kvika.is/2021-12-31,PurchaseOfTreasurySharesForShareBuyBackProgramme,extension,train,4,1,monetary,
KVI:PurchaseOfTreasurySharesThroughBusinessCombinations,http://kvika.is/2021-12-31,PurchaseOfTreasurySharesThroughBusinessCombinations,extension,train,4,1,monetary,
SJÓ:IncreaseDecreaseThroughTransfersRelatingToFinancialAssetsAtFairValueThroughProfitOrLoss,http://sjova.is/2021-12-31,IncreaseDecreaseThroughTransfersRelatingToFinancialAssetsAtFairValueThroughProfitOrLoss,extension,train,4,1,monetary,
SJÓ:IncreaseDecreaseThroughTransfersRelatingToSubsidiaries,http://sjova.is/2021-12-31,IncreaseDecreaseThroughTransfersRelatingToSubsidiaries,extension,train,4,1,monetary,
abutenostrikotazas:BorrowingsFromParentCompany,http://abutenostrikotaas.com/xbrl/2021,BorrowingsFromParentCompany,extension,train,4,1,monetary,
abutenostrikotazas:ImpairmentOfInvestmentsInSubsidiaries,http://abutenostrikotaas.com/xbrl/2021,ImpairmentOfInvestmentsInSubsidiaries,extension,train,4,1,monetary,
abutenostrikotazas:IncreaseDecreaseInContractAsset,http://abutenostrikotaas.com/xbrl/2021,IncreaseDecreaseInContractAsset,extension,train,4,1,monetary,
abutenostrikotazas:IncreaseDecreaseInContractLiabilities,http://abutenostrikotaas.com/xbrl/2021,IncreaseDecreaseInContractLiabilities,extension,train,4,1,monetary,
abutenostrikotazas:IncreaseDecreaseInNonCurrentReceivablesFromSubsidiaries,http://abutenostrikotaas.com/xbrl/2021,IncreaseDecreaseInNonCurrentReceivablesFromSubsidiaries,extension,train,4,1,monetary,
abutenostrikotazas:LeaseDiscountsReceived,http://abutenostrikotaas.com/xbrl/2021,LeaseDiscountsReceived,extension,train,4,1,monetary,
abutenostrikotazas:PayablesToOtherRelatedPartiesAndSubsidiaries,http://abutenostrikotaas.com/xbrl/2021,PayablesToOtherRelatedPartiesAndSubsidiaries,extension,train,4,1,monetary,
abutenostrikotazas:PrepaymentsToSubsidiaries,http://abutenostrikotaas.com/xbrl/2021,PrepaymentsToSubsidiaries,extension,train,4,1,monetary,
abutenostrikotazas:ReceivablesFromSubsidiaries,http://abutenostrikotaas.com/xbrl/2021,ReceivablesFromSubsidiaries,extension,train,4,1,monetary,
am1:HybridBondIssuance,http://www.ahlstrom-munksjo.com/20201231,HybridBondIssuance,extension,train,4,1,monetary,
bats:OtherMovementsRelatedToNoncontrollingInterests,http://www.british.com/20201231,OtherMovementsRelatedToNoncontrollingInterests,extension,train,4,1,monetary,
bekb:IncreaseDecreaseThroughReclassifications,http://www.bekaert.com/xbrl/2020,IncreaseDecreaseThroughReclassifications,extension,train,4,1,monetary,
bioMérieux:CostOfNetFinancialDebt,https://www.biomerieux.com/content/registration-documents,CostOfNetFinancialDebt,extension,train,4,1,monetary,
blt1t:DecreaseThroughReductionOfSubordinatedLoan,http://www.baltikagroup.com/xbrl/2020,DecreaseThroughReductionOfSubordinatedLoan,extension,train,4,1,monetary,
blt1t:IncreaseThroughIncreaseOfSubordinatedLoan,http://www.baltikagroup.com/xbrl/2020,IncreaseThroughIncreaseOfSubordinatedLoan,extension,train,4,1,monetary,
caffil:CashAndBankBalancesWithCentralBanksAssetsAndLiabilities,http://www.caffil.com/taxonomy/2019-12-31/caffil_full_entry_point,CashAndBankBalancesWithCentralBanksAssetsAndLiabilities,extension,train,4,1,monetary,
caffil:InterbankAccountsAssetsLiabilitiesAndLoansSightDeposits,http://www.caffil.com/taxonomy/2019-12-31/caffil_full_entry_point,InterbankAccountsAssetsLiabilitiesAndLoansSightDeposits,extension,train,4,1,monetary,
delfingroup:InvestmentsInPropertyPlantAndEquipment,http://delfingroup.com/xbrl/2021,InvestmentsInPropertyPlantAndEquipment,extension,train,4,2,monetary,
delfingroup:LoansToShareholdersAndManagement,http://delfingroup.com/xbrl/2021,LoansToShareholdersAndManagement,extension,train,4,2,monetary,
dem:ReversalOfProvisionForShareOfLossFromAssociatedCompanies,https://demetra.com.cy/xbrl/2021/,ReversalOfProvisionForShareOfLossFromAssociatedCompanies,extension,train,4,1,monetary,
ext:BankOverdrafts,http://www.medservenergy.com/esef/2021-12-31,BankOverdrafts,extension,train,4,1,monetary,
ext:FinancialAssetsMeasuredAtFairValueThroughOtherComprehensiveIncomePertainingToInsuranceCompanies,https://group.intesasanpaolo.com/esef/2021-12-31,FinancialAssetsMeasuredAtFairValueThroughOtherComprehensiveIncomePertainingToInsuranceCompanies,extension,train,4,2,monetary,
ext:IFXBestandAnLiquidenMittelnInklusiveVeraeusserungsgruppen,https://immofinanz.com/esef/2020-12-31,IFXBestandAnLiquidenMittelnInklusiveVeraeusserungsgruppen,extension,train,4,1,monetary,
imiplc:ChangesInEquityRelatingToSharesAcquiredForEmployeeShareSchemeTrust,http://imiplc.com/xbrl/2020,ChangesInEquityRelatingToSharesAcquiredForEmployeeShareSchemeTrust,extension,train,4,1,monetary,
itw:AdjustmentsForProvisionsForRisks,http://www.itway.com/xbrl/2021,AdjustmentsForProvisionsForRisks,extension,train,4,2,monetary,
itw:CashFlowFromAssetsSold,http://www.itway.com/xbrl/2021,CashFlowFromAssetsSold,extension,train,4,2,monetary,
itw:GrossOperatingResult,http://www.itway.com/xbrl/2021,GrossOperatingResult,extension,train,4,2,monetary,
itw:ProceedRepaymentsOfNetNonCurrentFinancialLiabilitiesClassifiedAsFinancingActivities,http://www.itway.com/xbrl/2021,ProceedRepaymentsOfNetNonCurrentFinancialLiabilitiesClassifiedAsFinancingActivities,extension,train,4,2,monetary,
itw:ShareCapitalAndReserves,http://www.itway.com/xbrl/2021,ShareCapitalAndReserves,extension,train,4,2,monetary,
jtb:IncreaseDecreaseInAllowanceAccountForCreditLossesOfFinancialAssetsMeasuredAtFairValueThroughOtherComprehensiveIncome,http://www.jtbank.cz/20201231,IncreaseDecreaseInAllowanceAccountForCreditLossesOfFinancialAssetsMeasuredAtFairValueThroughOtherComprehensiveIncome,extension,train,4,1,monetary,
latvenergo:EBITDA,http://www.latvenergo.lv,EBITDA,extension,train,4,1,monetary,
latvenergo:InterestPaidOnLeases,http://www.latvenergo.lv,InterestPaidOnLeases,extension,train,4,1,monetary,
latvenergo:ProfitBeforeTaxDiscontinuedOperation,http://www.latvenergo.lv,ProfitBeforeTaxDiscontinuedOperation,extension,train,4,1,monetary,
latvenergo:ProfitLossBeforeTaxReportedInStatementOfCashFlow,http://www.latvenergo.lv,ProfitLossBeforeTaxReportedInStatementOfCashFlow,extension,train,4,1,monetary,
ncn1t:ValueAddedTaxPaidClassifiedAsOperatingActivities,http://www.nordecon.com/xbrl/2020,ValueAddedTaxPaidClassifiedAsOperatingActivities,extension,train,4,2,monetary,
neles:AttributableToShareholdersOfTheParentCompanyContinuingDiscontinued,http://neles.com,AttributableToShareholdersOfTheParentCompanyContinuingDiscontinued,extension,train,4,2,monetary,
neles:CashAndCashEquivalentsAtBeginningOfYear,http://neles.com,CashAndCashEquivalentsAtBeginningOfYear,extension,train,4,2,monetary,
neles:CashAndCashEquivalentsTotal,http://neles.com,CashAndCashEquivalentsTotal,extension,train,4,2,monetary,
neles:IncreaseInLoanReceivables,http://neles.com,IncreaseInLoanReceivables,extension,train,4,2,monetary,
neles:NonControllingInterestsContinuingDiscontinued,http://neles.com,NonControllingInterestsContinuingDiscontinued,extension,train,4,2,monetary,
neles:NonControllingInterestsDiscontinued,http://neles.com,NonControllingInterestsDiscontinued,extension,train,4,2,monetary,
neles:OtherComprehensiveIncomeDiscontinued,http://neles.com,OtherComprehensiveIncomeDiscontinued,extension,train,4,2,monetary,
neles:ProfitFromDiscontinuedOperationsAttributableToShareholdersOfTheParentCompany,http://neles.com,ProfitFromDiscontinuedOperationsAttributableToShareholdersOfTheParentCompany,extension,train,4,2,monetary,
neles:TotalComprehensiveIncomeFromDiscontinuedOperations,http://neles.com,TotalComprehensiveIncomeFromDiscontinuedOperations,extension,train,4,2,monetary,
norpoweholdcomp:AdjustmentsForDecreaseIncreaseInContractAssets,http://www.northernpowergrid.com/xbrl/2021,AdjustmentsForDecreaseIncreaseInContractAssets,extension,train,4,2,monetary,
norpoweholdcomp:InterestPaidOnLeasesClassifiedAsFinancingActivities,http://www.northernpowergrid.com/xbrl/2021,InterestPaidOnLeasesClassifiedAsFinancingActivities,extension,train,4,2,monetary,
norpoweholdcomp:InterestPaidOtherThanLeasesClassifiedAsFinancingActivities,http://www.northernpowergrid.com/xbrl/2021,InterestPaidOtherThanLeasesClassifiedAsFinancingActivities,extension,train,4,2,monetary,
norpoweholdcomp:ProceedsFromReceiptOfCustomerContributionClassifiedAsInvestingActivities,http://www.northernpowergrid.com/xbrl/2021,ProceedsFromReceiptOfCustomerContributionClassifiedAsInvestingActivities,extension,train,4,2,monetary,
qgen:DecreaseThroughTaxWitholdingRelatedToVestingOfStockAwardsEquity,http://www.qiagen.com/20201231,DecreaseThroughTaxWitholdingRelatedToVestingOfStockAwardsEquity,extension,train,4,1,monetary,
qgen:IncreaseDecreaseThroughTaxBenefitOfEmployeeStockPlansEquity,http://www.qiagen.com/20201231,IncreaseDecreaseThroughTaxBenefitOfEmployeeStockPlansEquity,extension,train,4,1,monetary,
rss:AdjustmentsForBadDebtsWrittenOff,http://www.rs2.com/xbrl/2021,AdjustmentsForBadDebtsWrittenOff,extension,train,4,1,monetary,
rss:AdjustmentsForImpairmentLossReversalOfImpairmentLossRecognisedInProfitOrLossIntangibleAssets,http://www.rs2.com/xbrl/2021,AdjustmentsForImpairmentLossReversalOfImpairmentLossRecognisedInProfitOrLossIntangibleAssets,extension,train,4,1,monetary,
rss:AdjustmentsForIncreaseDecreaseInOtherRelatedPartiesBalances,http://www.rs2.com/xbrl/2021,AdjustmentsForIncreaseDecreaseInOtherRelatedPartiesBalances,extension,train,4,1,monetary,
rss:AdjustmentsForIncreaseDecreaseInPostEmploymentBenefitWrittenOffOrSettled,http://www.rs2.com/xbrl/2021,AdjustmentsForIncreaseDecreaseInPostEmploymentBenefitWrittenOffOrSettled,extension,train,4,1,monetary,
rss:AdjustmentsForProvisionForCreditLosses,http://www.rs2.com/xbrl/2021,AdjustmentsForProvisionForCreditLosses,extension,train,4,1,monetary,
rss:AdjustmentsForProvisionForImpairmentLossGainOnReceivables,http://www.rs2.com/xbrl/2021,AdjustmentsForProvisionForImpairmentLossGainOnReceivables,extension,train,4,1,monetary,
rss:AdjustmentsForUnwindingOfDiscountOnContractAssets,http://www.rs2.com/xbrl/2021,AdjustmentsForUnwindingOfDiscountOnContractAssets,extension,train,4,1,monetary,
rss:AdjustmentsForUnwindingOfDiscountOnDeposit,http://www.rs2.com/xbrl/2021,AdjustmentsForUnwindingOfDiscountOnDeposit,extension,train,4,1,monetary,
rss:AdjustmentsForUnwindingOfDiscountOnPostEmploymentBenefits,http://www.rs2.com/xbrl/2021,AdjustmentsForUnwindingOfDiscountOnPostEmploymentBenefits,extension,train,4,1,monetary,
rss:CurrentAccruedIncomeAndContractCosts,http://www.rs2.com/xbrl/2021,CurrentAccruedIncomeAndContractCosts,extension,train,4,1,monetary,
rss:CurrentEmployeeBenefits,http://www.rs2.com/xbrl/2021,CurrentEmployeeBenefits,extension,train,4,1,monetary,
rss:CurrentLoansReceivableDueFromRelatedParties,http://www.rs2.com/xbrl/2021,CurrentLoansReceivableDueFromRelatedParties,extension,train,4,1,monetary,
rss:ImpairmentLossGainOnTradeReceivablesAndContractAssets,http://www.rs2.com/xbrl/2021,ImpairmentLossGainOnTradeReceivablesAndContractAssets,extension,train,4,1,monetary,
rss:IncreaseDecreaseThroughReclassificationOfPreferenceShareIssuanceCost,http://www.rs2.com/xbrl/2021,IncreaseDecreaseThroughReclassificationOfPreferenceShareIssuanceCost,extension,train,4,1,monetary,
rss:IncreaseDecreaseThroughTransferUponDisposalOfInvestments,http://www.rs2.com/xbrl/2021,IncreaseDecreaseThroughTransferUponDisposalOfInvestments,extension,train,4,1,monetary,
rss:InterestPaidExcludingLeaseLiabilitiesClassifiedAsOperatingActivities,http://www.rs2.com/xbrl/2021,InterestPaidExcludingLeaseLiabilitiesClassifiedAsOperatingActivities,extension,train,4,1,monetary,
rss:InterestPaidOnLeaseLiabilitiesClassifiedAsOperatingActivities,http://www.rs2.com/xbrl/2021,InterestPaidOnLeaseLiabilitiesClassifiedAsOperatingActivities,extension,train,4,1,monetary,
rss:NonCurrentEmployeeBenefits,http://www.rs2.com/xbrl/2021,NonCurrentEmployeeBenefits,extension,train,4,1,monetary,
rss:OrdinaryShareCapital,http://www.rs2.com/xbrl/2021,OrdinaryShareCapital,extension,train,4,1,monetary,
rss:OtherEquity,http://www.rs2.com/xbrl/2021,OtherEquity,extension,train,4,1,monetary,
rss:PreferenceShareCapital,http://www.rs2.com/xbrl/2021,PreferenceShareCapital,extension,train,4,1,monetary,
rss:ProceedsFromFinanceLeasesClassifiedAsInvestingActivities,http://www.rs2.com/xbrl/2021,ProceedsFromFinanceLeasesClassifiedAsInvestingActivities,extension,train,4,1,monetary,
rss:ProvisionForLegalClaimAndRelatedExpenses,http://www.rs2.com/xbrl/2021,ProvisionForLegalClaimAndRelatedExpenses,extension,train,4,1,monetary,
scf:ActivosFinancierosAlValorRazonableConCambiosEnResultadosValoradosObligatoriamenteAlValorRazonablePrestamosYAnticipos,http://www.santanderconsumer.com/20201231,ActivosFinancierosAlValorRazonableConCambiosEnResultadosValoradosObligatoriamenteAlValorRazonablePrestamosYAnticipos,extension,train,4,1,monetary,
scf:AumentoODisminucionDelPatrimonioNetoResultanteDeCombinacionesDeNegocios,http://www.santanderconsumer.com/20201231,AumentoODisminucionDelPatrimonioNetoResultanteDeCombinacionesDeNegocios,extension,train,4,1,monetary,
scf:ProMemoriaAdquiridoEnArrendamiento,http://www.santanderconsumer.com/20201231,ProMemoriaAdquiridoEnArrendamiento,extension,train,4,1,monetary,
tal:ProfitLossForPeriod,http://www.ts.ee/xbrl/2020,ProfitLossForPeriod,extension,train,4,2,monetary,
tal:RetainedEarningsFromPreviousPeriods,http://www.ts.ee/xbrl/2020,RetainedEarningsFromPreviousPeriods,extension,train,4,2,monetary,
titancement:CurrencyTranslationDifferencesOnTransactionsDesignatedAsPartOfNetInvestmentInForeignOperation,http://titancement.com/xbrl/2020,CurrencyTranslationDifferencesOnTransactionsDesignatedAsPartOfNetInvestmentInForeignOperation,extension,train,4,2,monetary,
titancement:CurrentPayablesFromInterimSettlementOfDerivatives,http://titancement.com/xbrl/2020,CurrentPayablesFromInterimSettlementOfDerivatives,extension,train,4,2,monetary,
titancement:CurrentReceivablesFromInterimSettlementOfDerivatives,http://titancement.com/xbrl/2020,CurrentReceivablesFromInterimSettlementOfDerivatives,extension,train,4,2,monetary,
titancement:NetCashFlowsAfterInvestingActivities,http://titancement.com/xbrl/2020,NetCashFlowsAfterInvestingActivities,extension,train,4,2,monetary,
titancement:NetPaymentDueToChangeOfParentCompanyToTCI,http://titancement.com/xbrl/2020,NetPaymentDueToChangeOfParentCompanyToTCI,extension,train,4,2,monetary,
titancement:NoncurrentPayablesFromInterimSettlementOfDerivatives,http://titancement.com/xbrl/2020,NoncurrentPayablesFromInterimSettlementOfDerivatives,extension,train,4,2,monetary,
titancement:NoncurrentReceivablesFromInterimSettlementOfDerivatives,http://titancement.com/xbrl/2020,NoncurrentReceivablesFromInterimSettlementOfDerivatives,extension,train,4,2,monetary,
titancement:OperatingProfitBeforeImpairmentLossesOnGoodwill,http://titancement.com/xbrl/2020,OperatingProfitBeforeImpairmentLossesOnGoodwill,extension,train,4,2,monetary,
titancement:OutflowOfCashFromReductionOfCapitalClassifiedAsFinancingActivities,http://titancement.com/xbrl/2020,OutflowOfCashFromReductionOfCapitalClassifiedAsFinancingActivities,extension,train,4,2,monetary,
titancement:PaymentsOfBorrowingsAndDerivativeFinancialInstruments,http://titancement.com/xbrl/2020,PaymentsOfBorrowingsAndDerivativeFinancialInstruments,extension,train,4,2,monetary,
titancement:ProceedsFromBorrowingsAndDerivativeFinancialInstruments,http://titancement.com/xbrl/2020,ProceedsFromBorrowingsAndDerivativeFinancialInstruments,extension,train,4,2,monetary,
titancement:ProceedsFromNoncontrollingInterestParticipationInSubsidiaryShareCapitalIncreaseEstablishment,http://titancement.com/xbrl/2020,ProceedsFromNoncontrollingInterestParticipationInSubsidiaryShareCapitalIncreaseEstablishment,extension,train,4,2,monetary,
BIA:IssueOfEquityInstruments,http://bialettigroup.com/2021-12-31,IssueOfEquityInstruments,extension,train,3,1,monetary,
EIK:EndurkaupAEiginBrefum,http://www.eik.is/2021-12-31,EndurkaupAEiginBrefum,extension,train,3,1,monetary,
KVI:IncreaseDecreaseThroughAdjustmentsForTaxEffects,http://kvika.is/2021-12-31,IncreaseDecreaseThroughAdjustmentsForTaxEffects,extension,train,3,1,monetary,
KVI:IncreaseDecreaseThroughPriorYearAdjustments,http://kvika.is/2021-12-31,IncreaseDecreaseThroughPriorYearAdjustments,extension,train,3,1,monetary,
am1:InterestOnHybridBond,http://www.ahlstrom-munksjo.com/20201231,InterestOnHybridBond,extension,train,3,1,monetary,
am1:TransactionCostsOnRightsIssue,http://www.ahlstrom-munksjo.com/20201231,TransactionCostsOnRightsIssue,extension,train,3,1,monetary,
bats:CapitalElementOfLeaseLiabilities,http://www.british.com/20201231,CapitalElementOfLeaseLiabilities,extension,train,3,1,monetary,
bats:CapitalInjectionFromPurchasesOfNoncontrollingInterests,http://www.british.com/20201231,CapitalInjectionFromPurchasesOfNoncontrollingInterests,extension,train,3,1,monetary,
bats:DecreaseIncreaseInProvisionForMasterSettlementAgreement,http://www.british.com/20201231,DecreaseIncreaseInProvisionForMasterSettlementAgreement,extension,train,3,1,monetary,
bats:DifferencesOnExchangeOnBorrowingsOnNetInvestmentHedgesBeforeTax,http://www.british.com/20201231,DifferencesOnExchangeOnBorrowingsOnNetInvestmentHedgesBeforeTax,extension,train,3,1,monetary,
bats:DutyExciseAndOtherTaxes,http://www.british.com/20201231,DutyExciseAndOtherTaxes,extension,train,3,1,monetary,
bats:InterestElementOfLeaseLiabilities,http://www.british.com/20201231,InterestElementOfLeaseLiabilities,extension,train,3,1,monetary,
bats:InvestmentInAssociatesAndAcquisitionsOfOtherSubsidiariesNetOfCashAcquired,http://www.british.com/20201231,InvestmentInAssociatesAndAcquisitionsOfOtherSubsidiariesNetOfCashAcquired,extension,train,3,1,monetary,
bats:NetActuarialLossesGainsOnRetirementBenefitSchemesBeforeTax,http://www.british.com/20201231,NetActuarialLossesGainsOnRetirementBenefitSchemesBeforeTax,extension,train,3,1,monetary,
bats:OutflowsInflowsRelatingToDerivativeFinancialInstruments,http://www.british.com/20201231,OutflowsInflowsRelatingToDerivativeFinancialInstruments,extension,train,3,1,monetary,
bats:SurplusRecognitionOnRetirementBenefitSchemesBeforeTax,http://www.british.com/20201231,SurplusRecognitionOnRetirementBenefitSchemesBeforeTax,extension,train,3,1,monetary,
bioMérieux:ShareBasedPayments,https://www.biomerieux.com/content/registration-documents,ShareBasedPayments,extension,train,3,1,monetary,
ena:PurchaseOfPropertyPlantAndEquipmentAndPurchaseOfInvestmentProperty,http://www.enagas.es/20201231,PurchaseOfPropertyPlantAndEquipmentAndPurchaseOfInvestmentProperty,extension,train,3,1,monetary,
equa:PropertyPlantAndEquipmentAndRightOUseAssets,http://www.equabank.cz/20201231,PropertyPlantAndEquipmentAndRightOUseAssets,extension,train,3,1,monetary,
ext:IFXAbgangNichtBeherrschenderAnteile,https://immofinanz.com/esef/2020-12-31,IFXAbgangNichtBeherrschenderAnteile,extension,train,3,1,monetary,
ext:IFXIssueOfMandatoryConvertibleBondAndPartialRepurchaseOfConvertibleBond20172024,https://immofinanz.com/esef/2020-12-31,IFXIssueOfMandatoryConvertibleBondAndPartialRepurchaseOfConvertibleBond20172024,extension,train,3,1,monetary,
maunakeatech:CurrentOperatingIncome,http://www.maunakeatech.com/taxonomy/2019-12-31/maunakeatech_full_entry_point,CurrentOperatingIncome,extension,train,3,1,monetary,
maunakeatech:NonCurrentOperatingIncome,http://www.maunakeatech.com/taxonomy/2019-12-31/maunakeatech_full_entry_point,NonCurrentOperatingIncome,extension,train,3,1,monetary,
nwg:AdjustmentsForDepreciationAndAmortisationExpenseAndImpairmentsReversalOfImpairmentsOnOtherThanLoansAndAdvancesRecognisedInProfitOrLoss,http://www.natwestgroup.com/20211231,AdjustmentsForDepreciationAndAmortisationExpenseAndImpairmentsReversalOfImpairmentsOnOtherThanLoansAndAdvancesRecognisedInProfitOrLoss,extension,train,3,1,monetary,
nwg:AmortisationOfDiscountsAndPremiumsOfOtherFinancialAssets,http://www.natwestgroup.com/20211231,AmortisationOfDiscountsAndPremiumsOfOtherFinancialAssets,extension,train,3,1,monetary,
nwg:ChangeInFairValueTakenToProfitOrLossOfOtherFinancialAssets,http://www.natwestgroup.com/20211231,ChangeInFairValueTakenToProfitOrLossOfOtherFinancialAssets,extension,train,3,1,monetary,
nwg:ChangeInFairValueTakenToProfitOrLossOnOtherFinancialLiabilitiesAndSubordinatedLiabilities,http://www.natwestgroup.com/20211231,ChangeInFairValueTakenToProfitOrLossOnOtherFinancialLiabilitiesAndSubordinatedLiabilities,extension,train,3,1,monetary,
nwg:ComprehensiveIncomeAttributableToOrdinaryEquityHoldersOfParentEntity,http://www.natwestgroup.com/20211231,ComprehensiveIncomeAttributableToOrdinaryEquityHoldersOfParentEntity,extension,train,3,1,monetary,
nwg:ComprehensiveIncomeAttributableToPaidInEquityHoldersOfParentEntity,http://www.natwestgroup.com/20211231,ComprehensiveIncomeAttributableToPaidInEquityHoldersOfParentEntity,extension,train,3,1,monetary,
nwg:ComprehensiveIncomeAttributableToPreferenceShareholders,http://www.natwestgroup.com/20211231,ComprehensiveIncomeAttributableToPreferenceShareholders,extension,train,3,1,monetary,
nwg:DecreaseInOtherFinancialAssets,http://www.natwestgroup.com/20211231,DecreaseInOtherFinancialAssets,extension,train,3,1,monetary,
nwg:DecreaseIncreaseInTradingAssets,http://www.natwestgroup.com/20211231,DecreaseIncreaseInTradingAssets,extension,train,3,1,monetary,
nwg:DividendsPaidForEquityPreference,http://www.natwestgroup.com/20211231,DividendsPaidForEquityPreference,extension,train,3,1,monetary,
nwg:EquityAttributableToPaidInEquityholders,http://www.natwestgroup.com/20211231,EquityAttributableToPaidInEquityholders,extension,train,3,1,monetary,
nwg:EquityAttributableToPreferenceShareholders,http://www.natwestgroup.com/20211231,EquityAttributableToPreferenceShareholders,extension,train,3,1,monetary,
nwg:EquityPreferenceDividendsPaid,http://www.natwestgroup.com/20211231,EquityPreferenceDividendsPaid,extension,train,3,1,monetary,
nwg:EquityWithdrawnAndDisposals,http://www.natwestgroup.com/20211231,EquityWithdrawnAndDisposals,extension,train,3,1,monetary,
nwg:FinancialAssetsMeasuredAtFairValueThroughOtherComprehensiveIncomeBeforeTaxItemsThatQualifyForReclassification,http://www.natwestgroup.com/20211231,FinancialAssetsMeasuredAtFairValueThroughOtherComprehensiveIncomeBeforeTaxItemsThatQualifyForReclassification,extension,train,3,1,monetary,
nwg:FinancialAssetsMeasuredAtFairValueThroughOtherComprehensiveIncomeBeforeTaxThatDoNotQualifyForReclassification,http://www.natwestgroup.com/20211231,FinancialAssetsMeasuredAtFairValueThroughOtherComprehensiveIncomeBeforeTaxThatDoNotQualifyForReclassification,extension,train,3,1,monetary,
nwg:ImplementationOfIfrs16,http://www.natwestgroup.com/20211231,ImplementationOfIfrs16,extension,train,3,1,monetary,
nwg:IncomeReceivableOnOtherFinancialAssets,http://www.natwestgroup.com/20211231,IncomeReceivableOnOtherFinancialAssets,extension,train,3,1,monetary,
nwg:IncomeReceivedOnOtherFinancialAssets,http://www.natwestgroup.com/20211231,IncomeReceivedOnOtherFinancialAssets,extension,train,3,1,monetary,
nwg:IncomeTaxRelatingToExchangeDifferencesOnTranslationOfForeignOperationsAndHedgesOfNetInvestmentsInForeignOperationsIncludedInOtherComprehensiveIncome,http://www.natwestgroup.com/20211231,IncomeTaxRelatingToExchangeDifferencesOnTranslationOfForeignOperationsAndHedgesOfNetInvestmentsInForeignOperationsIncludedInOtherComprehensiveIncome,extension,train,3,1,monetary,
nwg:IncreaseDecreaseInNotesInCirculation,http://www.natwestgroup.com/20211231,IncreaseDecreaseInNotesInCirculation,extension,train,3,1,monetary,
nwg:IncreaseDecreaseInOtherFinancialLiabilities,http://www.natwestgroup.com/20211231,IncreaseDecreaseInOtherFinancialLiabilities,extension,train,3,1,monetary,
nwg:IncreaseDecreaseInTradingLiabilities,http://www.natwestgroup.com/20211231,IncreaseDecreaseInTradingLiabilities,extension,train,3,1,monetary,
nwg:IncreaseInSettlementBalanceAssets,http://www.natwestgroup.com/20211231,IncreaseInSettlementBalanceAssets,extension,train,3,1,monetary,
nwg:IncreaseInSettlementBalanceLiabilities,http://www.natwestgroup.com/20211231,IncreaseInSettlementBalanceLiabilities,extension,train,3,1,monetary,
nwg:InterestPayableOnMrelsAndSubordinatedLiabilities,http://www.natwestgroup.com/20211231,InterestPayableOnMrelsAndSubordinatedLiabilities,extension,train,3,1,monetary,
nwg:LossOnSaleOfMRELsAndSubordinatedLiabilities,http://www.natwestgroup.com/20211231,LossOnSaleOfMRELsAndSubordinatedLiabilities,extension,train,3,1,monetary,
nwg:LossOnSaleOfOtherAssetsAndNetAssetsLiabilties,http://www.natwestgroup.com/20211231,LossOnSaleOfOtherAssetsAndNetAssetsLiabilties,extension,train,3,1,monetary,
nwg:LossProfitAttributableToOrdinaryShareholdersAndOtherEquityOwnersContinuingOperations,http://www.natwestgroup.com/20211231,LossProfitAttributableToOrdinaryShareholdersAndOtherEquityOwnersContinuingOperations,extension,train,3,1,monetary,
nwg:LossProfitAttributableToOrdinaryShareholdersAndOtherEquityOwnersDiscontinuedOperations,http://www.natwestgroup.com/20211231,LossProfitAttributableToOrdinaryShareholdersAndOtherEquityOwnersDiscontinuedOperations,extension,train,3,1,monetary,
nwg:LossProfitOnSaleOfOtherFinancialAssets,http://www.natwestgroup.com/20211231,LossProfitOnSaleOfOtherFinancialAssets,extension,train,3,1,monetary,
nwg:MovementInMRELs,http://www.natwestgroup.com/20211231,MovementInMRELs,extension,train,3,1,monetary,
nwg:MovementInSubordinatedLiabilities,http://www.natwestgroup.com/20211231,MovementInSubordinatedLiabilities,extension,train,3,1,monetary,
nwg:NetMovementInBusinessInterests,http://www.natwestgroup.com/20211231,NetMovementInBusinessInterests,extension,train,3,1,monetary,
nwg:NonInterestIncome,http://www.natwestgroup.com/20211231,NonInterestIncome,extension,train,3,1,monetary,
nwg:OperatingProfitBeforeTaxFromContinuingOperations,http://www.natwestgroup.com/20211231,OperatingProfitBeforeTaxFromContinuingOperations,extension,train,3,1,monetary,
nwg:OperatingProfitBeforeTaxFromDiscontinuedOperations,http://www.natwestgroup.com/20211231,OperatingProfitBeforeTaxFromDiscontinuedOperations,extension,train,3,1,monetary,
nwg:OrdinaryDividendsPaid,http://www.natwestgroup.com/20211231,OrdinaryDividendsPaid,extension,train,3,1,monetary,
nwg:PremisesAndEquipment,http://www.natwestgroup.com/20211231,PremisesAndEquipment,extension,train,3,1,monetary,
nwg:ProfitBeforeImpairmentLossesReleases,http://www.natwestgroup.com/20211231,ProfitBeforeImpairmentLossesReleases,extension,train,3,1,monetary,
nwg:ProfitLossAttributableToOrdinaryShareholders,http://www.natwestgroup.com/20211231,ProfitLossAttributableToOrdinaryShareholders,extension,train,3,1,monetary,
nwg:ProfitLossAttributableToPaidInEquityHoldersOfParentEntity,http://www.natwestgroup.com/20211231,ProfitLossAttributableToPaidInEquityHoldersOfParentEntity,extension,train,3,1,monetary,
nwg:ProfitLossAttributableToPreferenceShareholders,http://www.natwestgroup.com/20211231,ProfitLossAttributableToPreferenceShareholders,extension,train,3,1,monetary,
nwg:RealisedGainsLosses,http://www.natwestgroup.com/20211231,RealisedGainsLosses,extension,train,3,1,monetary,
nwg:Reclassified,http://www.natwestgroup.com/20211231,Reclassified,extension,train,3,1,monetary,
nwg:RecycledToProfitOrLossOnDisposalOfBusiness,http://www.natwestgroup.com/20211231,RecycledToProfitOrLossOnDisposalOfBusiness,extension,train,3,1,monetary,
nwg:Redeemed,http://www.natwestgroup.com/20211231,Redeemed,extension,train,3,1,monetary,
nwg:RedeemedReclassified,http://www.natwestgroup.com/20211231,RedeemedReclassified,extension,train,3,1,monetary,
nwg:TotalNetInterestIncomeAndNetNonInterestIncome,http://www.natwestgroup.com/20211231,TotalNetInterestIncomeAndNetNonInterestIncome,extension,train,3,1,monetary,
nwg:UnclaimedDividend,http://www.natwestgroup.com/20211231,UnclaimedDividend,extension,train,3,1,monetary,
nwg:UnrealisedAndRealisedGains,http://www.natwestgroup.com/20211231,UnrealisedAndRealisedGains,extension,train,3,1,monetary,
scf:ExposicionesFueraDeBalance,http://www.santanderconsumer.com/20201231,ExposicionesFueraDeBalance,extension,train,3,1,monetary,
BIA:AdjustmentsForImpairmentLossImpairmentGainAndReversalOfImpairmentLossDeterminedInAccordanceWithIfrs9,http://bialettigroup.com/2021-12-31,AdjustmentsForImpairmentLossImpairmentGainAndReversalOfImpairmentLossDeterminedInAccordanceWithIfrs9,extension,train,2,1,monetary,
BIA:AdjustmentsForImpairmentLossRecognisedInProfitOrLossInventories,http://bialettigroup.com/2021-12-31,AdjustmentsForImpairmentLossRecognisedInProfitOrLossInventories,extension,train,2,1,monetary,
BIA:AdjustmentsForImpairmentLossRecognisedInProfitOrLossTradeAndOtherReceivables,http://bialettigroup.com/2021-12-31,AdjustmentsForImpairmentLossRecognisedInProfitOrLossTradeAndOtherReceivables,extension,train,2,1,monetary,
BIA:AdjustmentsForReversalOfImpairmentLossRecognisedInProfitOrLossInventories,http://bialettigroup.com/2021-12-31,AdjustmentsForReversalOfImpairmentLossRecognisedInProfitOrLossInventories,extension,train,2,1,monetary,
BIA:AdjustmentsForReversalOfImpairmentLossRecognisedInProfitOrLossTradeAndOtherReceivables,http://bialettigroup.com/2021-12-31,AdjustmentsForReversalOfImpairmentLossRecognisedInProfitOrLossTradeAndOtherReceivables,extension,train,2,1,monetary,
BIA:EmployeeBenefitLiabilitiesPaidClassifiedAsOperatingActivities,http://bialettigroup.com/2021-12-31,EmployeeBenefitLiabilitiesPaidClassifiedAsOperatingActivities,extension,train,2,1,monetary,
BIA:IncreaseDecreaseInReserveOfExchangeDifferencesOnTranslationOnCashAndCashEquivalentsClassifiedAsFinancingActivities,http://bialettigroup.com/2021-12-31,IncreaseDecreaseInReserveOfExchangeDifferencesOnTranslationOnCashAndCashEquivalentsClassifiedAsFinancingActivities,extension,train,2,1,monetary,
BIA:IncreaseDecreaseInReserveOfRemeasurementsOfDefinedBenefitPlansClassifiedAsFinancingActivities,http://bialettigroup.com/2021-12-31,IncreaseDecreaseInReserveOfRemeasurementsOfDefinedBenefitPlansClassifiedAsFinancingActivities,extension,train,2,1,monetary,
BIA:IncreaseDecreaseInRightOfUseAssetsClassifiedAsInvestingActivities,http://bialettigroup.com/2021-12-31,IncreaseDecreaseInRightOfUseAssetsClassifiedAsInvestingActivities,extension,train,2,1,monetary,
BIA:NonCurrentReceivablesAndOtherNonCurrentAssets,http://bialettigroup.com/2021-12-31,NonCurrentReceivablesAndOtherNonCurrentAssets,extension,train,2,1,monetary,
BIA:OtherCurrentReceivablesAndOtherCurrentAssets,http://bialettigroup.com/2021-12-31,OtherCurrentReceivablesAndOtherCurrentAssets,extension,train,2,1,monetary,
BIA:ProceedsFromIssueOfBondsSeniorClassifiedAsFinancingActivities,http://bialettigroup.com/2021-12-31,ProceedsFromIssueOfBondsSeniorClassifiedAsFinancingActivities,extension,train,2,1,monetary,
BIA:ProvisionsUsedClassifiedAsOperatingActivities,http://bialettigroup.com/2021-12-31,ProvisionsUsedClassifiedAsOperatingActivities,extension,train,2,1,monetary,
BIA:RealisedForeignExchangeGainsLossesClassifiedAsOperatingActivities,http://bialettigroup.com/2021-12-31,RealisedForeignExchangeGainsLossesClassifiedAsOperatingActivities,extension,train,2,1,monetary,
CACIB2020FR:AccruedExpensesAndOtherLiabilities,https://www.ca-cib.fr,AccruedExpensesAndOtherLiabilities,extension,train,2,1,monetary,
CACIB2020FR:AccruedIncomeAndOtherAssets,https://www.ca-cib.fr,AccruedIncomeAndOtherAssets,extension,train,2,1,monetary,
CACIB2020FR:AdjustmentsForWhichCashEffectsAreFinancingCashFlow,https://www.ca-cib.fr,AdjustmentsForWhichCashEffectsAreFinancingCashFlow,extension,train,2,1,monetary,
CACIB2020FR:AdjustmentsForWhichCashEffectsAreInvestingCashFlow,https://www.ca-cib.fr,AdjustmentsForWhichCashEffectsAreInvestingCashFlow,extension,train,2,1,monetary,
CACIB2020FR:CapitalAndAssociatedReserves,https://www.ca-cib.fr,CapitalAndAssociatedReserves,extension,train,2,1,monetary,
CACIB2020FR:CashReceivedFromPaidToShareholdersClassifiedAsFinancingActivities,https://www.ca-cib.fr,CashReceivedFromPaidToShareholdersClassifiedAsFinancingActivities,extension,train,2,1,monetary,
CACIB2020FR:ChangeInCustomerItems,https://www.ca-cib.fr,ChangeInCustomerItems,extension,train,2,1,monetary,
CACIB2020FR:ChangeInEquityInvestmentsInvestingActivities,https://www.ca-cib.fr,ChangeInEquityInvestmentsInvestingActivities,extension,train,2,1,monetary,
CACIB2020FR:ChangeInFinancialAssetsAndLiabilities,https://www.ca-cib.fr,ChangeInFinancialAssetsAndLiabilities,extension,train,2,1,monetary,
CACIB2020FR:ChangeInIntercreditInstitutionsItems,https://www.ca-cib.fr,ChangeInIntercreditInstitutionsItems,extension,train,2,1,monetary,
CACIB2020FR:ChangeInNonfinancialAssetsAndLiabilities,https://www.ca-cib.fr,ChangeInNonfinancialAssetsAndLiabilities,extension,train,2,1,monetary,
CACIB2020FR:ChangeInPropertyPlantEquipmentAndIntangibleAssetsInvestingActivities,https://www.ca-cib.fr,ChangeInPropertyPlantEquipmentAndIntangibleAssetsInvestingActivities,extension,train,2,1,monetary,
CACIB2020FR:CostOfRisk,https://www.ca-cib.fr,CostOfRisk,extension,train,2,1,monetary,
CACIB2020FR:CurrentAndDeferredTaxAssets,https://www.ca-cib.fr,CurrentAndDeferredTaxAssets,extension,train,2,1,monetary,
CACIB2020FR:CurrentAndDeferredTaxLiabilities,https://www.ca-cib.fr,CurrentAndDeferredTaxLiabilities,extension,train,2,1,monetary,
CACIB2020FR:DebtInstrumentsAtFairValueThroughOtherComprehensiveIncomeThatMayBeReclassifiedToProfitOrLoss,https://www.ca-cib.fr,DebtInstrumentsAtFairValueThroughOtherComprehensiveIncomeThatMayBeReclassifiedToProfitOrLoss,extension,train,2,1,monetary,
CACIB2020FR:DebtsDueToBanksAtAmortisedCost,https://www.ca-cib.fr,DebtsDueToBanksAtAmortisedCost,extension,train,2,1,monetary,
CACIB2020FR:DebtsDueToCustomersAtAmortisedCost,https://www.ca-cib.fr,DebtsDueToCustomersAtAmortisedCost,extension,train,2,1,monetary,
CACIB2020FR:DebtsRepresentedBySecuritiesAtAmortisedCost,https://www.ca-cib.fr,DebtsRepresentedBySecuritiesAtAmortisedCost,extension,train,2,1,monetary,
CACIB2020FR:DepreciationAmortisationAndImpairmentLossReversalOfImpairmentLossRecognisedInProfitOrLossFromPropertyPlantAndEquipmentAndIntangibleAssetsOtherThanGoodwill,https://www.ca-cib.fr,DepreciationAmortisationAndImpairmentLossReversalOfImpairmentLossRecognisedInProfitOrLossFromPropertyPlantAndEquipmentAndIntangibleAssetsOtherThanGoodwill,extension,train,2,1,monetary,
CACIB2020FR:DividendsReceivedFromEquityAccountedEntities,https://www.ca-cib.fr,DividendsReceivedFromEquityAccountedEntities,extension,train,2,1,monetary,
CACIB2020FR:GainsAndLossesRecognisedDirectlyInEquity,https://www.ca-cib.fr,GainsAndLossesRecognisedDirectlyInEquity,extension,train,2,1,monetary,
CACIB2020FR:GainsAndLossesRecognisedDirectlyInEquityOnDiscontinuedOperations,https://www.ca-cib.fr,GainsAndLossesRecognisedDirectlyInEquityOnDiscontinuedOperations,extension,train,2,1,monetary,
CACIB2020FR:GainsLossesOnDebtInstrumentsAtFairValueThroughOtherComprehensiveIncomeThatMayBeReclassifiedSubsequentlyToProfitOrLoss,https://www.ca-cib.fr,GainsLossesOnDebtInstrumentsAtFairValueThroughOtherComprehensiveIncomeThatMayBeReclassifiedSubsequentlyToProfitOrLoss,extension,train,2,1,monetary,
CACIB2020FR:GainsLossesOnFinancialAssetsLiabilitiesAtFairValueThroughProfitOrLossClassifiedAsHeldForTrading,https://www.ca-cib.fr,GainsLossesOnFinancialAssetsLiabilitiesAtFairValueThroughProfitOrLossClassifiedAsHeldForTrading,extension,train,2,1,monetary,
CACIB2020FR:GainsLossesOnFinancialInstrumentsAtFairValueThroughProfitOrLoss,https://www.ca-cib.fr,GainsLossesOnFinancialInstrumentsAtFairValueThroughProfitOrLoss,extension,train,2,1,monetary,
CACIB2020FR:GainsLossesOnOtherFinancialAssetsLiabilitiesAtFairValueThroughProfitOrLoss,https://www.ca-cib.fr,GainsLossesOnOtherFinancialAssetsLiabilitiesAtFairValueThroughProfitOrLoss,extension,train,2,1,monetary,
CACIB2020FR:GrossOperatingIncome,https://www.ca-cib.fr,GrossOperatingIncome,extension,train,2,1,monetary,
CACIB2020FR:IncomeTaxRelatedToItemsThatMayBeReclassifiedToProfitOrLossExcludingEquityAccountedEntities,https://www.ca-cib.fr,IncomeTaxRelatedToItemsThatMayBeReclassifiedToProfitOrLossExcludingEquityAccountedEntities,extension,train,2,1,monetary,
CACIB2020FR:IncomeTaxRelatedToItemsThatWillNotBeReclassifiedToProfitOrLossExcludingEquityAccountedEntities,https://www.ca-cib.fr,IncomeTaxRelatedToItemsThatWillNotBeReclassifiedToProfitOrLossExcludingEquityAccountedEntities,extension,train,2,1,monetary,
CACIB2020FR:IncreaseDecreaseInAssetsAndLiabilitiesResultingFromOperatingActivities,https://www.ca-cib.fr,IncreaseDecreaseInAssetsAndLiabilitiesResultingFromOperatingActivities,extension,train,2,1,monetary,
CACIB2020FR:LoansAndAdvancesToBanksAtAmortisedCost,https://www.ca-cib.fr,LoansAndAdvancesToBanksAtAmortisedCost,extension,train,2,1,monetary,
CACIB2020FR:LoansAndAdvancesToCustomersAtAmortisedCost,https://www.ca-cib.fr,LoansAndAdvancesToCustomersAtAmortisedCost,extension,train,2,1,monetary,
CACIB2020FR:NetBankingIncome,https://www.ca-cib.fr,NetBankingIncome,extension,train,2,1,monetary,
CACIB2020FR:NetDepreciationAndImpairmentOfPropertyPlantEquipmentAndIntangibleAssets,https://www.ca-cib.fr,NetDepreciationAndImpairmentOfPropertyPlantEquipmentAndIntangibleAssets,extension,train,2,1,monetary,
CACIB2020FR:NetIncomeExpenseFromOtherAssets,https://www.ca-cib.fr,NetIncomeExpenseFromOtherAssets,extension,train,2,1,monetary,
CACIB2020FR:NetIncomeExpensesForTheReportingPeriod,https://www.ca-cib.fr,NetIncomeExpensesForTheReportingPeriod,extension,train,2,1,monetary,
CACIB2020FR:NetProvisionsAndImpairment,https://www.ca-cib.fr,NetProvisionsAndImpairment,extension,train,2,1,monetary,
CACIB2020FR:OtherComprehensiveIncomeBeforeTaxRevaluationOfHedgingDerivatives,https://www.ca-cib.fr,OtherComprehensiveIncomeBeforeTaxRevaluationOfHedgingDerivatives,extension,train,2,1,monetary,
CACIB2020FR:OtherComprehensiveIncomeOnItemsThatMayBeReclassifiedToProfitOrLossOnEntitiesFromDiscontinuedOperations,https://www.ca-cib.fr,OtherComprehensiveIncomeOnItemsThatMayBeReclassifiedToProfitOrLossOnEntitiesFromDiscontinuedOperations,extension,train,2,1,monetary,
CACIB2020FR:OtherComprehensiveIncomeOnItemsThatWillNotBeReclassifiedToProfitOrLossFromDiscontinuedOperations,https://www.ca-cib.fr,OtherComprehensiveIncomeOnItemsThatWillNotBeReclassifiedToProfitOrLossFromDiscontinuedOperations,extension,train,2,1,monetary,
CACIB2020FR:OtherFinancialAssetsAtFairValueThroughProfitOrLoss,https://www.ca-cib.fr,OtherFinancialAssetsAtFairValueThroughProfitOrLoss,extension,train,2,1,monetary,
CACIB2020FR:PreTaxOtherComprehensiveIncomeOnItemsThatMayBeReclassifiedToProfitOrLossExcludingEquityAccountedEntities,https://www.ca-cib.fr,PreTaxOtherComprehensiveIncomeOnItemsThatMayBeReclassifiedToProfitOrLossExcludingEquityAccountedEntities,extension,train,2,1,monetary,
CACIB2020FR:PreTaxOtherComprehensiveIncomeOnItemsThatWillNotBeReclassifiedToProfitOrLossExcludingEquityAccountedEntities,https://www.ca-cib.fr,PreTaxOtherComprehensiveIncomeOnItemsThatWillNotBeReclassifiedToProfitOrLossExcludingEquityAccountedEntities,extension,train,2,1,monetary,
CACIB2020FR:RemunerationOfEquityInstrumentsMeasuredAtFairValueThroughOtherComprehensiveIncomeThatWillNotBeReclassifiedSubsequentlyToProfitOrLossDividends,https://www.ca-cib.fr,RemunerationOfEquityInstrumentsMeasuredAtFairValueThroughOtherComprehensiveIncomeThatWillNotBeReclassifiedSubsequentlyToProfitOrLossDividends,extension,train,2,1,monetary,
CACIB2020FR:SecuritiesAtAmortisedCost,https://www.ca-cib.fr,SecuritiesAtAmortisedCost,extension,train,2,1,monetary,
CACIB2020FR:TechnicalReservesAndOtherLiabilitiesOfInsuranceCompanies,https://www.ca-cib.fr,TechnicalReservesAndOtherLiabilitiesOfInsuranceCompanies,extension,train,2,1,monetary,
CACIB2020FR:ValueAdjustmentsOnGoodwill,https://www.ca-cib.fr,ValueAdjustmentsOnGoodwill,extension,train,2,1,monetary,
EDPR:CashPaymentsRelatingToChangesInCashResultingFromConsolidationPerimeterVariations,https://www.edpr.com,CashPaymentsRelatingToChangesInCashResultingFromConsolidationPerimeterVariations,extension,train,2,1,monetary,
EDPR:CashPaymentsRelatingToInvestingActivities,https://www.edpr.com,CashPaymentsRelatingToInvestingActivities,extension,train,2,1,monetary,
EDPR:CashPaymentsRelatingToPropertyPlantAndEquipmentAndIntangibleAssets,https://www.edpr.com,CashPaymentsRelatingToPropertyPlantAndEquipmentAndIntangibleAssets,extension,train,2,1,monetary,
EDPR:CashReceiptsRelatingToChangesInCashResultingFromConsolidationPerimeterVariations,https://www.edpr.com,CashReceiptsRelatingToChangesInCashResultingFromConsolidationPerimeterVariations,extension,train,2,1,monetary,
EDPR:CashReceiptsRelatingToInvestingActivities,https://www.edpr.com,CashReceiptsRelatingToInvestingActivities,extension,train,2,1,monetary,
EDPR:CashReceiptsRelatingToPropertyPlantAndEquipmentAndIntangibleAssets,https://www.edpr.com,CashReceiptsRelatingToPropertyPlantAndEquipmentAndIntangibleAssets,extension,train,2,1,monetary,
EDPR:CollateralDepositsAssociatedToFinancialDebtCurrent,https://www.edpr.com,CollateralDepositsAssociatedToFinancialDebtCurrent,extension,train,2,1,monetary,
EDPR:CollateralDepositsAssociatedToFinancialDebtNonCurrent,https://www.edpr.com,CollateralDepositsAssociatedToFinancialDebtNonCurrent,extension,train,2,1,monetary,
EDPR:ConsolidatedNetProfitAttributableToEquityHoldersOfTheParent,https://www.edpr.com,ConsolidatedNetProfitAttributableToEquityHoldersOfTheParent,extension,train,2,1,monetary,
EDPR:DebtorsAndOtherAssetsFromCommercialActivitiesCurrent,https://www.edpr.com,DebtorsAndOtherAssetsFromCommercialActivitiesCurrent,extension,train,2,1,monetary,
EDPR:ExtraordinaryContributionToTheEnergySectorCese,https://www.edpr.com,ExtraordinaryContributionToTheEnergySectorCese,extension,train,2,1,monetary,
EDPR:IncomeFromInstitutionalPartnershipsInUSWindFarms,https://www.edpr.com,IncomeFromInstitutionalPartnershipsInUSWindFarms,extension,train,2,1,monetary,
EDPR:InstitutionalPartnershipsInUSWindFarms,https://www.edpr.com,InstitutionalPartnershipsInUSWindFarms,extension,train,2,1,monetary,
EDPR:InterestAndSimilarCostsIncludingHedgeDerivativesFromGroupCompanies,https://www.edpr.com,InterestAndSimilarCostsIncludingHedgeDerivativesFromGroupCompanies,extension,train,2,1,monetary,
EDPR:InterestAndSimilarCostsIncludingHedgeDerivativesFromThirdParties,https://www.edpr.com,InterestAndSimilarCostsIncludingHedgeDerivativesFromThirdParties,extension,train,2,1,monetary,
EDPR:InterestAndSimilarCostsRelatingToLoansFromNonControllingInterests,https://www.edpr.com,InterestAndSimilarCostsRelatingToLoansFromNonControllingInterests,extension,train,2,1,monetary,
EDPR:JointVenturesAndAssociates,https://www.edpr.com,JointVenturesAndAssociates,extension,train,2,1,monetary,
EDPR:NetFinancialResult,https://www.edpr.com,NetFinancialResult,extension,train,2,1,monetary,
EDPR:OtherIncomeSuppliesAndServicesPersonnelCostsAndEmployeeBenefitsOtherExpensesAndImpairmentLossesOnTradeReceivablesAndDebtors,https://www.edpr.com,OtherIncomeSuppliesAndServicesPersonnelCostsAndEmployeeBenefitsOtherExpensesAndImpairmentLossesOnTradeReceivablesAndDebtors,extension,train,2,1,monetary,
EDPR:OtherReceiptsOrPaymentsRelatingToOperatingActivities,https://www.edpr.com,OtherReceiptsOrPaymentsRelatingToOperatingActivities,extension,train,2,1,monetary,
EDPR:PaymentsOrReceiptsRelatedWithTransactionsWithNonControllingInterestWithoutChangeOfControl,https://www.edpr.com,PaymentsOrReceiptsRelatedWithTransactionsWithNonControllingInterestWithoutChangeOfControl,extension,train,2,1,monetary,
EDPR:ProfitBeforeIncomeTaxAndCese,https://www.edpr.com,ProfitBeforeIncomeTaxAndCese,extension,train,2,1,monetary,
EDPR:ProfitLossBeforeProvisionsAmortisationAndImpairmentFinanceExpensesAndFinanceIncomeIncomeTaxExpenseAndExtraordinaryContributionToTheEnergySector,https://www.edpr.com,ProfitLossBeforeProvisionsAmortisationAndImpairmentFinanceExpensesAndFinanceIncomeIncomeTaxExpenseAndExtraordinaryContributionToTheEnergySector,extension,train,2,1,monetary,
EDPR:ProvisionsPl,https://www.edpr.com,ProvisionsPl,extension,train,2,1,monetary,
EDPR:ReceiptsOrPaymentsFromDerivativeFinancialInstruments,https://www.edpr.com,ReceiptsOrPaymentsFromDerivativeFinancialInstruments,extension,train,2,1,monetary,
EDPR:ReceiptsOrPaymentsFromInstitutionalPartnershipsInNorthAmerica,https://www.edpr.com,ReceiptsOrPaymentsFromInstitutionalPartnershipsInNorthAmerica,extension,train,2,1,monetary,
EDPR:ReceiptsOrPaymentsRelatingToLoansFromNonControllingInterests,https://www.edpr.com,ReceiptsOrPaymentsRelatingToLoansFromNonControllingInterests,extension,train,2,1,monetary,
EDPR:ReceiptsOrPaymentsRelatingToLoansFromRelatedParties,https://www.edpr.com,ReceiptsOrPaymentsRelatingToLoansFromRelatedParties,extension,train,2,1,monetary,
EDPR:ReceiptsOrPaymentsRelatingToLoansFromThirdParties,https://www.edpr.com,ReceiptsOrPaymentsRelatingToLoansFromThirdParties,extension,train,2,1,monetary,
EDPR:Reserves,https://www.edpr.com,Reserves,extension,train,2,1,monetary,
EDPR:ReservesAndRetainedEarnings,https://www.edpr.com,ReservesAndRetainedEarnings,extension,train,2,1,monetary,
EDPR:TaxAssetsCurrent,https://www.edpr.com,TaxAssetsCurrent,extension,train,2,1,monetary,
EDPR:TaxLiabilitiesCurrent,https://www.edpr.com,TaxLiabilitiesCurrent,extension,train,2,1,monetary,
EDPR:TotalRevenue,https://www.edpr.com,TotalRevenue,extension,train,2,1,monetary,
EDPR:TradePayablesAndOtherLiabilitiesFromCommercialActivitiesCurrent,https://www.edpr.com,TradePayablesAndOtherLiabilitiesFromCommercialActivitiesCurrent,extension,train,2,1,monetary,
EDPR:TradePayablesAndOtherLiabilitiesFromCommercialActivitiesNonCurrent,https://www.edpr.com,TradePayablesAndOtherLiabilitiesFromCommercialActivitiesNonCurrent,extension,train,2,1,monetary,
EIK:AfskriftirOgVirisryrnunDepreciationAmortisationAndImpairment,http://www.eik.is/2021-12-31,AfskriftirOgVirisryrnunDepreciationAmortisationAndImpairment,extension,train,2,1,monetary,
EIK:IncreaseDecreaseInBondHoldingsClassifiedAsInvestingActivities,http://www.eik.is/2021-12-31,IncreaseDecreaseInBondHoldingsClassifiedAsInvestingActivities,extension,train,2,1,monetary,
EIK:ProfitLossFromOperatingActivitiesBeforeGainsOnFairValueAdjustmentsOfInvestmentPropertyAndDepreciation,http://www.eik.is/2021-12-31,ProfitLossFromOperatingActivitiesBeforeGainsOnFairValueAdjustmentsOfInvestmentPropertyAndDepreciation,extension,train,2,1,monetary,
EIK:VirisryrnunViskiptakrafnaImpairmentOfReceivables,http://www.eik.is/2021-12-31,VirisryrnunViskiptakrafnaImpairmentOfReceivables,extension,train,2,1,monetary,
EUR:CapitalIncreaseAndDisposalOfSubsidiariesAttributableToNonControllingInterestsClassifiedAsFinancingActivities,http://xbrl.europeanenergy.dk/2020-12-31,CapitalIncreaseAndDisposalOfSubsidiariesAttributableToNonControllingInterestsClassifiedAsFinancingActivities,extension,train,2,1,monetary,
EUR:CashAdvancesAndLoansMadeToRelatedPartiesAndCashReceiptsFromRepaymentOfAdvancesAndLoansMadeToRelatedParties,http://xbrl.europeanenergy.dk/2020-12-31,CashAdvancesAndLoansMadeToRelatedPartiesAndCashReceiptsFromRepaymentOfAdvancesAndLoansMadeToRelatedParties,extension,train,2,1,monetary,
EUR:CurrentTradeReceivablesAndCurrentContractAssets,http://xbrl.europeanenergy.dk/2020-12-31,CurrentTradeReceivablesAndCurrentContractAssets,extension,train,2,1,monetary,
EUR:HybridCapital,http://xbrl.europeanenergy.dk/2020-12-31,HybridCapital,extension,train,2,1,monetary,
EUR:IncreaseDecreaseInTradeAndOtherCurrentPayablesToRelatedPartiesClassifiedAsFinancingActivities,http://xbrl.europeanenergy.dk/2020-12-31,IncreaseDecreaseInTradeAndOtherCurrentPayablesToRelatedPartiesClassifiedAsFinancingActivities,extension,train,2,1,monetary,
EUR:IncreaseDecreaseInWorkingCapitalOtherThanAdjustmentsForDecreaseIncreaseInInventories,http://xbrl.europeanenergy.dk/2020-12-31,IncreaseDecreaseInWorkingCapitalOtherThanAdjustmentsForDecreaseIncreaseInInventories,extension,train,2,1,monetary,
EUR:InterestPaidOnLeaseLiabilitiesClassifiedAsOperatingActivities,http://xbrl.europeanenergy.dk/2020-12-31,InterestPaidOnLeaseLiabilitiesClassifiedAsOperatingActivities,extension,train,2,1,monetary,
EUR:NonCurrentTradeReceivablesAndNonCurrentContractAssets,http://xbrl.europeanenergy.dk/2020-12-31,NonCurrentTradeReceivablesAndNonCurrentContractAssets,extension,train,2,1,monetary,
EUR:OtherExternalExpenses,http://xbrl.europeanenergy.dk/2020-12-31,OtherExternalExpenses,extension,train,2,1,monetary,
EUR:ProceedsFromExerciseOfWarrantsClassifiedAsFinancingActivities,http://xbrl.europeanenergy.dk/2020-12-31,ProceedsFromExerciseOfWarrantsClassifiedAsFinancingActivities,extension,train,2,1,monetary,
EUR:ProceedsFromHybridCapitalClassifiedAsFinancingActivities,http://xbrl.europeanenergy.dk/2020-12-31,ProceedsFromHybridCapitalClassifiedAsFinancingActivities,extension,train,2,1,monetary,
EUR:ProceedsFromSalesOfPropertyPlantAndEquipmentAndPurchaseOfPropertyPlantAndEquipmentClassifiedAsInvestingActivities,http://xbrl.europeanenergy.dk/2020-12-31,ProceedsFromSalesOfPropertyPlantAndEquipmentAndPurchaseOfPropertyPlantAndEquipmentClassifiedAsInvestingActivities,extension,train,2,1,monetary,
EUR:ProfitLossFromOperatingActivitiesBeforeInterestTaxesDepreciationAndAmortisationExpense,http://xbrl.europeanenergy.dk/2020-12-31,ProfitLossFromOperatingActivitiesBeforeInterestTaxesDepreciationAndAmortisationExpense,extension,train,2,1,monetary,
EUR:PurchaseOfInvestmentsOtherThanInvestmentsAccountedForUsingEquityMethodAndProceedsFromSalesOfInvestmentsOtherThanInvestmentsAccountedForUsingEquityMethod,http://xbrl.europeanenergy.dk/2020-12-31,PurchaseOfInvestmentsOtherThanInvestmentsAccountedForUsingEquityMethodAndProceedsFromSalesOfInvestmentsOtherThanInvestmentsAccountedForUsingEquityMethod,extension,train,2,1,monetary,
EUR:RetainedEarningsAndOtherReserves,http://xbrl.europeanenergy.dk/2020-12-31,RetainedEarningsAndOtherReserves,extension,train,2,1,monetary,
GOM:CompletedDevelopmentProjects,http://xbrl.gomspace.com/2020-12-31,CompletedDevelopmentProjects,extension,train,2,1,monetary,
GOM:CurrentTradePayablesToRelatedParties,http://xbrl.gomspace.com/2020-12-31,CurrentTradePayablesToRelatedParties,extension,train,2,1,monetary,
GOM:DevelopmentCosts,http://xbrl.gomspace.com/2020-12-31,DevelopmentCosts,extension,train,2,1,monetary,
GOM:LeaseholdImprovements,http://xbrl.gomspace.com/2020-12-31,LeaseholdImprovements,extension,train,2,1,monetary,
GOM:ProceedsFromBorrowingsFromParentCompanyClassifiedAsFinancingActivities,http://xbrl.gomspace.com/2020-12-31,ProceedsFromBorrowingsFromParentCompanyClassifiedAsFinancingActivities,extension,train,2,1,monetary,
GOM:ProceedsFromBorrowingsNotFromParentCompanyClassifiedAsFinancingActivities,http://xbrl.gomspace.com/2020-12-31,ProceedsFromBorrowingsNotFromParentCompanyClassifiedAsFinancingActivities,extension,train,2,1,monetary,
GOM:ReserveOfDevelopmentExpense,http://xbrl.gomspace.com/2020-12-31,ReserveOfDevelopmentExpense,extension,train,2,1,monetary,
GOM:SellingExpenseAndDistributionCosts,http://xbrl.gomspace.com/2020-12-31,SellingExpenseAndDistributionCosts,extension,train,2,1,monetary,
HT:ImpairmentOfInvestmentInSubsidiary,https://www.hrvatskitelekom.hr/,ImpairmentOfInvestmentInSubsidiary,extension,train,2,1,monetary,
HT:IncreaseDecreaseInAccruals,https://www.hrvatskitelekom.hr/,IncreaseDecreaseInAccruals,extension,train,2,1,monetary,
HT:IncreaseDecreaseInContractAssetsCosts,https://www.hrvatskitelekom.hr/,IncreaseDecreaseInContractAssetsCosts,extension,train,2,1,monetary,
HT:IncreaseInAccruals,https://www.hrvatskitelekom.hr/,IncreaseInAccruals,extension,train,2,1,monetary,
HT:IncreaseInContractAssetsCosts,https://www.hrvatskitelekom.hr/,IncreaseInContractAssetsCosts,extension,train,2,1,monetary,
HT:LoansReceivableFromSubsidiaries,https://www.hrvatskitelekom.hr/,LoansReceivableFromSubsidiaries,extension,train,2,1,monetary,
HT:PayablesToSubsidiaries,https://www.hrvatskitelekom.hr/,PayablesToSubsidiaries,extension,train,2,1,monetary,
HT:PaymentsForSecuredDeposits,https://www.hrvatskitelekom.hr/,PaymentsForSecuredDeposits,extension,train,2,1,monetary,
HT:ReceivablesFromSubsidiaries,https://www.hrvatskitelekom.hr/,ReceivablesFromSubsidiaries,extension,train,2,1,monetary,
ICE:AdjustmentsForDecreaseIncreaseInTradeAndOtherReceivablesAndAdjustmentsForDecreaseIncreaseInOtherAssets,http://icelandseafood.is/2021-12-31,AdjustmentsForDecreaseIncreaseInTradeAndOtherReceivablesAndAdjustmentsForDecreaseIncreaseInOtherAssets,extension,train,2,1,monetary,
ICE:AdjustmentsForIncreaseDecreaseInTradeAndOtherPayablesAndAdjustmentsForIncreaseDecreaseInOtherLiabilities,http://icelandseafood.is/2021-12-31,AdjustmentsForIncreaseDecreaseInTradeAndOtherPayablesAndAdjustmentsForIncreaseDecreaseInOtherLiabilities,extension,train,2,1,monetary,
ICE:AdjustmentsForProvisionsAndAdjustmentsForIncreaseDecreaseInEmployeeBenefitLiabilities,http://icelandseafood.is/2021-12-31,AdjustmentsForProvisionsAndAdjustmentsForIncreaseDecreaseInEmployeeBenefitLiabilities,extension,train,2,1,monetary,
ICE:CashFlowsFromUsedInOperatingAndInvestingActivities,http://icelandseafood.is/2021-12-31,CashFlowsFromUsedInOperatingAndInvestingActivities,extension,train,2,1,monetary,
ICE:InvestmentsInSubsidiariesJointVenturesAndAssociatesAndNonCurrentFinancialAssetsAtFairValueThroughProfitOrLoss,http://icelandseafood.is/2021-12-31,InvestmentsInSubsidiariesJointVenturesAndAssociatesAndNonCurrentFinancialAssetsAtFairValueThroughProfitOrLoss,extension,train,2,1,monetary,
ICE:IssuedCapitalAndSharePremium,http://icelandseafood.is/2021-12-31,IssuedCapitalAndSharePremium,extension,train,2,1,monetary,
ICE:MiscellaneousOtherReserves,http://icelandseafood.is/2021-12-31,MiscellaneousOtherReserves,extension,train,2,1,monetary,
ICE:ProceedsFromIssueOfBills,http://icelandseafood.is/2021-12-31,ProceedsFromIssueOfBills,extension,train,2,1,monetary,
ICE:RepaymentsOfOtherBorrowingsClassifiedAsFinancingActivities,http://icelandseafood.is/2021-12-31,RepaymentsOfOtherBorrowingsClassifiedAsFinancingActivities,extension,train,2,1,monetary,
ICE:RetainedEarningsAndReserveOfUnrealisedProfitLossFromSubsidiaries,http://icelandseafood.is/2021-12-31,RetainedEarningsAndReserveOfUnrealisedProfitLossFromSubsidiaries,extension,train,2,1,monetary,
ISS:AmortisationAndImpairmentLossRecognisedInProfitOrLossIntangibleAssetsOtherThanGoodwill,http://xbrl.issworld.com/2021-12-31,AmortisationAndImpairmentLossRecognisedInProfitOrLossIntangibleAssetsOtherThanGoodwill,extension,train,2,1,monetary,
ISS:CashAdvancesAndLoansFromRelatedPartiesAndCashRepaymentsOfAdvancesAndLoansFromRelatedParties,http://xbrl.issworld.com/2021-12-31,CashAdvancesAndLoansFromRelatedPartiesAndCashRepaymentsOfAdvancesAndLoansFromRelatedParties,extension,train,2,1,monetary,
ISS:CashFlowsFromUsedInOperatingAndInvestingActivities,http://xbrl.issworld.com/2021-12-31,CashFlowsFromUsedInOperatingAndInvestingActivities,extension,train,2,1,monetary,
ISS:IncreaseDecreaseInFinancialAssetsClassifiedAsInvestingActivities,http://xbrl.issworld.com/2021-12-31,IncreaseDecreaseInFinancialAssetsClassifiedAsInvestingActivities,extension,train,2,1,monetary,
ISS:InterestPaidToOtherPartiesClassifiedAsOperatingActivities,http://xbrl.issworld.com/2021-12-31,InterestPaidToOtherPartiesClassifiedAsOperatingActivities,extension,train,2,1,monetary,
ISS:InterestPaidToRelatedPartiesClassifiedAsOperatingActivities,http://xbrl.issworld.com/2021-12-31,InterestPaidToRelatedPartiesClassifiedAsOperatingActivities,extension,train,2,1,monetary,
ISS:InterestReceivedFromOtherPartiesClassifiedAsOperatingActivities,http://xbrl.issworld.com/2021-12-31,InterestReceivedFromOtherPartiesClassifiedAsOperatingActivities,extension,train,2,1,monetary,
ISS:InterestReceivedFromRelatedPartiesClassifiedAsOperatingActivities,http://xbrl.issworld.com/2021-12-31,InterestReceivedFromRelatedPartiesClassifiedAsOperatingActivities,extension,train,2,1,monetary,
ISS:OtherComprehensiveIncomeBeforeTaxImpactFromAssetCeilingRegardingPensions,http://xbrl.issworld.com/2021-12-31,OtherComprehensiveIncomeBeforeTaxImpactFromAssetCeilingRegardingPensions,extension,train,2,1,monetary,
ISS:PaymentsRelatedToRoyaltiesClassifiedAsOperatingActivities,http://xbrl.issworld.com/2021-12-31,PaymentsRelatedToRoyaltiesClassifiedAsOperatingActivities,extension,train,2,1,monetary,
ISS:ProceedsFromChangesInOwnershipInterestsInSubsidiariesAndPaymentsFromChangesInOwnershipInterestsInSubsidiaries,http://xbrl.issworld.com/2021-12-31,ProceedsFromChangesInOwnershipInterestsInSubsidiariesAndPaymentsFromChangesInOwnershipInterestsInSubsidiaries,extension,train,2,1,monetary,
ISS:ProceedsFromSalesOfPropertyPlantAndEquipmentAndProceedsFromSalesOfIntangibleAssetsClassifiedAsInvestingActivities,http://xbrl.issworld.com/2021-12-31,ProceedsFromSalesOfPropertyPlantAndEquipmentAndProceedsFromSalesOfIntangibleAssetsClassifiedAsInvestingActivities,extension,train,2,1,monetary,
ISS:ProfitLossFromOperatingActivitiesBeforeOtherItemsDiscontinuedOperations,http://xbrl.issworld.com/2021-12-31,ProfitLossFromOperatingActivitiesBeforeOtherItemsDiscontinuedOperations,extension,train,2,1,monetary,
ISS:PropertyPlantAndEquipmentAndRightOfUseAssets,http://xbrl.issworld.com/2021-12-31,PropertyPlantAndEquipmentAndRightOfUseAssets,extension,train,2,1,monetary,
ISS:PurchaseOfPropertyPlantAndEquipmentAndPurchaseOfIntangibleAssetsClassifiedAsInvestingActivities,http://xbrl.issworld.com/2021-12-31,PurchaseOfPropertyPlantAndEquipmentAndPurchaseOfIntangibleAssetsClassifiedAsInvestingActivities,extension,train,2,1,monetary,
KKY:AdjustmentsForDecreaseIncreaseInFinancialAssetsAtFairValueThroughProfitOrLoss,http://kythreotis.com.cy/2021-12-31,AdjustmentsForDecreaseIncreaseInFinancialAssetsAtFairValueThroughProfitOrLoss,extension,train,2,1,monetary,
KKY:AdjustmentsForDecreaseIncreaseInRestrictedCashAndCashEquivalents,http://kythreotis.com.cy/2021-12-31,AdjustmentsForDecreaseIncreaseInRestrictedCashAndCashEquivalents,extension,train,2,1,monetary,
KKY:AdjustmentsForDepreciationPropertyPlantAndEquipment,http://kythreotis.com.cy/2021-12-31,AdjustmentsForDepreciationPropertyPlantAndEquipment,extension,train,2,1,monetary,
KKY:AdjustmentsForIncreaseDecreaseInContractLiabilities,http://kythreotis.com.cy/2021-12-31,AdjustmentsForIncreaseDecreaseInContractLiabilities,extension,train,2,1,monetary,
KKY:AdjustmentsForLossesGainsOnDisposalOfInvestmentProperties,http://kythreotis.com.cy/2021-12-31,AdjustmentsForLossesGainsOnDisposalOfInvestmentProperties,extension,train,2,1,monetary,
KKY:FinanceCostsPaidClassifiedAsFinancingActivities,http://kythreotis.com.cy/2021-12-31,FinanceCostsPaidClassifiedAsFinancingActivities,extension,train,2,1,monetary,
KKY:PrepaymentsForNonCurrentAssetsClassifiedAsInvestingActivities,http://kythreotis.com.cy/2021-12-31,PrepaymentsForNonCurrentAssetsClassifiedAsInvestingActivities,extension,train,2,1,monetary,
KUL:AdjustmentsForDecreaseIncreaseInCurrentTaxAssets,http://kulcs-soft.hu/2020-12-31,AdjustmentsForDecreaseIncreaseInCurrentTaxAssets,extension,train,2,1,monetary,
KUL:AdjustmentsForDecreaseIncreaseInCurrentTaxAssets,http://kulcs-soft.hu/2021-12-31,AdjustmentsForDecreaseIncreaseInCurrentTaxAssets,extension,train,2,1,monetary,
KUL:AdjustmentsForDecreaseIncreaseInFinancialAssetsAtFairValueThroughProfitOrLoss,http://kulcs-soft.hu/2021-12-31,AdjustmentsForDecreaseIncreaseInFinancialAssetsAtFairValueThroughProfitOrLoss,extension,train,2,1,monetary,
KUL:AdjustmentsForDecreaseIncreaseInFinancialAssetsAtFairValueThroughProfitOrLoss,http://kulcs-soft.hu/2020-12-31,AdjustmentsForDecreaseIncreaseInFinancialAssetsAtFairValueThroughProfitOrLoss,extension,train,2,1,monetary,
KUL:AdjustmentsForExchangeRateDifferencesOnLeaseLiabilities,http://kulcs-soft.hu/2021-12-31,AdjustmentsForExchangeRateDifferencesOnLeaseLiabilities,extension,train,2,1,monetary,
KUL:AdjustmentsForExchangeRateDifferencesOnLeaseLiabilities,http://kulcs-soft.hu/2020-12-31,AdjustmentsForExchangeRateDifferencesOnLeaseLiabilities,extension,train,2,1,monetary,
KUL:ProceedsFromSalesOfFinancialAssetsClassifiedAsInvestingActivities,http://kulcs-soft.hu/2020-12-31,ProceedsFromSalesOfFinancialAssetsClassifiedAsInvestingActivities,extension,train,2,1,monetary,
KUL:ProceedsFromSalesOfPropertyPlantAndEquipmentAndProceedsFromSalesOfIntangibleAssetsClassifiedAsInvestingActivities,http://kulcs-soft.hu/2021-12-31,ProceedsFromSalesOfPropertyPlantAndEquipmentAndProceedsFromSalesOfIntangibleAssetsClassifiedAsInvestingActivities,extension,train,2,1,monetary,
KUL:ProceedsFromSalesOfPropertyPlantAndEquipmentAndProceedsFromSalesOfIntangibleAssetsClassifiedAsInvestingActivities,http://kulcs-soft.hu/2020-12-31,ProceedsFromSalesOfPropertyPlantAndEquipmentAndProceedsFromSalesOfIntangibleAssetsClassifiedAsInvestingActivities,extension,train,2,1,monetary,
KUL:PurchaseOfFinancialAssetsClassifiedAsInvestingActivities,http://kulcs-soft.hu/2020-12-31,PurchaseOfFinancialAssetsClassifiedAsInvestingActivities,extension,train,2,1,monetary,
KUL:PurchaseOfPropertyPlantAndEquipmentAndPurchaseOfIntangibleAssetsClassifiedAsInvestingActivities,http://kulcs-soft.hu/2021-12-31,PurchaseOfPropertyPlantAndEquipmentAndPurchaseOfIntangibleAssetsClassifiedAsInvestingActivities,extension,train,2,1,monetary,
KUL:PurchaseOfPropertyPlantAndEquipmentAndPurchaseOfIntangibleAssetsClassifiedAsInvestingActivities,http://kulcs-soft.hu/2020-12-31,PurchaseOfPropertyPlantAndEquipmentAndPurchaseOfIntangibleAssetsClassifiedAsInvestingActivities,extension,train,2,1,monetary,
KVI:AdjustmentsForDecreaseIncreaseInFinancialAssetsAtFairValueThroughProfitOrLossClassifiedAsHeldForHedging,http://kvika.is/2021-12-31,AdjustmentsForDecreaseIncreaseInFinancialAssetsAtFairValueThroughProfitOrLossClassifiedAsHeldForHedging,extension,train,2,1,monetary,
KVI:AdjustmentsForDecreaseIncreaseInFinancialAssetsAtFairValueThroughProfitOrLossMandatorilyMeasuredAtFairValue,http://kvika.is/2021-12-31,AdjustmentsForDecreaseIncreaseInFinancialAssetsAtFairValueThroughProfitOrLossMandatorilyMeasuredAtFairValue,extension,train,2,1,monetary,
KVI:AdjustmentsForDecreaseIncreaseInFixedIncomeSecurities,http://kvika.is/2021-12-31,AdjustmentsForDecreaseIncreaseInFixedIncomeSecurities,extension,train,2,1,monetary,
KVI:AdjustmentsForDecreaseIncreaseInRightOfUseAssets,http://kvika.is/2021-12-31,AdjustmentsForDecreaseIncreaseInRightOfUseAssets,extension,train,2,1,monetary,
KVI:AdjustmentsForIncreaseDecreaseInFinancialLiabilitiesAtFairValueThroughProfitOrLoss,http://kvika.is/2021-12-31,AdjustmentsForIncreaseDecreaseInFinancialLiabilitiesAtFairValueThroughProfitOrLoss,extension,train,2,1,monetary,
KVI:AdjustmentsForIncreaseDecreaseInLiabilitiesArisingFromInsuranceContracts,http://kvika.is/2021-12-31,AdjustmentsForIncreaseDecreaseInLiabilitiesArisingFromInsuranceContracts,extension,train,2,1,monetary,
KVI:AdjustmentsForInterestExpenseAndAdjustmentsForInterestIncome,http://kvika.is/2021-12-31,AdjustmentsForInterestExpenseAndAdjustmentsForInterestIncome,extension,train,2,1,monetary,
KVI:AdjustmentsForUnrealisedForeignExchangeLossesGainsAndIndexation,http://kvika.is/2021-12-31,AdjustmentsForUnrealisedForeignExchangeLossesGainsAndIndexation,extension,train,2,1,monetary,
KVI:CashFlowsUsedInObtainingControlOfSubsidiariesOrOtherBusinessesAndPurchaseOfInterestsInAssociatesClassifiedAsInvestingActivities,http://kvika.is/2021-12-31,CashFlowsUsedInObtainingControlOfSubsidiariesOrOtherBusinessesAndPurchaseOfInterestsInAssociatesClassifiedAsInvestingActivities,extension,train,2,1,monetary,
KVI:DecreaseInWarrantsClassifiedAsFinancingActivities,http://kvika.is/2021-12-31,DecreaseInWarrantsClassifiedAsFinancingActivities,extension,train,2,1,monetary,
KVI:FinancialAssetsAtFairValueThroughProfitOrLossClassifiedAsHeldForHedging,http://kvika.is/2021-12-31,FinancialAssetsAtFairValueThroughProfitOrLossClassifiedAsHeldForHedging,extension,train,2,1,monetary,
KVI:FinancialLiabilitiesAtFairValueThroughProfitOrLossClassifiedAsHeldForHedging,http://kvika.is/2021-12-31,FinancialLiabilitiesAtFairValueThroughProfitOrLossClassifiedAsHeldForHedging,extension,train,2,1,monetary,
KVI:FixedIncomeSecurities,http://kvika.is/2021-12-31,FixedIncomeSecurities,extension,train,2,1,monetary,
KVI:GainsLossesRecognisedInProfitOrLossFairValueMeasurementLiabilitiesContingentConsideration,http://kvika.is/2021-12-31,GainsLossesRecognisedInProfitOrLossFairValueMeasurementLiabilitiesContingentConsideration,extension,train,2,1,monetary,
KVI:IncreaseDecreaseInFinanceLeaseReceivablesClassifiedAsInvestingActivities,http://kvika.is/2021-12-31,IncreaseDecreaseInFinanceLeaseReceivablesClassifiedAsInvestingActivities,extension,train,2,1,monetary,
KVI:IncreaseDecreaseInLoansReceivedClassifiedAsFinancingActivities,http://kvika.is/2021-12-31,IncreaseDecreaseInLoansReceivedClassifiedAsFinancingActivities,extension,train,2,1,monetary,
KVI:ProceedsFromIssueOfSubordinatedLiabilitiesAndRepaymentsOfSubordinatedLiabilities,http://kvika.is/2021-12-31,ProceedsFromIssueOfSubordinatedLiabilitiesAndRepaymentsOfSubordinatedLiabilities,extension,train,2,1,monetary,
KVI:ProceedsFromIssuingSharesIssuedCapital,http://kvika.is/2021-12-31,ProceedsFromIssuingSharesIssuedCapital,extension,train,2,1,monetary,
KVI:PurchaseOfInterestsInAssociatesAndProceedsFromSalesOfInterestsInAssociates,http://kvika.is/2021-12-31,PurchaseOfInterestsInAssociatesAndProceedsFromSalesOfInterestsInAssociates,extension,train,2,1,monetary,
KVI:RepaymentsOfNotesAndDebentures,http://kvika.is/2021-12-31,RepaymentsOfNotesAndDebentures,extension,train,2,1,monetary,
KVI:SpecialTaxOnFinancialActivity,http://kvika.is/2021-12-31,SpecialTaxOnFinancialActivity,extension,train,2,1,monetary,
KVI:SpecialTaxOnFinancialInstitutions,http://kvika.is/2021-12-31,SpecialTaxOnFinancialInstitutions,extension,train,2,1,monetary,
SJÓ:AdjustmentsForDecreaseIncreaseInDeferredTaxAssets,http://sjova.is/2021-12-31,AdjustmentsForDecreaseIncreaseInDeferredTaxAssets,extension,train,2,1,monetary,
SJÓ:AdjustmentsForDecreaseIncreaseInFinancialAssetsAtFairValueThroughProfitOrLoss,http://sjova.is/2021-12-31,AdjustmentsForDecreaseIncreaseInFinancialAssetsAtFairValueThroughProfitOrLoss,extension,train,2,1,monetary,
SJÓ:AdjustmentsForDecreaseIncreaseInReinsuranceAssets,http://sjova.is/2021-12-31,AdjustmentsForDecreaseIncreaseInReinsuranceAssets,extension,train,2,1,monetary,
SJÓ:AdjustmentsForGainsLossesOnFinancialAssetsAtFairValueThroughProfitOrLoss,http://sjova.is/2021-12-31,AdjustmentsForGainsLossesOnFinancialAssetsAtFairValueThroughProfitOrLoss,extension,train,2,1,monetary,
SJÓ:AdjustmentsForIncreaseDecreaseInLiabilitiesArisingFromInsuranceContracts,http://sjova.is/2021-12-31,AdjustmentsForIncreaseDecreaseInLiabilitiesArisingFromInsuranceContracts,extension,train,2,1,monetary,
SJÓ:CededReinsurancePremiums,http://sjova.is/2021-12-31,CededReinsurancePremiums,extension,train,2,1,monetary,
SJÓ:ClaimsAndBenefitsPaid,http://sjova.is/2021-12-31,ClaimsAndBenefitsPaid,extension,train,2,1,monetary,
SJÓ:GrossPremiumsWritten,http://sjova.is/2021-12-31,GrossPremiumsWritten,extension,train,2,1,monetary,
SJÓ:IncomeAndSpecialFinancialManagementTaxesPaidClassifiedAsOperatingActivities,http://sjova.is/2021-12-31,IncomeAndSpecialFinancialManagementTaxesPaidClassifiedAsOperatingActivities,extension,train,2,1,monetary,
SJÓ:ReductionOfIssuedCapitalClassifiedAsFinancingActivities,http://sjova.is/2021-12-31,ReductionOfIssuedCapitalClassifiedAsFinancingActivities,extension,train,2,1,monetary,
SOL:AdjustmentsForImpairmentLossReversalOfImpairmentLossAndGainsLossesOnDisposalsOfInvestmentsInAssociates,http://xbrl.solar.dk/taxonomy/2020-12-31,AdjustmentsForImpairmentLossReversalOfImpairmentLossAndGainsLossesOnDisposalsOfInvestmentsInAssociates,extension,train,2,1,monetary,
SOL:AdjustmentsForProvisionsAndOtherAdjustmentsForNonCashItems,http://xbrl.solar.dk/taxonomy/2020-12-31,AdjustmentsForProvisionsAndOtherAdjustmentsForNonCashItems,extension,train,2,1,monetary,
SOL:AmortisationAndImpairmentLossReversalOfImpairmentLossRecognisedInProfitOrLossIntangibleAssets,http://xbrl.solar.dk/taxonomy/2020-12-31,AmortisationAndImpairmentLossReversalOfImpairmentLossRecognisedInProfitOrLossIntangibleAssets,extension,train,2,1,monetary,
SOL:DepreciationAndImpairmentLossReversalOfImpairmentLossRecognisedInProfitOrLossPropertyPlantAndEquipment,http://xbrl.solar.dk/taxonomy/2020-12-31,DepreciationAndImpairmentLossReversalOfImpairmentLossRecognisedInProfitOrLossPropertyPlantAndEquipment,extension,train,2,1,monetary,
SOL:ExternalOperatingExpense,http://xbrl.solar.dk/taxonomy/2020-12-31,ExternalOperatingExpense,extension,train,2,1,monetary,
SOL:ImpairmentLossReversalOfImpairmentLossAndGainsLossesOnDisposalsOfInvestmentsInAssociates,http://xbrl.solar.dk/taxonomy/2020-12-31,ImpairmentLossReversalOfImpairmentLossAndGainsLossesOnDisposalsOfInvestmentsInAssociates,extension,train,2,1,monetary,
SOL:ProfitLossFromOperatingActivitiesBeforeInterestTaxesAndAmortisationExpense,http://xbrl.solar.dk/taxonomy/2020-12-31,ProfitLossFromOperatingActivitiesBeforeInterestTaxesAndAmortisationExpense,extension,train,2,1,monetary,
SOL:ProfitLossFromOperatingActivitiesBeforeInterestTaxesDepreciationAndAmortisationExpense,http://xbrl.solar.dk/taxonomy/2020-12-31,ProfitLossFromOperatingActivitiesBeforeInterestTaxesDepreciationAndAmortisationExpense,extension,train,2,1,monetary,
SOL:ProposedDividendRecognisedInEquity,http://xbrl.solar.dk/taxonomy/2020-12-31,ProposedDividendRecognisedInEquity,extension,train,2,1,monetary,
TEC:AdjustmentsForInterestExpenseAndAdjustmentsForInterestIncome,http://technicolor.com/2020-12-31,AdjustmentsForInterestExpenseAndAdjustmentsForInterestIncome,extension,train,2,1,monetary,
TEC:CashPledgedAsCollateralClassifiedAsInvestingActivities,http://technicolor.com/2020-12-31,CashPledgedAsCollateralClassifiedAsInvestingActivities,extension,train,2,1,monetary,
TEC:CurrentOperatingAssets,http://technicolor.com/2020-12-31,CurrentOperatingAssets,extension,train,2,1,monetary,
TEC:CurrentOperatingLiabilities,http://technicolor.com/2020-12-31,CurrentOperatingLiabilities,extension,train,2,1,monetary,
TEC:InterestPaidOnLeaseLiabilitiesClassifiedAsOperatingActivities,http://technicolor.com/2020-12-31,InterestPaidOnLeaseLiabilitiesClassifiedAsOperatingActivities,extension,train,2,1,monetary,
TEC:NetFinancialIncomeExpense,http://technicolor.com/2020-12-31,NetFinancialIncomeExpense,extension,train,2,1,monetary,
TEC:NonCurrentOperatingAssets,http://technicolor.com/2020-12-31,NonCurrentOperatingAssets,extension,train,2,1,monetary,
TEC:NonCurrentOperatingLiabilities,http://technicolor.com/2020-12-31,NonCurrentOperatingLiabilities,extension,train,2,1,monetary,
TEC:PaymentsForShareIssueCostsAndPaymentsForDebtIssueCosts,http://technicolor.com/2020-12-31,PaymentsForShareIssueCostsAndPaymentsForDebtIssueCosts,extension,train,2,1,monetary,
TEC:ProceedsFromSalesOfPropertyPlantAndEquipmentAndProceedsFromSalesOfIntangibleAssetsClassifiedAsInvestingActivities,http://technicolor.com/2020-12-31,ProceedsFromSalesOfPropertyPlantAndEquipmentAndProceedsFromSalesOfIntangibleAssetsClassifiedAsInvestingActivities,extension,train,2,1,monetary,
TEC:RepaymentOfCashPledgedAsCollateralClassifiedAsInvestingActivities,http://technicolor.com/2020-12-31,RepaymentOfCashPledgedAsCollateralClassifiedAsInvestingActivities,extension,train,2,1,monetary,
TEC:SharePremiumAndOtherReserves,http://technicolor.com/2020-12-31,SharePremiumAndOtherReserves,extension,train,2,1,monetary,
TEC:UndatedDeeplySubordinatedNotes,http://technicolor.com/2020-12-31,UndatedDeeplySubordinatedNotes,extension,train,2,1,monetary,
VAT:AdjustmentsForDecreaseIncreaseInBondsAndOtherReceivables,http://vis.is/2021-12-31,AdjustmentsForDecreaseIncreaseInBondsAndOtherReceivables,extension,train,2,1,monetary,
VAT:AdjustmentsForDecreaseIncreaseInFinancialAssetsAtFairValueThroughProfitOrLoss,http://vis.is/2021-12-31,AdjustmentsForDecreaseIncreaseInFinancialAssetsAtFairValueThroughProfitOrLoss,extension,train,2,1,monetary,
VAT:AdjustmentsForDecreaseIncreaseInReinsuranceAssets,http://vis.is/2021-12-31,AdjustmentsForDecreaseIncreaseInReinsuranceAssets,extension,train,2,1,monetary,
VAT:AdjustmentsForGainsLossesOnFinancialAssetsAtFairValueThroughProfitOrLoss,http://vis.is/2021-12-31,AdjustmentsForGainsLossesOnFinancialAssetsAtFairValueThroughProfitOrLoss,extension,train,2,1,monetary,
VAT:AdjustmentsForIncreaseDecreaseInDeferredTaxLiabilities,http://vis.is/2021-12-31,AdjustmentsForIncreaseDecreaseInDeferredTaxLiabilities,extension,train,2,1,monetary,
VAT:AdjustmentsForIncreaseDecreaseInLiabilitiesArisingFromInsuranceContracts,http://vis.is/2021-12-31,AdjustmentsForIncreaseDecreaseInLiabilitiesArisingFromInsuranceContracts,extension,train,2,1,monetary,
VAT:BondsAndOtherNonCurrentReceivables,http://vis.is/2021-12-31,BondsAndOtherNonCurrentReceivables,extension,train,2,1,monetary,
VAT:ClaimsAndBenefitsPaid,http://vis.is/2021-12-31,ClaimsAndBenefitsPaid,extension,train,2,1,monetary,
VAT:GrossPremiumsWritten,http://vis.is/2021-12-31,GrossPremiumsWritten,extension,train,2,1,monetary,
VAT:IncreaseDecreaseInProvisionForUnearnedPremiumReinsurersShare,http://vis.is/2021-12-31,IncreaseDecreaseInProvisionForUnearnedPremiumReinsurersShare,extension,train,2,1,monetary,
VAT:PurchaseOfComputerSoftwareClassifiedAsInvestingActivities,http://vis.is/2021-12-31,PurchaseOfComputerSoftwareClassifiedAsInvestingActivities,extension,train,2,1,monetary,
abambergrid:LoansGrantedRepaymentsReceived,http://ambergrid.lt,LoansGrantedRepaymentsReceived,extension,train,2,2,monetary,
altiaoyj:FinancialItemsAndTaxes,http://altiagroup.com,FinancialItemsAndTaxes,extension,train,2,1,monetary,
am1:HybridBond,http://www.ahlstrom-munksjo.com/20201231,HybridBond,extension,train,2,1,monetary,
am1:IncreaseDecreaseInOtherInvestmentsInvestingActivities,http://www.ahlstrom-munksjo.com/20201231,IncreaseDecreaseInOtherInvestmentsInvestingActivities,extension,train,2,1,monetary,
am1:OtherNoncurrentFinancialAndNonFinancialAssets,http://www.ahlstrom-munksjo.com/20201231,OtherNoncurrentFinancialAndNonFinancialAssets,extension,train,2,1,monetary,
am1:ProceedsFromIssuanceOfHybridBond,http://www.ahlstrom-munksjo.com/20201231,ProceedsFromIssuanceOfHybridBond,extension,train,2,1,monetary,
am1:ReserveForInvestedUnrestrictedEquity,http://www.ahlstrom-munksjo.com/20201231,ReserveForInvestedUnrestrictedEquity,extension,train,2,1,monetary,
asm:AdjustmentsForDecreaseIncreaseInAccountsPayableAndAccruedExpenses,http://www.asm.com/20201231,AdjustmentsForDecreaseIncreaseInAccountsPayableAndAccruedExpenses,extension,train,2,1,monetary,
asm:AdjustmentsForDecreaseIncreaseInEvaluationTools,http://www.asm.com/20201231,AdjustmentsForDecreaseIncreaseInEvaluationTools,extension,train,2,1,monetary,
asm:AdjustmentsForNonCashCosts,http://www.asm.com/20201231,AdjustmentsForNonCashCosts,extension,train,2,1,monetary,
asm:AdjustmentsForNonCashInterest,http://www.asm.com/20201231,AdjustmentsForNonCashInterest,extension,train,2,1,monetary,
asm:CapitalRepayment,http://www.asm.com/20201231,CapitalRepayment,extension,train,2,1,monetary,
asm:EvaluationToolsAtCustomers,http://www.asm.com/20201231,EvaluationToolsAtCustomers,extension,train,2,1,monetary,
asm:NonCurrentAccruedExpensesAndOtherNonCurrentPayables,http://www.asm.com/20201231,NonCurrentAccruedExpensesAndOtherNonCurrentPayables,extension,train,2,1,monetary,
bats:CurrentInvestmentsOtherThanInvestmentsAccountedForUsingEquityMethod,http://www.british.com/20201231,CurrentInvestmentsOtherThanInvestmentsAccountedForUsingEquityMethod,extension,train,2,1,monetary,
bats:IncreaseDecreaseInOtherProvisionsForLiabilities,http://www.british.com/20201231,IncreaseDecreaseInOtherProvisionsForLiabilities,extension,train,2,1,monetary,
bats:OtherReserve,http://www.british.com/20201231,OtherReserve,extension,train,2,1,monetary,
bats:SharePremiumCapitalRedemptionAndMergerReserves,http://www.british.com/20201231,SharePremiumCapitalRedemptionAndMergerReserves,extension,train,2,1,monetary,
bekb:AdjustmentsForProvisionsAndEmployeeBenefitObligations,http://www.bekaert.com/xbrl/2020,AdjustmentsForProvisionsAndEmployeeBenefitObligations,extension,train,2,1,monetary,
bekb:BillsOfExchangeReceived,http://www.bekaert.com/xbrl/2020,BillsOfExchangeReceived,extension,train,2,1,monetary,
bekb:CurrentTradeReceivablesExcludingBillsOfExchangeReceived,http://www.bekaert.com/xbrl/2020,CurrentTradeReceivablesExcludingBillsOfExchangeReceived,extension,train,2,1,monetary,
bekb:EarningsBeforeInterestAndTaxesUnderlying,http://www.bekaert.com/xbrl/2020,EarningsBeforeInterestAndTaxesUnderlying,extension,train,2,1,monetary,
bekb:GainsLossesOnExchangeDifferencesArisingDuringPeriodOnJointVenturesAndAssociatesNetOfTax,http://www.bekaert.com/xbrl/2020,GainsLossesOnExchangeDifferencesArisingDuringPeriodOnJointVenturesAndAssociatesNetOfTax,extension,train,2,1,monetary,
bekb:GainsLossesOnExchangeDifferencesArisingDuringPeriodOnSubsidiariesNetOfTax,http://www.bekaert.com/xbrl/2020,GainsLossesOnExchangeDifferencesArisingDuringPeriodOnSubsidiariesNetOfTax,extension,train,2,1,monetary,
bekb:IncreaseDecreaseThroughCapitalContributionByNonControllingInterests,http://www.bekaert.com/xbrl/2020,IncreaseDecreaseThroughCapitalContributionByNonControllingInterests,extension,train,2,1,monetary,
bekb:InterestReceivedClassifiedAsFinancingActivities,http://www.bekaert.com/xbrl/2020,InterestReceivedClassifiedAsFinancingActivities,extension,train,2,1,monetary,
bekb:OneOffItems,http://www.bekaert.com/xbrl/2020,OneOffItems,extension,train,2,1,monetary,
bekb:OtherReserve,http://www.bekaert.com/xbrl/2020,OtherReserve,extension,train,2,1,monetary,
bekb:ProceedsFromDisposalsOfFixedAssetsClassifiedAsInvestingActivities,http://www.bekaert.com/xbrl/2020,ProceedsFromDisposalsOfFixedAssetsClassifiedAsInvestingActivities,extension,train,2,1,monetary,
bekb:ProceedsFromPaymentsForSalesAndPurchasesOfNonControllingInterest,http://www.bekaert.com/xbrl/2020,ProceedsFromPaymentsForSalesAndPurchasesOfNonControllingInterest,extension,train,2,1,monetary,
bekb:ProceedsFromPaymentsForTreasuryShareTransactions,http://www.bekaert.com/xbrl/2020,ProceedsFromPaymentsForTreasuryShareTransactions,extension,train,2,1,monetary,
bekb:ResultAfterTaxesConsolidatedCompanies,http://www.bekaert.com/xbrl/2020,ResultAfterTaxesConsolidatedCompanies,extension,train,2,1,monetary,
bioMérieux:AdjustementsForDecreaseIncreaseInTradeReceivablesAndAssetsRelatedToContractsWithCustomers,https://www.biomerieux.com/content/registration-documents,AdjustementsForDecreaseIncreaseInTradeReceivablesAndAssetsRelatedToContractsWithCustomers,extension,train,2,1,monetary,
bioMérieux:BiofireDepreciationCosts,https://www.biomerieux.com/content/registration-documents,BiofireDepreciationCosts,extension,train,2,1,monetary,
bioMérieux:ChangeInInterestsWithoutGainOrLossOfControllingInterest,https://www.biomerieux.com/content/registration-documents,ChangeInInterestsWithoutGainOrLossOfControllingInterest,extension,train,2,1,monetary,
bioMérieux:ChangeInOperatingWorkingCapitalRequirement,https://www.biomerieux.com/content/registration-documents,ChangeInOperatingWorkingCapitalRequirement,extension,train,2,1,monetary,
bioMérieux:ChangeInOtherOperatingWorkingCapital,https://www.biomerieux.com/content/registration-documents,ChangeInOtherOperatingWorkingCapital,extension,train,2,1,monetary,
bioMérieux:ContributiveOperatingIncomeBeforeNonRecurringItems,https://www.biomerieux.com/content/registration-documents,ContributiveOperatingIncomeBeforeNonRecurringItems,extension,train,2,1,monetary,
bioMérieux:CostOfNetFinancialDebtReintegratedCashFlow,https://www.biomerieux.com/content/registration-documents,CostOfNetFinancialDebtReintegratedCashFlow,extension,train,2,1,monetary,
bioMérieux:DisbursmentCollectionRelatingToTakingNonControllingInterests,https://www.biomerieux.com/content/registration-documents,DisbursmentCollectionRelatingToTakingNonControllingInterests,extension,train,2,1,monetary,
bioMérieux:EbitdaBeforeNonRecurringItems,https://www.biomerieux.com/content/registration-documents,EbitdaBeforeNonRecurringItems,extension,train,2,1,monetary,
bioMérieux:FreeCashFlow,https://www.biomerieux.com/content/registration-documents,FreeCashFlow,extension,train,2,1,monetary,
bioMérieux:ImpactOfChangesInGroupStructure,https://www.biomerieux.com/content/registration-documents,ImpactOfChangesInGroupStructure,extension,train,2,1,monetary,
bioMérieux:IncomeTaxRelatingFairValueGainsLossesOnFinancialAssets,https://www.biomerieux.com/content/registration-documents,IncomeTaxRelatingFairValueGainsLossesOnFinancialAssets,extension,train,2,1,monetary,
bioMérieux:IncomeTaxRelatingToRemeasurementOfEmployeeBenefits,https://www.biomerieux.com/content/registration-documents,IncomeTaxRelatingToRemeasurementOfEmployeeBenefits,extension,train,2,1,monetary,
bioMérieux:NonOperatingPayables,https://www.biomerieux.com/content/registration-documents,NonOperatingPayables,extension,train,2,1,monetary,
bioMérieux:NonRecurringIncomeAndExpenseAndDepreciationCostsForTheAcquisitionOfBiofire,https://www.biomerieux.com/content/registration-documents,NonRecurringIncomeAndExpenseAndDepreciationCostsForTheAcquisitionOfBiofire,extension,train,2,1,monetary,
bioMérieux:NumberOfTreasuryShares,https://www.biomerieux.com/content/registration-documents,NumberOfTreasuryShares,extension,train,2,1,shares,
bioMérieux:OperatingIncomeBeforeNonRecurringItems,https://www.biomerieux.com/content/registration-documents,OperatingIncomeBeforeNonRecurringItems,extension,train,2,1,monetary,
bioMérieux:OtherComprehensiveIncomeBeforeTaxGainsLossesOnHeddingInstruments,https://www.biomerieux.com/content/registration-documents,OtherComprehensiveIncomeBeforeTaxGainsLossesOnHeddingInstruments,extension,train,2,1,monetary,
bioMérieux:OtherFinancialIncomeAndExpensesNet,https://www.biomerieux.com/content/registration-documents,OtherFinancialIncomeAndExpensesNet,extension,train,2,1,monetary,
bioMérieux:OtherFinancialIncomeAndExpensesNetExcludingProvisionsAndDisposalsOfNonCurrentFinancialAssets,https://www.biomerieux.com/content/registration-documents,OtherFinancialIncomeAndExpensesNetExcludingProvisionsAndDisposalsOfNonCurrentFinancialAssets,extension,train,2,1,monetary,
bioMérieux:OtherFinancialIncomeAndExpensesNetReintegratedCashFlow,https://www.biomerieux.com/content/registration-documents,OtherFinancialIncomeAndExpensesNetReintegratedCashFlow,extension,train,2,1,monetary,
bioMérieux:OtherNonOperatingWorkingCapital,https://www.biomerieux.com/content/registration-documents,OtherNonOperatingWorkingCapital,extension,train,2,1,monetary,
bioMérieux:OtherNonRecurringIncomeExpenses,https://www.biomerieux.com/content/registration-documents,OtherNonRecurringIncomeExpenses,extension,train,2,1,monetary,
bioMérieux:OtherNonRecurringIncomeExpensesExcludingNonRecurringProvisionsForImpairmentAndCapitalGainsAndLossesOnDisposalsOfFixedAssets,https://www.biomerieux.com/content/registration-documents,OtherNonRecurringIncomeExpensesExcludingNonRecurringProvisionsForImpairmentAndCapitalGainsAndLossesOnDisposalsOfFixedAssets,extension,train,2,1,monetary,
bioMérieux:OtherOperatingIncomeAndExpenses,https://www.biomerieux.com/content/registration-documents,OtherOperatingIncomeAndExpenses,extension,train,2,1,monetary,
bioMérieux:ProfitLossOfThePeriodAttributableToOwnersOfParents,https://www.biomerieux.com/content/registration-documents,ProfitLossOfThePeriodAttributableToOwnersOfParents,extension,train,2,1,monetary,
bioMérieux:PurchaseOrProceedsFromSalesOfOtherLongTermAssets,https://www.biomerieux.com/content/registration-documents,PurchaseOrProceedsFromSalesOfOtherLongTermAssets,extension,train,2,1,monetary,
bioMérieux:TotalOperatingExpenses,https://www.biomerieux.com/content/registration-documents,TotalOperatingExpenses,extension,train,2,1,monetary,
bioMérieux:TotalSharePremiumAndRetainedEarnings,https://www.biomerieux.com/content/registration-documents,TotalSharePremiumAndRetainedEarnings,extension,train,2,1,monetary,
bioMérieux:TradeReceivablesAndAssetsRelatedToContractsWithCustomers,https://www.biomerieux.com/content/registration-documents,TradeReceivablesAndAssetsRelatedToContractsWithCustomers,extension,train,2,1,monetary,
blt1t:AdjustmentsForGainLossFromDisposalImpairmentOfPropertyPlantAndEquipmentAndNoncurrentAssets,http://www.baltikagroup.com/xbrl/2020,AdjustmentsForGainLossFromDisposalImpairmentOfPropertyPlantAndEquipmentAndNoncurrentAssets,extension,train,2,1,monetary,
blt1t:ClientBonusProvision,http://www.baltikagroup.com/xbrl/2020,ClientBonusProvision,extension,train,2,1,monetary,
blt1t:NetLossForPeriod,http://www.baltikagroup.com/xbrl/2020,NetLossForPeriod,extension,train,2,1,monetary,
blt1t:PaymentsOfLeaseLiabilitiesInterestClassifiedAsFinancingActivities,http://www.baltikagroup.com/xbrl/2020,PaymentsOfLeaseLiabilitiesInterestClassifiedAsFinancingActivities,extension,train,2,1,monetary,
blt1t:PaymentsOfLeaseLiabilitiesPrincipleClassifiedAsFinancingActivities,http://www.baltikagroup.com/xbrl/2020,PaymentsOfLeaseLiabilitiesPrincipleClassifiedAsFinancingActivities,extension,train,2,1,monetary,
blt1t:RevenueAfterClientBonusProvision,http://www.baltikagroup.com/xbrl/2020,RevenueAfterClientBonusProvision,extension,train,2,1,monetary,
caffil:CustomerBorrowingsAndDepositsAtAmortizedCost,http://www.caffil.com/taxonomy/2019-12-31/caffil_full_entry_point,CustomerBorrowingsAndDepositsAtAmortizedCost,extension,train,2,1,monetary,
caffil:DebtsSecuritiesAtAmortizedCost,http://www.caffil.com/taxonomy/2019-12-31/caffil_full_entry_point,DebtsSecuritiesAtAmortizedCost,extension,train,2,1,monetary,
caffil:DueToBanksAtAmortizedCost,http://www.caffil.com/taxonomy/2019-12-31/caffil_full_entry_point,DueToBanksAtAmortizedCost,extension,train,2,1,monetary,
caffil:FairValueRevaluationOfPortfolioHedgeAssets,http://www.caffil.com/taxonomy/2019-12-31/caffil_full_entry_point,FairValueRevaluationOfPortfolioHedgeAssets,extension,train,2,1,monetary,
caffil:FairValueRevaluationOfPortfolioHedgeLiabilities,http://www.caffil.com/taxonomy/2019-12-31/caffil_full_entry_point,FairValueRevaluationOfPortfolioHedgeLiabilities,extension,train,2,1,monetary,
caffil:GainsLossesOnFinancialInstrumentsAtFairValueThroughProfitOrLoss,http://www.caffil.com/taxonomy/2019-12-31/caffil_full_entry_point,GainsLossesOnFinancialInstrumentsAtFairValueThroughProfitOrLoss,extension,train,2,1,monetary,
caffil:GrossOperatingIncome,http://www.caffil.com/taxonomy/2019-12-31/caffil_full_entry_point,GrossOperatingIncome,extension,train,2,1,monetary,
caffil:IncreaseDecreaseInAssetsAndLiabilitiesResultingFromOperatingActivities,http://www.caffil.com/taxonomy/2019-12-31/caffil_full_entry_point,IncreaseDecreaseInAssetsAndLiabilitiesResultingFromOperatingActivities,extension,train,2,1,monetary,
caffil:LoansAndAdvancesToBanksAtAmortizedCost,http://www.caffil.com/taxonomy/2019-12-31/caffil_full_entry_point,LoansAndAdvancesToBanksAtAmortizedCost,extension,train,2,1,monetary,
caffil:LoansAndAdvancesToCustomersAtAmortizedCost,http://www.caffil.com/taxonomy/2019-12-31/caffil_full_entry_point,LoansAndAdvancesToCustomersAtAmortizedCost,extension,train,2,1,monetary,
caffil:NetBankingIncome,http://www.caffil.com/taxonomy/2019-12-31/caffil_full_entry_point,NetBankingIncome,extension,train,2,1,monetary,
caffil:NetCashFromFinancingAssetsAndLiabilities,http://www.caffil.com/taxonomy/2019-12-31/caffil_full_entry_point,NetCashFromFinancingAssetsAndLiabilities,extension,train,2,1,monetary,
caffil:NetCashFromInterbankOperations,http://www.caffil.com/taxonomy/2019-12-31/caffil_full_entry_point,NetCashFromInterbankOperations,extension,train,2,1,monetary,
caffil:NetCashFromNotFinancingAssetsAndLiabilities,http://www.caffil.com/taxonomy/2019-12-31/caffil_full_entry_point,NetCashFromNotFinancingAssetsAndLiabilities,extension,train,2,1,monetary,
caffil:NetCashFromOrForShareholders,http://www.caffil.com/taxonomy/2019-12-31/caffil_full_entry_point,NetCashFromOrForShareholders,extension,train,2,1,monetary,
caffil:NetDepreciationAndWriteDowns,http://www.caffil.com/taxonomy/2019-12-31/caffil_full_entry_point,NetDepreciationAndWriteDowns,extension,train,2,1,monetary,
caffil:NetExpenseIncomeFromFinancingActivities,http://www.caffil.com/taxonomy/2019-12-31/caffil_full_entry_point,NetExpenseIncomeFromFinancingActivities,extension,train,2,1,monetary,
caffil:NetExpenseIncomeFromInvestmentActivities,http://www.caffil.com/taxonomy/2019-12-31/caffil_full_entry_point,NetExpenseIncomeFromInvestmentActivities,extension,train,2,1,monetary,
caffil:NetGainsLossesOnOtherAssets,http://www.caffil.com/taxonomy/2019-12-31/caffil_full_entry_point,NetGainsLossesOnOtherAssets,extension,train,2,1,monetary,
caffil:NetIncomeForTheYear,http://www.caffil.com/taxonomy/2019-12-31/caffil_full_entry_point,NetIncomeForTheYear,extension,train,2,1,monetary,
caffil:ReservesAndRetainedEarnings,http://www.caffil.com/taxonomy/2019-12-31/caffil_full_entry_point,ReservesAndRetainedEarnings,extension,train,2,1,monetary,
caffil:SecuritiesAtAmortizedCost,http://www.caffil.com/taxonomy/2019-12-31/caffil_full_entry_point,SecuritiesAtAmortizedCost,extension,train,2,1,monetary,
cll:AdjustmentsForDecreaseIncreaseInFinancialAssetsAtFairValueThroughProfitOrLoss,http://www.clrif.com.cy/xbrl/2021,AdjustmentsForDecreaseIncreaseInFinancialAssetsAtFairValueThroughProfitOrLoss,extension,train,2,1,monetary,
cll:AdjustmentsForImpairmentLossReversalOfImpairmentLossRecognisedInProfitOrLossCashAndCashEquivalents,http://www.clrif.com.cy/xbrl/2021,AdjustmentsForImpairmentLossReversalOfImpairmentLossRecognisedInProfitOrLossCashAndCashEquivalents,extension,train,2,1,monetary,
dem:AdjustmentsForProvisionForExpectedCreditLosses,https://demetra.com.cy/xbrl/2021/,AdjustmentsForProvisionForExpectedCreditLosses,extension,train,2,1,monetary,
dem:CostAdjustmentForInvestmentProperty,https://demetra.com.cy/xbrl/2021/,CostAdjustmentForInvestmentProperty,extension,train,2,1,monetary,
dem:IncreaseInReceivablesFromAssociatedCompanies,https://demetra.com.cy/xbrl/2021/,IncreaseInReceivablesFromAssociatedCompanies,extension,train,2,1,monetary,
dem:LossFromDisposalAndRevaluationOfLandAndImmovableProperty,https://demetra.com.cy/xbrl/2021/,LossFromDisposalAndRevaluationOfLandAndImmovableProperty,extension,train,2,1,monetary,
dem:NetAssetsPerShare,https://demetra.com.cy/xbrl/2021/,NetAssetsPerShare,extension,train,2,1,monetary,
dem:ProceedsFromDisposalOfInvestmentProperty,https://demetra.com.cy/xbrl/2021/,ProceedsFromDisposalOfInvestmentProperty,extension,train,2,1,monetary,
dem:ProfitFromDisposalAndRevaluationOfLandAndImmovableProperty,https://demetra.com.cy/xbrl/2021/,ProfitFromDisposalAndRevaluationOfLandAndImmovableProperty,extension,train,2,1,monetary,
dem:ProvisionForLossesOfAssociatedCompanies,https://demetra.com.cy/xbrl/2021/,ProvisionForLossesOfAssociatedCompanies,extension,train,2,1,monetary,
dem:PurchaseOfFinancialAssetsAtFairValueThroughProfitOrLoss,https://demetra.com.cy/xbrl/2021/,PurchaseOfFinancialAssetsAtFairValueThroughProfitOrLoss,extension,train,2,1,monetary,
dem:ReversalOfProvisionForExpectedCreditLosses,https://demetra.com.cy/xbrl/2021/,ReversalOfProvisionForExpectedCreditLosses,extension,train,2,1,monetary,
dem:TotalComprehensiveIncomePerShare,https://demetra.com.cy/xbrl/2021/,TotalComprehensiveIncomePerShare,extension,train,2,1,monetary,
econocom:AcquisitionDisposalOfCompaniesAndBusinessesNetOfCashAcquiredDisposed,http://www.econocom.com/taxonomy/2019-12-31/econocom_full_entry_point,AcquisitionDisposalOfCompaniesAndBusinessesNetOfCashAcquiredDisposed,extension,train,2,1,monetary,
econocom:AcquisitionOfLongtermFinancialAssets,http://www.econocom.com/taxonomy/2019-12-31/econocom_full_entry_point,AcquisitionOfLongtermFinancialAssets,extension,train,2,1,monetary,
econocom:AdditionalPaidinCapitalAndReserves,http://www.econocom.com/taxonomy/2019-12-31/econocom_full_entry_point,AdditionalPaidinCapitalAndReserves,extension,train,2,1,monetary,
econocom:AdjustementsForCostOfNetDebt,http://www.econocom.com/taxonomy/2019-12-31/econocom_full_entry_point,AdjustementsForCostOfNetDebt,extension,train,2,1,monetary,
econocom:AmortisationAndProvisions,http://www.econocom.com/taxonomy/2019-12-31/econocom_full_entry_point,AmortisationAndProvisions,extension,train,2,1,monetary,
econocom:BuyingBackOfConvertibleBondsOCEANE,http://www.econocom.com/taxonomy/2019-12-31/econocom_full_entry_point,BuyingBackOfConvertibleBondsOCEANE,extension,train,2,1,monetary,
econocom:CashFlowsFromUsedInOperationsAfterCostOfNetDebtAndIncomeTaxExpense,http://www.econocom.com/taxonomy/2019-12-31/econocom_full_entry_point,CashFlowsFromUsedInOperationsAfterCostOfNetDebtAndIncomeTaxExpense,extension,train,2,1,monetary,
econocom:ChangesInRefinancingLiabilitiesOnLeaseContractsAndLiabilitiesOnSelffundedContracts,http://www.econocom.com/taxonomy/2019-12-31/econocom_full_entry_point,ChangesInRefinancingLiabilitiesOnLeaseContractsAndLiabilitiesOnSelffundedContracts,extension,train,2,1,monetary,
econocom:CurrentGrossLiabilityForPurchasesOfLeasedAssets,http://www.econocom.com/taxonomy/2019-12-31/econocom_full_entry_point,CurrentGrossLiabilityForPurchasesOfLeasedAssets,extension,train,2,1,monetary,
econocom:CurrentResidualInterestInLeasedAssets,http://www.econocom.com/taxonomy/2019-12-31/econocom_full_entry_point,CurrentResidualInterestInLeasedAssets,extension,train,2,1,monetary,
econocom:DisposalOfLongtermFinancialAssets,http://www.econocom.com/taxonomy/2019-12-31/econocom_full_entry_point,DisposalOfLongtermFinancialAssets,extension,train,2,1,monetary,
econocom:EliminationOfTheImpactOfResidualInterestOnLeasedAssets,http://www.econocom.com/taxonomy/2019-12-31/econocom_full_entry_point,EliminationOfTheImpactOfResidualInterestOnLeasedAssets,extension,train,2,1,monetary,
econocom:FinancialIncomeAndExpensesFromOperatingActivities,http://www.econocom.com/taxonomy/2019-12-31/econocom_full_entry_point,FinancialIncomeAndExpensesFromOperatingActivities,extension,train,2,1,monetary,
econocom:InvestmentsInSelfFundedTMFContracts,http://www.econocom.com/taxonomy/2019-12-31/econocom_full_entry_point,InvestmentsInSelfFundedTMFContracts,extension,train,2,1,monetary,
econocom:LongtermFinancialAssets,http://www.econocom.com/taxonomy/2019-12-31/econocom_full_entry_point,LongtermFinancialAssets,extension,train,2,1,monetary,
econocom:NetChangeInCommercialPaper,http://www.econocom.com/taxonomy/2019-12-31/econocom_full_entry_point,NetChangeInCommercialPaper,extension,train,2,1,monetary,
econocom:NetImpairmentLossesOnCurrentAndNoncurrentAssets,http://www.econocom.com/taxonomy/2019-12-31/econocom_full_entry_point,NetImpairmentLossesOnCurrentAndNoncurrentAssets,extension,train,2,1,monetary,
econocom:NoncurrentGrossLiabilityForPurchasesOfLeasedAssets,http://www.econocom.com/taxonomy/2019-12-31/econocom_full_entry_point,NoncurrentGrossLiabilityForPurchasesOfLeasedAssets,extension,train,2,1,monetary,
econocom:NoncurrentResidualInterestInLeasedAssets,http://www.econocom.com/taxonomy/2019-12-31/econocom_full_entry_point,NoncurrentResidualInterestInLeasedAssets,extension,train,2,1,monetary,
econocom:OperatingExpenses,http://www.econocom.com/taxonomy/2019-12-31/econocom_full_entry_point,OperatingExpenses,extension,train,2,1,monetary,
econocom:OtherChangesInWorkingCapitalRequirement,http://www.econocom.com/taxonomy/2019-12-31/econocom_full_entry_point,OtherChangesInWorkingCapitalRequirement,extension,train,2,1,monetary,
econocom:OtherFinancialIncomeAndExpenses,http://www.econocom.com/taxonomy/2019-12-31/econocom_full_entry_point,OtherFinancialIncomeAndExpenses,extension,train,2,1,monetary,
econocom:OtherOperatingIncomeAndExpenses,http://www.econocom.com/taxonomy/2019-12-31/econocom_full_entry_point,OtherOperatingIncomeAndExpenses,extension,train,2,1,monetary,
econocom:OtherOperatingIncomeExpenseFromNonOrdinaryActivities,http://www.econocom.com/taxonomy/2019-12-31/econocom_full_entry_point,OtherOperatingIncomeExpenseFromNonOrdinaryActivities,extension,train,2,1,monetary,
econocom:ProceedsOfPropertyPlantEquipmentAndIntangibleAssetsOtherThanGoodwill,http://www.econocom.com/taxonomy/2019-12-31/econocom_full_entry_point,ProceedsOfPropertyPlantEquipmentAndIntangibleAssetsOtherThanGoodwill,extension,train,2,1,monetary,
econocom:ProfitForThePeriodAttributableToOwnersOfTheParent,http://www.econocom.com/taxonomy/2019-12-31/econocom_full_entry_point,ProfitForThePeriodAttributableToOwnersOfTheParent,extension,train,2,1,monetary,
econocom:ProfitLossFromContinuingOperationsBeforeAmortisationOfIntangibleAssetsFromAcquisitions,http://www.econocom.com/taxonomy/2019-12-31/econocom_full_entry_point,ProfitLossFromContinuingOperationsBeforeAmortisationOfIntangibleAssetsFromAcquisitions,extension,train,2,1,monetary,
econocom:ProfitLossFromOrdinaryOperatingActivities,http://www.econocom.com/taxonomy/2019-12-31/econocom_full_entry_point,ProfitLossFromOrdinaryOperatingActivities,extension,train,2,1,monetary,
econocom:ProvisionsDepreciationAmortisationAndImpairment,http://www.econocom.com/taxonomy/2019-12-31/econocom_full_entry_point,ProvisionsDepreciationAmortisationAndImpairment,extension,train,2,1,monetary,
econocom:PurchaseOfPropertyPlantAndEquipmentIntangibleAssetsOtherThanGoodwillInvestmentProperty,http://www.econocom.com/taxonomy/2019-12-31/econocom_full_entry_point,PurchaseOfPropertyPlantAndEquipmentIntangibleAssetsOtherThanGoodwillInvestmentProperty,extension,train,2,1,monetary,
econocom:RecurringNetEarningsLossPerShare,http://www.econocom.com/taxonomy/2019-12-31/econocom_full_entry_point,RecurringNetEarningsLossPerShare,extension,train,2,1,pershare,
econocom:RecurringProfitLossAttributableToOwnersOfParent,http://www.econocom.com/taxonomy/2019-12-31/econocom_full_entry_point,RecurringProfitLossAttributableToOwnersOfParent,extension,train,2,1,monetary,
econocom:SelfFundedOutstandingRentalsAssets,http://www.econocom.com/taxonomy/2019-12-31/econocom_full_entry_point,SelfFundedOutstandingRentalsAssets,extension,train,2,1,monetary,
econocom:SelfFundedOutstandingRentalsLiabilitiess,http://www.econocom.com/taxonomy/2019-12-31/econocom_full_entry_point,SelfFundedOutstandingRentalsLiabilitiess,extension,train,2,1,monetary,
ena:AdjustmentsForChangesInValue,http://www.enagas.es/20201231,AdjustmentsForChangesInValue,extension,train,2,1,monetary,
ena:AdjustmentsForDecreaseIncreaseInOtherCurrentAssetsAndInOtherCurrentLiabilities,http://www.enagas.es/20201231,AdjustmentsForDecreaseIncreaseInOtherCurrentAssetsAndInOtherCurrentLiabilities,extension,train,2,1,monetary,
ena:AdjustmentsForDecreaseIncreaseInOtherNonCurrentAssetsAndInOtherNonCurrentLiabilities,http://www.enagas.es/20201231,AdjustmentsForDecreaseIncreaseInOtherNonCurrentAssetsAndInOtherNonCurrentLiabilities,extension,train,2,1,monetary,
ena:ChangeInFairValueOfFinancialInstrument,http://www.enagas.es/20201231,ChangeInFairValueOfFinancialInstrument,extension,train,2,1,monetary,
ena:ComprehensiveIncomeAttributableToNonControllingInterestsAttributableToResults,http://www.enagas.es/20201231,ComprehensiveIncomeAttributableToNonControllingInterestsAttributableToResults,extension,train,2,1,monetary,
ena:ComprehensiveIncomeAttributableToNonControllingInterestsFromExchangeDifferences,http://www.enagas.es/20201231,ComprehensiveIncomeAttributableToNonControllingInterestsFromExchangeDifferences,extension,train,2,1,monetary,
ena:CurrentFinancialLiabilitiesAndCurrentDerivativeFinancialAssets,http://www.enagas.es/20201231,CurrentFinancialLiabilitiesAndCurrentDerivativeFinancialAssets,extension,train,2,1,monetary,
ena:EffectOfChangesInConsolidationMethod,http://www.enagas.es/20201231,EffectOfChangesInConsolidationMethod,extension,train,2,1,monetary,
ena:ImpairmentLossRecognisedInProfitOrLossOnDisposalOfFixedAssets,http://www.enagas.es/20201231,ImpairmentLossRecognisedInProfitOrLossOnDisposalOfFixedAssets,extension,train,2,1,monetary,
ena:InterimDividend,http://www.enagas.es/20201231,InterimDividend,extension,train,2,1,monetary,
ena:NonControllingInterestLoss,http://www.enagas.es/20201231,NonControllingInterestLoss,extension,train,2,1,monetary,
ena:NonCurrentFinancialLiabilitiesAndNonCurrentDerivativeFinancialAssets,http://www.enagas.es/20201231,NonCurrentFinancialLiabilitiesAndNonCurrentDerivativeFinancialAssets,extension,train,2,1,monetary,
ena:OtherCashFlowsFromFinancingActivities,http://www.enagas.es/20201231,OtherCashFlowsFromFinancingActivities,extension,train,2,1,monetary,
ena:OtherCashFlowsFromInvestingActivities,http://www.enagas.es/20201231,OtherCashFlowsFromInvestingActivities,extension,train,2,1,monetary,
ena:OtherCashFlowsFromOperatingActivities,http://www.enagas.es/20201231,OtherCashFlowsFromOperatingActivities,extension,train,2,1,monetary,
ena:OtherComprehensiveIncomeBeforeTaxExchangeDifferencesOnTranslationFullConsolidationMethod,http://www.enagas.es/20201231,OtherComprehensiveIncomeBeforeTaxExchangeDifferencesOnTranslationFullConsolidationMethod,extension,train,2,1,monetary,
ena:ProceedsFromAndPaymentsOnEquityInstruments,http://www.enagas.es/20201231,ProceedsFromAndPaymentsOnEquityInstruments,extension,train,2,1,monetary,
ena:ProceedsFromAndPaymentsOnFinancialLiabilities,http://www.enagas.es/20201231,ProceedsFromAndPaymentsOnFinancialLiabilities,extension,train,2,1,monetary,
ena:ProfitLossFromFinancingActivities,http://www.enagas.es/20201231,ProfitLossFromFinancingActivities,extension,train,2,1,monetary,
ena:ProfitLossOfTheYear,http://www.enagas.es/20201231,ProfitLossOfTheYear,extension,train,2,1,monetary,
ena:PurchaseOfOtherFinancialAssets,http://www.enagas.es/20201231,PurchaseOfOtherFinancialAssets,extension,train,2,1,monetary,
ena:ReclassificationAdjustmentsOnCashFlowHedgesBeforeTaxFullConsolidationMethod,http://www.enagas.es/20201231,ReclassificationAdjustmentsOnCashFlowHedgesBeforeTaxFullConsolidationMethod,extension,train,2,1,monetary,
ena:ReclassificationAdjustmentsOnCompaniesAccountedForUsingTheFullConsolidationMethodReclassifiedToProfitAndLoss,http://www.enagas.es/20201231,ReclassificationAdjustmentsOnCompaniesAccountedForUsingTheFullConsolidationMethodReclassifiedToProfitAndLoss,extension,train,2,1,monetary,
ena:ReclassificationAdjustmentsOnExchangeDifferencesOnTranslationBeforeTaxFullConsolidationMethod,http://www.enagas.es/20201231,ReclassificationAdjustmentsOnExchangeDifferencesOnTranslationBeforeTaxFullConsolidationMethod,extension,train,2,1,monetary,
ena:RevenueFromNonRegulatedActivities,http://www.enagas.es/20201231,RevenueFromNonRegulatedActivities,extension,train,2,1,monetary,
ena:RevenueFromRegulatedActivities,http://www.enagas.es/20201231,RevenueFromRegulatedActivities,extension,train,2,1,monetary,
ena:TaxEffectOnGainsLossesOnCompaniesAccountedForUsingTheFullConsolidationMethod,http://www.enagas.es/20201231,TaxEffectOnGainsLossesOnCompaniesAccountedForUsingTheFullConsolidationMethod,extension,train,2,1,monetary,
ena:TaxEffectOnReclassificationAdjustmentsOnCompaniesAccountedForUsingTheFullConsolidationMethodThatWillBeReclassifiedToProfitOrLoss,http://www.enagas.es/20201231,TaxEffectOnReclassificationAdjustmentsOnCompaniesAccountedForUsingTheFullConsolidationMethodThatWillBeReclassifiedToProfitOrLoss,extension,train,2,1,monetary,
ena:TotalOtherComprehensiveIncomeOnCompaniesAccountedForUsingTheFullConsolidationMethod,http://www.enagas.es/20201231,TotalOtherComprehensiveIncomeOnCompaniesAccountedForUsingTheFullConsolidationMethod,extension,train,2,1,monetary,
equa:GainsAndLossessFromFinancialOperations,http://www.equabank.cz/20201231,GainsAndLossessFromFinancialOperations,extension,train,2,1,monetary,
equa:ProfitForThePeriodBeforeTaxAndNetImpairmentOfFinancialAssets,http://www.equabank.cz/20201231,ProfitForThePeriodBeforeTaxAndNetImpairmentOfFinancialAssets,extension,train,2,1,monetary,
ext:AccantonamentiNettiAFondiRischiEdOneriEdAltriCostiRicavi,https://group.intesasanpaolo.com/esef/2021-12-31,AccantonamentiNettiAFondiRischiEdOneriEdAltriCostiRicavi,extension,train,2,1,monetary,
ext:AccantonamentiNettiAiFondiPerRischiEOneri,https://group.intesasanpaolo.com/esef/2021-12-31,AccantonamentiNettiAiFondiPerRischiEOneri,extension,train,2,1,monetary,
ext:AccantonamentiNettiAiFondiPerRischiEOneriPerAltriAccantonamentiNetti,https://group.intesasanpaolo.com/esef/2021-12-31,AccantonamentiNettiAiFondiPerRischiEOneriPerAltriAccantonamentiNetti,extension,train,2,1,monetary,
ext:AccantonamentiNettiAiFondiPerRischiEOneriPerImpegniEGaranzieRilasciate,https://group.intesasanpaolo.com/esef/2021-12-31,AccantonamentiNettiAiFondiPerRischiEOneriPerImpegniEGaranzieRilasciate,extension,train,2,1,monetary,
ext:AccontiSuDividendiStatoPatrimoniale,https://group.intesasanpaolo.com/esef/2021-12-31,AccontiSuDividendiStatoPatrimoniale,extension,train,2,1,monetary,
ext:AcquistiDiAttivitaMaterialiClassificateComeAttivitaDiInvestimento,https://group.intesasanpaolo.com/esef/2021-12-31,AcquistiDiAttivitaMaterialiClassificateComeAttivitaDiInvestimento,extension,train,2,1,monetary,
ext:AdeguamentoDiValoreDelleAttivitaFinanziarieOggettoDiCoperturaGenerica,https://group.intesasanpaolo.com/esef/2021-12-31,AdeguamentoDiValoreDelleAttivitaFinanziarieOggettoDiCoperturaGenerica,extension,train,2,1,monetary,
ext:AdeguamentoDiValoreDellePassivitaFinanziarieOggettoDiCoperturaGenerica,https://group.intesasanpaolo.com/esef/2021-12-31,AdeguamentoDiValoreDellePassivitaFinanziarieOggettoDiCoperturaGenerica,extension,train,2,1,monetary,
ext:AdjustedEbidta,http://www.medservenergy.com/esef/2021-12-31,AdjustedEbidta,extension,train,2,1,monetary,
ext:AdjustmentForImpairmentLossOnIntangibleAsset,http://www.medservenergy.com/esef/2021-12-31,AdjustmentForImpairmentLossOnIntangibleAsset,extension,train,2,1,monetary,
ext:AdjustmentForImpairmentLossesOnTradeReceivablesContractAssetsAndRelatedPartyReceivables,http://www.medservenergy.com/esef/2021-12-31,AdjustmentForImpairmentLossesOnTradeReceivablesContractAssetsAndRelatedPartyReceivables,extension,train,2,1,monetary,
ext:AdjustmentForRetirementBenefitObligations,http://www.medservenergy.com/esef/2021-12-31,AdjustmentForRetirementBenefitObligations,extension,train,2,1,monetary,
ext:AdjustmentForWriteoffOfPropertyPlantAndEquipment,http://www.medservenergy.com/esef/2021-12-31,AdjustmentForWriteoffOfPropertyPlantAndEquipment,extension,train,2,1,monetary,
ext:AdjustmentsForAmortisationOfGrants,https://www.maltairport.com/esef/2021-12-31,AdjustmentsForAmortisationOfGrants,extension,train,2,1,monetary,
ext:AdjustmentsForDecreaseIncreaseInFinancialAssetsAtAmortisedCost,https://group.intesasanpaolo.com/esef/2021-12-31,AdjustmentsForDecreaseIncreaseInFinancialAssetsAtAmortisedCost,extension,train,2,1,monetary,
ext:AdjustmentsForDecreaseIncreaseInFinancialAssetsAtFairValueThroughOtherComprehensiveIncome,https://group.intesasanpaolo.com/esef/2021-12-31,AdjustmentsForDecreaseIncreaseInFinancialAssetsAtFairValueThroughOtherComprehensiveIncome,extension,train,2,1,monetary,
ext:AdjustmentsForDecreaseIncreaseInFinancialAssetsDesignatedAtFairValue,https://group.intesasanpaolo.com/esef/2021-12-31,AdjustmentsForDecreaseIncreaseInFinancialAssetsDesignatedAtFairValue,extension,train,2,1,monetary,
ext:AdjustmentsForDecreaseIncreaseInOtherFinancialAssetsMandatorilyAtFairValue,https://group.intesasanpaolo.com/esef/2021-12-31,AdjustmentsForDecreaseIncreaseInOtherFinancialAssetsMandatorilyAtFairValue,extension,train,2,1,monetary,
ext:AdjustmentsForIncreaseDecreaseInFinancialLiabilitiesAtAmortisedCost,https://group.intesasanpaolo.com/esef/2021-12-31,AdjustmentsForIncreaseDecreaseInFinancialLiabilitiesAtAmortisedCost,extension,train,2,1,monetary,
ext:AdjustmentsForIncreaseDecreaseOfFinancialLiabilitiesDesignatedAtFairValue,https://group.intesasanpaolo.com/esef/2021-12-31,AdjustmentsForIncreaseDecreaseOfFinancialLiabilitiesDesignatedAtFairValue,extension,train,2,1,monetary,
ext:AdjustmentsForNetIncreaseInFairValueOfFinancialAssetsAtFvtpl,http://www.medservenergy.com/esef/2021-12-31,AdjustmentsForNetIncreaseInFairValueOfFinancialAssetsAtFvtpl,extension,train,2,1,monetary,
ext:AdjustmentsForProvisionForMIABenefitFund,https://www.maltairport.com/esef/2021-12-31,AdjustmentsForProvisionForMIABenefitFund,extension,train,2,1,monetary,
ext:AdjustmentsForProvisionsForRetirementBenefitPlan,https://www.maltairport.com/esef/2021-12-31,AdjustmentsForProvisionsForRetirementBenefitPlan,extension,train,2,1,monetary,
ext:AdjustmentsForReleaseOfDeferredIncomeArisingOnTheSaleOfTheTerminalBuildingAndFixtures,https://www.maltairport.com/esef/2021-12-31,AdjustmentsForReleaseOfDeferredIncomeArisingOnTheSaleOfTheTerminalBuildingAndFixtures,extension,train,2,1,monetary,
ext:AdministrativeExpenseStaffCosts,https://group.intesasanpaolo.com/esef/2021-12-31,AdministrativeExpenseStaffCosts,extension,train,2,1,monetary,
ext:AdvancesToAssociates,http://www.medservenergy.com/esef/2021-12-31,AdvancesToAssociates,extension,train,2,1,monetary,
ext:AltreRiserve,https://group.intesasanpaolo.com/esef/2021-12-31,AltreRiserve,extension,train,2,1,monetary,
ext:AltriAfflussiDeflussiDaEmissioniAcquistiDiAzioniProprie,https://group.intesasanpaolo.com/esef/2021-12-31,AltriAfflussiDeflussiDaEmissioniAcquistiDiAzioniProprie,extension,train,2,1,monetary,
ext:AltriAfflussiDeflussiDaEmissioniAcquistiDiStrumentiDiCapitale,https://group.intesasanpaolo.com/esef/2021-12-31,AltriAfflussiDeflussiDaEmissioniAcquistiDiStrumentiDiCapitale,extension,train,2,1,monetary,
ext:AltriAfflussiDeflussiDallaVenditaAcquistoDiControlloDiTerzi,https://group.intesasanpaolo.com/esef/2021-12-31,AltriAfflussiDeflussiDallaVenditaAcquistoDiControlloDiTerzi,extension,train,2,1,monetary,
ext:AltriFondiPerRischiEOneri,https://group.intesasanpaolo.com/esef/2021-12-31,AltriFondiPerRischiEOneri,extension,train,2,1,monetary,
ext:AltriProventiOneriAssicurativiNonIncassati,https://group.intesasanpaolo.com/esef/2021-12-31,AltriProventiOneriAssicurativiNonIncassati,extension,train,2,1,monetary,
ext:AssetsFairValueChangesOfTheHedgedItemsInPortfolioHedgeOfInterestRateRisk,https://group.intesasanpaolo.com/esef/2021-12-31,AssetsFairValueChangesOfTheHedgedItemsInPortfolioHedgeOfInterestRateRisk,extension,train,2,1,monetary,
ext:AssetsHeldForSaleCurrent,http://www.medservenergy.com/esef/2021-12-31,AssetsHeldForSaleCurrent,extension,train,2,1,monetary,
ext:AttivitaFinanziarieDiPertinenzaDelleImpreseDiAssicurazioneValutateAlCostoAmmortizzatoAiSensiDelloIAS39,https://group.intesasanpaolo.com/esef/2021-12-31,AttivitaFinanziarieDiPertinenzaDelleImpreseDiAssicurazioneValutateAlCostoAmmortizzatoAiSensiDelloIAS39,extension,train,2,1,monetary,
ext:AttivitaFinanziarieDiPertinenzaDelleImpreseDiAssicurazioneValutateAlCostoAmmortizzatoAiSensiDelloIAS39Rendiconto,https://group.intesasanpaolo.com/esef/2021-12-31,AttivitaFinanziarieDiPertinenzaDelleImpreseDiAssicurazioneValutateAlCostoAmmortizzatoAiSensiDelloIAS39Rendiconto,extension,train,2,1,monetary,
ext:AttivitaFinanziarieDiPertinenzaDelleImpreseDiAssicurazioneValutateAlFairValueAiSensiDelloIAS39,https://group.intesasanpaolo.com/esef/2021-12-31,AttivitaFinanziarieDiPertinenzaDelleImpreseDiAssicurazioneValutateAlFairValueAiSensiDelloIAS39,extension,train,2,1,monetary,
ext:AttivitaFinanziarieDiPertinenzaDelleImpreseDiAssicurazioneValutateAlFairValueAiSensiDelloIAS39Rendiconto,https://group.intesasanpaolo.com/esef/2021-12-31,AttivitaFinanziarieDiPertinenzaDelleImpreseDiAssicurazioneValutateAlFairValueAiSensiDelloIAS39Rendiconto,extension,train,2,1,monetary,
ext:AttivitaFiscali,https://group.intesasanpaolo.com/esef/2021-12-31,AttivitaFiscali,extension,train,2,1,monetary,
ext:AttivitaMateriali,https://group.intesasanpaolo.com/esef/2021-12-31,AttivitaMateriali,extension,train,2,1,monetary,
ext:AttivitaNonCorrentiEGruppiDiAttivitaInViaDiDismissioneDaNonRiclassificareAContoEconomico,https://group.intesasanpaolo.com/esef/2021-12-31,AttivitaNonCorrentiEGruppiDiAttivitaInViaDiDismissioneDaNonRiclassificareAContoEconomico,extension,train,2,1,monetary,
ext:AzioniRimborsabili,https://group.intesasanpaolo.com/esef/2021-12-31,AzioniRimborsabili,extension,train,2,1,monetary,
ext:CashFlowHedging,https://group.intesasanpaolo.com/esef/2021-12-31,CashFlowHedging,extension,train,2,1,monetary,
ext:CashFlowsFromIncreaseDecreaseOfOtherLiabilities,https://group.intesasanpaolo.com/esef/2021-12-31,CashFlowsFromIncreaseDecreaseOfOtherLiabilities,extension,train,2,1,monetary,
ext:CashFlowsFromInvestingActivities,https://group.intesasanpaolo.com/esef/2021-12-31,CashFlowsFromInvestingActivities,extension,train,2,1,monetary,
ext:CashFlowsFromUsedInFinancialAssetsClassifiedAsOperatingActivities,https://group.intesasanpaolo.com/esef/2021-12-31,CashFlowsFromUsedInFinancialAssetsClassifiedAsOperatingActivities,extension,train,2,1,monetary,
ext:CashFlowsFromUsedInFinancialLiabilitiesClassifiedAsOperatingActivities,https://group.intesasanpaolo.com/esef/2021-12-31,CashFlowsFromUsedInFinancialLiabilitiesClassifiedAsOperatingActivities,extension,train,2,1,monetary,
ext:CashFlowsUsedInInvestingActivities,https://group.intesasanpaolo.com/esef/2021-12-31,CashFlowsUsedInInvestingActivities,extension,train,2,1,monetary,
ext:CashflowAusDemErgebnisNachSteuern,https://immofinanz.com/esef/2020-12-31,CashflowAusDemErgebnisNachSteuern,extension,train,2,1,monetary,
ext:CashflowAusDemErgebnisVorSteuern,https://immofinanz.com/esef/2020-12-31,CashflowAusDemErgebnisVorSteuern,extension,train,2,1,monetary,
ext:CoperturaDeiFlussiFinanziari,https://group.intesasanpaolo.com/esef/2021-12-31,CoperturaDeiFlussiFinanziari,extension,train,2,1,monetary,
ext:CoperturaDiInvestimentiEsteri,https://group.intesasanpaolo.com/esef/2021-12-31,CoperturaDiInvestimentiEsteri,extension,train,2,1,monetary,
ext:CostiOperativi,https://group.intesasanpaolo.com/esef/2021-12-31,CostiOperativi,extension,train,2,1,monetary,
ext:CurrentTradeReceivablesAndOtherReceivables,https://www.amrest.eu/esef/2020-12-31,CurrentTradeReceivablesAndOtherReceivables,extension,train,2,1,monetary,
ext:DecrementiIncrementiDiAltreAttivitaObbligatoriamenteValutateAlFairValue,https://group.intesasanpaolo.com/esef/2021-12-31,DecrementiIncrementiDiAltreAttivitaObbligatoriamenteValutateAlFairValue,extension,train,2,1,monetary,
ext:DecrementiIncrementiDiAttivitaFinanziarieDesignateAlFairValue,https://group.intesasanpaolo.com/esef/2021-12-31,DecrementiIncrementiDiAttivitaFinanziarieDesignateAlFairValue,extension,train,2,1,monetary,
ext:DecrementiIncrementiDiAttivitaFinanziarieValutateAlCostoAmmortizzato,https://group.intesasanpaolo.com/esef/2021-12-31,DecrementiIncrementiDiAttivitaFinanziarieValutateAlCostoAmmortizzato,extension,train,2,1,monetary,
ext:DecrementiIncrementiDiAttivitaFinanziarieValutateAlFairValueConImpattoSullaRedditivitaComplessiva,https://group.intesasanpaolo.com/esef/2021-12-31,DecrementiIncrementiDiAttivitaFinanziarieValutateAlFairValueConImpattoSullaRedditivitaComplessiva,extension,train,2,1,monetary,
ext:DefinedBenefitPlanActuarialLosses,http://www.medservenergy.com/esef/2021-12-31,DefinedBenefitPlanActuarialLosses,extension,train,2,1,monetary,
ext:DepreciationAmortisationAndImpairmentLossReversalOfImpairmentLossRecognisedInProfitOrLossIntangibleAssetsOtherThanGoodwill,https://group.intesasanpaolo.com/esef/2021-12-31,DepreciationAmortisationAndImpairmentLossReversalOfImpairmentLossRecognisedInProfitOrLossIntangibleAssetsOtherThanGoodwill,extension,train,2,1,monetary,
ext:DepreciationAmortisationAndImpairmentLossReversalOfImpairmentLossRecognisedInProfitOrLossTangibleAssets,https://group.intesasanpaolo.com/esef/2021-12-31,DepreciationAmortisationAndImpairmentLossReversalOfImpairmentLossRecognisedInProfitOrLossTangibleAssets,extension,train,2,1,monetary,
ext:Derivate,https://immofinanz.com/esef/2020-12-31,Derivate,extension,train,2,1,monetary,
ext:DiCuiAvviamento,https://group.intesasanpaolo.com/esef/2021-12-31,DiCuiAvviamento,extension,train,2,1,monetary,
ext:DifferenzeDiCambio,https://group.intesasanpaolo.com/esef/2021-12-31,DifferenzeDiCambio,extension,train,2,1,monetary,
ext:EquityInstrument,https://group.intesasanpaolo.com/esef/2021-12-31,EquityInstrument,extension,train,2,1,monetary,
ext:FinancialAssetsPertainingToInsuranceCompaniesMeasuredAtAmortisedCostPursuantToIAS39,https://group.intesasanpaolo.com/esef/2021-12-31,FinancialAssetsPertainingToInsuranceCompaniesMeasuredAtAmortisedCostPursuantToIAS39,extension,train,2,1,monetary,
ext:FinancialAssetsPertainingToInsuranceCompaniesMeasuredAtAmortisedCostPursuantToIAS39CashFlow,https://group.intesasanpaolo.com/esef/2021-12-31,FinancialAssetsPertainingToInsuranceCompaniesMeasuredAtAmortisedCostPursuantToIAS39CashFlow,extension,train,2,1,monetary,
ext:FinancialAssetsPertainingToInsuranceCompaniesMeasuredAtFairValuePursuantToIAS39,https://group.intesasanpaolo.com/esef/2021-12-31,FinancialAssetsPertainingToInsuranceCompaniesMeasuredAtFairValuePursuantToIAS39,extension,train,2,1,monetary,
ext:FinancialAssetsPertainingToInsuranceCompaniesMeasuredAtFairValuePursuantToIAS39CashFlow,https://group.intesasanpaolo.com/esef/2021-12-31,FinancialAssetsPertainingToInsuranceCompaniesMeasuredAtFairValuePursuantToIAS39CashFlow,extension,train,2,1,monetary,
ext:FinancialLiabilitiesPertainingToInsuranceCompaniesMeasuredAtAmortisedCostPursuantToIAS39,https://group.intesasanpaolo.com/esef/2021-12-31,FinancialLiabilitiesPertainingToInsuranceCompaniesMeasuredAtAmortisedCostPursuantToIAS39,extension,train,2,1,monetary,
ext:FinancialLiabilitiesPertainingToInsuranceCompaniesMeasuredAtAmortisedCostPursuantToIAS39CashFlow,https://group.intesasanpaolo.com/esef/2021-12-31,FinancialLiabilitiesPertainingToInsuranceCompaniesMeasuredAtAmortisedCostPursuantToIAS39CashFlow,extension,train,2,1,monetary,
ext:FinancialLiabilitiesPertainingToInsuranceCompaniesMeasuredAtFairValuePursuantToIAS39,https://group.intesasanpaolo.com/esef/2021-12-31,FinancialLiabilitiesPertainingToInsuranceCompaniesMeasuredAtFairValuePursuantToIAS39,extension,train,2,1,monetary,
ext:FinancialLiabilitiesPertainingToInsuranceCompaniesMeasuredAtFairValuePursuantToIAS39CashFlow,https://group.intesasanpaolo.com/esef/2021-12-31,FinancialLiabilitiesPertainingToInsuranceCompaniesMeasuredAtFairValuePursuantToIAS39CashFlow,extension,train,2,1,monetary,
ext:ForeignExchangeDifferences,https://group.intesasanpaolo.com/esef/2021-12-31,ForeignExchangeDifferences,extension,train,2,1,monetary,
ext:ForeignInvestmentsHedging,https://group.intesasanpaolo.com/esef/2021-12-31,ForeignInvestmentsHedging,extension,train,2,1,monetary,
ext:FranchiseAndOtherExpenses,https://www.amrest.eu/esef/2020-12-31,FranchiseAndOtherExpenses,extension,train,2,1,monetary,
ext:FranchiseAndOtherRevenue,https://www.amrest.eu/esef/2020-12-31,FranchiseAndOtherRevenue,extension,train,2,1,monetary,
ext:GainLossArisingFromDisposalOfFinancialAssetsMeasuredAtAmortisedCost,https://group.intesasanpaolo.com/esef/2021-12-31,GainLossArisingFromDisposalOfFinancialAssetsMeasuredAtAmortisedCost,extension,train,2,1,monetary,
ext:GainLossArisingFromRepurchaseOfFinancialLiabilities,https://group.intesasanpaolo.com/esef/2021-12-31,GainLossArisingFromRepurchaseOfFinancialLiabilities,extension,train,2,1,monetary,
ext:GainLossOnDisposalsOfFinancialAssetsAtFairValueThroughOtherComprehensiveIncome,https://group.intesasanpaolo.com/esef/2021-12-31,GainLossOnDisposalsOfFinancialAssetsAtFairValueThroughOtherComprehensiveIncome,extension,train,2,1,monetary,
ext:GainLossOnFinancialAssetsHeldForTradingAndOnOtherFinancialAssetsLiabilitiesAtFairValueThroughProfitOrLoss,https://group.intesasanpaolo.com/esef/2021-12-31,GainLossOnFinancialAssetsHeldForTradingAndOnOtherFinancialAssetsLiabilitiesAtFairValueThroughProfitOrLoss,extension,train,2,1,monetary,
ext:GainLossOnHedgeAccounting,https://group.intesasanpaolo.com/esef/2021-12-31,GainLossOnHedgeAccounting,extension,train,2,1,monetary,
ext:GainsLossesFromContractualChangesWithoutDerecognition,https://group.intesasanpaolo.com/esef/2021-12-31,GainsLossesFromContractualChangesWithoutDerecognition,extension,train,2,1,monetary,
ext:GainsLossesOnDisposalsAndRepurchaseOfFinancialAssetsAndLiabilities,https://group.intesasanpaolo.com/esef/2021-12-31,GainsLossesOnDisposalsAndRepurchaseOfFinancialAssetsAndLiabilities,extension,train,2,1,monetary,
ext:GainsLossesOnFinancialAssetsLiabilitiesDesignatedAtFairValueThroughProfitOrLoss,https://group.intesasanpaolo.com/esef/2021-12-31,GainsLossesOnFinancialAssetsLiabilitiesDesignatedAtFairValueThroughProfitOrLoss,extension,train,2,1,monetary,
ext:GainsLossesOnFinancialAssetsLiabilitiesMandatorilyAtFairValueThroughProfitOrLoss,https://group.intesasanpaolo.com/esef/2021-12-31,GainsLossesOnFinancialAssetsLiabilitiesMandatorilyAtFairValueThroughProfitOrLoss,extension,train,2,1,monetary,
ext:GainsLossesOnFinancialAssetsOtherThanEquityInstrumentsMeasuredAtFairValueThroughOtherComprehensiveIncomeNetOfTax,https://group.intesasanpaolo.com/esef/2021-12-31,GainsLossesOnFinancialAssetsOtherThanEquityInstrumentsMeasuredAtFairValueThroughOtherComprehensiveIncomeNetOfTax,extension,train,2,1,monetary,
ext:GainsLossesOnFinancialAssetsPertainingToInsuranceCompaniesMeasuredAtAmortisedCostPursuantToIAS39,https://group.intesasanpaolo.com/esef/2021-12-31,GainsLossesOnFinancialAssetsPertainingToInsuranceCompaniesMeasuredAtAmortisedCostPursuantToIAS39,extension,train,2,1,monetary,
ext:GainsLossesOnHedgingActivitiesPertainingToInsuranceCompaniesMeasuredAtAmortisedCostPursuantToIAS39,https://group.intesasanpaolo.com/esef/2021-12-31,GainsLossesOnHedgingActivitiesPertainingToInsuranceCompaniesMeasuredAtAmortisedCostPursuantToIAS39,extension,train,2,1,monetary,
ext:GainsLossesOnTangibleAndIntangibleAssetsOtherThanGoodwillMeasuredAtFairValue,https://group.intesasanpaolo.com/esef/2021-12-31,GainsLossesOnTangibleAndIntangibleAssetsOtherThanGoodwillMeasuredAtFairValue,extension,train,2,1,monetary,
ext:GoodwillImpairment,https://group.intesasanpaolo.com/esef/2021-12-31,GoodwillImpairment,extension,train,2,1,monetary,
ext:GrossIncome,https://group.intesasanpaolo.com/esef/2021-12-31,GrossIncome,extension,train,2,1,monetary,
ext:IFXAbzuglichLiquiderMittelImAufgegebenenGeschaftsbereichUndInVerauerungsgruppen,https://immofinanz.com/esef/2020-12-31,IFXAbzuglichLiquiderMittelImAufgegebenenGeschaftsbereichUndInVerauerungsgruppen,extension,train,2,1,monetary,
ext:IFXBetriebskostenaufwendungen,https://immofinanz.com/esef/2020-12-31,IFXBetriebskostenaufwendungen,extension,train,2,1,monetary,
ext:IFXBewertungsergebnisAusBestandsimmobililienUndFirmenwerte,https://immofinanz.com/esef/2020-12-31,IFXBewertungsergebnisAusBestandsimmobililienUndFirmenwerte,extension,train,2,1,monetary,
ext:IFXDavonAnderungenImGeschaftsjahr,https://immofinanz.com/esef/2020-12-31,IFXDavonAnderungenImGeschaftsjahr,extension,train,2,1,monetary,
ext:IFXDavonReklassifizierungenInDenGewinnOderVerlust,https://immofinanz.com/esef/2020-12-31,IFXDavonReklassifizierungenInDenGewinnOderVerlust,extension,train,2,1,monetary,
ext:IFXEinzahlungAusDerBegebungVonPflichtwandelanleihenAbzuglichTransaktionskosten,https://immofinanz.com/esef/2020-12-31,IFXEinzahlungAusDerBegebungVonPflichtwandelanleihenAbzuglichTransaktionskosten,extension,train,2,1,monetary,
ext:IFXErgebnisAusAssetManagement,https://immofinanz.com/esef/2020-12-31,IFXErgebnisAusAssetManagement,extension,train,2,1,monetary,
ext:IFXErgebnisAusDerImmobilienentwicklung,https://immofinanz.com/esef/2020-12-31,IFXErgebnisAusDerImmobilienentwicklung,extension,train,2,1,monetary,
ext:IFXOperativesErgebnis,https://immofinanz.com/esef/2020-12-31,IFXOperativesErgebnis,extension,train,2,1,monetary,
ext:IFXWeiterverrechneteBetriebskosten,https://immofinanz.com/esef/2020-12-31,IFXWeiterverrechneteBetriebskosten,extension,train,2,1,monetary,
ext:IFXZuzuglichLiquiderMittelImAufgegebenenGeschaftsbereichUndInVerauerungsgruppen,https://immofinanz.com/esef/2020-12-31,IFXZuzuglichLiquiderMittelImAufgegebenenGeschaftsbereichUndInVerauerungsgruppen,extension,train,2,1,monetary,
ext:IVS_CashFlowsFromInvestingActivitiesTotalDivestitures,https://www.ivsgroup.it/esef/2021-12-31,IVS_CashFlowsFromInvestingActivitiesTotalDivestitures,extension,train,2,1,monetary,
ext:IVS_CashFlowsFromInvestingActivitiesTotalInvestments,https://www.ivsgroup.it/esef/2021-12-31,IVS_CashFlowsFromInvestingActivitiesTotalInvestments,extension,train,2,1,monetary,
ext:IVS_CashFlowsFromOperatingActivitiesBeforeTaxAndFinancialIncomeExpense,https://www.ivsgroup.it/esef/2021-12-31,IVS_CashFlowsFromOperatingActivitiesBeforeTaxAndFinancialIncomeExpense,extension,train,2,1,monetary,
ext:IVS_CashFlowsFromOperatingActivitiesBeforeTaxFinancialIncomeExpenseAndChangeInWorkingCapital,https://www.ivsgroup.it/esef/2021-12-31,IVS_CashFlowsFromOperatingActivitiesBeforeTaxFinancialIncomeExpenseAndChangeInWorkingCapital,extension,train,2,1,monetary,
ext:IVS_Changeinunpaidcapitalexpenditure,https://www.ivsgroup.it/esef/2021-12-31,IVS_Changeinunpaidcapitalexpenditure,extension,train,2,1,monetary,
ext:IVS_ChangesInCurrentFinancialLiabilities,https://www.ivsgroup.it/esef/2021-12-31,IVS_ChangesInCurrentFinancialLiabilities,extension,train,2,1,monetary,
ext:IVS_ChangesInEmployeeBenefitsAndOtherNonmonetaryMovement,https://www.ivsgroup.it/esef/2021-12-31,IVS_ChangesInEmployeeBenefitsAndOtherNonmonetaryMovement,extension,train,2,1,monetary,
ext:IVS_CurrentDueToBondHolders,https://www.ivsgroup.it/esef/2021-12-31,IVS_CurrentDueToBondHolders,extension,train,2,1,monetary,
ext:IVS_NetProfitLossForTheYearAttributableToNonControllingInterests,https://www.ivsgroup.it/esef/2021-12-31,IVS_NetProfitLossForTheYearAttributableToNonControllingInterests,extension,train,2,1,monetary,
ext:IVS_NetProfitOfTheYear,https://www.ivsgroup.it/esef/2021-12-31,IVS_NetProfitOfTheYear,extension,train,2,1,monetary,
ext:IVS_NonCurrentDueToBondHolders,https://www.ivsgroup.it/esef/2021-12-31,IVS_NonCurrentDueToBondHolders,extension,train,2,1,monetary,
ext:IVS_PropertyPlantEquipmentRightOfUseAssets,https://www.ivsgroup.it/esef/2021-12-31,IVS_PropertyPlantEquipmentRightOfUseAssets,extension,train,2,1,monetary,
ext:IVS_RevenueFromSalesAndServices,https://www.ivsgroup.it/esef/2021-12-31,IVS_RevenueFromSalesAndServices,extension,train,2,1,monetary,
ext:IVS_ShareCapitalAndReservesAttributableToNonControllingInterests,https://www.ivsgroup.it/esef/2021-12-31,IVS_ShareCapitalAndReservesAttributableToNonControllingInterests,extension,train,2,1,monetary,
ext:ImpairmentLossImpairmentGainAndReversalOfImpairmentLossDeterminedInAccordanceWithIFRS9OnFinancialAssetsAtAmortisedCost,https://group.intesasanpaolo.com/esef/2021-12-31,ImpairmentLossImpairmentGainAndReversalOfImpairmentLossDeterminedInAccordanceWithIFRS9OnFinancialAssetsAtAmortisedCost,extension,train,2,1,monetary,
ext:ImpairmentLossImpairmentGainAndReversalOfImpairmentLossDeterminedInAccordanceWithIFRS9OnFinancialAssetsAtFairValueThroughOtherComprehensiveIncome,https://group.intesasanpaolo.com/esef/2021-12-31,ImpairmentLossImpairmentGainAndReversalOfImpairmentLossDeterminedInAccordanceWithIFRS9OnFinancialAssetsAtFairValueThroughOtherComprehensiveIncome,extension,train,2,1,monetary,
ext:ImpairmentWritebacksAfterTaxOnDiscontinuedOperations,https://group.intesasanpaolo.com/esef/2021-12-31,ImpairmentWritebacksAfterTaxOnDiscontinuedOperations,extension,train,2,1,monetary,
ext:ImpegniEGaranzieRilasciate,https://group.intesasanpaolo.com/esef/2021-12-31,ImpegniEGaranzieRilasciate,extension,train,2,1,monetary,
ext:ImposteTasseECreditiDimpostaNonLiquidati,https://group.intesasanpaolo.com/esef/2021-12-31,ImposteTasseECreditiDimpostaNonLiquidati,extension,train,2,1,monetary,
ext:IncrementiDecrementiAltrePassivita,https://group.intesasanpaolo.com/esef/2021-12-31,IncrementiDecrementiAltrePassivita,extension,train,2,1,monetary,
ext:IncrementiDecrementiDiPassivitaFinanziarieValutateAlCostoAmmortizzato,https://group.intesasanpaolo.com/esef/2021-12-31,IncrementiDecrementiDiPassivitaFinanziarieValutateAlCostoAmmortizzato,extension,train,2,1,monetary,
ext:IncrementiDecrementiPassivitaFinanziarieDesignateAlFairValue,https://group.intesasanpaolo.com/esef/2021-12-31,IncrementiDecrementiPassivitaFinanziarieDesignateAlFairValue,extension,train,2,1,monetary,
ext:InsuranceReservesChargedToReinsurers,https://group.intesasanpaolo.com/esef/2021-12-31,InsuranceReservesChargedToReinsurers,extension,train,2,1,monetary,
ext:InteressiAttiviEProventiAssimilati,https://group.intesasanpaolo.com/esef/2021-12-31,InteressiAttiviEProventiAssimilati,extension,train,2,1,monetary,
ext:InteressiPassiviEOneriAssimilati,https://group.intesasanpaolo.com/esef/2021-12-31,InteressiPassiviEOneriAssimilati,extension,train,2,1,monetary,
ext:InterestExpenseAndSimilarCharges,https://group.intesasanpaolo.com/esef/2021-12-31,InterestExpenseAndSimilarCharges,extension,train,2,1,monetary,
ext:InterestIncomeAndSimilarRevenues,https://group.intesasanpaolo.com/esef/2021-12-31,InterestIncomeAndSimilarRevenues,extension,train,2,1,monetary,
ext:InterestPaidOnBankLoans,http://www.medservenergy.com/esef/2021-12-31,InterestPaidOnBankLoans,extension,train,2,1,monetary,
ext:InterestPaidOnNotes,http://www.medservenergy.com/esef/2021-12-31,InterestPaidOnNotes,extension,train,2,1,monetary,
ext:InterestReceivedClassifiedAsFinancingActivities,https://www.amrest.eu/esef/2020-12-31,InterestReceivedClassifiedAsFinancingActivities,extension,train,2,1,monetary,
ext:InterimDividendsFinancialStatement,https://group.intesasanpaolo.com/esef/2021-12-31,InterimDividendsFinancialStatement,extension,train,2,1,monetary,
ext:InvestmentsAtFvtpl,http://www.medservenergy.com/esef/2021-12-31,InvestmentsAtFvtpl,extension,train,2,1,monetary,
ext:LiabilitiesFairValueChangesOfTheHedgedItemsInPortfolioHedgeOfInterestRateRisk,https://group.intesasanpaolo.com/esef/2021-12-31,LiabilitiesFairValueChangesOfTheHedgedItemsInPortfolioHedgeOfInterestRateRisk,extension,train,2,1,monetary,
ext:LiquiditaAssorbitaDaAttivitaDiInvestimento,https://group.intesasanpaolo.com/esef/2021-12-31,LiquiditaAssorbitaDaAttivitaDiInvestimento,extension,train,2,1,monetary,
ext:LiquiditaGenerataAssorbitaDaAltreAttivita,https://group.intesasanpaolo.com/esef/2021-12-31,LiquiditaGenerataAssorbitaDaAltreAttivita,extension,train,2,1,monetary,
ext:LiquiditaGenerataAssorbitaDalleAttivitaFinanziarieClassificateComeAttivitaOperative,https://group.intesasanpaolo.com/esef/2021-12-31,LiquiditaGenerataAssorbitaDalleAttivitaFinanziarieClassificateComeAttivitaOperative,extension,train,2,1,monetary,
ext:LiquiditaGenerataAssorbitaDallePassivitaFinanziarieClassificateComeAttivitaOperative,https://group.intesasanpaolo.com/esef/2021-12-31,LiquiditaGenerataAssorbitaDallePassivitaFinanziarieClassificateComeAttivitaOperative,extension,train,2,1,monetary,
ext:LiquiditaGenerataDaAttivitaDiInvestimento,https://group.intesasanpaolo.com/esef/2021-12-31,LiquiditaGenerataDaAttivitaDiInvestimento,extension,train,2,1,monetary,
ext:LiquidityGeneratedAbsorbedByOtherAssets,https://group.intesasanpaolo.com/esef/2021-12-31,LiquidityGeneratedAbsorbedByOtherAssets,extension,train,2,1,monetary,
ext:MargineDiInteresse,https://group.intesasanpaolo.com/esef/2021-12-31,MargineDiInteresse,extension,train,2,1,monetary,
ext:MargineDiIntermediazione,https://group.intesasanpaolo.com/esef/2021-12-31,MargineDiIntermediazione,extension,train,2,1,monetary,
ext:NetGainsLossesFromHedgeAccounting,https://group.intesasanpaolo.com/esef/2021-12-31,NetGainsLossesFromHedgeAccounting,extension,train,2,1,monetary,
ext:NetGainsLossesOnOtherFinancialAssetsLiabilitiesAtFairValueThroughProfitOrLoss,https://group.intesasanpaolo.com/esef/2021-12-31,NetGainsLossesOnOtherFinancialAssetsLiabilitiesAtFairValueThroughProfitOrLoss,extension,train,2,1,monetary,
ext:NetImpairmentOnOtherAssets,https://www.amrest.eu/esef/2020-12-31,NetImpairmentOnOtherAssets,extension,train,2,1,monetary,
ext:NetInterestIncome,http://www.edenleisure.com/esef/2021-12-31,NetInterestIncome,extension,train,2,1,monetary,
ext:NetInterestMargin,https://group.intesasanpaolo.com/esef/2021-12-31,NetInterestMargin,extension,train,2,1,monetary,
ext:NetLossesRecoveriesOnCreditImpairment,https://group.intesasanpaolo.com/esef/2021-12-31,NetLossesRecoveriesOnCreditImpairment,extension,train,2,1,monetary,
ext:NetLossesRecoveriesPertainingToInsuranceCompaniesPursuantToIAS39,https://group.intesasanpaolo.com/esef/2021-12-31,NetLossesRecoveriesPertainingToInsuranceCompaniesPursuantToIAS39,extension,train,2,1,monetary,
ext:NetProfitFromFinancialActivities,https://group.intesasanpaolo.com/esef/2021-12-31,NetProfitFromFinancialActivities,extension,train,2,1,monetary,
ext:NetProvisionsForRisksAndCharges,https://group.intesasanpaolo.com/esef/2021-12-31,NetProvisionsForRisksAndCharges,extension,train,2,1,monetary,
ext:NetProvisionsForRisksAndChargesAndOtherExpensesIncome,https://group.intesasanpaolo.com/esef/2021-12-31,NetProvisionsForRisksAndChargesAndOtherExpensesIncome,extension,train,2,1,monetary,
ext:NetProvisionsForRisksAndChargesCommitmentsAndFinancialGuaranteesGiven,https://group.intesasanpaolo.com/esef/2021-12-31,NetProvisionsForRisksAndChargesCommitmentsAndFinancialGuaranteesGiven,extension,train,2,1,monetary,
ext:NetProvisionsForRisksAndChargesOtherNetProvision,https://group.intesasanpaolo.com/esef/2021-12-31,NetProvisionsForRisksAndChargesOtherNetProvision,extension,train,2,1,monetary,
ext:NetValueAdjustmentsWritebacksOnTangibleAndIntangibleAssets,https://group.intesasanpaolo.com/esef/2021-12-31,NetValueAdjustmentsWritebacksOnTangibleAndIntangibleAssets,extension,train,2,1,monetary,
ext:OfWhichGoodwill,https://group.intesasanpaolo.com/esef/2021-12-31,OfWhichGoodwill,extension,train,2,1,monetary,
ext:OperatingCosts,https://group.intesasanpaolo.com/esef/2021-12-31,OperatingCosts,extension,train,2,1,monetary,
ext:OtherAdministrativeExpense,https://group.intesasanpaolo.com/esef/2021-12-31,OtherAdministrativeExpense,extension,train,2,1,monetary,
ext:OtherComprehensiveIncomeNetOfTaxIntangibleAssets,https://group.intesasanpaolo.com/esef/2021-12-31,OtherComprehensiveIncomeNetOfTaxIntangibleAssets,extension,train,2,1,monetary,
ext:OtherComprehensiveIncomeNetOfTaxNoncurrentAssetsAndDisposalGroupsClassifiedAsHeldForSaleNotToBeReclassifiedToProfitOrLoss,https://group.intesasanpaolo.com/esef/2021-12-31,OtherComprehensiveIncomeNetOfTaxNoncurrentAssetsAndDisposalGroupsClassifiedAsHeldForSaleNotToBeReclassifiedToProfitOrLoss,extension,train,2,1,monetary,
ext:OtherComprehensiveIncomeNetOfTaxOnHedgingInstrumentsNonDesignatedItems,https://group.intesasanpaolo.com/esef/2021-12-31,OtherComprehensiveIncomeNetOfTaxOnHedgingInstrumentsNonDesignatedItems,extension,train,2,1,monetary,
ext:OtherComprehensiveIncomeNetOfTaxTangibleAssets,https://group.intesasanpaolo.com/esef/2021-12-31,OtherComprehensiveIncomeNetOfTaxTangibleAssets,extension,train,2,1,monetary,
ext:OtherComprehensiveIncomeRelatedToNoncurrentAssetsAndDisposalGroupsClassifiedAsHeldForSaleToBeReclassifiedToProfitOrLoss,https://group.intesasanpaolo.com/esef/2021-12-31,OtherComprehensiveIncomeRelatedToNoncurrentAssetsAndDisposalGroupsClassifiedAsHeldForSaleToBeReclassifiedToProfitOrLoss,extension,train,2,1,monetary,
ext:OtherInflowsOutflowsFromIssuePurchaseOfEquityInstruments,https://group.intesasanpaolo.com/esef/2021-12-31,OtherInflowsOutflowsFromIssuePurchaseOfEquityInstruments,extension,train,2,1,monetary,
ext:OtherInflowsOutflowsFromIssuePurchaseOfTreasuryShares,https://group.intesasanpaolo.com/esef/2021-12-31,OtherInflowsOutflowsFromIssuePurchaseOfTreasuryShares,extension,train,2,1,monetary,
ext:OtherInflowsOutflowsFromSalePurchaseOfMinorityControl,https://group.intesasanpaolo.com/esef/2021-12-31,OtherInflowsOutflowsFromSalePurchaseOfMinorityControl,extension,train,2,1,monetary,
ext:OtherInvestmentsAtFvtpl,http://www.medservenergy.com/esef/2021-12-31,OtherInvestmentsAtFvtpl,extension,train,2,1,monetary,
ext:OtherProvisionsForRiskAndCharges,https://group.intesasanpaolo.com/esef/2021-12-31,OtherProvisionsForRiskAndCharges,extension,train,2,1,monetary,
ext:OtherReservesOther,https://group.intesasanpaolo.com/esef/2021-12-31,OtherReservesOther,extension,train,2,1,monetary,
ext:OtherUncollectedInsuranceIncomeExpenses,https://group.intesasanpaolo.com/esef/2021-12-31,OtherUncollectedInsuranceIncomeExpenses,extension,train,2,1,monetary,
ext:PassivitaFinanziarieDiPertinenzaDelleImpreseDiAssicurazioneValutateAlCostoAmmortizzatoAiSensiDelloIAS39,https://group.intesasanpaolo.com/esef/2021-12-31,PassivitaFinanziarieDiPertinenzaDelleImpreseDiAssicurazioneValutateAlCostoAmmortizzatoAiSensiDelloIAS39,extension,train,2,1,monetary,
ext:PassivitaFinanziarieDiPertinenzaDelleImpreseDiAssicurazioneValutateAlCostoAmmortizzatoAiSensiDelloIAS39Rendiconto,https://group.intesasanpaolo.com/esef/2021-12-31,PassivitaFinanziarieDiPertinenzaDelleImpreseDiAssicurazioneValutateAlCostoAmmortizzatoAiSensiDelloIAS39Rendiconto,extension,train,2,1,monetary,
ext:PassivitaFinanziarieDiPertinenzaDelleImpreseDiAssicurazioneValutateAlFairValueAiSensiDelloIAS39,https://group.intesasanpaolo.com/esef/2021-12-31,PassivitaFinanziarieDiPertinenzaDelleImpreseDiAssicurazioneValutateAlFairValueAiSensiDelloIAS39,extension,train,2,1,monetary,
ext:PassivitaFinanziarieDiPertinenzaDelleImpreseDiAssicurazioneValutateAlFairValueAiSensiDelloIAS39Rendiconto,https://group.intesasanpaolo.com/esef/2021-12-31,PassivitaFinanziarieDiPertinenzaDelleImpreseDiAssicurazioneValutateAlFairValueAiSensiDelloIAS39Rendiconto,extension,train,2,1,monetary,
ext:PassivitaFiscali,https://group.intesasanpaolo.com/esef/2021-12-31,PassivitaFiscali,extension,train,2,1,monetary,
ext:PlusMinusvalenzeSuAttivitaDiCoperturaDiPertinenzaDelleImpreseDiAssicurazioneAiSensiDelloIAS39,https://group.intesasanpaolo.com/esef/2021-12-31,PlusMinusvalenzeSuAttivitaDiCoperturaDiPertinenzaDelleImpreseDiAssicurazioneAiSensiDelloIAS39,extension,train,2,1,monetary,
ext:PlusMinusvalenzeSuAttivitaFinanziarieDiPertinenzaDelleImpreseDiAssicurazioneAiSensiDelloIAS39,https://group.intesasanpaolo.com/esef/2021-12-31,PlusMinusvalenzeSuAttivitaFinanziarieDiPertinenzaDelleImpreseDiAssicurazioneAiSensiDelloIAS39,extension,train,2,1,monetary,
ext:PostretirementBenefitObligation,https://group.intesasanpaolo.com/esef/2021-12-31,PostretirementBenefitObligation,extension,train,2,1,monetary,
ext:PremiNettiNonIncassati,https://group.intesasanpaolo.com/esef/2021-12-31,PremiNettiNonIncassati,extension,train,2,1,monetary,
ext:ProceedsFromSalesOfTangibleAssetsClassifiedAsInvestingActivities,https://group.intesasanpaolo.com/esef/2021-12-31,ProceedsFromSalesOfTangibleAssetsClassifiedAsInvestingActivities,extension,train,2,1,monetary,
ext:ProfitAndLoss,http://www.medservenergy.com/esef/2021-12-31,ProfitAndLoss,extension,train,2,1,monetary,
ext:ProfitLossFromFinancialAndInsuranceActivities,https://group.intesasanpaolo.com/esef/2021-12-31,ProfitLossFromFinancialAndInsuranceActivities,extension,train,2,1,monetary,
ext:ProfitLossFromOperations,https://www.amrest.eu/esef/2020-12-31,ProfitLossFromOperations,extension,train,2,1,monetary,
ext:ProfitsLossesOnFinancialAssetsAndLiabilitiesPertainingToInsuranceCompaniesPursuantToIAS39,https://group.intesasanpaolo.com/esef/2021-12-31,ProfitsLossesOnFinancialAssetsAndLiabilitiesPertainingToInsuranceCompaniesPursuantToIAS39,extension,train,2,1,monetary,
ext:ProventiDalleVenditeDiAttivitaMaterialiClassificateComeAttivitaDiInvestimento,https://group.intesasanpaolo.com/esef/2021-12-31,ProventiDalleVenditeDiAttivitaMaterialiClassificateComeAttivitaDiInvestimento,extension,train,2,1,monetary,
ext:ProvisionForCommittmentsAndGuaranteesGiven,https://group.intesasanpaolo.com/esef/2021-12-31,ProvisionForCommittmentsAndGuaranteesGiven,extension,train,2,1,monetary,
ext:ProvisionForEmployeeSeverancesPay,https://group.intesasanpaolo.com/esef/2021-12-31,ProvisionForEmployeeSeverancesPay,extension,train,2,1,monetary,
ext:ProvisionForMIABenefitFund,https://www.maltairport.com/esef/2021-12-31,ProvisionForMIABenefitFund,extension,train,2,1,monetary,
ext:ProvisionForRetirementBenefitPlan,https://www.maltairport.com/esef/2021-12-31,ProvisionForRetirementBenefitPlan,extension,train,2,1,monetary,
ext:ProvisionsArisingFromInsuranceContracts,https://group.intesasanpaolo.com/esef/2021-12-31,ProvisionsArisingFromInsuranceContracts,extension,train,2,1,monetary,
ext:PurchaseOfTangibleAssetsClassifiedAsInvestingActivities,https://group.intesasanpaolo.com/esef/2021-12-31,PurchaseOfTangibleAssetsClassifiedAsInvestingActivities,extension,train,2,1,monetary,
ext:QuiescenzaEObblighiSimili,https://group.intesasanpaolo.com/esef/2021-12-31,QuiescenzaEObblighiSimili,extension,train,2,1,monetary,
ext:RedditivitaComplessivaAlNettoDelleImposteAttivitaImmateriali,https://group.intesasanpaolo.com/esef/2021-12-31,RedditivitaComplessivaAlNettoDelleImposteAttivitaImmateriali,extension,train,2,1,monetary,
ext:RedditivitaComplessivaAlNettoDelleImposteAttivitaMateriali,https://group.intesasanpaolo.com/esef/2021-12-31,RedditivitaComplessivaAlNettoDelleImposteAttivitaMateriali,extension,train,2,1,monetary,
ext:RedditivitaComplessivaAlNettoDelleImposteStrumentiDiCoperturaElementiNonDesignati,https://group.intesasanpaolo.com/esef/2021-12-31,RedditivitaComplessivaAlNettoDelleImposteStrumentiDiCoperturaElementiNonDesignati,extension,train,2,1,monetary,
ext:RedditivitaComplessivaRelativaAdAttivitaNonCorrentiEGruppiDiAttivitaInViaDiDismissioneClassificatiComeDisponibiliPerLaVenditaDaRiclassificareAContoEconomico,https://group.intesasanpaolo.com/esef/2021-12-31,RedditivitaComplessivaRelativaAdAttivitaNonCorrentiEGruppiDiAttivitaInViaDiDismissioneClassificatiComeDisponibiliPerLaVenditaDaRiclassificareAContoEconomico,extension,train,2,1,monetary,
ext:RedeemableShares,https://group.intesasanpaolo.com/esef/2021-12-31,RedeemableShares,extension,train,2,1,monetary,
ext:ReleaseOfDeferredIncomeArisingOnTheSaleOfTerminalBuildingsAndFixtures,https://www.maltairport.com/esef/2021-12-31,ReleaseOfDeferredIncomeArisingOnTheSaleOfTerminalBuildingsAndFixtures,extension,train,2,1,monetary,
ext:RentConcessions,https://www.amrest.eu/esef/2020-12-31,RentConcessions,extension,train,2,1,monetary,
ext:Reserves,https://www.amrest.eu/esef/2020-12-31,Reserves,extension,train,2,1,monetary,
ext:RestaurantFoodAndMerchandise,https://www.amrest.eu/esef/2020-12-31,RestaurantFoodAndMerchandise,extension,train,2,1,monetary,
ext:RestaurantOccupancyAndOtherOperatingExpenses,https://www.amrest.eu/esef/2020-12-31,RestaurantOccupancyAndOtherOperatingExpenses,extension,train,2,1,monetary,
ext:RestaurantPayrollSocialSecurityAndEmployeeBenefits,https://www.amrest.eu/esef/2020-12-31,RestaurantPayrollSocialSecurityAndEmployeeBenefits,extension,train,2,1,monetary,
ext:RestaurantSales,https://www.amrest.eu/esef/2020-12-31,RestaurantSales,extension,train,2,1,monetary,
ext:RetirementBenefitsPaid,http://www.medservenergy.com/esef/2021-12-31,RetirementBenefitsPaid,extension,train,2,1,monetary,
ext:RettificheDiValoreDellavviamento,https://group.intesasanpaolo.com/esef/2021-12-31,RettificheDiValoreDellavviamento,extension,train,2,1,monetary,
ext:RettificheRipreseDiValoreNetteDelleAttivitaOperativeCessateAlNettoDelleImposte,https://group.intesasanpaolo.com/esef/2021-12-31,RettificheRipreseDiValoreNetteDelleAttivitaOperativeCessateAlNettoDelleImposte,extension,train,2,1,monetary,
ext:RettificheRipreseDiValoreNetteDiPertinenzaDelleImpreseDiAssicurazioneAiSensiDelloIAS39,https://group.intesasanpaolo.com/esef/2021-12-31,RettificheRipreseDiValoreNetteDiPertinenzaDelleImpreseDiAssicurazioneAiSensiDelloIAS39,extension,train,2,1,monetary,
ext:RettificheRipreseDiValoreNettePerRischioDiCredito,https://group.intesasanpaolo.com/esef/2021-12-31,RettificheRipreseDiValoreNettePerRischioDiCredito,extension,train,2,1,monetary,
ext:RettificheRipreseDiValoreNettePerRischioDiCreditoSuAttivitaFinanziarieValutateAlCostoAmmortizzatoInBaseAIFRS9,https://group.intesasanpaolo.com/esef/2021-12-31,RettificheRipreseDiValoreNettePerRischioDiCreditoSuAttivitaFinanziarieValutateAlCostoAmmortizzatoInBaseAIFRS9,extension,train,2,1,monetary,
ext:RettificheRipreseDiValoreNettePerRischioDiCreditoSuAttivitaFinanziarieValutateAlFairValueConImpattoSullaRedditivitaComplessivaInBaseAIFRS9,https://group.intesasanpaolo.com/esef/2021-12-31,RettificheRipreseDiValoreNettePerRischioDiCreditoSuAttivitaFinanziarieValutateAlFairValueConImpattoSullaRedditivitaComplessivaInBaseAIFRS9,extension,train,2,1,monetary,
ext:RettificheRipreseDiValoreNetteSuAttivitaImmaterialiRilevateAContoEconomicoDiverseDallavviamento,https://group.intesasanpaolo.com/esef/2021-12-31,RettificheRipreseDiValoreNetteSuAttivitaImmaterialiRilevateAContoEconomicoDiverseDallavviamento,extension,train,2,1,monetary,
ext:RettificheRipreseDiValoreNetteSuAttivitaMaterialiRilevateAContoEconomico,https://group.intesasanpaolo.com/esef/2021-12-31,RettificheRipreseDiValoreNetteSuAttivitaMaterialiRilevateAContoEconomico,extension,train,2,1,monetary,
ext:RettificheRipreseDiValoreNetteSuImmobilizzazioniMaterialiEImmateriali,https://group.intesasanpaolo.com/esef/2021-12-31,RettificheRipreseDiValoreNetteSuImmobilizzazioniMaterialiEImmateriali,extension,train,2,1,monetary,
ext:Reverseacquisitionreserve,http://www.medservenergy.com/esef/2021-12-31,Reverseacquisitionreserve,extension,train,2,1,monetary,
ext:RiserveDaValutazione,https://group.intesasanpaolo.com/esef/2021-12-31,RiserveDaValutazione,extension,train,2,1,monetary,
ext:RiserveDaValutazioneDiPertinenzaDelleImpreseDiAssicurazione,https://group.intesasanpaolo.com/esef/2021-12-31,RiserveDaValutazioneDiPertinenzaDelleImpreseDiAssicurazione,extension,train,2,1,monetary,
ext:RiserveTecnicheACaricoDeiRiassicuratori,https://group.intesasanpaolo.com/esef/2021-12-31,RiserveTecnicheACaricoDeiRiassicuratori,extension,train,2,1,monetary,
ext:RiserveTecnicheDaContrattiAssicurativi,https://group.intesasanpaolo.com/esef/2021-12-31,RiserveTecnicheDaContrattiAssicurativi,extension,train,2,1,monetary,
ext:RisultatoNettoDellaGestioneFinanziaria,https://group.intesasanpaolo.com/esef/2021-12-31,RisultatoNettoDellaGestioneFinanziaria,extension,train,2,1,monetary,
ext:RisultatoNettoDellaGestioneFinanziariaEAssicurativa,https://group.intesasanpaolo.com/esef/2021-12-31,RisultatoNettoDellaGestioneFinanziariaEAssicurativa,extension,train,2,1,monetary,
ext:RisultatoNettoDellaValutazioneAlFairValueDelleAttivitaMaterialiEImmaterialiDiverseDallavviamento,https://group.intesasanpaolo.com/esef/2021-12-31,RisultatoNettoDellaValutazioneAlFairValueDelleAttivitaMaterialiEImmaterialiDiverseDallavviamento,extension,train,2,1,monetary,
ext:RisultatoNettoDellattivitaDiCopertura,https://group.intesasanpaolo.com/esef/2021-12-31,RisultatoNettoDellattivitaDiCopertura,extension,train,2,1,monetary,
ext:RisultatoNettoDelleAltreAttivitaPassivitaFinanziarieValutateAlFairValueConImpattoAContoEconomico,https://group.intesasanpaolo.com/esef/2021-12-31,RisultatoNettoDelleAltreAttivitaPassivitaFinanziarieValutateAlFairValueConImpattoAContoEconomico,extension,train,2,1,monetary,
ext:RisultatoNettoDelleAttivitaEPassivitaFinanziarieDiPertinenzaDelleImpreseDiAssicurazioneAiSensiDelloIAS39,https://group.intesasanpaolo.com/esef/2021-12-31,RisultatoNettoDelleAttivitaEPassivitaFinanziarieDiPertinenzaDelleImpreseDiAssicurazioneAiSensiDelloIAS39,extension,train,2,1,monetary,
ext:SpeseAmministrativeAltreSpeseAmministrative,https://group.intesasanpaolo.com/esef/2021-12-31,SpeseAmministrativeAltreSpeseAmministrative,extension,train,2,1,monetary,
ext:SpeseAmministrativeSpesePerIlPersonale,https://group.intesasanpaolo.com/esef/2021-12-31,SpeseAmministrativeSpesePerIlPersonale,extension,train,2,1,monetary,
ext:StrumentiDiCapitale,https://group.intesasanpaolo.com/esef/2021-12-31,StrumentiDiCapitale,extension,train,2,1,monetary,
ext:TangibleAssets,https://group.intesasanpaolo.com/esef/2021-12-31,TangibleAssets,extension,train,2,1,monetary,
ext:TaxAssets,https://group.intesasanpaolo.com/esef/2021-12-31,TaxAssets,extension,train,2,1,monetary,
ext:TaxLiabilities,https://group.intesasanpaolo.com/esef/2021-12-31,TaxLiabilities,extension,train,2,1,monetary,
ext:TotalProfitLossAttributableToOwnersOfParent,https://group.intesasanpaolo.com/esef/2021-12-31,TotalProfitLossAttributableToOwnersOfParent,extension,train,2,1,monetary,
ext:TransactionsWithNonControllingInterest,https://www.amrest.eu/esef/2020-12-31,TransactionsWithNonControllingInterest,extension,train,2,1,monetary,
ext:TrattamentoDiFineRapportoDelPersonale,https://group.intesasanpaolo.com/esef/2021-12-31,TrattamentoDiFineRapportoDelPersonale,extension,train,2,1,monetary,
ext:UncollectedNetPremiums,https://group.intesasanpaolo.com/esef/2021-12-31,UncollectedNetPremiums,extension,train,2,1,monetary,
ext:UnpaidDutiesTaxesAndTaxCredits,https://group.intesasanpaolo.com/esef/2021-12-31,UnpaidDutiesTaxesAndTaxCredits,extension,train,2,1,monetary,
ext:UtilePerditaDaCessioneDiAttivitaFinanziarieAlCostoAmmortizzato,https://group.intesasanpaolo.com/esef/2021-12-31,UtilePerditaDaCessioneDiAttivitaFinanziarieAlCostoAmmortizzato,extension,train,2,1,monetary,
ext:UtilePerditaDaCessioneDiAttivitaFinanziarieValutateAlFairValueConImpattoSullaRedditivitaComplessiva,https://group.intesasanpaolo.com/esef/2021-12-31,UtilePerditaDaCessioneDiAttivitaFinanziarieValutateAlFairValueConImpattoSullaRedditivitaComplessiva,extension,train,2,1,monetary,
ext:UtilePerditaDaRiacquistoDiPassivitaFinanziarie,https://group.intesasanpaolo.com/esef/2021-12-31,UtilePerditaDaRiacquistoDiPassivitaFinanziarie,extension,train,2,1,monetary,
ext:UtilePerditaDiPertinenzaDellaCapogruppo,https://group.intesasanpaolo.com/esef/2021-12-31,UtilePerditaDiPertinenzaDellaCapogruppo,extension,train,2,1,monetary,
ext:UtilePerditaSuAttivitaDiCopertura,https://group.intesasanpaolo.com/esef/2021-12-31,UtilePerditaSuAttivitaDiCopertura,extension,train,2,1,monetary,
ext:UtilePerditaSuAttivitaFinanziarieDetenutePerLaNegoziazioneESulleAltreAttivitaPassivitaValutateAlFairValueConImpattoAContoEconomico,https://group.intesasanpaolo.com/esef/2021-12-31,UtilePerditaSuAttivitaFinanziarieDetenutePerLaNegoziazioneESulleAltreAttivitaPassivitaValutateAlFairValueConImpattoAContoEconomico,extension,train,2,1,monetary,
ext:UtiliPerditeDaAttivitaEPassivitaFinanziarieDesignateAlFairValueConImpattoAContoEconomico,https://group.intesasanpaolo.com/esef/2021-12-31,UtiliPerditeDaAttivitaEPassivitaFinanziarieDesignateAlFairValueConImpattoAContoEconomico,extension,train,2,1,monetary,
ext:UtiliPerditeDaAttivitaPassivitaFinanziarieObbligatoriamenteValutateAlFairValueConImpattoAContoEconomico,https://group.intesasanpaolo.com/esef/2021-12-31,UtiliPerditeDaAttivitaPassivitaFinanziarieObbligatoriamenteValutateAlFairValueConImpattoAContoEconomico,extension,train,2,1,monetary,
ext:UtiliPerditeDaCessioneORiacquistoDiAttivitaEPassivitaFinanziarie,https://group.intesasanpaolo.com/esef/2021-12-31,UtiliPerditeDaCessioneORiacquistoDiAttivitaEPassivitaFinanziarie,extension,train,2,1,monetary,
ext:UtiliPerditeDaModificheContrattualiSenzaCancellazioni,https://group.intesasanpaolo.com/esef/2021-12-31,UtiliPerditeDaModificheContrattualiSenzaCancellazioni,extension,train,2,1,monetary,
ext:UtiliPerditeSuAttivitaFinanziarieDiverseDaiTitoliDiCapitaleValutateAlFairValueConImpattoSullaRedditivitaComplessivaAlNettoDelleImposte,https://group.intesasanpaolo.com/esef/2021-12-31,UtiliPerditeSuAttivitaFinanziarieDiverseDaiTitoliDiCapitaleValutateAlFairValueConImpattoSullaRedditivitaComplessivaAlNettoDelleImposte,extension,train,2,1,monetary,
ext:ValuationReserve,https://group.intesasanpaolo.com/esef/2021-12-31,ValuationReserve,extension,train,2,1,monetary,
ext:ValuationReservesPertainingToInsuranceCompanies,https://group.intesasanpaolo.com/esef/2021-12-31,ValuationReservesPertainingToInsuranceCompanies,extension,train,2,1,monetary,
gekterna:AccruedAndOtherShorttermLiabilities,http://gekterna.com/xbrl/2021,AccruedAndOtherShorttermLiabilities,extension,train,2,1,monetary,
gekterna:AdjustmentsForDecreaseIncreaseInBlockDeposits,http://gekterna.com/xbrl/2021,AdjustmentsForDecreaseIncreaseInBlockDeposits,extension,train,2,1,monetary,
gekterna:AdjustmentsForDecreaseIncreaseInInvestmentPropertyAsMainActivity,http://gekterna.com/xbrl/2021,AdjustmentsForDecreaseIncreaseInInvestmentPropertyAsMainActivity,extension,train,2,1,monetary,
gekterna:AdjustmentsForDepreciation,http://gekterna.com/xbrl/2021,AdjustmentsForDepreciation,extension,train,2,1,monetary,
gekterna:AdjustmentsForFixedAssetsGrantsAmortization,http://gekterna.com/xbrl/2021,AdjustmentsForFixedAssetsGrantsAmortization,extension,train,2,1,monetary,
gekterna:AdjustmentsForInventories,http://gekterna.com/xbrl/2021,AdjustmentsForInventories,extension,train,2,1,monetary,
gekterna:AdjustmentsForPrepaymentsAndOtherReceivables,http://gekterna.com/xbrl/2021,AdjustmentsForPrepaymentsAndOtherReceivables,extension,train,2,1,monetary,
gekterna:AdjustmentsForResultsFromInvestmentProperty,http://gekterna.com/xbrl/2021,AdjustmentsForResultsFromInvestmentProperty,extension,train,2,1,monetary,
gekterna:AdjustmentsForResultsFromParticipationsAndOtherInvestments,http://gekterna.com/xbrl/2021,AdjustmentsForResultsFromParticipationsAndOtherInvestments,extension,train,2,1,monetary,
gekterna:AdministrativeAndDistributionExpenses,http://gekterna.com/xbrl/2021,AdministrativeAndDistributionExpenses,extension,train,2,1,monetary,
gekterna:AdvancesAndOtherReceivables,http://gekterna.com/xbrl/2021,AdvancesAndOtherReceivables,extension,train,2,1,monetary,
gekterna:ComprehensiveIncomeFromContinuingOperationsAttributableToNonControllingInterests,http://gekterna.com/xbrl/2021,ComprehensiveIncomeFromContinuingOperationsAttributableToNonControllingInterests,extension,train,2,1,monetary,
gekterna:ComprehensiveIncomeFromContinuingOperationsAttributableToOwnersOfParent,http://gekterna.com/xbrl/2021,ComprehensiveIncomeFromContinuingOperationsAttributableToOwnersOfParent,extension,train,2,1,monetary,
gekterna:ComprehensiveIncomeFromDiscontinuedOperationsAttributableToNonControllingInterests,http://gekterna.com/xbrl/2021,ComprehensiveIncomeFromDiscontinuedOperationsAttributableToNonControllingInterests,extension,train,2,1,monetary,
gekterna:ComprehensiveIncomeFromDiscontinuedOperationsAttributableToOwnersOfParent,http://gekterna.com/xbrl/2021,ComprehensiveIncomeFromDiscontinuedOperationsAttributableToOwnersOfParent,extension,train,2,1,monetary,
gekterna:EquityInvestmentsEquivalentToFinancialLiabilities,http://gekterna.com/xbrl/2021,EquityInvestmentsEquivalentToFinancialLiabilities,extension,train,2,1,monetary,
gekterna:FinancialAssetsConcessions,http://gekterna.com/xbrl/2021,FinancialAssetsConcessions,extension,train,2,1,monetary,
gekterna:GainsLossesOnCashFlowHedges,http://gekterna.com/xbrl/2021,GainsLossesOnCashFlowHedges,extension,train,2,1,monetary,
gekterna:IncreaseDecreaseInCashAndCashEquivalentsFromContinuingOperations,http://gekterna.com/xbrl/2021,IncreaseDecreaseInCashAndCashEquivalentsFromContinuingOperations,extension,train,2,1,monetary,
gekterna:InterestAndOtherFinancialExpensesPaid,http://gekterna.com/xbrl/2021,InterestAndOtherFinancialExpensesPaid,extension,train,2,1,monetary,
gekterna:NetFinancialIncomeExpenses,http://gekterna.com/xbrl/2021,NetFinancialIncomeExpenses,extension,train,2,1,monetary,
gekterna:OtherIncomeExpenses,http://gekterna.com/xbrl/2021,OtherIncomeExpenses,extension,train,2,1,monetary,
gekterna:OtherLongTermAssets,http://gekterna.com/xbrl/2021,OtherLongTermAssets,extension,train,2,1,monetary,
gekterna:OtherLongtermLiabilities,http://gekterna.com/xbrl/2021,OtherLongtermLiabilities,extension,train,2,1,monetary,
gekterna:PaymentsForHedgingDerivatives,http://gekterna.com/xbrl/2021,PaymentsForHedgingDerivatives,extension,train,2,1,monetary,
gekterna:PaymentsForShareCapitalRefundOfSubsidiariesToNonControllingInterests,http://gekterna.com/xbrl/2021,PaymentsForShareCapitalRefundOfSubsidiariesToNonControllingInterests,extension,train,2,1,monetary,
gekterna:PaymentsToAcquireTreasuryShares,http://gekterna.com/xbrl/2021,PaymentsToAcquireTreasuryShares,extension,train,2,1,monetary,
gekterna:PaymentsToAcquireTreasurySharesOfSubsidiaries,http://gekterna.com/xbrl/2021,PaymentsToAcquireTreasurySharesOfSubsidiaries,extension,train,2,1,monetary,
gekterna:ProfitLossFromValuationOfParticipationsAndSecurities,http://gekterna.com/xbrl/2021,ProfitLossFromValuationOfParticipationsAndSecurities,extension,train,2,1,monetary,
gekterna:ReceiptsFromIncreaseOfShareCapitalInSubsidiariesFromNonControllingInterest,http://gekterna.com/xbrl/2021,ReceiptsFromIncreaseOfShareCapitalInSubsidiariesFromNonControllingInterest,extension,train,2,1,monetary,
gekterna:ReclassificationAdjustmentsOnCashFlowHedges,http://gekterna.com/xbrl/2021,ReclassificationAdjustmentsOnCashFlowHedges,extension,train,2,1,monetary,
gekterna:Reserves,http://gekterna.com/xbrl/2021,Reserves,extension,train,2,1,monetary,
gekterna:ShareOfOtherComprehensiveIncomeJointVenturesAccountedForUsingEquityMethodThatWillNotBeReclassifiedToProfitOrLossNetOfTax,http://gekterna.com/xbrl/2021,ShareOfOtherComprehensiveIncomeJointVenturesAccountedForUsingEquityMethodThatWillNotBeReclassifiedToProfitOrLossNetOfTax,extension,train,2,1,monetary,
gekterna:ShareOfOtherComprehensiveIncomeOfAssociatesAccountedForUsingEquityMethodThatWillNotBeReclassifiedToProfitOrLossNetOfTax,http://gekterna.com/xbrl/2021,ShareOfOtherComprehensiveIncomeOfAssociatesAccountedForUsingEquityMethodThatWillNotBeReclassifiedToProfitOrLossNetOfTax,extension,train,2,1,monetary,
gekterna:ShortTermPartOfEquityInterestsHavingASubstanceOfFinancialLiability,http://gekterna.com/xbrl/2021,ShortTermPartOfEquityInterestsHavingASubstanceOfFinancialLiability,extension,train,2,1,monetary,
gyldendal:AdjustmentForContingentConsideration,http://gyldendal.dk,AdjustmentForContingentConsideration,extension,train,2,1,monetary,
gyldendal:AdjustmentForSpecialItemsCosts,http://gyldendal.dk,AdjustmentForSpecialItemsCosts,extension,train,2,1,monetary,
gyldendal:CompletedDevelopmentProjects,http://gyldendal.dk,CompletedDevelopmentProjects,extension,train,2,1,monetary,
gyldendal:CostOfSalesAndDistributionCosts,http://gyldendal.dk,CostOfSalesAndDistributionCosts,extension,train,2,1,monetary,
gyldendal:GrossEarnings,http://gyldendal.dk,GrossEarnings,extension,train,2,1,monetary,
gyldendal:LeaseholdImprovements,http://gyldendal.dk,LeaseholdImprovements,extension,train,2,1,monetary,
gyldendal:NoncurrentContingentConsideration,http://gyldendal.dk,NoncurrentContingentConsideration,extension,train,2,1,monetary,
gyldendal:OtherNoncurrentEmployeeLiabilities,http://gyldendal.dk,OtherNoncurrentEmployeeLiabilities,extension,train,2,1,monetary,
gyldendal:ProfitBeforeFinancialItems,http://gyldendal.dk,ProfitBeforeFinancialItems,extension,train,2,1,monetary,
gyldendal:ProfitFromOperatingActivitiesBeforeInterestTaxesAndSpecialItems,http://gyldendal.dk,ProfitFromOperatingActivitiesBeforeInterestTaxesAndSpecialItems,extension,train,2,1,monetary,
gyldendal:ProfitLossFromOperatingActivitiesBeforeInterestTaxesAndSpecialItems,http://gyldendal.dk,ProfitLossFromOperatingActivitiesBeforeInterestTaxesAndSpecialItems,extension,train,2,1,monetary,
gyldendal:ProfitLossFromOperatingActivitiesBeforeSpecialItems,http://gyldendal.dk,ProfitLossFromOperatingActivitiesBeforeSpecialItems,extension,train,2,1,monetary,
gyldendal:SpecialItemsCosts,http://gyldendal.dk,SpecialItemsCosts,extension,train,2,1,monetary,
halmann:AdjustmentForIncomeFromGovernmentGrants,http://www.hmvellagroup.com/xbrl/20211231,AdjustmentForIncomeFromGovernmentGrants,extension,train,2,1,monetary,
halmann:AdjustmentForIncreaseDecreaseInContractAssets,http://www.hmvellagroup.com/xbrl/20211231,AdjustmentForIncreaseDecreaseInContractAssets,extension,train,2,1,monetary,
halmann:AdjustmentForProvisionForExpectedLosses,http://www.hmvellagroup.com/xbrl/20211231,AdjustmentForProvisionForExpectedLosses,extension,train,2,1,monetary,
halmann:AdjustmentForShareOfProfitInJointVentures,http://www.hmvellagroup.com/xbrl/20211231,AdjustmentForShareOfProfitInJointVentures,extension,train,2,1,monetary,
halmann:CashReceiptsFromOrAdvancesToJointVenturesClassifiedAsInvestingActivities,http://www.hmvellagroup.com/xbrl/20211231,CashReceiptsFromOrAdvancesToJointVenturesClassifiedAsInvestingActivities,extension,train,2,1,monetary,
halmann:CashReceiptsFromOrAdvancesToRelatedParties,http://www.hmvellagroup.com/xbrl/20211231,CashReceiptsFromOrAdvancesToRelatedParties,extension,train,2,1,monetary,
halmann:CashReceiptsFromRepaymentOfAdvancesAndLoansClassifiedAsFinancingActivities,http://www.hmvellagroup.com/xbrl/20211231,CashReceiptsFromRepaymentOfAdvancesAndLoansClassifiedAsFinancingActivities,extension,train,2,1,monetary,
halmann:CashReceiptsFromRepaymentOfAdvancesAndLoansMadeToJointVenturesClassifiedAsFinancingActivities,http://www.hmvellagroup.com/xbrl/20211231,CashReceiptsFromRepaymentOfAdvancesAndLoansMadeToJointVenturesClassifiedAsFinancingActivities,extension,train,2,1,monetary,
halmann:EffectOfExpectedCreditLossesOnCashAndCashEquivalents,http://www.hmvellagroup.com/xbrl/20211231,EffectOfExpectedCreditLossesOnCashAndCashEquivalents,extension,train,2,1,monetary,
halmann:IncentivesAndBenefitsReserve,http://www.hmvellagroup.com/xbrl/20211231,IncentivesAndBenefitsReserve,extension,train,2,1,monetary,
halmann:InterestPaidOnBankLoansClassifiedAsFinancingActivities,http://www.hmvellagroup.com/xbrl/20211231,InterestPaidOnBankLoansClassifiedAsFinancingActivities,extension,train,2,1,monetary,
halmann:InterestPaidOnBondsClassifiedAsFinancingActivities,http://www.hmvellagroup.com/xbrl/20211231,InterestPaidOnBondsClassifiedAsFinancingActivities,extension,train,2,1,monetary,
halmann:InvestmentPropertyRevaluationSurplus,http://www.hmvellagroup.com/xbrl/20211231,InvestmentPropertyRevaluationSurplus,extension,train,2,1,monetary,
heiq:AdjustmentsRelatingToDeemedCostOfListing,http://heiq.com/xbrl/2020,AdjustmentsRelatingToDeemedCostOfListing,extension,train,2,1,monetary,
heiq:AdjustmentsRelatingToExpectedCreditLossOnTradeReceivables,http://heiq.com/xbrl/2020,AdjustmentsRelatingToExpectedCreditLossOnTradeReceivables,extension,train,2,1,monetary,
heiq:AdjustmentsRelatingToNonCashEquityCompensation,http://heiq.com/xbrl/2020,AdjustmentsRelatingToNonCashEquityCompensation,extension,train,2,1,monetary,
heiq:CashInflowsRelatingToFinanceIncome,http://heiq.com/xbrl/2020,CashInflowsRelatingToFinanceIncome,extension,train,2,1,monetary,
heiq:CashOutflowsRelatingToFinanceCosts,http://heiq.com/xbrl/2020,CashOutflowsRelatingToFinanceCosts,extension,train,2,1,monetary,
heiq:DeemedCostOfListing,http://heiq.com/xbrl/2020,DeemedCostOfListing,extension,train,2,1,monetary,
heiq:OtherReceivablesAndPrepayments,http://heiq.com/xbrl/2020,OtherReceivablesAndPrepayments,extension,train,2,1,monetary,
heiq:TransactionCostsOfRelisting,http://heiq.com/xbrl/2020,TransactionCostsOfRelisting,extension,train,2,1,monetary,
htb:AlsInvestitionstaetigkeitEingestufterErwerbVonSachanlagenUndImmateriellenVermoegenswerten,http://www.hypotirol.com/2020-12-31,AlsInvestitionstaetigkeitEingestufterErwerbVonSachanlagenUndImmateriellenVermoegenswerten,extension,train,2,1,monetary,
htb:AlsInvestitionstaetigkeitenEingestufteEinzahlungenAusVeraeusserungenVonSachanlagenImmateriellenVermoegenswerteUndAlsFinanzanlageGehaltenenImmobilien,http://www.hypotirol.com/2020-12-31,AlsInvestitionstaetigkeitenEingestufteEinzahlungenAusVeraeusserungenVonSachanlagenImmateriellenVermoegenswerteUndAlsFinanzanlageGehaltenenImmobilien,extension,train,2,1,monetary,
iktinos:AdjustmentForIncomeTaxAdvanceRefund,http://www.iktinos.gr/el,AdjustmentForIncomeTaxAdvanceRefund,extension,train,2,1,monetary,
iktinos:AdjustmentsForGainsLossesOnFairValueAdjustmentTangibleAssets,http://www.iktinos.gr/el,AdjustmentsForGainsLossesOnFairValueAdjustmentTangibleAssets,extension,train,2,1,monetary,
iktinos:AdjustmentsForGovernmentGrantsAmortization,http://www.iktinos.gr/el,AdjustmentsForGovernmentGrantsAmortization,extension,train,2,1,monetary,
iktinos:AdjustmentsForRefundableDepositWriteOff,http://www.iktinos.gr/el,AdjustmentsForRefundableDepositWriteOff,extension,train,2,1,monetary,
iktinos:ChangeInOtherComprehensiveIncomeDeferredTax,http://www.iktinos.gr/el,ChangeInOtherComprehensiveIncomeDeferredTax,extension,train,2,1,monetary,
iktinos:EBITDA,http://www.iktinos.gr/el,EBITDA,extension,train,2,1,monetary,
iktinos:InvestmentIncomeExpense,http://www.iktinos.gr/el,InvestmentIncomeExpense,extension,train,2,1,monetary,
iktinos:OtherRevenuesOfOtherComprehensiveIncome,http://www.iktinos.gr/el,OtherRevenuesOfOtherComprehensiveIncome,extension,train,2,1,monetary,
imiplc:AdjustmentsForGainOnSpecialPensionEvents,http://imiplc.com/xbrl/2020,AdjustmentsForGainOnSpecialPensionEvents,extension,train,2,1,monetary,
imiplc:AdjustmentsForIncreaseDecreaseInProvisionsAndEmployeeBenefits,http://imiplc.com/xbrl/2020,AdjustmentsForIncreaseDecreaseInProvisionsAndEmployeeBenefits,extension,train,2,1,monetary,
imiplc:AdjustmentsForOtherAcquisitionItems,http://imiplc.com/xbrl/2020,AdjustmentsForOtherAcquisitionItems,extension,train,2,1,monetary,
imiplc:CashFlowsFromAdditionalPensionSchemeFundingClassifiedAsOperatingActivities,http://imiplc.com/xbrl/2020,CashFlowsFromAdditionalPensionSchemeFundingClassifiedAsOperatingActivities,extension,train,2,1,monetary,
imiplc:CashFlowsFromSettlementOfTransactionalDerivatives,http://imiplc.com/xbrl/2020,CashFlowsFromSettlementOfTransactionalDerivatives,extension,train,2,1,monetary,
imiplc:CashGeneratedFromOperationsAfterTax,http://imiplc.com/xbrl/2020,CashGeneratedFromOperationsAfterTax,extension,train,2,1,monetary,
imiplc:ChangeInFairValueOfUnsettledEffectiveNetInvestmentHedgeDerivatives,http://imiplc.com/xbrl/2020,ChangeInFairValueOfUnsettledEffectiveNetInvestmentHedgeDerivatives,extension,train,2,1,monetary,
imiplc:ExchangeDifferencesOnTranslationOfForeignOperationsNetOfFundingRevaluations,http://imiplc.com/xbrl/2020,ExchangeDifferencesOnTranslationOfForeignOperationsNetOfFundingRevaluations,extension,train,2,1,monetary,
imiplc:NetCashFlowsFromSettlementOfCurrencyDerivativesHedgingBalanceSheetClassifiedAsInvestingActivities,http://imiplc.com/xbrl/2020,NetCashFlowsFromSettlementOfCurrencyDerivativesHedgingBalanceSheetClassifiedAsInvestingActivities,extension,train,2,1,monetary,
imiplc:RelatedTaxationEffect,http://imiplc.com/xbrl/2020,RelatedTaxationEffect,extension,train,2,1,monetary,
imiplc:SettledEffectiveNetInvestmentHedgeDerivatives,http://imiplc.com/xbrl/2020,SettledEffectiveNetInvestmentHedgeDerivatives,extension,train,2,1,monetary,
jtb:AdjustmentsForDisposalGroupsClassifiedAsHeldForSale,http://www.jtbank.cz/20201231,AdjustmentsForDisposalGroupsClassifiedAsHeldForSale,extension,train,2,1,monetary,
jtb:Investmentsinjointventuresandinvestmentsinassociates,http://www.jtbank.cz/20201231,Investmentsinjointventuresandinvestmentsinassociates,extension,train,2,1,monetary,
jtb:OtherAssetsCurrentPrepaidExpensesAccruedIncome,http://www.jtbank.cz/20201231,OtherAssetsCurrentPrepaidExpensesAccruedIncome,extension,train,2,1,monetary,
jtb:OtherCashReceiptsAndPaymentsEquityOrDebtInstrumentsOfOtherEntitiesClassifiedAsInvestingActivities,http://www.jtbank.cz/20201231,OtherCashReceiptsAndPaymentsEquityOrDebtInstrumentsOfOtherEntitiesClassifiedAsInvestingActivities,extension,train,2,1,monetary,
jtb:ProfitLossBeforeTaxAndShareOfProfitLossOfAssociatesAndJointVenturesAccountedForUsingEquityMethod,http://www.jtbank.cz/20201231,ProfitLossBeforeTaxAndShareOfProfitLossOfAssociatesAndJointVenturesAccountedForUsingEquityMethod,extension,train,2,1,monetary,
jtb:RetainedEarningsAndOtherReserves,http://www.jtbank.cz/20201231,RetainedEarningsAndOtherReserves,extension,train,2,1,monetary,
latvijasgze:OtherComprehensuveIncomeOnRevaluation,http://latvijasgze.com/xbrl/2020,OtherComprehensuveIncomeOnRevaluation,extension,train,2,2,monetary,
lpl:AdjustmentsForDepreciationOfRightToUseFixedAssets,http://www.lordosunited.com/xbrl/2021,AdjustmentsForDepreciationOfRightToUseFixedAssets,extension,train,2,1,monetary,
lpl:AdjustmentsForWriteOffOfRightOfUseAssets,http://www.lordosunited.com/xbrl/2021,AdjustmentsForWriteOffOfRightOfUseAssets,extension,train,2,1,monetary,
lpl:DistributionAndSalesCosts,http://www.lordosunited.com/xbrl/2021,DistributionAndSalesCosts,extension,train,2,1,monetary,
lpl:PaymentOfInterestFromLeasesClassifiedAsFinancingActivities,http://www.lordosunited.com/xbrl/2021,PaymentOfInterestFromLeasesClassifiedAsFinancingActivities,extension,train,2,1,monetary,
lpl:RepaymenOfLiabilitiesFromLeasesClassifiedAsFinancingActivities,http://www.lordosunited.com/xbrl/2021,RepaymenOfLiabilitiesFromLeasesClassifiedAsFinancingActivities,extension,train,2,1,monetary,
maunakeatech:ChangeInLoansAndAdvancesGranted,http://www.maunakeatech.com/taxonomy/2019-12-31/maunakeatech_full_entry_point,ChangeInLoansAndAdvancesGranted,extension,train,2,1,monetary,
maunakeatech:EliminationOfDepreciationAndProvisions,http://www.maunakeatech.com/taxonomy/2019-12-31/maunakeatech_full_entry_point,EliminationOfDepreciationAndProvisions,extension,train,2,1,monetary,
maunakeatech:FeesOnIssuanceAndReimbursmentOfLoans,http://www.maunakeatech.com/taxonomy/2019-12-31/maunakeatech_full_entry_point,FeesOnIssuanceAndReimbursmentOfLoans,extension,train,2,1,monetary,
maunakeatech:GroupShareOfNetIncome,http://www.maunakeatech.com/taxonomy/2019-12-31/maunakeatech_full_entry_point,GroupShareOfNetIncome,extension,train,2,1,monetary,
maunakeatech:ProceedsFromSaleOfPropertyPlantAndEquipmentAndIntangibleAssets,http://www.maunakeatech.com/taxonomy/2019-12-31/maunakeatech_full_entry_point,ProceedsFromSaleOfPropertyPlantAndEquipmentAndIntangibleAssets,extension,train,2,1,monetary,
maunakeatech:PurchaseOfPropertyPlantAndEquipmentAndIntangibleAssets,http://www.maunakeatech.com/taxonomy/2019-12-31/maunakeatech_full_entry_point,PurchaseOfPropertyPlantAndEquipmentAndIntangibleAssets,extension,train,2,1,monetary,
maunakeatech:Reserves,http://www.maunakeatech.com/taxonomy/2019-12-31/maunakeatech_full_entry_point,Reserves,extension,train,2,1,monetary,
maunakeatech:RevenueAndExpensesRelatedToTheDiscontingOfLoans,http://www.maunakeatech.com/taxonomy/2019-12-31/maunakeatech_full_entry_point,RevenueAndExpensesRelatedToTheDiscontingOfLoans,extension,train,2,1,monetary,
maunakeatech:RevenueAndExpensesRelatedToTheDiscountingOfRepayableAdvances,http://www.maunakeatech.com/taxonomy/2019-12-31/maunakeatech_full_entry_point,RevenueAndExpensesRelatedToTheDiscountingOfRepayableAdvances,extension,train,2,1,monetary,
mol:AdjustmentsForDecreaseIncreaseInOtherAssetsAndOtherLiabilities,https://www.mol.hu/hu/,AdjustmentsForDecreaseIncreaseInOtherAssetsAndOtherLiabilities,extension,train,2,1,monetary,
mol:AdjustmentsForDecreaseIncreaseInOtherAssetsAndOtherLiabilities,https://molgroup.info/en/,AdjustmentsForDecreaseIncreaseInOtherAssetsAndOtherLiabilities,extension,train,2,1,monetary,
mol:IncreaseDecreaseInBankOverdraft,https://molgroup.info/en/,IncreaseDecreaseInBankOverdraft,extension,train,2,1,monetary,
mol:IncreaseDecreaseInBankOverdraft,https://www.mol.hu/hu/,IncreaseDecreaseInBankOverdraft,extension,train,2,1,monetary,
mol:IncreaseDecreaseInCashAndCashEquivalentsWithoutBankOverdraft,https://molgroup.info/en/,IncreaseDecreaseInCashAndCashEquivalentsWithoutBankOverdraft,extension,train,2,1,monetary,
mol:IncreaseDecreaseInCashAndCashEquivalentsWithoutBankOverdraft,https://www.mol.hu/hu/,IncreaseDecreaseInCashAndCashEquivalentsWithoutBankOverdraft,extension,train,2,1,monetary,
mol:OtherInflowsOutflowsOfCashFromTransactionsWithNonControllingInterests,https://www.mol.hu/hu/,OtherInflowsOutflowsOfCashFromTransactionsWithNonControllingInterests,extension,train,2,1,monetary,
mol:OtherInflowsOutflowsOfCashFromTransactionsWithNonControllingInterests,https://molgroup.info/en/,OtherInflowsOutflowsOfCashFromTransactionsWithNonControllingInterests,extension,train,2,1,monetary,
mol:ProfitForTheYearAttributableToOwnersOfParent,https://www.mol.hu/hu/,ProfitForTheYearAttributableToOwnersOfParent,extension,train,2,1,monetary,
mol:ProfitForTheYearAttributableToOwnersOfParent,https://molgroup.info/en/,ProfitForTheYearAttributableToOwnersOfParent,extension,train,2,1,monetary,
mol:RetainedEarningsAndTotalReserves,https://www.mol.hu/hu/,RetainedEarningsAndTotalReserves,extension,train,2,1,monetary,
mol:RetainedEarningsAndTotalReserves,https://molgroup.info/en/,RetainedEarningsAndTotalReserves,extension,train,2,1,monetary,
neles:CashAndCashEquivalentsAtEndOfYearContinuingOperations,http://neles.com,CashAndCashEquivalentsAtEndOfYearContinuingOperations,extension,train,2,2,monetary,
neles:CashAndCashEquivalentsContinuingOperations,http://neles.com,CashAndCashEquivalentsContinuingOperations,extension,train,2,2,monetary,
neles:CashAndCashEquivalentsDiscontinued,http://neles.com,CashAndCashEquivalentsDiscontinued,extension,train,2,2,monetary,
neles:CashAndCashEquivalentsDiscontinuedOperations,http://neles.com,CashAndCashEquivalentsDiscontinuedOperations,extension,train,2,2,monetary,
neles:CashAndCashEquivalentsTransferredInDemerger,http://neles.com,CashAndCashEquivalentsTransferredInDemerger,extension,train,2,2,monetary,
neles:CashFlowOfEquityFinancingMetsoGroup,http://neles.com,CashFlowOfEquityFinancingMetsoGroup,extension,train,2,2,monetary,
neles:DiscontinuedOperations,http://neles.com,DiscontinuedOperations,extension,train,2,2,monetary,
neles:DiscontinuedOperationsAssets,http://neles.com,DiscontinuedOperationsAssets,extension,train,2,2,monetary,
neles:DiscontinuedOperationsLiabilities,http://neles.com,DiscontinuedOperationsLiabilities,extension,train,2,2,monetary,
neles:FairValueOfDistributedNetAssetInTheDemerger,http://neles.com,FairValueOfDistributedNetAssetInTheDemerger,extension,train,2,2,monetary,
norpoweholdcomp:AdjustmentForDepreciationAndAmortisatonExpenseExcludingDepreciationOnRightOfUseAssets,http://www.northernpowergrid.com/xbrl/2021,AdjustmentForDepreciationAndAmortisatonExpenseExcludingDepreciationOnRightOfUseAssets,extension,train,2,1,monetary,
novomaticag:AmortizationDepreciationImpairmentAndReversalOfImpairmentForIntangibleAssetsPropertyPlantAndEquipmentAndInvestmentProperty,http://novomatic.com,AmortizationDepreciationImpairmentAndReversalOfImpairmentForIntangibleAssetsPropertyPlantAndEquipmentAndInvestmentProperty,extension,train,2,1,monetary,
novomaticag:AmortizationDepreciationImpairmentAndReversalOfImpairmentForRightOfUseAssets,http://novomatic.com,AmortizationDepreciationImpairmentAndReversalOfImpairmentForRightOfUseAssets,extension,train,2,1,monetary,
novomaticag:CashflowSubtotalProfitLossOperatingActivitiesAdjusted,http://novomatic.com,CashflowSubtotalProfitLossOperatingActivitiesAdjusted,extension,train,2,1,monetary,
novomaticag:CashflowSubtotalProfitLossOperatingActivitiesAndDiscontinuedOperations,http://novomatic.com,CashflowSubtotalProfitLossOperatingActivitiesAndDiscontinuedOperations,extension,train,2,1,monetary,
novomaticag:ChangesInCashAndCashEquivalentsDueToChangesInScopeOfConsolidation,http://novomatic.com,ChangesInCashAndCashEquivalentsDueToChangesInScopeOfConsolidation,extension,train,2,1,monetary,
novomaticag:CurrencyExchangeGainsLossesFromIntragroupFinancing,http://novomatic.com,CurrencyExchangeGainsLossesFromIntragroupFinancing,extension,train,2,1,monetary,
novomaticag:CurrencyTranslationForDiscontinuedOperations,http://novomatic.com,CurrencyTranslationForDiscontinuedOperations,extension,train,2,1,monetary,
novomaticag:GamingTaxesAndBettingFees,http://novomatic.com,GamingTaxesAndBettingFees,extension,train,2,1,monetary,
novomaticag:IncreaseDecreaseInCashAndCashEquivalentsBeforeEffectOfExchangeRateChangesAndChangesInScopeOfConsolidation,http://novomatic.com,IncreaseDecreaseInCashAndCashEquivalentsBeforeEffectOfExchangeRateChangesAndChangesInScopeOfConsolidation,extension,train,2,1,monetary,
novomaticag:IncreaseDecreaseInLiabilities,http://novomatic.com,IncreaseDecreaseInLiabilities,extension,train,2,1,monetary,
novomaticag:IncreaseDecreaseInReceivables,http://novomatic.com,IncreaseDecreaseInReceivables,extension,train,2,1,monetary,
novomaticag:LossGainFromTheDisposalOfCompaniesAndOtherNonCashIncomeAndExpenses,http://novomatic.com,LossGainFromTheDisposalOfCompaniesAndOtherNonCashIncomeAndExpenses,extension,train,2,1,monetary,
novomaticag:ResultsFromAssociatedCompaniesAndInvestments,http://novomatic.com,ResultsFromAssociatedCompaniesAndInvestments,extension,train,2,1,monetary,
novomaticag:RevenuesLessGamingTaxesAndBettingFees,http://novomatic.com,RevenuesLessGamingTaxesAndBettingFees,extension,train,2,1,monetary,
nwg:NotesInCirculation,http://www.natwestgroup.com/20211231,NotesInCirculation,extension,train,2,1,monetary,
nwg:NumberOfSharesCancelled,http://www.natwestgroup.com/20211231,NumberOfSharesCancelled,extension,train,2,1,shares,
nwg:OtherFinancialAssetsExcludingSecuritiesSubjectToRepurchaseAgreements,http://www.natwestgroup.com/20211231,OtherFinancialAssetsExcludingSecuritiesSubjectToRepurchaseAgreements,extension,train,2,1,monetary,
nwg:OtherOwnersInterests,http://www.natwestgroup.com/20211231,OtherOwnersInterests,extension,train,2,1,monetary,
nwg:RepurchaseAndCancellationOfTreasuryShares,http://www.natwestgroup.com/20211231,RepurchaseAndCancellationOfTreasuryShares,extension,train,2,1,monetary,
nwg:SecuritiesSubjectToRepurchaseAgreements,http://www.natwestgroup.com/20211231,SecuritiesSubjectToRepurchaseAgreements,extension,train,2,1,monetary,
nwg:SettlementBalancesAssets,http://www.natwestgroup.com/20211231,SettlementBalancesAssets,extension,train,2,1,monetary,
nwg:SettlementBalancesLiabilities,http://www.natwestgroup.com/20211231,SettlementBalancesLiabilities,extension,train,2,1,monetary,
nwg:TradingAssets,http://www.natwestgroup.com/20211231,TradingAssets,extension,train,2,1,monetary,
nwg:TradingLiabilities,http://www.natwestgroup.com/20211231,TradingLiabilities,extension,train,2,1,monetary,
o2:AdjustmentsForDecreaseIncreaseInContractAssets,http://www.o2.cz/xbrl/2019,AdjustmentsForDecreaseIncreaseInContractAssets,extension,train,2,1,monetary,
o2:AdjustmentsForIncreaseInCostsToObtainOrFulfilContractsWithCustomers,http://www.o2.cz/xbrl/2019,AdjustmentsForIncreaseInCostsToObtainOrFulfilContractsWithCustomers,extension,train,2,1,monetary,
oci:AdjustmentsForGainLossesForBusinessCombination,http://www.oci.nl/20201231,AdjustmentsForGainLossesForBusinessCombination,extension,train,2,1,monetary,
oci:ImpactDifferenceInProfitSharingNoncontrollingInterest,http://www.oci.nl/20201231,ImpactDifferenceInProfitSharingNoncontrollingInterest,extension,train,2,1,monetary,
oci:NetForeignExchangeLossesGainsAndOthers,http://www.oci.nl/20201231,NetForeignExchangeLossesGainsAndOthers,extension,train,2,1,monetary,
oci:NetProfitLossAttributableToOwnersOfTheCompanyAndNoncontrollingInterests,http://www.oci.nl/20201231,NetProfitLossAttributableToOwnersOfTheCompanyAndNoncontrollingInterests,extension,train,2,1,monetary,
oci:OtherComprehensiveIncomeNetOfTaxCurrencyTranslationDifferencesFromEquityAccountedInvestees,http://www.oci.nl/20201231,OtherComprehensiveIncomeNetOfTaxCurrencyTranslationDifferencesFromEquityAccountedInvestees,extension,train,2,1,monetary,
oci:ProceedsFromNetDebtSettlementBusinessCombinationFertiglobe,http://www.oci.nl/20201231,ProceedsFromNetDebtSettlementBusinessCombinationFertiglobe,extension,train,2,1,monetary,
oci:ProceedsFromSettlementOfFxDerivatives,http://www.oci.nl/20201231,ProceedsFromSettlementOfFxDerivatives,extension,train,2,1,monetary,
oci:TotalComprehensiveIncomeAttributableToOwnersOfTheCompanyAndNoncontrollingInterests,http://www.oci.nl/20201231,TotalComprehensiveIncomeAttributableToOwnersOfTheCompanyAndNoncontrollingInterests,extension,train,2,1,monetary,
pjp:AdjustmentsForGainLossOnDisposalOfPropertyPlantAndEquipmentInvestmentPropertyIntangibleAssetsAndDerecognitionOfRightOfUseAssets,http://www.x5.ru/xbrl/2020,AdjustmentsForGainLossOnDisposalOfPropertyPlantAndEquipmentInvestmentPropertyIntangibleAssetsAndDerecognitionOfRightOfUseAssets,extension,train,2,1,monetary,
pjp:AdjustmentsForImpairmentLossReversalOfImpairmentLossRecognisedInProfitOrLossFinancialAssets,http://www.x5.ru/xbrl/2020,AdjustmentsForImpairmentLossReversalOfImpairmentLossRecognisedInProfitOrLossFinancialAssets,extension,train,2,1,monetary,
pjp:AdjustmentsForIncreaseDecreaseInOtherAccountsPayableAndContractLiabilities,http://www.x5.ru/xbrl/2020,AdjustmentsForIncreaseDecreaseInOtherAccountsPayableAndContractLiabilities,extension,train,2,1,monetary,
pjp:CurrentIndemnificationAsset,http://www.x5.ru/xbrl/2020,CurrentIndemnificationAsset,extension,train,2,1,monetary,
pjp:CurrentProvisionsAndOtherLiabilities,http://www.x5.ru/xbrl/2020,CurrentProvisionsAndOtherLiabilities,extension,train,2,1,monetary,
pjp:IncreaseDecreaseInNumberOfSharesOutstandingThroughAcquisitionOfTreasuryShares,http://www.x5.ru/xbrl/2020,IncreaseDecreaseInNumberOfSharesOutstandingThroughAcquisitionOfTreasuryShares,extension,train,2,1,shares,
pjp:IncreaseDecreaseInNumberOfSharesOutstandingThroughTransferAndWaivingOfVestedEquityRights,http://www.x5.ru/xbrl/2020,IncreaseDecreaseInNumberOfSharesOutstandingThroughTransferAndWaivingOfVestedEquityRights,extension,train,2,1,shares,
pjp:LeaseSubleaseAndOtherIncome,http://www.x5.ru/xbrl/2020,LeaseSubleaseAndOtherIncome,extension,train,2,1,monetary,
ppl:AKamatAdozasErtekcsokkenesEsAmortizacioElottiEredmenyvesztes,http://www.pannergy.com/20201231,AKamatAdozasErtekcsokkenesEsAmortizacioElottiEredmenyvesztes,extension,train,2,1,monetary,
ppl:AKisebbsegiReszvetelbenBekovetkezettValtozasokMukodesiTevekenysegkentBesorolva,http://www.pannergy.com/20201231,AKisebbsegiReszvetelbenBekovetkezettValtozasokMukodesiTevekenysegkentBesorolva,extension,train,2,1,monetary,
ppl:AtfogoJovedelemTulajdonithatoASzuloTulajdonosainak,http://www.pannergy.com/20201231,AtfogoJovedelemTulajdonithatoASzuloTulajdonosainak,extension,train,2,1,monetary,
ppl:BruttoCashFlow,http://www.pannergy.com/20201231,BruttoCashFlow,extension,train,2,1,monetary,
ppl:DevizaarfolyamKulonbozetekAKulfoldiErdekeltsegekForditasan,http://www.pannergy.com/20201231,DevizaarfolyamKulonbozetekAKulfoldiErdekeltsegekForditasan,extension,train,2,1,monetary,
ppl:EgyebHosszuEsRovidTavuHalasztottJovedelmek,http://www.pannergy.com/20201231,EgyebHosszuEsRovidTavuHalasztottJovedelmek,extension,train,2,1,monetary,
ppl:ErtekpapirAllomanyCsokkeneseNovekedeseInflowsOutflowsOfCashFromChangesInSecurities,http://www.pannergy.com/20201231,ErtekpapirAllomanyCsokkeneseNovekedeseInflowsOutflowsOfCashFromChangesInSecurities,extension,train,2,1,monetary,
ppl:KamatjovedelemRaforditasKorrekcioi,http://www.pannergy.com/20201231,KamatjovedelemRaforditasKorrekcioi,extension,train,2,1,monetary,
ppl:SajatReszvenyMozgasai,http://www.pannergy.com/20201231,SajatReszvenyMozgasai,extension,train,2,1,monetary,
ppl:TargyiEszkozokGoodwillTervenFeluliLeirasa,http://www.pannergy.com/20201231,TargyiEszkozokGoodwillTervenFeluliLeirasa,extension,train,2,1,monetary,
ppl:TartalekokTargyeviAdozottEredmenyNelkul,http://www.pannergy.com/20201231,TartalekokTargyeviAdozottEredmenyNelkul,extension,train,2,1,monetary,
profsoft:FinanceIncomeOrCosts,http://www.profilesw.com/el,FinanceIncomeOrCosts,extension,train,2,1,monetary,
profsoft:InflowsFromDiscontinuingOperationsOfSubsidiary,http://www.profilesw.com/el,InflowsFromDiscontinuingOperationsOfSubsidiary,extension,train,2,1,monetary,
profsoft:PaymentsForReductionOfIssuedCapital,http://www.profilesw.com/el,PaymentsForReductionOfIssuedCapital,extension,train,2,1,monetary,
profsoft:ReserveOfIssueOfOptions,http://www.profilesw.com/el,ReserveOfIssueOfOptions,extension,train,2,1,monetary,
qgen:AdjustmentsForAmortisationOfDebtDiscountAndDebtIssueCosts,http://www.qiagen.com/20201231,AdjustmentsForAmortisationOfDebtDiscountAndDebtIssueCosts,extension,train,2,1,monetary,
qgen:AdjustmentsForIncreaseDecreaseInIncomeTaxesPayable,http://www.qiagen.com/20201231,AdjustmentsForIncreaseDecreaseInIncomeTaxesPayable,extension,train,2,1,monetary,
qgen:CostOfSalesDepreciationAmortizationAndDepletion,http://www.qiagen.com/20201231,CostOfSalesDepreciationAmortizationAndDepletion,extension,train,2,1,monetary,
qgen:CostOfSalesExcludingDepreciationDepletionAndAmortization,http://www.qiagen.com/20201231,CostOfSalesExcludingDepreciationDepletionAndAmortization,extension,train,2,1,monetary,
qgen:IncomeTaxRelatingToReclassificationAdjustmentsOnCashFlowHedges,http://www.qiagen.com/20201231,IncomeTaxRelatingToReclassificationAdjustmentsOnCashFlowHedges,extension,train,2,1,monetary,
qgen:PaymentsForExerciseOfConvertibleDebtCallOption,http://www.qiagen.com/20201231,PaymentsForExerciseOfConvertibleDebtCallOption,extension,train,2,1,monetary,
qgen:PaymentsForTaxWithholdingRelatedToVestingOfStockAwards,http://www.qiagen.com/20201231,PaymentsForTaxWithholdingRelatedToVestingOfStockAwards,extension,train,2,1,monetary,
qgen:PaymentsForTerminationOfWarrants,http://www.qiagen.com/20201231,PaymentsForTerminationOfWarrants,extension,train,2,1,monetary,
qgen:RestructuringAcquisitionIntegrationAndOtherExpense,http://www.qiagen.com/20201231,RestructuringAcquisitionIntegrationAndOtherExpense,extension,train,2,1,monetary,
renta4:ActivosPorImpuestos,http://renta4banco.com/xbrl/2020,ActivosPorImpuestos,extension,train,2,1,monetary,
renta4:ActivosTangibles,http://renta4banco.com/xbrl/2020,ActivosTangibles,extension,train,2,1,monetary,
renta4:AumentoDisminucionNetaEnLosPasivosDeExplotacion,http://renta4banco.com/xbrl/2020,AumentoDisminucionNetaEnLosPasivosDeExplotacion,extension,train,2,1,monetary,
renta4:AumentoDisminucionNetaEnLosPasivosFinancierosACosteAmortizado,http://renta4banco.com/xbrl/2020,AumentoDisminucionNetaEnLosPasivosFinancierosACosteAmortizado,extension,train,2,1,monetary,
renta4:AumentoDisminucionNetaEnLosPasivosFinancierosDesignadosAValorRazonableConCambiosEnResultados,http://renta4banco.com/xbrl/2020,AumentoDisminucionNetaEnLosPasivosFinancierosDesignadosAValorRazonableConCambiosEnResultados,extension,train,2,1,monetary,
renta4:AumentoDisminucionNetoDeLosActivosdeExplotacionActivosFinancierosAValorRazonableConCambiosEnOtroResultadoGlobal,http://renta4banco.com/xbrl/2020,AumentoDisminucionNetoDeLosActivosdeExplotacionActivosFinancierosAValorRazonableConCambiosEnOtroResultadoGlobal,extension,train,2,1,monetary,
renta4:AumentoDisminucionNetoEnLosActivosDeExplotacion,http://renta4banco.com/xbrl/2020,AumentoDisminucionNetoEnLosActivosDeExplotacion,extension,train,2,1,monetary,
renta4:AumentoODisminucionNetoEnLosActivosFinancierosACosteAmortizado.,http://renta4banco.com/xbrl/2020,AumentoODisminucionNetoEnLosActivosFinancierosACosteAmortizado.,extension,train,2,1,monetary,
renta4:BancosCentralesACosteAmortizado,http://renta4banco.com/xbrl/2020,BancosCentralesACosteAmortizado,extension,train,2,1,monetary,
renta4:Caja,http://renta4banco.com/xbrl/2020,Caja,extension,train,2,1,monetary,
renta4:CapitalDesembolsado,http://renta4banco.com/xbrl/2020,CapitalDesembolsado,extension,train,2,1,monetary,
renta4:CapitalNoDesembolsadoExigido,http://renta4banco.com/xbrl/2020,CapitalNoDesembolsadoExigido,extension,train,2,1,monetary,
renta4:CapitalSocialReembolsableALaVista,http://renta4banco.com/xbrl/2020,CapitalSocialReembolsableALaVista,extension,train,2,1,monetary,
renta4:CobrosDeLaActividadDeFinanciacion,http://renta4banco.com/xbrl/2020,CobrosDeLaActividadDeFinanciacion,extension,train,2,1,monetary,
renta4:CobrosParticipaciones,http://renta4banco.com/xbrl/2020,CobrosParticipaciones,extension,train,2,1,monetary,
renta4:ComponentesDelEfectivo,http://renta4banco.com/xbrl/2020,ComponentesDelEfectivo,extension,train,2,1,monetary,
renta4:CompromisosContingentesConcedidos,http://renta4banco.com/xbrl/2020,CompromisosContingentesConcedidos,extension,train,2,1,monetary,
renta4:Contables,http://renta4banco.com/xbrl/2020,Contables,extension,train,2,1,monetary,
renta4:CooperativasDeCredito,http://renta4banco.com/xbrl/2020,CooperativasDeCredito,extension,train,2,1,monetary,
renta4:DelasCualesInversionesEnDependientesNegociosConjuntosYAsociadas,http://renta4banco.com/xbrl/2020,DelasCualesInversionesEnDependientesNegociosConjuntosYAsociadas,extension,train,2,1,monetary,
renta4:DepositosACosteAmortizado,http://renta4banco.com/xbrl/2020,DepositosACosteAmortizado,extension,train,2,1,monetary,
renta4:DeterioroDelValorOReversion,http://renta4banco.com/xbrl/2020,DeterioroDelValorOReversion,extension,train,2,1,monetary,
renta4:DeterioroDelValorOReversionDelDeterioroYGananciasYPerdidasDeActivosFinancierosACosteAmortizado,http://renta4banco.com/xbrl/2020,DeterioroDelValorOReversionDelDeterioroYGananciasYPerdidasDeActivosFinancierosACosteAmortizado,extension,train,2,1,monetary,
renta4:DeterioroDelValorOReversionDelDeterioroYGananciasYPerdidasDeActivosFinancierosAValorRazonab,http://renta4banco.com/xbrl/2020,DeterioroDelValorOReversionDelDeterioroYGananciasYPerdidasDeActivosFinancierosAValorRazonab,extension,train,2,1,monetary,
renta4:DividendosACuenta,http://renta4banco.com/xbrl/2020,DividendosACuenta,extension,train,2,1,monetary,
renta4:ElementosQueNoSeReclasificaranEnResultados,http://renta4banco.com/xbrl/2020,ElementosQueNoSeReclasificaranEnResultados,extension,train,2,1,monetary,
renta4:ElementosQuePuedenReclasificarseEnResultados,http://renta4banco.com/xbrl/2020,ElementosQuePuedenReclasificarseEnResultados,extension,train,2,1,monetary,
renta4:EnajenacionDeInstrumentosDeCapitalPropio,http://renta4banco.com/xbrl/2020,EnajenacionDeInstrumentosDeCapitalPropio,extension,train,2,1,monetary,
renta4:FondosPropios,http://renta4banco.com/xbrl/2020,FondosPropios,extension,train,2,1,monetary,
renta4:GananciasOPerdidasAlDarDeBajaEnCuentasActivosNoFinancierosYParticipacionesNetas,http://renta4banco.com/xbrl/2020,GananciasOPerdidasAlDarDeBajaEnCuentasActivosNoFinancierosYParticipacionesNetas,extension,train,2,1,monetary,
renta4:GananciasOPerdidasPorActivosYPasivosMantenidosParaNegociarNetas,http://renta4banco.com/xbrl/2020,GananciasOPerdidasPorActivosYPasivosMantenidosParaNegociarNetas,extension,train,2,1,monetary,
renta4:GarantiasConcedidas,http://renta4banco.com/xbrl/2020,GarantiasConcedidas,extension,train,2,1,monetary,
renta4:InmovilizadoMaterialCedidoEnArrendamientoOperativo,http://renta4banco.com/xbrl/2020,InmovilizadoMaterialCedidoEnArrendamientoOperativo,extension,train,2,1,monetary,
renta4:InmovilizadoMaterialDeUsoPropio,http://renta4banco.com/xbrl/2020,InmovilizadoMaterialDeUsoPropio,extension,train,2,1,monetary,
renta4:InstrumentosDePatrimonioMantenidosParaNegociar,http://renta4banco.com/xbrl/2020,InstrumentosDePatrimonioMantenidosParaNegociar,extension,train,2,1,monetary,
renta4:InteresesMinoritariosOtroResultadoGlobalAcumulado,http://renta4banco.com/xbrl/2020,InteresesMinoritariosOtroResultadoGlobalAcumulado,extension,train,2,1,monetary,
renta4:InteresesMinoritariosOtrosElementos,http://renta4banco.com/xbrl/2020,InteresesMinoritariosOtrosElementos,extension,train,2,1,monetary,
renta4:InversionesInmobiliariasDeLasCualesCedidoEnArrendamientoOperativo,http://renta4banco.com/xbrl/2020,InversionesInmobiliariasDeLasCualesCedidoEnArrendamientoOperativo,extension,train,2,1,monetary,
renta4:MenosDescubiertosBancariosReintegrablesALaVista,http://renta4banco.com/xbrl/2020,MenosDescubiertosBancariosReintegrablesALaVista,extension,train,2,1,monetary,
renta4:Otras,http://renta4banco.com/xbrl/2020,Otras,extension,train,2,1,monetary,
renta4:OtrosCobrosRelacionadosConActividadesDeFinanciacion,http://renta4banco.com/xbrl/2020,OtrosCobrosRelacionadosConActividadesDeFinanciacion,extension,train,2,1,monetary,
renta4:OtrosCompromisosConcedidos,http://renta4banco.com/xbrl/2020,OtrosCompromisosConcedidos,extension,train,2,1,monetary,
renta4:OtrosPasivosFinancierosACosteAmortizado,http://renta4banco.com/xbrl/2020,OtrosPasivosFinancierosACosteAmortizado,extension,train,2,1,monetary,
renta4:OtrosPasivosFinancierosMantenidosParaNegociar,http://renta4banco.com/xbrl/2020,OtrosPasivosFinancierosMantenidosParaNegociar,extension,train,2,1,monetary,
renta4:PagosDeLaActividadDeFinanciacion,http://renta4banco.com/xbrl/2020,PagosDeLaActividadDeFinanciacion,extension,train,2,1,monetary,
renta4:PasivosPorImpuestos,http://renta4banco.com/xbrl/2020,PasivosPorImpuestos,extension,train,2,1,monetary,
renta4:PosicionesCortas,http://renta4banco.com/xbrl/2020,PosicionesCortas,extension,train,2,1,monetary,
renta4:PrestamosYAnticiposACosteAmortizado,http://renta4banco.com/xbrl/2020,PrestamosYAnticiposACosteAmortizado,extension,train,2,1,monetary,
renta4:Pro-memoriaDerechoDeVentaOPignoracion.,http://renta4banco.com/xbrl/2020,Pro-memoriaDerechoDeVentaOPignoracion.,extension,train,2,1,monetary,
renta4:ProMemoria,http://renta4banco.com/xbrl/2020,ProMemoria,extension,train,2,1,monetary,
renta4:ProMemoriaAdquiridoArrendamientoFinanciero,http://renta4banco.com/xbrl/2020,ProMemoriaAdquiridoArrendamientoFinanciero,extension,train,2,1,monetary,
renta4:ProMemoriaCapitalNoExigido,http://renta4banco.com/xbrl/2020,ProMemoriaCapitalNoExigido,extension,train,2,1,monetary,
renta4:ProMemoriaPasivosSubordinados,http://renta4banco.com/xbrl/2020,ProMemoriaPasivosSubordinados,extension,train,2,1,monetary,
renta4:ProMemoriaPrestadosOEntregados,http://renta4banco.com/xbrl/2020,ProMemoriaPrestadosOEntregados,extension,train,2,1,monetary,
renta4:ProMemoriaPrestadosOEntregadosConGarantia,http://renta4banco.com/xbrl/2020,ProMemoriaPrestadosOEntregadosConGarantia,extension,train,2,1,monetary,
renta4:ReservasOPerdidasAcumuladasDeInversionesEnNegociosConjuntosYAsociadas,http://renta4banco.com/xbrl/2020,ReservasOPerdidasAcumuladasDeInversionesEnNegociosConjuntosYAsociadas,extension,train,2,1,monetary,
renta4:RestoDeAjustesDeValoracionElementosQueNoSeReclasificaranEnResultados,http://renta4banco.com/xbrl/2020,RestoDeAjustesDeValoracionElementosQueNoSeReclasificaranEnResultados,extension,train,2,1,monetary,
renta4:RestoDeAjustesDeValoracionPatrimonioNeto,http://renta4banco.com/xbrl/2020,RestoDeAjustesDeValoracionPatrimonioNeto,extension,train,2,1,monetary,
renta4:RestoDeLosOtrosActivos,http://renta4banco.com/xbrl/2020,RestoDeLosOtrosActivos,extension,train,2,1,monetary,
renta4:ResultadoDelEjercicio,http://renta4banco.com/xbrl/2020,ResultadoDelEjercicio,extension,train,2,1,monetary,
renta4:ResultadoDelEjercicioEstadoFlujosEfectivo,http://renta4banco.com/xbrl/2020,ResultadoDelEjercicioEstadoFlujosEfectivo,extension,train,2,1,monetary,
renta4:SaldosEquivalentesAlEfectivoEnBancosCentrales,http://renta4banco.com/xbrl/2020,SaldosEquivalentesAlEfectivoEnBancosCentrales,extension,train,2,1,monetary,
renta4:ValoresRepresentativosDeDeudaACosteAmortizado,http://renta4banco.com/xbrl/2020,ValoresRepresentativosDeDeudaACosteAmortizado,extension,train,2,1,monetary,
renta4:ValoresRepresentativosDeDeudaAValorRazonableConCambiosEnOtroResultadoGlobal,http://renta4banco.com/xbrl/2020,ValoresRepresentativosDeDeudaAValorRazonableConCambiosEnOtroResultadoGlobal,extension,train,2,1,monetary,
renta4:ValoresRepresentativosDeDeudaMantenidosParaNegociar,http://renta4banco.com/xbrl/2020,ValoresRepresentativosDeDeudaMantenidosParaNegociar,extension,train,2,1,monetary,
sazkagroup:AcquisitionOfPropertyPlantAndEquipmentAndIntangibleAssets,http://www.sazkagroup.com,AcquisitionOfPropertyPlantAndEquipmentAndIntangibleAssets,extension,train,2,1,monetary,
sazkagroup:ChangeInTranslationReserveOfForeignOperationsDisposedOfReclassifiedToProfitOrLoss,http://www.sazkagroup.com,ChangeInTranslationReserveOfForeignOperationsDisposedOfReclassifiedToProfitOrLoss,extension,train,2,1,monetary,
sazkagroup:ComprehensiveIncomeContinuingToNCI,http://www.sazkagroup.com,ComprehensiveIncomeContinuingToNCI,extension,train,2,1,monetary,
sazkagroup:ComprehensiveIncomeContinuingToOwner,http://www.sazkagroup.com,ComprehensiveIncomeContinuingToOwner,extension,train,2,1,monetary,
sazkagroup:ComprehensiveIncomeDiscontinuingToNCI,http://www.sazkagroup.com,ComprehensiveIncomeDiscontinuingToNCI,extension,train,2,1,monetary,
sazkagroup:ComprehensiveIncomeDiscountinuedToOwner,http://www.sazkagroup.com,ComprehensiveIncomeDiscountinuedToOwner,extension,train,2,1,monetary,
sazkagroup:DistributionOfCapitalContributions,http://www.sazkagroup.com,DistributionOfCapitalContributions,extension,train,2,1,monetary,
sazkagroup:DividendsReceivedFromFinancialInvestments,http://www.sazkagroup.com,DividendsReceivedFromFinancialInvestments,extension,train,2,1,monetary,
sazkagroup:GamingTaxes,http://www.sazkagroup.com,GamingTaxes,extension,train,2,1,monetary,
sazkagroup:HedgingReserve,http://www.sazkagroup.com,HedgingReserve,extension,train,2,1,monetary,
sazkagroup:MaterialsConsumablesAndServices,http://www.sazkagroup.com,MaterialsConsumablesAndServices,extension,train,2,1,monetary,
sazkagroup:NetGamingRevenueNGR,http://www.sazkagroup.com,NetGamingRevenueNGR,extension,train,2,1,monetary,
sazkagroup:NetInterestExpense,http://www.sazkagroup.com,NetInterestExpense,extension,train,2,1,monetary,
sazkagroup:NonCashMovementInLegalAndRestructuringProvisions,http://www.sazkagroup.com,NonCashMovementInLegalAndRestructuringProvisions,extension,train,2,1,monetary,
sazkagroup:OperatingResultBeforeChangesInWorkingCapitalAndProvisions,http://www.sazkagroup.com,OperatingResultBeforeChangesInWorkingCapitalAndProvisions,extension,train,2,1,monetary,
sazkagroup:OtherFinanceExpensePaidRelatingToPurchaseOfNonControllingInterest,http://www.sazkagroup.com,OtherFinanceExpensePaidRelatingToPurchaseOfNonControllingInterest,extension,train,2,1,monetary,
sazkagroup:OtherFinanceExpenseRelatingToPurchaseOfNonControllingInterest,http://www.sazkagroup.com,OtherFinanceExpenseRelatingToPurchaseOfNonControllingInterest,extension,train,2,1,monetary,
sazkagroup:OtherFinanceIncomeAndExpense,http://www.sazkagroup.com,OtherFinanceIncomeAndExpense,extension,train,2,1,monetary,
sazkagroup:OtherFinancialAssetsOther,http://www.sazkagroup.com,OtherFinancialAssetsOther,extension,train,2,1,monetary,
sazkagroup:OtherFinancialAssetsOthercurrent,http://www.sazkagroup.com,OtherFinancialAssetsOthercurrent,extension,train,2,1,monetary,
sazkagroup:OtherOperatingIncome,http://www.sazkagroup.com,OtherOperatingIncome,extension,train,2,1,monetary,
sazkagroup:ProceedsFromAssignmentOfLoanReceivable,http://www.sazkagroup.com,ProceedsFromAssignmentOfLoanReceivable,extension,train,2,1,monetary,
sazkagroup:ProfitFromDiscontinuedOperationsExcludingGainOnDisposal,http://www.sazkagroup.com,ProfitFromDiscontinuedOperationsExcludingGainOnDisposal,extension,train,2,1,monetary,
sazkagroup:ProfitOnDisposalOfFinancialInvestments,http://www.sazkagroup.com,ProfitOnDisposalOfFinancialInvestments,extension,train,2,1,monetary,
sazkagroup:ProfitOnDisposalOfSubsidiaries,http://www.sazkagroup.com,ProfitOnDisposalOfSubsidiaries,extension,train,2,1,monetary,
sazkagroup:RemeasurementOfHedgingDerivativesNetOfTax,http://www.sazkagroup.com,RemeasurementOfHedgingDerivativesNetOfTax,extension,train,2,1,monetary,
sazkagroup:RevaluationOfEquityMethodInvesteeToFairValue,http://www.sazkagroup.com,RevaluationOfEquityMethodInvesteeToFairValue,extension,train,2,1,monetary,
sazkagroup:RevenueFromNonGamingActivities,http://www.sazkagroup.com,RevenueFromNonGamingActivities,extension,train,2,1,monetary,
scf:ActivosFinancierosACosteAmortizado,http://www.santanderconsumer.com/20201231,ActivosFinancierosACosteAmortizado,extension,train,2,1,monetary,
scf:ActivosFinancierosAlCosteAmortizadoValoresRepresentativosDeDeuda,http://www.santanderconsumer.com/20201231,ActivosFinancierosAlCosteAmortizadoValoresRepresentativosDeDeuda,extension,train,2,1,monetary,
scf:ActivosFinancierosAlValorRazonableConCambiosEnOtroResultadoGlobalInstrumentosDePatrimonio,http://www.santanderconsumer.com/20201231,ActivosFinancierosAlValorRazonableConCambiosEnOtroResultadoGlobalInstrumentosDePatrimonio,extension,train,2,1,monetary,
scf:ActivosFinancierosAlValorRazonableConCambiosEnOtroResultadoGlobalValoresRepresentativosDeDeuda,http://www.santanderconsumer.com/20201231,ActivosFinancierosAlValorRazonableConCambiosEnOtroResultadoGlobalValoresRepresentativosDeDeuda,extension,train,2,1,monetary,
scf:ActivosFinancierosAlValorRazonableConCambiosEnResultadosValoradosObligatoriamenteAlValorRazonableInstrumentosDePatrimonio,http://www.santanderconsumer.com/20201231,ActivosFinancierosAlValorRazonableConCambiosEnResultadosValoradosObligatoriamenteAlValorRazonableInstrumentosDePatrimonio,extension,train,2,1,monetary,
scf:ActivosFinancierosNoDestinadosANegociacionValoradosObligatoriamenteAValorRazonableConCambiosEnResultados,http://www.santanderconsumer.com/20201231,ActivosFinancierosNoDestinadosANegociacionValoradosObligatoriamenteAValorRazonableConCambiosEnResultados,extension,train,2,1,monetary,
scf:ActivosNoCorrientesYGruposEnajenablesDeElementosMantenidosParaLaVenta,http://www.santanderconsumer.com/20201231,ActivosNoCorrientesYGruposEnajenablesDeElementosMantenidosParaLaVenta,extension,train,2,1,monetary,
scf:ActivosNoCorrientesYGruposEnajenablesDeElementosMantenidosParaLaVentaGananciasOPerdidasDeValorContabilizadasEnElPatrimonioNeto,http://www.santanderconsumer.com/20201231,ActivosNoCorrientesYGruposEnajenablesDeElementosMantenidosParaLaVentaGananciasOPerdidasDeValorContabilizadasEnElPatrimonioNeto,extension,train,2,1,monetary,
scf:ActivosNoCorrientesYGruposEnajenablesDeElementosMantenidosParaLaVentaOtrasReclasificaciones,http://www.santanderconsumer.com/20201231,ActivosNoCorrientesYGruposEnajenablesDeElementosMantenidosParaLaVentaOtrasReclasificaciones,extension,train,2,1,monetary,
scf:ActivosNoCorrientesYGruposEnajenablesDeElementosMantenidosParaLaVentaTransferidoAResultados,http://www.santanderconsumer.com/20201231,ActivosNoCorrientesYGruposEnajenablesDeElementosMantenidosParaLaVentaTransferidoAResultados,extension,train,2,1,monetary,
scf:ActivosNoCorrientesYPasivosQueSeHanClasificadoComoMantenidosParaLaVenta,http://www.santanderconsumer.com/20201231,ActivosNoCorrientesYPasivosQueSeHanClasificadoComoMantenidosParaLaVenta,extension,train,2,1,monetary,
scf:ActivosPorImpuestos,http://www.santanderconsumer.com/20201231,ActivosPorImpuestos,extension,train,2,1,monetary,
scf:AdquisicionDeInstrumentosDePatrimonioPropio,http://www.santanderconsumer.com/20201231,AdquisicionDeInstrumentosDePatrimonioPropio,extension,train,2,1,monetary,
scf:AmortizacionDeInstrumentosDePatrimonioPropio,http://www.santanderconsumer.com/20201231,AmortizacionDeInstrumentosDePatrimonioPropio,extension,train,2,1,monetary,
scf:AumentoDisminucionNetoDeLosActivosDeExplotacion,http://www.santanderconsumer.com/20201231,AumentoDisminucionNetoDeLosActivosDeExplotacion,extension,train,2,1,monetary,
scf:AumentoDisminucionNetoDeLosActivosDeExplotacionActivosFinancierosAValorRazonableConCambiosEnOtroResultadoGlobal,http://www.santanderconsumer.com/20201231,AumentoDisminucionNetoDeLosActivosDeExplotacionActivosFinancierosAValorRazonableConCambiosEnOtroResultadoGlobal,extension,train,2,1,monetary,
scf:AumentoDisminucionNetoDeLosPasivosDeExplotacion,http://www.santanderconsumer.com/20201231,AumentoDisminucionNetoDeLosPasivosDeExplotacion,extension,train,2,1,monetary,
scf:CedidoEnArrendamientoOperativo,http://www.santanderconsumer.com/20201231,CedidoEnArrendamientoOperativo,extension,train,2,1,monetary,
scf:CoberturaDeInversionesNetasEnNegociosEnElExtranjeroPorcionEfectivaOtrasReclasificaciones,http://www.santanderconsumer.com/20201231,CoberturaDeInversionesNetasEnNegociosEnElExtranjeroPorcionEfectivaOtrasReclasificaciones,extension,train,2,1,monetary,
scf:CoberturasDeFlujosDeEfectivoPorcionEfectivaOtrasReclasificaciones,http://www.santanderconsumer.com/20201231,CoberturasDeFlujosDeEfectivoPorcionEfectivaOtrasReclasificaciones,extension,train,2,1,monetary,
scf:CobrosOtrosCobrosRelacionadosConActividadesDeInversion,http://www.santanderconsumer.com/20201231,CobrosOtrosCobrosRelacionadosConActividadesDeInversion,extension,train,2,1,monetary,
scf:ComponentesDelEfectivoYEquivalentesAlFinalDelPeriodoEfectivo,http://www.santanderconsumer.com/20201231,ComponentesDelEfectivoYEquivalentesAlFinalDelPeriodoEfectivo,extension,train,2,1,monetary,
scf:ComponentesDelEfectivoYEquivalentesAlFinalDelPeriodoOtrosActivosFinancieros,http://www.santanderconsumer.com/20201231,ComponentesDelEfectivoYEquivalentesAlFinalDelPeriodoOtrosActivosFinancieros,extension,train,2,1,monetary,
scf:ComponentesDelEfectivoYEquivalentesAlFinalDelPeriodoSaldosEquivalentesAlEfectivoEnBancosCentrales,http://www.santanderconsumer.com/20201231,ComponentesDelEfectivoYEquivalentesAlFinalDelPeriodoSaldosEquivalentesAlEfectivoEnBancosCentrales,extension,train,2,1,monetary,
scf:ConversionDeDivisasOtrasReclasificaciones,http://www.santanderconsumer.com/20201231,ConversionDeDivisasOtrasReclasificaciones,extension,train,2,1,monetary,
scf:Depositos,http://www.santanderconsumer.com/20201231,Depositos,extension,train,2,1,monetary,
scf:DeterioroDeLvalorOReversionDelDeterioroDelValorDeActivosNoFinancieros,http://www.santanderconsumer.com/20201231,DeterioroDeLvalorOReversionDelDeterioroDelValorDeActivosNoFinancieros,extension,train,2,1,monetary,
scf:DeterioroDelValorOReversionDelDeterioroDelValorDeActivosFinancierosACosteAmortizado,http://www.santanderconsumer.com/20201231,DeterioroDelValorOReversionDelDeterioroDelValorDeActivosFinancierosACosteAmortizado,extension,train,2,1,monetary,
scf:DeterioroDelValorOReversionDelDeterioroDelValorDeActivosFinancierosAValorRazonableConCambiosEnOtroResultadoGlobal,http://www.santanderconsumer.com/20201231,DeterioroDelValorOReversionDelDeterioroDelValorDeActivosFinancierosAValorRazonableConCambiosEnOtroResultadoGlobal,extension,train,2,1,monetary,
scf:DeterioroDelValorOReversionDelDeterioroDelValorDeActivosFinancierosNoValoradosAValorRazonableConCambiosEnResultados,http://www.santanderconsumer.com/20201231,DeterioroDelValorOReversionDelDeterioroDelValorDeActivosFinancierosNoValoradosAValorRazonableConCambiosEnResultados,extension,train,2,1,monetary,
scf:DeterioroDelValorOReversionDelDeterioroDelValorDeActivosNoFinancierosOtros,http://www.santanderconsumer.com/20201231,DeterioroDelValorOReversionDelDeterioroDelValorDeActivosNoFinancierosOtros,extension,train,2,1,monetary,
scf:DeterioroDelvalorOReversionDelDeterioroDelValordeInversionesEnNegociosConjuntosOAsociadas,http://www.santanderconsumer.com/20201231,DeterioroDelvalorOReversionDelDeterioroDelValordeInversionesEnNegociosConjuntosOAsociadas,extension,train,2,1,monetary,
scf:DiferenciasDeCambioNetas,http://www.santanderconsumer.com/20201231,DiferenciasDeCambioNetas,extension,train,2,1,monetary,
scf:ElementosQueNoSeReclasificaranEnResultadosActivosNoCorrientesYGruposEnajenablesDeElementosMantenidosParaLaVenta,http://www.santanderconsumer.com/20201231,ElementosQueNoSeReclasificaranEnResultadosActivosNoCorrientesYGruposEnajenablesDeElementosMantenidosParaLaVenta,extension,train,2,1,monetary,
scf:ExposicionesFueraDeBalanceCompromisosDePrestamoConcedidos,http://www.santanderconsumer.com/20201231,ExposicionesFueraDeBalanceCompromisosDePrestamoConcedidos,extension,train,2,1,monetary,
scf:ExposicionesFueraDeBalanceGarantiasFinancierasConcedidas,http://www.santanderconsumer.com/20201231,ExposicionesFueraDeBalanceGarantiasFinancierasConcedidas,extension,train,2,1,monetary,
scf:ExposicionesFueraDeBalanceOtrosCompromisosConcedidos,http://www.santanderconsumer.com/20201231,ExposicionesFueraDeBalanceOtrosCompromisosConcedidos,extension,train,2,1,monetary,
scf:FlujosDeEfectivoDeLasActividadesDeFinanciacionCobros,http://www.santanderconsumer.com/20201231,FlujosDeEfectivoDeLasActividadesDeFinanciacionCobros,extension,train,2,1,monetary,
scf:FlujosDeEfectivoDeLasActividadesDeinversionCobros,http://www.santanderconsumer.com/20201231,FlujosDeEfectivoDeLasActividadesDeinversionCobros,extension,train,2,1,monetary,
scf:FlujosDeEfectivoDeLasActividadesDeinversionPagos,http://www.santanderconsumer.com/20201231,FlujosDeEfectivoDeLasActividadesDeinversionPagos,extension,train,2,1,monetary,
scf:FlujosDeEfectivoProcedentesDeUtilizadosEnActividadesDeFinanciacionPagos,http://www.santanderconsumer.com/20201231,FlujosDeEfectivoProcedentesDeUtilizadosEnActividadesDeFinanciacionPagos,extension,train,2,1,monetary,
scf:FondosPropios,http://www.santanderconsumer.com/20201231,FondosPropios,extension,train,2,1,monetary,
scf:GananciasOPerdidasAlDarDeBajaEnCuentasActivosNoFinancierosNetas,http://www.santanderconsumer.com/20201231,GananciasOPerdidasAlDarDeBajaEnCuentasActivosNoFinancierosNetas,extension,train,2,1,monetary,
scf:GananciasOPerdidasAlDarDeBajaEnCuentasActivosYPasivosFinancierosNoValoradosAValorRazonableConCambiosEnResultadosNetas,http://www.santanderconsumer.com/20201231,GananciasOPerdidasAlDarDeBajaEnCuentasActivosYPasivosFinancierosNoValoradosAValorRazonableConCambiosEnResultadosNetas,extension,train,2,1,monetary,
scf:GananciasOPerdidasPorActivosYPasivosFinancierosMantenidosParaNegociarNetas,http://www.santanderconsumer.com/20201231,GananciasOPerdidasPorActivosYPasivosFinancierosMantenidosParaNegociarNetas,extension,train,2,1,monetary,
scf:GananciasOPerdidasPorActivosyPasivosFinancierosDesignadosAValorRazonableConCambiosEnResultadosNetas,http://www.santanderconsumer.com/20201231,GananciasOPerdidasPorActivosyPasivosFinancierosDesignadosAValorRazonableConCambiosEnResultadosNetas,extension,train,2,1,monetary,
scf:GananciasOPerdidasResultantesDeLaContabilidadDeCoberturasNetas,http://www.santanderconsumer.com/20201231,GananciasOPerdidasResultantesDeLaContabilidadDeCoberturasNetas,extension,train,2,1,monetary,
scf:GastosDeAdministracionGastosDePersonal,http://www.santanderconsumer.com/20201231,GastosDeAdministracionGastosDePersonal,extension,train,2,1,monetary,
scf:GastosDeAdministracionOtrosGastosDeAdministracion,http://www.santanderconsumer.com/20201231,GastosDeAdministracionOtrosGastosDeAdministracion,extension,train,2,1,monetary,
scf:IngresosPorInteresesActivosFinancierosAValorRazonableConCambiosEnOtroResultadoGlobal,http://www.santanderconsumer.com/20201231,IngresosPorInteresesActivosFinancierosAValorRazonableConCambiosEnOtroResultadoGlobal,extension,train,2,1,monetary,
scf:InstrumentosDeDeudaAValorRazonableConCambiosEnOtroResultadoGlobalOtrasReclasificaciones,http://www.santanderconsumer.com/20201231,InstrumentosDeDeudaAValorRazonableConCambiosEnOtroResultadoGlobalOtrasReclasificaciones,extension,train,2,1,monetary,
scf:InstrumentosDePatrimonioEmitidosDistintosDelCapitalComponenteDePatrimonioNetoDeLosInstrumentosFinancierosCompuestos,http://www.santanderconsumer.com/20201231,InstrumentosDePatrimonioEmitidosDistintosDelCapitalComponenteDePatrimonioNetoDeLosInstrumentosFinancierosCompuestos,extension,train,2,1,monetary,
scf:InstrumentosDePatrimonioEmitidosDistintosDelCapitalOtrosInstrumentosDePatrimonioEmitidos,http://www.santanderconsumer.com/20201231,InstrumentosDePatrimonioEmitidosDistintosDelCapitalOtrosInstrumentosDePatrimonioEmitidos,extension,train,2,1,monetary,
scf:InteresesMinoritariosParticipadasNoDominantesOtroResultadoGlobalAcumulado,http://www.santanderconsumer.com/20201231,InteresesMinoritariosParticipadasNoDominantesOtroResultadoGlobalAcumulado,extension,train,2,1,monetary,
scf:InteresesMinoritariosParticipadasNoDominantesOtrosElementos,http://www.santanderconsumer.com/20201231,InteresesMinoritariosParticipadasNoDominantesOtrosElementos,extension,train,2,1,monetary,
scf:OtrasReservasOtras,http://www.santanderconsumer.com/20201231,OtrasReservasOtras,extension,train,2,1,monetary,
scf:OtrasReservasReservasOPerdidasAcumuladasDeInversionesEnNegociosConjuntosYAsociadas,http://www.santanderconsumer.com/20201231,OtrasReservasReservasOPerdidasAcumuladasDeInversionesEnNegociosConjuntosYAsociadas,extension,train,2,1,monetary,
scf:OtroResultadoGlobalAcumuladoElementosQueNoSeReclasificaranEnResultados,http://www.santanderconsumer.com/20201231,OtroResultadoGlobalAcumuladoElementosQueNoSeReclasificaranEnResultados,extension,train,2,1,monetary,
scf:OtroResultadoGlobalAcumuladoElementosQuePuedenReclasificarseEnResultados,http://www.santanderconsumer.com/20201231,OtroResultadoGlobalAcumuladoElementosQuePuedenReclasificarseEnResultados,extension,train,2,1,monetary,
scf:OtrosCobrosRelacionadosConActividadesDeFinanciacion,http://www.santanderconsumer.com/20201231,OtrosCobrosRelacionadosConActividadesDeFinanciacion,extension,train,2,1,monetary,
scf:OtrosElementosDePatrimonioNeto,http://www.santanderconsumer.com/20201231,OtrosElementosDePatrimonioNeto,extension,train,2,1,monetary,
scf:OtrosPagosRelacionadosConActividadesDeFinanciacion,http://www.santanderconsumer.com/20201231,OtrosPagosRelacionadosConActividadesDeFinanciacion,extension,train,2,1,monetary,
scf:PagosOtrosPagosRelacionadosConActividadesDeInversion,http://www.santanderconsumer.com/20201231,PagosOtrosPagosRelacionadosConActividadesDeInversion,extension,train,2,1,monetary,
scf:PasivosFinancierosACosteAmortizado,http://www.santanderconsumer.com/20201231,PasivosFinancierosACosteAmortizado,extension,train,2,1,monetary,
scf:PasivosFinancierosDesignadosAValorRazonableConCambiosEnResultados,http://www.santanderconsumer.com/20201231,PasivosFinancierosDesignadosAValorRazonableConCambiosEnResultados,extension,train,2,1,monetary,
scf:PasivosPorImpuestos,http://www.santanderconsumer.com/20201231,PasivosPorImpuestos,extension,train,2,1,monetary,
scf:ProMemoriaCapitalNoExigido,http://www.santanderconsumer.com/20201231,ProMemoriaCapitalNoExigido,extension,train,2,1,monetary,
scf:ProvisionesCompromisosYGarantiasConcedidos,http://www.santanderconsumer.com/20201231,ProvisionesCompromisosYGarantiasConcedidos,extension,train,2,1,monetary,
scf:ProvisionesOtrasRetribucionesALosEmpleadosALargoPlazo,http://www.santanderconsumer.com/20201231,ProvisionesOtrasRetribucionesALosEmpleadosALargoPlazo,extension,train,2,1,monetary,
scf:RestoDeLosOtrosActivos,http://www.santanderconsumer.com/20201231,RestoDeLosOtrosActivos,extension,train,2,1,monetary,
shop-apotheke-europe:InterestPaidConvertibleBond,https://shop-apotheke-europe.com/xbrl/2020/,InterestPaidConvertibleBond,extension,train,2,1,monetary,
shop-apotheke-europe:InterestPaidExcludingInterestPaidConvertibleBond,https://shop-apotheke-europe.com/xbrl/2020/,InterestPaidExcludingInterestPaidConvertibleBond,extension,train,2,1,monetary,
shop-apotheke-europe:IssueConvertibleBond,https://shop-apotheke-europe.com/xbrl/2020/,IssueConvertibleBond,extension,train,2,1,monetary,
shop-apotheke-europe:IssuedCapitalAndSharePremium,https://shop-apotheke-europe.com/xbrl/2020/,IssuedCapitalAndSharePremium,extension,train,2,1,monetary,
shop-apotheke-europe:MovementOtherLongTermLiability,https://shop-apotheke-europe.com/xbrl/2020/,MovementOtherLongTermLiability,extension,train,2,1,monetary,
shop-apotheke-europe:PaymentOfEarnOutObligationsFarmaline,https://shop-apotheke-europe.com/xbrl/2020/,PaymentOfEarnOutObligationsFarmaline,extension,train,2,1,monetary,
sig:AdditionsReleasesOfPostEmploymentBenefits,http://www.signify.com/20201231,AdditionsReleasesOfPostEmploymentBenefits,extension,train,2,1,monetary,
sig:AdditionsReleasesOfProvisions,http://www.signify.com/20201231,AdditionsReleasesOfProvisions,extension,train,2,1,monetary,
sig:AdjustmentsForDepreciationAndAmortisationExpenseAndImpairmentLossReversalOfImpairmentLossOfNonFinancialAssets,http://www.signify.com/20201231,AdjustmentsForDepreciationAndAmortisationExpenseAndImpairmentLossReversalOfImpairmentLossOfNonFinancialAssets,extension,train,2,1,monetary,
sig:AdjustmentsForImpairmentLossReversalOfImpairmentLossOfGoodwillOtherNonCurrentFinancialAssetsAndInvestmentsInAssociates,http://www.signify.com/20201231,AdjustmentsForImpairmentLossReversalOfImpairmentLossOfGoodwillOtherNonCurrentFinancialAssetsAndInvestmentsInAssociates,extension,train,2,1,monetary,
sig:AdjustmentsForIncreaseDecreaseInOtherCurrentAssetsAndLiabilities,http://www.signify.com/20201231,AdjustmentsForIncreaseDecreaseInOtherCurrentAssetsAndLiabilities,extension,train,2,1,monetary,
sig:AdjustmentsForIncreaseDecreaseInOtherNonCurrentAssetsAndLiabilities,http://www.signify.com/20201231,AdjustmentsForIncreaseDecreaseInOtherNonCurrentAssetsAndLiabilities,extension,train,2,1,monetary,
sig:AdjustmentsForNetInterestExpenseIncome,http://www.signify.com/20201231,AdjustmentsForNetInterestExpenseIncome,extension,train,2,1,monetary,
sig:EmployeeBenefitLiabilitiesUsed,http://www.signify.com/20201231,EmployeeBenefitLiabilitiesUsed,extension,train,2,1,monetary,
sig:NetCapitalExpenditure,http://www.signify.com/20201231,NetCapitalExpenditure,extension,train,2,1,monetary,
sig:NetInterestPaidReceivedClassifiedAsOperatingActivities,http://www.signify.com/20201231,NetInterestPaidReceivedClassifiedAsOperatingActivities,extension,train,2,1,monetary,
sig:OtherInflowsOutflowsOfCashFromDerivativesAndOtherFinancialAssetsClassifiedAsInvestingActivities,http://www.signify.com/20201231,OtherInflowsOutflowsOfCashFromDerivativesAndOtherFinancialAssetsClassifiedAsInvestingActivities,extension,train,2,1,monetary,
sig:PropertyPlantAndEquipmentAndRightOfUseAsset,http://www.signify.com/20201231,PropertyPlantAndEquipmentAndRightOfUseAsset,extension,train,2,1,monetary,
sig:ProvisionsUsed,http://www.signify.com/20201231,ProvisionsUsed,extension,train,2,1,monetary,
valmt:HedgeAndOtherReserves,http://valmet.com/20201231,HedgeAndOtherReserves,extension,train,2,1,monetary,
valmt:MachineryAndEquipment,http://valmet.com/20201231,MachineryAndEquipment,extension,train,2,1,monetary,
valmt:OtherCurrentAssetsAndReceivables,http://valmet.com/20201231,OtherCurrentAssetsAndReceivables,extension,train,2,1,monetary,
valmt:ReserveForInvestedUnrestrictedEquity,http://valmet.com/20201231,ReserveForInvestedUnrestrictedEquity,extension,train,2,1,monetary,
valmt:ShareOfProfitLossOfAssociatesAccountedForUsingEquityMethodFinancialInvestments,http://valmet.com/20201231,ShareOfProfitLossOfAssociatesAccountedForUsingEquityMethodFinancialInvestments,extension,train,2,1,monetary,
valmt:ShareOfProfitLossOfAssociatesAccountedForUsingEquityMethodOperativeInvestments,http://valmet.com/20201231,ShareOfProfitLossOfAssociatesAccountedForUsingEquityMethodOperativeInvestments,extension,train,2,1,monetary,
vgp:AdjustmentsForRealisedGainsLossesOnDisposalOfSubsidiariesAndInvestmentProperties,http://www.vgpparks.eu/xbrl/2020,AdjustmentsForRealisedGainsLossesOnDisposalOfSubsidiariesAndInvestmentProperties,extension,train,2,1,monetary,
vgp:AdjustmentsForUnrealisedGainsLossesOnFinancialInstrumentsAndForeignExchange,http://www.vgpparks.eu/xbrl/2020,AdjustmentsForUnrealisedGainsLossesOnFinancialInstrumentsAndForeignExchange,extension,train,2,1,monetary,
vgp:CurrentTradeDebtsAndOtherCurrentLiabilities,http://www.vgpparks.eu/xbrl/2020,CurrentTradeDebtsAndOtherCurrentLiabilities,extension,train,2,1,monetary,
vgp:IFRSIssuedCapital,http://www.vgpparks.eu/xbrl/2020,IFRSIssuedCapital,extension,train,2,1,monetary,
vgp:JointVenturesManagementFeeIncome,http://www.vgpparks.eu/xbrl/2020,JointVenturesManagementFeeIncome,extension,train,2,1,monetary,
vgp:NonCurrentFinancialDebt,http://www.vgpparks.eu/xbrl/2020,NonCurrentFinancialDebt,extension,train,2,1,monetary,
vgp:ProceedsFromDisposalOfSubsidiariesAndInvestmentProperties,http://www.vgpparks.eu/xbrl/2020,ProceedsFromDisposalOfSubsidiariesAndInvestmentProperties,extension,train,2,1,monetary,
ztf:AdministrativeExpensesBeforeExceptionalItem,http://www.zotefoams.com/20201231,AdministrativeExpensesBeforeExceptionalItem,extension,train,2,1,monetary,
ztf:ExceptionalItem,http://www.zotefoams.com/20201231,ExceptionalItem,extension,train,2,1,monetary,
ztf:OperatingProfitBeforeExceptionalItem,http://www.zotefoams.com/20201231,OperatingProfitBeforeExceptionalItem,extension,train,2,1,monetary,
ztf:ProceedsFromOptionsExercisedAndIssueOfShareCapital,http://www.zotefoams.com/20201231,ProceedsFromOptionsExercisedAndIssueOfShareCapital,extension,train,2,1,monetary,
ztf:ProfitBeforeIncomeTaxAndExceptionalItem,http://www.zotefoams.com/20201231,ProfitBeforeIncomeTaxAndExceptionalItem,extension,train,2,1,monetary,
ztf:ProfitForTheYearBeforeExceptionalItem,http://www.zotefoams.com/20201231,ProfitForTheYearBeforeExceptionalItem,extension,train,2,1,monetary,
BIE:PurchaseOfInvestmentsOtherThanInvestmentsAccountedForUsingEquityMethodAndProceedsFromSalesOfInvestmentsOtherThanInvestmentsAccountedForUsingEquityMethod,http://xbrl.bankinvest.dk/2018-06-30,PurchaseOfInvestmentsOtherThanInvestmentsAccountedForUsingEquityMethodAndProceedsFromSalesOfInvestmentsOtherThanInvestmentsAccountedForUsingEquityMethod,extension,train,1,1,monetary,
BIE:TradingExpenseOnEquityInstruments,http://xbrl.bankinvest.dk/2018-06-30,TradingExpenseOnEquityInstruments,extension,train,1,1,monetary,
CACIB2020FR:IssuanceOfEquityInstruments,https://www.ca-cib.fr,IssuanceOfEquityInstruments,extension,train,1,1,monetary,
CACIB2020FR:RepaymentsOfSubordinatedDebt,https://www.ca-cib.fr,RepaymentsOfSubordinatedDebt,extension,train,1,1,monetary,
CACIB2020FR:RepaymentsOfSubordinatedSecurities,https://www.ca-cib.fr,RepaymentsOfSubordinatedSecurities,extension,train,1,1,monetary,
ICE:NonCashFlowsUsedInObtainingControlOfSubsidiariesOrOtherBusinessesClassifiedAsInvestingActivities,http://icelandseafood.is/2021-12-31,NonCashFlowsUsedInObtainingControlOfSubsidiariesOrOtherBusinessesClassifiedAsInvestingActivities,extension,train,1,1,monetary,
ICE:ProceedsFromIssuingSharesAndPaymentsForShareIssueCosts,http://icelandseafood.is/2021-12-31,ProceedsFromIssuingSharesAndPaymentsForShareIssueCosts,extension,train,1,1,monetary,
ICE:ProceedsFromIssuingSharesNonCash,http://icelandseafood.is/2021-12-31,ProceedsFromIssuingSharesNonCash,extension,train,1,1,monetary,
KKY:DividendsPaidNetOfOtherDistributionsToOwners,http://kythreotis.com.cy/2021-12-31,DividendsPaidNetOfOtherDistributionsToOwners,extension,train,1,1,monetary,
SOL:ProceedsFromSalesOfInterestsInBimobject,http://xbrl.solar.dk/taxonomy/2020-12-31,ProceedsFromSalesOfInterestsInBimobject,extension,train,1,1,monetary,
TEC:AdjustmentsForGainLossArisingFromDifferenceBetweenCarryingAmountOfFinancialLiabilityExtinguishedAndConsiderationPaid,http://technicolor.com/2020-12-31,AdjustmentsForGainLossArisingFromDifferenceBetweenCarryingAmountOfFinancialLiabilityExtinguishedAndConsiderationPaid,extension,train,1,1,monetary,
bats:DecreaseIncreaseInReceivablesRelatedToTheChargeInRespectOfTheQuebecClassActions,http://www.british.com/20201231,DecreaseIncreaseInReceivablesRelatedToTheChargeInRespectOfTheQuebecClassActions,extension,train,1,1,monetary,
bekb:PurchaseOfRightOfUseAssetsLand,http://www.bekaert.com/xbrl/2020,PurchaseOfRightOfUseAssetsLand,extension,train,1,1,monetary,
econocom:IncreaseDecreaseInNumberOfTreasuryShares,http://www.econocom.com/taxonomy/2019-12-31/econocom_full_entry_point,IncreaseDecreaseInNumberOfTreasuryShares,extension,train,1,1,shares,
ext:CashFlowsFromUsedInFinancialLiabilitiesClassifiedAsOperatingActivitiesCashFlows,https://group.intesasanpaolo.com/esef/2021-12-31,CashFlowsFromUsedInFinancialLiabilitiesClassifiedAsOperatingActivitiesCashFlows,extension,train,1,1,monetary,
ext:CashFlowsFromUsedInFinancialLiabilitiesClassifiedAsOperatingActivitiesFootnotes,https://group.intesasanpaolo.com/esef/2021-12-31,CashFlowsFromUsedInFinancialLiabilitiesClassifiedAsOperatingActivitiesFootnotes,extension,train,1,1,monetary,
ext:CashFlowsFromUsedInFinancialLiabilitiesClassifiedAsOperatingActivitiesOtherChanges,https://group.intesasanpaolo.com/esef/2021-12-31,CashFlowsFromUsedInFinancialLiabilitiesClassifiedAsOperatingActivitiesOtherChanges,extension,train,1,1,monetary,
ext:CashFlowsFromUsedInFinancialLiabilitiesClassifiedAsOperatingactivitiesFairValueChanges,https://group.intesasanpaolo.com/esef/2021-12-31,CashFlowsFromUsedInFinancialLiabilitiesClassifiedAsOperatingactivitiesFairValueChanges,extension,train,1,1,monetary,
ext:LiquiditaGenerataAssorbitaDallePassivitaFinanziarieAttivitaOperativaAltreVariazioni,https://group.intesasanpaolo.com/esef/2021-12-31,LiquiditaGenerataAssorbitaDallePassivitaFinanziarieAttivitaOperativaAltreVariazioni,extension,train,1,1,monetary,
ext:LiquiditaGenerataAssorbitaDallePassivitaFinanziarieAttivitaOperativaFlussiFinanziari,https://group.intesasanpaolo.com/esef/2021-12-31,LiquiditaGenerataAssorbitaDallePassivitaFinanziarieAttivitaOperativaFlussiFinanziari,extension,train,1,1,monetary,
ext:LiquiditaGenerataAssorbitaDallePassivitaFinanziarieAttivitaOperativaVariazioniDiFairValue,https://group.intesasanpaolo.com/esef/2021-12-31,LiquiditaGenerataAssorbitaDallePassivitaFinanziarieAttivitaOperativaVariazioniDiFairValue,extension,train,1,1,monetary,
ext:LiquiditaGenerataAssorbitaDallePassivitaFinanziarieClassificateComeAttivitaOperativeNote,https://group.intesasanpaolo.com/esef/2021-12-31,LiquiditaGenerataAssorbitaDallePassivitaFinanziarieClassificateComeAttivitaOperativeNote,extension,train,1,1,monetary,
halmann:AdjustmentForLossOnReclassificationOfPropertyPlantAndEquipment,http://www.hmvellagroup.com/xbrl/20211231,AdjustmentForLossOnReclassificationOfPropertyPlantAndEquipment,extension,train,1,1,monetary,
halmann:ReceiptsOfPrinciplePortionOfFinanceLeaseReceivableClassifiedAsFinancingActivities,http://www.hmvellagroup.com/xbrl/20211231,ReceiptsOfPrinciplePortionOfFinanceLeaseReceivableClassifiedAsFinancingActivities,extension,train,1,1,monetary,
imiplc:EffectOfTaxationRateChangeOnPreviouslyRecognisedItems,http://imiplc.com/xbrl/2020,EffectOfTaxationRateChangeOnPreviouslyRecognisedItems,extension,train,1,1,monetary,
maunakeatech:CirCiiReimbursementReceived2019,http://www.maunakeatech.com/taxonomy/2019-12-31/maunakeatech_full_entry_point,CirCiiReimbursementReceived2019,extension,train,1,1,monetary,
maunakeatech:CirDebtMobilized,http://www.maunakeatech.com/taxonomy/2019-12-31/maunakeatech_full_entry_point,CirDebtMobilized,extension,train,1,1,monetary,
maunakeatech:CirReimbursementReceived2018,http://www.maunakeatech.com/taxonomy/2019-12-31/maunakeatech_full_entry_point,CirReimbursementReceived2018,extension,train,1,1,monetary,
nwg:CancellationOfShares,http://www.natwestgroup.com/20211231,CancellationOfShares,extension,train,1,1,monetary,
nwg:OwnSharesAcquiredNumberOfShares,http://www.natwestgroup.com/20211231,OwnSharesAcquiredNumberOfShares,extension,train,1,1,shares,
nwg:OwnSharesHeldByTheCompany,http://www.natwestgroup.com/20211231,OwnSharesHeldByTheCompany,extension,train,1,1,monetary,
nwg:TaxCreditOfRedemptionOfPaidInEquity,http://www.natwestgroup.com/20211231,TaxCreditOfRedemptionOfPaidInEquity,extension,train,1,1,monetary,
nwg:TaxCreditOfShareBasedPayments,http://www.natwestgroup.com/20211231,TaxCreditOfShareBasedPayments,extension,train,1,1,monetary,
nwg:TreasuryStockAcquiredAverageCostPerShare,http://www.natwestgroup.com/20211231,TreasuryStockAcquiredAverageCostPerShare,extension,train,1,1,pershare,
nwg:TreasuryStockShares,http://www.natwestgroup.com/20211231,TreasuryStockShares,extension,train,1,1,shares,
qgen:AdjustmentsForContingentConsideration,http://www.qiagen.com/20201231,AdjustmentsForContingentConsideration,extension,train,1,1,monetary,
qgen:PaymentsForDerivativeInstruments,http://www.qiagen.com/20201231,PaymentsForDerivativeInstruments,extension,train,1,1,monetary,
qgen:ProceedsFromDerivativeInstruments,http://www.qiagen.com/20201231,ProceedsFromDerivativeInstruments,extension,train,1,1,monetary,
renta4:EfectosDeLosCambiosEnLasPoliticasContabless,http://renta4banco.com/xbrl/2020,EfectosDeLosCambiosEnLasPoliticasContabless,extension,train,1,1,monetary,
vgp:ReclassificationToFromHeldForSale,http://www.vgpparks.eu/xbrl/2020,ReclassificationToFromHeldForSale,extension,train,1,1,monetary,
ifrs-full:Equity,http://xbrl.ifrs.org/taxonomy/2020-03-16/ifrs-full,Equity,ifrs_full,train,2322,63,monetary,
ifrs-full:Equity,http://xbrl.ifrs.org/taxonomy/2019-03-27/ifrs-full,Equity,ifrs_full,train,1146,30,monetary,
ifrs-full:ProfitLoss,http://xbrl.ifrs.org/taxonomy/2020-03-16/ifrs-full,ProfitLoss,ifrs_full,train,1073,64,monetary,
ifrs-full:ComprehensiveIncome,http://xbrl.ifrs.org/taxonomy/2020-03-16/ifrs-full,ComprehensiveIncome,ifrs_full,train,1026,64,monetary,
ifrs-full:OtherComprehensiveIncome,http://xbrl.ifrs.org/taxonomy/2020-03-16/ifrs-full,OtherComprehensiveIncome,ifrs_full,train,618,48,monetary,
ifrs-full:DividendsPaid,http://xbrl.ifrs.org/taxonomy/2020-03-16/ifrs-full,DividendsPaid,ifrs_full,train,541,40,monetary,
ifrs-full:ProfitLoss,http://xbrl.ifrs.org/taxonomy/2019-03-27/ifrs-full,ProfitLoss,ifrs_full,train,432,29,monetary,
ifrs-full:CashAndCashEquivalents,http://xbrl.ifrs.org/taxonomy/2020-03-16/ifrs-full,CashAndCashEquivalents,ifrs_full,train,407,62,monetary,
ifrs-full:ComprehensiveIncome,http://xbrl.ifrs.org/taxonomy/2019-03-27/ifrs-full,ComprehensiveIncome,ifrs_full,train,407,30,monetary,
ifrs-full:IncreaseDecreaseThroughTransactionsWithOwners,http://xbrl.ifrs.org/taxonomy/2020-03-16/ifrs-full,IncreaseDecreaseThroughTransactionsWithOwners,ifrs_full,train,306,20,monetary,
ifrs-full:IncreaseDecreaseThroughTransfersAndOtherChangesEquity,http://xbrl.ifrs.org/taxonomy/2020-03-16/ifrs-full,IncreaseDecreaseThroughTransfersAndOtherChangesEquity,ifrs_full,train,278,24,monetary,
ifrs-full:DividendsPaid,http://xbrl.ifrs.org/taxonomy/2019-03-27/ifrs-full,DividendsPaid,ifrs_full,train,276,21,monetary,
ifrs-full:IncreaseDecreaseThroughSharebasedPaymentTransactions,http://xbrl.ifrs.org/taxonomy/2020-03-16/ifrs-full,IncreaseDecreaseThroughSharebasedPaymentTransactions,ifrs_full,train,266,25,monetary,
ifrs-full:OtherComprehensiveIncome,http://xbrl.ifrs.org/taxonomy/2019-03-27/ifrs-full,OtherComprehensiveIncome,ifrs_full,train,265,28,monetary,
ifrs-full:IncreaseDecreaseThroughTreasuryShareTransactions,http://xbrl.ifrs.org/taxonomy/2020-03-16/ifrs-full,IncreaseDecreaseThroughTreasuryShareTransactions,ifrs_full,train,236,16,monetary,
ifrs-full:ProfitLossBeforeTax,http://xbrl.ifrs.org/taxonomy/2020-03-16/ifrs-full,ProfitLossBeforeTax,ifrs_full,train,216,64,monetary,
ifrs-full:IncreaseDecreaseThroughSharebasedPaymentTransactions,http://xbrl.ifrs.org/taxonomy/2019-03-27/ifrs-full,IncreaseDecreaseThroughSharebasedPaymentTransactions,ifrs_full,train,211,17,monetary,
ifrs-full:IncreaseDecreaseThroughChangesInOwnershipInterestsInSubsidiariesThatDoNotResultInLossOfControl,http://xbrl.ifrs.org/taxonomy/2020-03-16/ifrs-full,IncreaseDecreaseThroughChangesInOwnershipInterestsInSubsidiariesThatDoNotResultInLossOfControl,ifrs_full,train,210,14,monetary,
ifrs-full:PurchaseOfTreasuryShares,http://xbrl.ifrs.org/taxonomy/2020-03-16/ifrs-full,PurchaseOfTreasuryShares,ifrs_full,train,204,17,monetary,
ifrs-full:IncreaseDecreaseThroughTransfersAndOtherChangesEquity,http://xbrl.ifrs.org/taxonomy/2019-03-27/ifrs-full,IncreaseDecreaseThroughTransfersAndOtherChangesEquity,ifrs_full,train,180,16,monetary,
ifrs-full:IssueOfEquity,http://xbrl.ifrs.org/taxonomy/2019-03-27/ifrs-full,IssueOfEquity,ifrs_full,train,178,14,monetary,
ifrs-full:IssueOfEquity,http://xbrl.ifrs.org/taxonomy/2020-03-16/ifrs-full,IssueOfEquity,ifrs_full,train,175,18,monetary,
ifrs-full:CashAndCashEquivalents,http://xbrl.ifrs.org/taxonomy/2019-03-27/ifrs-full,CashAndCashEquivalents,ifrs_full,train,165,29,monetary,
ifrs-full:Assets,http://xbrl.ifrs.org/taxonomy/2020-03-16/ifrs-full,Assets,ifrs_full,train,159,64,monetary,
ifrs-full:EquityAndLiabilities,http://xbrl.ifrs.org/taxonomy/2020-03-16/ifrs-full,EquityAndLiabilities,ifrs_full,train,155,62,monetary,
ifrs-full:ProfitLossFromOperatingActivities,http://xbrl.ifrs.org/taxonomy/2020-03-16/ifrs-full,ProfitLossFromOperatingActivities,ifrs_full,train,154,54,monetary,
ifrs-full:CashFlowsFromUsedInFinancingActivities,http://xbrl.ifrs.org/taxonomy/2020-03-16/ifrs-full,CashFlowsFromUsedInFinancingActivities,ifrs_full,train,153,64,monetary,
ifrs-full:IncomeTaxExpenseContinuingOperations,http://xbrl.ifrs.org/taxonomy/2020-03-16/ifrs-full,IncomeTaxExpenseContinuingOperations,ifrs_full,train,152,61,monetary,
ifrs-full:CashFlowsFromUsedInInvestingActivities,http://xbrl.ifrs.org/taxonomy/2020-03-16/ifrs-full,CashFlowsFromUsedInInvestingActivities,ifrs_full,train,147,63,monetary,
ifrs-full:CashFlowsFromUsedInOperatingActivities,http://xbrl.ifrs.org/taxonomy/2020-03-16/ifrs-full,CashFlowsFromUsedInOperatingActivities,ifrs_full,train,143,61,monetary,
ifrs-full:PropertyPlantAndEquipment,http://xbrl.ifrs.org/taxonomy/2020-03-16/ifrs-full,PropertyPlantAndEquipment,ifrs_full,train,142,55,monetary,
ifrs-full:CurrentAssets,http://xbrl.ifrs.org/taxonomy/2020-03-16/ifrs-full,CurrentAssets,ifrs_full,train,141,55,monetary,
ifrs-full:CurrentLiabilities,http://xbrl.ifrs.org/taxonomy/2020-03-16/ifrs-full,CurrentLiabilities,ifrs_full,train,141,55,monetary,
ifrs-full:OtherComprehensiveIncomeNetOfTaxExchangeDifferencesOnTranslation,http://xbrl.ifrs.org/taxonomy/2020-03-16/ifrs-full,OtherComprehensiveIncomeNetOfTaxExchangeDifferencesOnTranslation,ifrs_full,train,141,20,monetary,
ifrs-full:Liabilities,http://xbrl.ifrs.org/taxonomy/2020-03-16/ifrs-full,Liabilities,ifrs_full,train,139,54,monetary,
ifrs-full:NoncurrentAssets,http://xbrl.ifrs.org/taxonomy/2020-03-16/ifrs-full,NoncurrentAssets,ifrs_full,train,139,54,monetary,
ifrs-full:NoncurrentLiabilities,http://xbrl.ifrs.org/taxonomy/2020-03-16/ifrs-full,NoncurrentLiabilities,ifrs_full,train,138,53,monetary,
ifrs-full:IssuedCapital,http://xbrl.ifrs.org/taxonomy/2020-03-16/ifrs-full,IssuedCapital,ifrs_full,train,135,53,monetary,
ifrs-full:Inventories,http://xbrl.ifrs.org/taxonomy/2020-03-16/ifrs-full,Inventories,ifrs_full,train,134,51,monetary,
ifrs-full:IncreaseDecreaseThroughTransactionsWithOwners,http://xbrl.ifrs.org/taxonomy/2019-03-27/ifrs-full,IncreaseDecreaseThroughTransactionsWithOwners,ifrs_full,train,128,8,monetary,
ifrs-full:RetainedEarnings,http://xbrl.ifrs.org/taxonomy/2020-03-16/ifrs-full,RetainedEarnings,ifrs_full,train,127,48,monetary,
ifrs-full:ProfitLossAttributableToOwnersOfParent,http://xbrl.ifrs.org/taxonomy/2020-03-16/ifrs-full,ProfitLossAttributableToOwnersOfParent,ifrs_full,train,125,46,monetary,
ifrs-full:IncreaseDecreaseInCashAndCashEquivalents,http://xbrl.ifrs.org/taxonomy/2020-03-16/ifrs-full,IncreaseDecreaseInCashAndCashEquivalents,ifrs_full,train,121,43,monetary,
ifrs-full:DeferredTaxAssets,http://xbrl.ifrs.org/taxonomy/2020-03-16/ifrs-full,DeferredTaxAssets,ifrs_full,train,118,47,monetary,
ifrs-full:FinanceCosts,http://xbrl.ifrs.org/taxonomy/2020-03-16/ifrs-full,FinanceCosts,ifrs_full,train,116,44,monetary,
ifrs-full:AdjustmentsForDecreaseIncreaseInInventories,http://xbrl.ifrs.org/taxonomy/2020-03-16/ifrs-full,AdjustmentsForDecreaseIncreaseInInventories,ifrs_full,train,109,42,monetary,
ifrs-full:DeferredTaxLiabilities,http://xbrl.ifrs.org/taxonomy/2020-03-16/ifrs-full,DeferredTaxLiabilities,ifrs_full,train,108,46,monetary,
ifrs-full:IncomeTaxesPaidRefundClassifiedAsOperatingActivities,http://xbrl.ifrs.org/taxonomy/2020-03-16/ifrs-full,IncomeTaxesPaidRefundClassifiedAsOperatingActivities,ifrs_full,train,107,45,monetary,
ifrs-full:Revenue,http://xbrl.ifrs.org/taxonomy/2020-03-16/ifrs-full,Revenue,ifrs_full,train,105,45,monetary,
ifrs-full:Equity,http://xbrl.ifrs.org/taxonomy/2021-03-24/ifrs-full,Equity,ifrs_full,train,104,5,monetary,
ifrs-full:IncreaseDecreaseThroughTreasuryShareTransactions,http://xbrl.ifrs.org/taxonomy/2019-03-27/ifrs-full,IncreaseDecreaseThroughTreasuryShareTransactions,ifrs_full,train,104,10,monetary,
ifrs-full:ComprehensiveIncomeAttributableToOwnersOfParent,http://xbrl.ifrs.org/taxonomy/2020-03-16/ifrs-full,ComprehensiveIncomeAttributableToOwnersOfParent,ifrs_full,train,102,45,monetary,
ifrs-full:DividendsRecognisedAsDistributionsToNoncontrollingInterests,http://xbrl.ifrs.org/taxonomy/2020-03-16/ifrs-full,DividendsRecognisedAsDistributionsToNoncontrollingInterests,ifrs_full,train,101,8,monetary,
ifrs-full:FinanceIncome,http://xbrl.ifrs.org/taxonomy/2020-03-16/ifrs-full,FinanceIncome,ifrs_full,train,100,38,monetary,
ifrs-full:PurchaseOfPropertyPlantAndEquipmentClassifiedAsInvestingActivities,http://xbrl.ifrs.org/taxonomy/2020-03-16/ifrs-full,PurchaseOfPropertyPlantAndEquipmentClassifiedAsInvestingActivities,ifrs_full,train,100,41,monetary,
ifrs-full:TradeAndOtherCurrentReceivables,http://xbrl.ifrs.org/taxonomy/2020-03-16/ifrs-full,TradeAndOtherCurrentReceivables,ifrs_full,train,98,38,monetary,
ifrs-full:LongtermBorrowings,http://xbrl.ifrs.org/taxonomy/2020-03-16/ifrs-full,LongtermBorrowings,ifrs_full,train,96,38,monetary,
ifrs-full:PaymentsOfLeaseLiabilitiesClassifiedAsFinancingActivities,http://xbrl.ifrs.org/taxonomy/2020-03-16/ifrs-full,PaymentsOfLeaseLiabilitiesClassifiedAsFinancingActivities,ifrs_full,train,96,38,monetary,
ifrs-full:ProfitLossAttributableToNoncontrollingInterests,http://xbrl.ifrs.org/taxonomy/2020-03-16/ifrs-full,ProfitLossAttributableToNoncontrollingInterests,ifrs_full,train,95,38,monetary,
ifrs-full:EffectOfExchangeRateChangesOnCashAndCashEquivalents,http://xbrl.ifrs.org/taxonomy/2020-03-16/ifrs-full,EffectOfExchangeRateChangesOnCashAndCashEquivalents,ifrs_full,train,94,41,monetary,
ifrs-full:ProceedsFromSalesOfPropertyPlantAndEquipmentClassifiedAsInvestingActivities,http://xbrl.ifrs.org/taxonomy/2020-03-16/ifrs-full,ProceedsFromSalesOfPropertyPlantAndEquipmentClassifiedAsInvestingActivities,ifrs_full,train,94,36,monetary,
ifrs-full:DividendsPaidClassifiedAsFinancingActivities,http://xbrl.ifrs.org/taxonomy/2020-03-16/ifrs-full,DividendsPaidClassifiedAsFinancingActivities,ifrs_full,train,93,36,monetary,
ifrs-full:RepaymentsOfBorrowingsClassifiedAsFinancingActivities,http://xbrl.ifrs.org/taxonomy/2020-03-16/ifrs-full,RepaymentsOfBorrowingsClassifiedAsFinancingActivities,ifrs_full,train,93,36,monetary,
ifrs-full:RightofuseAssets,http://xbrl.ifrs.org/taxonomy/2020-03-16/ifrs-full,RightofuseAssets,ifrs_full,train,92,34,monetary,
ifrs-full:InterestPaidClassifiedAsFinancingActivities,http://xbrl.ifrs.org/taxonomy/2020-03-16/ifrs-full,InterestPaidClassifiedAsFinancingActivities,ifrs_full,train,91,27,monetary,
ifrs-full:FinanceIncomeCost,http://xbrl.ifrs.org/taxonomy/2020-03-16/ifrs-full,FinanceIncomeCost,ifrs_full,train,89,32,monetary,
ifrs-full:NoncontrollingInterests,http://xbrl.ifrs.org/taxonomy/2020-03-16/ifrs-full,NoncontrollingInterests,ifrs_full,train,89,37,monetary,
ifrs-full:ComprehensiveIncomeAttributableToNoncontrollingInterests,http://xbrl.ifrs.org/taxonomy/2020-03-16/ifrs-full,ComprehensiveIncomeAttributableToNoncontrollingInterests,ifrs_full,train,88,38,monetary,
ifrs-full:NoncurrentLeaseLiabilities,http://xbrl.ifrs.org/taxonomy/2020-03-16/ifrs-full,NoncurrentLeaseLiabilities,ifrs_full,train,86,31,monetary,
ifrs-full:OtherReserves,http://xbrl.ifrs.org/taxonomy/2020-03-16/ifrs-full,OtherReserves,ifrs_full,train,86,28,monetary,
ifrs-full:OtherIncome,http://xbrl.ifrs.org/taxonomy/2020-03-16/ifrs-full,OtherIncome,ifrs_full,train,85,35,monetary,
ifrs-full:CurrentTaxLiabilitiesCurrent,http://xbrl.ifrs.org/taxonomy/2020-03-16/ifrs-full,CurrentTaxLiabilitiesCurrent,ifrs_full,train,84,33,monetary,
ifrs-full:IncreaseDecreaseThroughAppropriationOfRetainedEarnings,http://xbrl.ifrs.org/taxonomy/2020-03-16/ifrs-full,IncreaseDecreaseThroughAppropriationOfRetainedEarnings,ifrs_full,train,84,6,monetary,
ifrs-full:BasicEarningsLossPerShare,http://xbrl.ifrs.org/taxonomy/2020-03-16/ifrs-full,BasicEarningsLossPerShare,ifrs_full,train,83,37,pershare,
ifrs-full:EquityAttributableToOwnersOfParent,http://xbrl.ifrs.org/taxonomy/2020-03-16/ifrs-full,EquityAttributableToOwnersOfParent,ifrs_full,train,82,35,monetary,
ifrs-full:ProceedsFromBorrowingsClassifiedAsFinancingActivities,http://xbrl.ifrs.org/taxonomy/2020-03-16/ifrs-full,ProceedsFromBorrowingsClassifiedAsFinancingActivities,ifrs_full,train,82,31,monetary,
ifrs-full:CurrentLeaseLiabilities,http://xbrl.ifrs.org/taxonomy/2020-03-16/ifrs-full,CurrentLeaseLiabilities,ifrs_full,train,81,29,monetary,
ifrs-full:IncreaseDecreaseThroughAcquisitionOfSubsidiary,http://xbrl.ifrs.org/taxonomy/2020-03-16/ifrs-full,IncreaseDecreaseThroughAcquisitionOfSubsidiary,ifrs_full,train,81,8,monetary,
ifrs-full:ProfitLossBeforeTax,http://xbrl.ifrs.org/taxonomy/2019-03-27/ifrs-full,ProfitLossBeforeTax,ifrs_full,train,81,27,monetary,
ifrs-full:GrossProfit,http://xbrl.ifrs.org/taxonomy/2020-03-16/ifrs-full,GrossProfit,ifrs_full,train,80,31,monetary,
ifrs-full:TradeAndOtherCurrentPayables,http://xbrl.ifrs.org/taxonomy/2020-03-16/ifrs-full,TradeAndOtherCurrentPayables,ifrs_full,train,80,35,monetary,
ifrs-full:SharePremium,http://xbrl.ifrs.org/taxonomy/2020-03-16/ifrs-full,SharePremium,ifrs_full,train,78,31,monetary,
ifrs-full:CurrentTaxAssetsCurrent,http://xbrl.ifrs.org/taxonomy/2020-03-16/ifrs-full,CurrentTaxAssetsCurrent,ifrs_full,train,76,28,monetary,
ifrs-full:IncreaseDecreaseThroughTransferToStatutoryReserve,http://xbrl.ifrs.org/taxonomy/2020-03-16/ifrs-full,IncreaseDecreaseThroughTransferToStatutoryReserve,ifrs_full,train,76,5,monetary,
ifrs-full:SaleOrIssueOfTreasuryShares,http://xbrl.ifrs.org/taxonomy/2020-03-16/ifrs-full,SaleOrIssueOfTreasuryShares,ifrs_full,train,76,7,monetary,
ifrs-full:PurchaseOfIntangibleAssetsClassifiedAsInvestingActivities,http://xbrl.ifrs.org/taxonomy/2020-03-16/ifrs-full,PurchaseOfIntangibleAssetsClassifiedAsInvestingActivities,ifrs_full,train,73,30,monetary,
ifrs-full:DividendsRecognisedAsDistributionsToOwnersOfParent,http://xbrl.ifrs.org/taxonomy/2020-03-16/ifrs-full,DividendsRecognisedAsDistributionsToOwnersOfParent,ifrs_full,train,72,5,monetary,
ifrs-full:IncreaseDecreaseThroughExerciseOfOptions,http://xbrl.ifrs.org/taxonomy/2020-03-16/ifrs-full,IncreaseDecreaseThroughExerciseOfOptions,ifrs_full,train,72,7,monetary,
ifrs-full:ShorttermBorrowings,http://xbrl.ifrs.org/taxonomy/2020-03-16/ifrs-full,ShorttermBorrowings,ifrs_full,train,70,25,monetary,
ifrs-full:CostOfSales,http://xbrl.ifrs.org/taxonomy/2020-03-16/ifrs-full,CostOfSales,ifrs_full,train,69,28,monetary,
ifrs-full:IntangibleAssetsOtherThanGoodwill,http://xbrl.ifrs.org/taxonomy/2020-03-16/ifrs-full,IntangibleAssetsOtherThanGoodwill,ifrs_full,train,69,27,monetary,
ifrs-full:ProfitLoss,http://xbrl.ifrs.org/taxonomy/2021-03-24/ifrs-full,ProfitLoss,ifrs_full,train,69,5,monetary,
ifrs-full:IntangibleAssetsAndGoodwill,http://xbrl.ifrs.org/taxonomy/2020-03-16/ifrs-full,IntangibleAssetsAndGoodwill,ifrs_full,train,68,28,monetary,
ifrs-full:AdjustmentsForDecreaseIncreaseInTradeAccountReceivable,http://xbrl.ifrs.org/taxonomy/2020-03-16/ifrs-full,AdjustmentsForDecreaseIncreaseInTradeAccountReceivable,ifrs_full,train,66,23,monetary,
ifrs-full:OtherComprehensiveIncomeNetOfTaxGainsLossesOnRemeasurementsOfDefinedBenefitPlans,http://xbrl.ifrs.org/taxonomy/2020-03-16/ifrs-full,OtherComprehensiveIncomeNetOfTaxGainsLossesOnRemeasurementsOfDefinedBenefitPlans,ifrs_full,train,66,17,monetary,
ifrs-full:AdjustmentsForIncreaseDecreaseInTradeAndOtherPayables,http://xbrl.ifrs.org/taxonomy/2020-03-16/ifrs-full,AdjustmentsForIncreaseDecreaseInTradeAndOtherPayables,ifrs_full,train,65,28,monetary,
ifrs-full:AdministrativeExpense,http://xbrl.ifrs.org/taxonomy/2020-03-16/ifrs-full,AdministrativeExpense,ifrs_full,train,65,28,monetary,
ifrs-full:CashFlowsFromUsedInOperations,http://xbrl.ifrs.org/taxonomy/2020-03-16/ifrs-full,CashFlowsFromUsedInOperations,ifrs_full,train,65,28,monetary,
ifrs-full:CashFlowsFromUsedInOperationsBeforeChangesInWorkingCapital,http://xbrl.ifrs.org/taxonomy/2020-03-16/ifrs-full,CashFlowsFromUsedInOperationsBeforeChangesInWorkingCapital,ifrs_full,train,65,27,monetary,
ifrs-full:IncreaseDecreaseInCashAndCashEquivalentsBeforeEffectOfExchangeRateChanges,http://xbrl.ifrs.org/taxonomy/2020-03-16/ifrs-full,IncreaseDecreaseInCashAndCashEquivalentsBeforeEffectOfExchangeRateChanges,ifrs_full,train,65,23,monetary,
ifrs-full:InterestReceivedClassifiedAsInvestingActivities,http://xbrl.ifrs.org/taxonomy/2020-03-16/ifrs-full,InterestReceivedClassifiedAsInvestingActivities,ifrs_full,train,65,29,monetary,
ifrs-full:AdjustmentsForDepreciationAndAmortisationExpense,http://xbrl.ifrs.org/taxonomy/2020-03-16/ifrs-full,AdjustmentsForDepreciationAndAmortisationExpense,ifrs_full,train,64,25,monetary,
ifrs-full:NoncurrentProvisionsForEmployeeBenefits,http://xbrl.ifrs.org/taxonomy/2020-03-16/ifrs-full,NoncurrentProvisionsForEmployeeBenefits,ifrs_full,train,64,21,monetary,
ifrs-full:AdjustmentsForProvisions,http://xbrl.ifrs.org/taxonomy/2020-03-16/ifrs-full,AdjustmentsForProvisions,ifrs_full,train,63,26,monetary,
ifrs-full:Assets,http://xbrl.ifrs.org/taxonomy/2019-03-27/ifrs-full,Assets,ifrs_full,train,63,30,monetary,
ifrs-full:CashFlowsFromUsedInFinancingActivities,http://xbrl.ifrs.org/taxonomy/2019-03-27/ifrs-full,CashFlowsFromUsedInFinancingActivities,ifrs_full,train,63,30,monetary,
ifrs-full:EquityAndLiabilities,http://xbrl.ifrs.org/taxonomy/2019-03-27/ifrs-full,EquityAndLiabilities,ifrs_full,train,63,30,monetary,
ifrs-full:ReductionOfIssuedCapital,http://xbrl.ifrs.org/taxonomy/2020-03-16/ifrs-full,ReductionOfIssuedCapital,ifrs_full,train,63,8,monetary,
ifrs-full:CashFlowsFromUsedInInvestingActivities,http://xbrl.ifrs.org/taxonomy/2019-03-27/ifrs-full,CashFlowsFromUsedInInvestingActivities,ifrs_full,train,62,30,monetary,
ifrs-full:CashFlowsFromUsedInOperatingActivities,http://xbrl.ifrs.org/taxonomy/2019-03-27/ifrs-full,CashFlowsFromUsedInOperatingActivities,ifrs_full,train,62,30,monetary,
ifrs-full:EmployeeBenefitsExpense,http://xbrl.ifrs.org/taxonomy/2020-03-16/ifrs-full,EmployeeBenefitsExpense,ifrs_full,train,62,24,monetary,
ifrs-full:AdjustmentsForIncomeTaxExpense,http://xbrl.ifrs.org/taxonomy/2020-03-16/ifrs-full,AdjustmentsForIncomeTaxExpense,ifrs_full,train,60,22,monetary,
ifrs-full:DilutedEarningsLossPerShare,http://xbrl.ifrs.org/taxonomy/2020-03-16/ifrs-full,DilutedEarningsLossPerShare,ifrs_full,train,60,28,pershare,
ifrs-full:IssuedCapital,http://xbrl.ifrs.org/taxonomy/2019-03-27/ifrs-full,IssuedCapital,ifrs_full,train,60,27,monetary,
ifrs-full:AdjustmentsForInterestExpense,http://xbrl.ifrs.org/taxonomy/2020-03-16/ifrs-full,AdjustmentsForInterestExpense,ifrs_full,train,58,20,monetary,
ifrs-full:CurrentTradeReceivables,http://xbrl.ifrs.org/taxonomy/2020-03-16/ifrs-full,CurrentTradeReceivables,ifrs_full,train,58,18,monetary,
ifrs-full:OtherExpenseByNature,http://xbrl.ifrs.org/taxonomy/2020-03-16/ifrs-full,OtherExpenseByNature,ifrs_full,train,58,22,monetary,
ifrs-full:PropertyPlantAndEquipment,http://xbrl.ifrs.org/taxonomy/2019-03-27/ifrs-full,PropertyPlantAndEquipment,ifrs_full,train,58,27,monetary,
ifrs-full:IncomeTaxExpenseContinuingOperations,http://xbrl.ifrs.org/taxonomy/2019-03-27/ifrs-full,IncomeTaxExpenseContinuingOperations,ifrs_full,train,57,27,monetary,
ifrs-full:CashAndCashEquivalentsIfDifferentFromStatementOfFinancialPosition,http://xbrl.ifrs.org/taxonomy/2020-03-16/ifrs-full,CashAndCashEquivalentsIfDifferentFromStatementOfFinancialPosition,ifrs_full,train,56,13,monetary,
ifrs-full:DeferredTaxLiabilities,http://xbrl.ifrs.org/taxonomy/2019-03-27/ifrs-full,DeferredTaxLiabilities,ifrs_full,train,56,27,monetary,
ifrs-full:PurchaseOfTreasuryShares,http://xbrl.ifrs.org/taxonomy/2019-03-27/ifrs-full,PurchaseOfTreasuryShares,ifrs_full,train,55,7,monetary,
ifrs-full:AdjustmentsForDecreaseIncreaseInTradeAndOtherReceivables,http://xbrl.ifrs.org/taxonomy/2020-03-16/ifrs-full,AdjustmentsForDecreaseIncreaseInTradeAndOtherReceivables,ifrs_full,train,54,25,monetary,
ifrs-full:IncreaseDecreaseThroughChangesInOwnershipInterestsInSubsidiariesThatDoNotResultInLossOfControl,http://xbrl.ifrs.org/taxonomy/2019-03-27/ifrs-full,IncreaseDecreaseThroughChangesInOwnershipInterestsInSubsidiariesThatDoNotResultInLossOfControl,ifrs_full,train,54,4,monetary,
ifrs-full:OtherComprehensiveIncomeNetOfTaxCashFlowHedges,http://xbrl.ifrs.org/taxonomy/2019-03-27/ifrs-full,OtherComprehensiveIncomeNetOfTaxCashFlowHedges,ifrs_full,train,54,6,monetary,
ifrs-full:TradeAndOtherCurrentPayablesToTradeSuppliers,http://xbrl.ifrs.org/taxonomy/2020-03-16/ifrs-full,TradeAndOtherCurrentPayablesToTradeSuppliers,ifrs_full,train,54,16,monetary,
ifrs-full:ChangesInEquity,http://xbrl.ifrs.org/taxonomy/2019-03-27/ifrs-full,ChangesInEquity,ifrs_full,train,53,3,monetary,
ifrs-full:EffectOfExchangeRateChangesOnCashAndCashEquivalents,http://xbrl.ifrs.org/taxonomy/2019-03-27/ifrs-full,EffectOfExchangeRateChangesOnCashAndCashEquivalents,ifrs_full,train,53,26,monetary,
ifrs-full:IncreaseDecreaseThroughAppropriationOfRetainedEarnings,http://xbrl.ifrs.org/taxonomy/2019-03-27/ifrs-full,IncreaseDecreaseThroughAppropriationOfRetainedEarnings,ifrs_full,train,53,5,monetary,
ifrs-full:InterestPaidClassifiedAsOperatingActivities,http://xbrl.ifrs.org/taxonomy/2020-03-16/ifrs-full,InterestPaidClassifiedAsOperatingActivities,ifrs_full,train,53,23,monetary,
ifrs-full:ProfitLossFromOperatingActivities,http://xbrl.ifrs.org/taxonomy/2019-03-27/ifrs-full,ProfitLossFromOperatingActivities,ifrs_full,train,53,25,monetary,
ifrs-full:CurrentAssets,http://xbrl.ifrs.org/taxonomy/2019-03-27/ifrs-full,CurrentAssets,ifrs_full,train,52,25,monetary,
ifrs-full:CurrentLiabilities,http://xbrl.ifrs.org/taxonomy/2019-03-27/ifrs-full,CurrentLiabilities,ifrs_full,train,52,25,monetary,
ifrs-full:DeferredTaxAssets,http://xbrl.ifrs.org/taxonomy/2019-03-27/ifrs-full,DeferredTaxAssets,ifrs_full,train,52,25,monetary,
ifrs-full:IncreaseDecreaseThroughOtherDistributionsToOwners,http://xbrl.ifrs.org/taxonomy/2020-03-16/ifrs-full,IncreaseDecreaseThroughOtherDistributionsToOwners,ifrs_full,train,52,6,monetary,
ifrs-full:NoncurrentAssets,http://xbrl.ifrs.org/taxonomy/2019-03-27/ifrs-full,NoncurrentAssets,ifrs_full,train,52,25,monetary,
ifrs-full:NoncurrentLiabilities,http://xbrl.ifrs.org/taxonomy/2019-03-27/ifrs-full,NoncurrentLiabilities,ifrs_full,train,52,25,monetary,
ifrs-full:OtherComprehensiveIncomeThatWillNotBeReclassifiedToProfitOrLossNetOfTax,http://xbrl.ifrs.org/taxonomy/2020-03-16/ifrs-full,OtherComprehensiveIncomeThatWillNotBeReclassifiedToProfitOrLossNetOfTax,ifrs_full,train,52,20,monetary,
ifrs-full:OtherCurrentFinancialAssets,http://xbrl.ifrs.org/taxonomy/2020-03-16/ifrs-full,OtherCurrentFinancialAssets,ifrs_full,train,52,18,monetary,
ifrs-full:PaymentsToAcquireOrRedeemEntitysShares,http://xbrl.ifrs.org/taxonomy/2020-03-16/ifrs-full,PaymentsToAcquireOrRedeemEntitysShares,ifrs_full,train,52,23,monetary,
ifrs-full:DividendsReceivedClassifiedAsInvestingActivities,http://xbrl.ifrs.org/taxonomy/2020-03-16/ifrs-full,DividendsReceivedClassifiedAsInvestingActivities,ifrs_full,train,51,23,monetary,
ifrs-full:CancellationOfTreasuryShares,http://xbrl.ifrs.org/taxonomy/2020-03-16/ifrs-full,CancellationOfTreasuryShares,ifrs_full,train,50,4,monetary,
ifrs-full:InvestmentProperty,http://xbrl.ifrs.org/taxonomy/2020-03-16/ifrs-full,InvestmentProperty,ifrs_full,train,50,24,monetary,
ifrs-full:OtherComprehensiveIncomeThatWillBeReclassifiedToProfitOrLossNetOfTax,http://xbrl.ifrs.org/taxonomy/2020-03-16/ifrs-full,OtherComprehensiveIncomeThatWillBeReclassifiedToProfitOrLossNetOfTax,ifrs_full,train,50,23,monetary,
ifrs-full:PaymentsOfLeaseLiabilitiesClassifiedAsFinancingActivities,http://xbrl.ifrs.org/taxonomy/2019-03-27/ifrs-full,PaymentsOfLeaseLiabilitiesClassifiedAsFinancingActivities,ifrs_full,train,50,24,monetary,
ifrs-full:ProfitLossFromContinuingOperations,http://xbrl.ifrs.org/taxonomy/2019-03-27/ifrs-full,ProfitLossFromContinuingOperations,ifrs_full,train,50,9,monetary,
ifrs-full:ShareOfOtherComprehensiveIncomeOfAssociatesAndJointVenturesAccountedForUsingEquityMethod,http://xbrl.ifrs.org/taxonomy/2019-03-27/ifrs-full,ShareOfOtherComprehensiveIncomeOfAssociatesAndJointVenturesAccountedForUsingEquityMethod,ifrs_full,train,50,2,monetary,
ifrs-full:GainsLossesOnExchangeDifferencesOnTranslationNetOfTax,http://xbrl.ifrs.org/taxonomy/2020-03-16/ifrs-full,GainsLossesOnExchangeDifferencesOnTranslationNetOfTax,ifrs_full,train,49,6,monetary,
ifrs-full:OtherComprehensiveIncomeNetOfTaxExchangeDifferencesOnTranslation,http://xbrl.ifrs.org/taxonomy/2019-03-27/ifrs-full,OtherComprehensiveIncomeNetOfTaxExchangeDifferencesOnTranslation,ifrs_full,train,49,7,monetary,
ifrs-full:OtherComprehensiveIncomeNetOfTaxGainsLossesOnRemeasurementsOfDefinedBenefitPlans,http://xbrl.ifrs.org/taxonomy/2019-03-27/ifrs-full,OtherComprehensiveIncomeNetOfTaxGainsLossesOnRemeasurementsOfDefinedBenefitPlans,ifrs_full,train,49,7,monetary,
ifrs-full:Revenue,http://xbrl.ifrs.org/taxonomy/2019-03-27/ifrs-full,Revenue,ifrs_full,train,49,23,monetary,
ifrs-full:AdjustmentsForIncreaseDecreaseInTradeAccountPayable,http://xbrl.ifrs.org/taxonomy/2020-03-16/ifrs-full,AdjustmentsForIncreaseDecreaseInTradeAccountPayable,ifrs_full,train,48,16,monetary,
ifrs-full:BasicAndDilutedEarningsLossPerShare,http://xbrl.ifrs.org/taxonomy/2020-03-16/ifrs-full,BasicAndDilutedEarningsLossPerShare,ifrs_full,train,48,15,pershare,
ifrs-full:NoncurrentProvisions,http://xbrl.ifrs.org/taxonomy/2020-03-16/ifrs-full,NoncurrentProvisions,ifrs_full,train,48,20,monetary,
ifrs-full:ProfitLossFromDiscontinuedOperations,http://xbrl.ifrs.org/taxonomy/2019-03-27/ifrs-full,ProfitLossFromDiscontinuedOperations,ifrs_full,train,48,9,monetary,
ifrs-full:DepreciationAndAmortisationExpense,http://xbrl.ifrs.org/taxonomy/2020-03-16/ifrs-full,DepreciationAndAmortisationExpense,ifrs_full,train,47,16,monetary,
ifrs-full:InterestReceivedClassifiedAsOperatingActivities,http://xbrl.ifrs.org/taxonomy/2020-03-16/ifrs-full,InterestReceivedClassifiedAsOperatingActivities,ifrs_full,train,47,20,monetary,
ifrs-full:ProfitLossAttributableToOwnersOfParent,http://xbrl.ifrs.org/taxonomy/2019-03-27/ifrs-full,ProfitLossAttributableToOwnersOfParent,ifrs_full,train,47,22,monetary,
ifrs-full:EquityAttributableToOwnersOfParent,http://xbrl.ifrs.org/taxonomy/2019-03-27/ifrs-full,EquityAttributableToOwnersOfParent,ifrs_full,train,45,22,monetary,
ifrs-full:IncreaseDecreaseInCashAndCashEquivalents,http://xbrl.ifrs.org/taxonomy/2019-03-27/ifrs-full,IncreaseDecreaseInCashAndCashEquivalents,ifrs_full,train,44,16,monetary,
ifrs-full:CashFlowsUsedInObtainingControlOfSubsidiariesOrOtherBusinessesClassifiedAsInvestingActivities,http://xbrl.ifrs.org/taxonomy/2020-03-16/ifrs-full,CashFlowsUsedInObtainingControlOfSubsidiariesOrOtherBusinessesClassifiedAsInvestingActivities,ifrs_full,train,43,21,monetary,
ifrs-full:IncreaseDecreaseThroughAcquisitionOfSubsidiary,http://xbrl.ifrs.org/taxonomy/2019-03-27/ifrs-full,IncreaseDecreaseThroughAcquisitionOfSubsidiary,ifrs_full,train,43,4,monetary,
ifrs-full:IncreaseDecreaseThroughDisposalOfSubsidiary,http://xbrl.ifrs.org/taxonomy/2019-03-27/ifrs-full,IncreaseDecreaseThroughDisposalOfSubsidiary,ifrs_full,train,43,5,monetary,
ifrs-full:AdjustmentsForGainLossOnDisposalsPropertyPlantAndEquipment,http://xbrl.ifrs.org/taxonomy/2020-03-16/ifrs-full,AdjustmentsForGainLossOnDisposalsPropertyPlantAndEquipment,ifrs_full,train,42,16,monetary,
ifrs-full:AdjustmentsForInterestIncome,http://xbrl.ifrs.org/taxonomy/2020-03-16/ifrs-full,AdjustmentsForInterestIncome,ifrs_full,train,42,16,monetary,
ifrs-full:ComprehensiveIncomeAttributableToOwnersOfParent,http://xbrl.ifrs.org/taxonomy/2019-03-27/ifrs-full,ComprehensiveIncomeAttributableToOwnersOfParent,ifrs_full,train,42,21,monetary,
ifrs-full:DividendsPaid,http://xbrl.ifrs.org/taxonomy/2021-03-24/ifrs-full,DividendsPaid,ifrs_full,train,42,4,monetary,
ifrs-full:IncomeTaxRelatingToCashFlowHedgesOfOtherComprehensiveIncome,http://xbrl.ifrs.org/taxonomy/2019-03-27/ifrs-full,IncomeTaxRelatingToCashFlowHedgesOfOtherComprehensiveIncome,ifrs_full,train,42,8,monetary,
ifrs-full:OtherAdjustmentsForNoncashItems,http://xbrl.ifrs.org/taxonomy/2020-03-16/ifrs-full,OtherAdjustmentsForNoncashItems,ifrs_full,train,42,18,monetary,
ifrs-full:OtherNoncurrentFinancialAssets,http://xbrl.ifrs.org/taxonomy/2020-03-16/ifrs-full,OtherNoncurrentFinancialAssets,ifrs_full,train,42,17,monetary,
ifrs-full:AdjustmentsForDecreaseIncreaseInOtherAssets,http://xbrl.ifrs.org/taxonomy/2020-03-16/ifrs-full,AdjustmentsForDecreaseIncreaseInOtherAssets,ifrs_full,train,41,14,monetary,
ifrs-full:AdjustmentsForUnrealisedForeignExchangeLossesGains,http://xbrl.ifrs.org/taxonomy/2020-03-16/ifrs-full,AdjustmentsForUnrealisedForeignExchangeLossesGains,ifrs_full,train,41,16,monetary,
ifrs-full:FinanceCosts,http://xbrl.ifrs.org/taxonomy/2019-03-27/ifrs-full,FinanceCosts,ifrs_full,train,41,19,monetary,
ifrs-full:FinanceIncome,http://xbrl.ifrs.org/taxonomy/2019-03-27/ifrs-full,FinanceIncome,ifrs_full,train,41,19,monetary,
ifrs-full:NoncontrollingInterests,http://xbrl.ifrs.org/taxonomy/2019-03-27/ifrs-full,NoncontrollingInterests,ifrs_full,train,41,20,monetary,
ifrs-full:OperatingExpense,http://xbrl.ifrs.org/taxonomy/2020-03-16/ifrs-full,OperatingExpense,ifrs_full,train,41,14,monetary,
ifrs-full:RetainedEarnings,http://xbrl.ifrs.org/taxonomy/2019-03-27/ifrs-full,RetainedEarnings,ifrs_full,train,41,19,monetary,
ifrs-full:ShareIssueRelatedCost,http://xbrl.ifrs.org/taxonomy/2020-03-16/ifrs-full,ShareIssueRelatedCost,ifrs_full,train,41,4,monetary,
ifrs-full:DividendsPaidClassifiedAsFinancingActivities,http://xbrl.ifrs.org/taxonomy/2019-03-27/ifrs-full,DividendsPaidClassifiedAsFinancingActivities,ifrs_full,train,40,19,monetary,
ifrs-full:InvestmentAccountedForUsingEquityMethod,http://xbrl.ifrs.org/taxonomy/2020-03-16/ifrs-full,InvestmentAccountedForUsingEquityMethod,ifrs_full,train,40,20,monetary,
ifrs-full:NoncurrentReceivables,http://xbrl.ifrs.org/taxonomy/2020-03-16/ifrs-full,NoncurrentReceivables,ifrs_full,train,40,18,monetary,
ifrs-full:StatutoryReserve,http://xbrl.ifrs.org/taxonomy/2020-03-16/ifrs-full,StatutoryReserve,ifrs_full,train,40,13,monetary,
ifrs-full:BasicEarningsLossPerShare,http://xbrl.ifrs.org/taxonomy/2019-03-27/ifrs-full,BasicEarningsLossPerShare,ifrs_full,train,39,18,pershare,
ifrs-full:DecreaseIncreaseThroughTaxOnSharebasedPaymentTransactions,http://xbrl.ifrs.org/taxonomy/2020-03-16/ifrs-full,DecreaseIncreaseThroughTaxOnSharebasedPaymentTransactions,ifrs_full,train,39,3,monetary,
ifrs-full:OtherComprehensiveIncomeBeforeTaxExchangeDifferencesOnTranslation,http://xbrl.ifrs.org/taxonomy/2019-03-27/ifrs-full,OtherComprehensiveIncomeBeforeTaxExchangeDifferencesOnTranslation,ifrs_full,train,39,8,monetary,
ifrs-full:OtherCurrentPayables,http://xbrl.ifrs.org/taxonomy/2020-03-16/ifrs-full,OtherCurrentPayables,ifrs_full,train,39,10,monetary,
ifrs-full:CurrentProvisions,http://xbrl.ifrs.org/taxonomy/2020-03-16/ifrs-full,CurrentProvisions,ifrs_full,train,38,19,monetary,
ifrs-full:IncomeTaxRelatingToComponentsOfOtherComprehensiveIncomeThatWillNotBeReclassifiedToProfitOrLoss,http://xbrl.ifrs.org/taxonomy/2020-03-16/ifrs-full,IncomeTaxRelatingToComponentsOfOtherComprehensiveIncomeThatWillNotBeReclassifiedToProfitOrLoss,ifrs_full,train,38,10,monetary,
ifrs-full:IncomeTaxesPaidRefundClassifiedAsOperatingActivities,http://xbrl.ifrs.org/taxonomy/2019-03-27/ifrs-full,IncomeTaxesPaidRefundClassifiedAsOperatingActivities,ifrs_full,train,38,19,monetary,
ifrs-full:Inventories,http://xbrl.ifrs.org/taxonomy/2019-03-27/ifrs-full,Inventories,ifrs_full,train,38,17,monetary,
ifrs-full:NoncurrentLeaseLiabilities,http://xbrl.ifrs.org/taxonomy/2019-03-27/ifrs-full,NoncurrentLeaseLiabilities,ifrs_full,train,38,18,monetary,
ifrs-full:OtherComprehensiveIncome,http://xbrl.ifrs.org/taxonomy/2021-03-24/ifrs-full,OtherComprehensiveIncome,ifrs_full,train,38,2,monetary,
ifrs-full:OtherComprehensiveIncomeBeforeTaxGainsLossesOnRemeasurementsOfDefinedBenefitPlans,http://xbrl.ifrs.org/taxonomy/2020-03-16/ifrs-full,OtherComprehensiveIncomeBeforeTaxGainsLossesOnRemeasurementsOfDefinedBenefitPlans,ifrs_full,train,38,11,monetary,
ifrs-full:ProfitLossAttributableToNoncontrollingInterests,http://xbrl.ifrs.org/taxonomy/2019-03-27/ifrs-full,ProfitLossAttributableToNoncontrollingInterests,ifrs_full,train,38,19,monetary,
ifrs-full:ReserveOfExchangeDifferencesOnTranslation,http://xbrl.ifrs.org/taxonomy/2020-03-16/ifrs-full,ReserveOfExchangeDifferencesOnTranslation,ifrs_full,train,38,16,monetary,
ifrs-full:Goodwill,http://xbrl.ifrs.org/taxonomy/2020-03-16/ifrs-full,Goodwill,ifrs_full,train,37,19,monetary,
ifrs-full:IntangibleAssetsOtherThanGoodwill,http://xbrl.ifrs.org/taxonomy/2019-03-27/ifrs-full,IntangibleAssetsOtherThanGoodwill,ifrs_full,train,37,18,monetary,
ifrs-full:NoncurrentFinancialAssets,http://xbrl.ifrs.org/taxonomy/2020-03-16/ifrs-full,NoncurrentFinancialAssets,ifrs_full,train,37,11,monetary,
ifrs-full:OtherInflowsOutflowsOfCashClassifiedAsFinancingActivities,http://xbrl.ifrs.org/taxonomy/2020-03-16/ifrs-full,OtherInflowsOutflowsOfCashClassifiedAsFinancingActivities,ifrs_full,train,37,16,monetary,
ifrs-full:ShareOfProfitLossOfAssociatesAndJointVenturesAccountedForUsingEquityMethod,http://xbrl.ifrs.org/taxonomy/2020-03-16/ifrs-full,ShareOfProfitLossOfAssociatesAndJointVenturesAccountedForUsingEquityMethod,ifrs_full,train,37,18,monetary,
ifrs-full:AdjustmentsForFinanceCosts,http://xbrl.ifrs.org/taxonomy/2020-03-16/ifrs-full,AdjustmentsForFinanceCosts,ifrs_full,train,36,16,monetary,
ifrs-full:CurrentBorrowingsAndCurrentPortionOfNoncurrentBorrowings,http://xbrl.ifrs.org/taxonomy/2020-03-16/ifrs-full,CurrentBorrowingsAndCurrentPortionOfNoncurrentBorrowings,ifrs_full,train,36,17,monetary,
ifrs-full:CurrentTaxAssetsCurrent,http://xbrl.ifrs.org/taxonomy/2019-03-27/ifrs-full,CurrentTaxAssetsCurrent,ifrs_full,train,36,18,monetary,
ifrs-full:GainsLossesOnCashFlowHedgesBeforeTax,http://xbrl.ifrs.org/taxonomy/2019-03-27/ifrs-full,GainsLossesOnCashFlowHedgesBeforeTax,ifrs_full,train,36,6,monetary,
ifrs-full:IncomeTaxRelatingToComponentsOfOtherComprehensiveIncomeThatWillBeReclassifiedToProfitOrLoss,http://xbrl.ifrs.org/taxonomy/2020-03-16/ifrs-full,IncomeTaxRelatingToComponentsOfOtherComprehensiveIncomeThatWillBeReclassifiedToProfitOrLoss,ifrs_full,train,36,9,monetary,
ifrs-full:InvestmentsInSubsidiariesJointVenturesAndAssociates,http://xbrl.ifrs.org/taxonomy/2020-03-16/ifrs-full,InvestmentsInSubsidiariesJointVenturesAndAssociates,ifrs_full,train,36,14,monetary,
ifrs-full:OtherComprehensiveIncomeNetOfTaxFinancialAssetsMeasuredAtFairValueThroughOtherComprehensiveIncome,http://xbrl.ifrs.org/taxonomy/2019-03-27/ifrs-full,OtherComprehensiveIncomeNetOfTaxFinancialAssetsMeasuredAtFairValueThroughOtherComprehensiveIncome,ifrs_full,train,36,4,monetary,
ifrs-full:AdjustmentsForLossesGainsOnDisposalOfNoncurrentAssets,http://xbrl.ifrs.org/taxonomy/2020-03-16/ifrs-full,AdjustmentsForLossesGainsOnDisposalOfNoncurrentAssets,ifrs_full,train,35,16,monetary,
ifrs-full:IncreaseDecreaseInWorkingCapital,http://xbrl.ifrs.org/taxonomy/2020-03-16/ifrs-full,IncreaseDecreaseInWorkingCapital,ifrs_full,train,35,15,monetary,
ifrs-full:Liabilities,http://xbrl.ifrs.org/taxonomy/2019-03-27/ifrs-full,Liabilities,ifrs_full,train,35,17,monetary,
ifrs-full:OtherComprehensiveIncomeBeforeTaxExchangeDifferencesOnTranslation,http://xbrl.ifrs.org/taxonomy/2020-03-16/ifrs-full,OtherComprehensiveIncomeBeforeTaxExchangeDifferencesOnTranslation,ifrs_full,train,35,7,monetary,
ifrs-full:ProfitLossFromContinuingOperations,http://xbrl.ifrs.org/taxonomy/2020-03-16/ifrs-full,ProfitLossFromContinuingOperations,ifrs_full,train,35,13,monetary,
ifrs-full:RepaymentsOfBorrowingsClassifiedAsFinancingActivities,http://xbrl.ifrs.org/taxonomy/2019-03-27/ifrs-full,RepaymentsOfBorrowingsClassifiedAsFinancingActivities,ifrs_full,train,35,18,monetary,
ifrs-full:AdjustmentsForDepreciationAndAmortisationExpense,http://xbrl.ifrs.org/taxonomy/2019-03-27/ifrs-full,AdjustmentsForDepreciationAndAmortisationExpense,ifrs_full,train,34,17,monetary,
ifrs-full:ComprehensiveIncome,http://xbrl.ifrs.org/taxonomy/2021-03-24/ifrs-full,ComprehensiveIncome,ifrs_full,train,34,3,monetary,
ifrs-full:ComprehensiveIncomeAttributableToNoncontrollingInterests,http://xbrl.ifrs.org/taxonomy/2019-03-27/ifrs-full,ComprehensiveIncomeAttributableToNoncontrollingInterests,ifrs_full,train,34,18,monetary,
ifrs-full:CurrentLeaseLiabilities,http://xbrl.ifrs.org/taxonomy/2019-03-27/ifrs-full,CurrentLeaseLiabilities,ifrs_full,train,34,16,monetary,
ifrs-full:InterestPaidClassifiedAsOperatingActivities,http://xbrl.ifrs.org/taxonomy/2019-03-27/ifrs-full,InterestPaidClassifiedAsOperatingActivities,ifrs_full,train,34,16,monetary,
ifrs-full:InterestReceivedClassifiedAsOperatingActivities,http://xbrl.ifrs.org/taxonomy/2019-03-27/ifrs-full,InterestReceivedClassifiedAsOperatingActivities,ifrs_full,train,34,17,monetary,
ifrs-full:OtherCurrentNonfinancialLiabilities,http://xbrl.ifrs.org/taxonomy/2020-03-16/ifrs-full,OtherCurrentNonfinancialLiabilities,ifrs_full,train,34,10,monetary,
ifrs-full:RightofuseAssets,http://xbrl.ifrs.org/taxonomy/2019-03-27/ifrs-full,RightofuseAssets,ifrs_full,train,34,17,monetary,
ifrs-full:AdjustmentsForDecreaseIncreaseInOtherOperatingReceivables,http://xbrl.ifrs.org/taxonomy/2020-03-16/ifrs-full,AdjustmentsForDecreaseIncreaseInOtherOperatingReceivables,ifrs_full,train,32,9,monetary,
ifrs-full:AdjustmentsForDepreciationExpense,http://xbrl.ifrs.org/taxonomy/2020-03-16/ifrs-full,AdjustmentsForDepreciationExpense,ifrs_full,train,32,11,monetary,
ifrs-full:CashFlowsFromLosingControlOfSubsidiariesOrOtherBusinessesClassifiedAsInvestingActivities,http://xbrl.ifrs.org/taxonomy/2020-03-16/ifrs-full,CashFlowsFromLosingControlOfSubsidiariesOrOtherBusinessesClassifiedAsInvestingActivities,ifrs_full,train,32,15,monetary,
ifrs-full:CashFlowsUsedInObtainingControlOfSubsidiariesOrOtherBusinessesClassifiedAsInvestingActivities,http://xbrl.ifrs.org/taxonomy/2019-03-27/ifrs-full,CashFlowsUsedInObtainingControlOfSubsidiariesOrOtherBusinessesClassifiedAsInvestingActivities,ifrs_full,train,32,16,monetary,
ifrs-full:Goodwill,http://xbrl.ifrs.org/taxonomy/2019-03-27/ifrs-full,Goodwill,ifrs_full,train,32,16,monetary,
ifrs-full:IncreaseDecreaseThroughTransactionsWithOwners,http://xbrl.ifrs.org/taxonomy/2021-03-24/ifrs-full,IncreaseDecreaseThroughTransactionsWithOwners,ifrs_full,train,32,2,monetary,
ifrs-full:LongtermBorrowings,http://xbrl.ifrs.org/taxonomy/2019-03-27/ifrs-full,LongtermBorrowings,ifrs_full,train,32,15,monetary,
ifrs-full:OtherLongtermProvisions,http://xbrl.ifrs.org/taxonomy/2020-03-16/ifrs-full,OtherLongtermProvisions,ifrs_full,train,32,15,monetary,
ifrs-full:ProceedsFromBorrowingsClassifiedAsFinancingActivities,http://xbrl.ifrs.org/taxonomy/2019-03-27/ifrs-full,ProceedsFromBorrowingsClassifiedAsFinancingActivities,ifrs_full,train,32,15,monetary,
ifrs-full:PurchaseOfPropertyPlantAndEquipmentIntangibleAssetsOtherThanGoodwillInvestmentPropertyAndOtherNoncurrentAssets,http://xbrl.ifrs.org/taxonomy/2020-03-16/ifrs-full,PurchaseOfPropertyPlantAndEquipmentIntangibleAssetsOtherThanGoodwillInvestmentPropertyAndOtherNoncurrentAssets,ifrs_full,train,32,14,monetary,
ifrs-full:ShareOfProfitLossOfAssociatesAndJointVenturesAccountedForUsingEquityMethod,http://xbrl.ifrs.org/taxonomy/2019-03-27/ifrs-full,ShareOfProfitLossOfAssociatesAndJointVenturesAccountedForUsingEquityMethod,ifrs_full,train,32,15,monetary,
ifrs-full:OtherComprehensiveIncomeThatWillNotBeReclassifiedToProfitOrLossNetOfTax,http://xbrl.ifrs.org/taxonomy/2019-03-27/ifrs-full,OtherComprehensiveIncomeThatWillNotBeReclassifiedToProfitOrLossNetOfTax,ifrs_full,train,31,14,monetary,
ifrs-full:AdjustmentsForDecreaseIncreaseInInventories,http://xbrl.ifrs.org/taxonomy/2019-03-27/ifrs-full,AdjustmentsForDecreaseIncreaseInInventories,ifrs_full,train,30,15,monetary,
ifrs-full:AdjustmentsForSharebasedPayments,http://xbrl.ifrs.org/taxonomy/2020-03-16/ifrs-full,AdjustmentsForSharebasedPayments,ifrs_full,train,30,12,monetary,
ifrs-full:CurrentProvisionsForEmployeeBenefits,http://xbrl.ifrs.org/taxonomy/2020-03-16/ifrs-full,CurrentProvisionsForEmployeeBenefits,ifrs_full,train,30,9,monetary,
ifrs-full:IncreaseDecreaseInCashAndCashEquivalentsBeforeEffectOfExchangeRateChanges,http://xbrl.ifrs.org/taxonomy/2019-03-27/ifrs-full,IncreaseDecreaseInCashAndCashEquivalentsBeforeEffectOfExchangeRateChanges,ifrs_full,train,30,14,monetary,
ifrs-full:IncreaseDecreaseThroughTransferBetweenRevaluationReserveAndRetainedEarnings,http://xbrl.ifrs.org/taxonomy/2020-03-16/ifrs-full,IncreaseDecreaseThroughTransferBetweenRevaluationReserveAndRetainedEarnings,ifrs_full,train,30,1,monetary,
ifrs-full:OtherCurrentFinancialLiabilities,http://xbrl.ifrs.org/taxonomy/2020-03-16/ifrs-full,OtherCurrentFinancialLiabilities,ifrs_full,train,30,12,monetary,
ifrs-full:AdjustmentsForIncreaseDecreaseInOtherOperatingPayables,http://xbrl.ifrs.org/taxonomy/2020-03-16/ifrs-full,AdjustmentsForIncreaseDecreaseInOtherOperatingPayables,ifrs_full,train,29,10,monetary,
ifrs-full:OtherReserves,http://xbrl.ifrs.org/taxonomy/2019-03-27/ifrs-full,OtherReserves,ifrs_full,train,29,14,monetary,
ifrs-full:RawMaterialsAndConsumablesUsed,http://xbrl.ifrs.org/taxonomy/2020-03-16/ifrs-full,RawMaterialsAndConsumablesUsed,ifrs_full,train,29,12,monetary,
ifrs-full:CashAndCashEquivalents,http://xbrl.ifrs.org/taxonomy/2021-03-24/ifrs-full,CashAndCashEquivalents,ifrs_full,train,28,5,monetary,
ifrs-full:CashFlowsFromUsedInIncreaseDecreaseInCurrentBorrowings,http://xbrl.ifrs.org/taxonomy/2020-03-16/ifrs-full,CashFlowsFromUsedInIncreaseDecreaseInCurrentBorrowings,ifrs_full,train,28,10,monetary,
ifrs-full:CurrentPrepayments,http://xbrl.ifrs.org/taxonomy/2020-03-16/ifrs-full,CurrentPrepayments,ifrs_full,train,28,7,monetary,
ifrs-full:CurrentTaxLiabilitiesCurrent,http://xbrl.ifrs.org/taxonomy/2019-03-27/ifrs-full,CurrentTaxLiabilitiesCurrent,ifrs_full,train,28,14,monetary,
ifrs-full:DilutedEarningsLossPerShare,http://xbrl.ifrs.org/taxonomy/2019-03-27/ifrs-full,DilutedEarningsLossPerShare,ifrs_full,train,28,14,pershare,
ifrs-full:GainsLossesOnCashFlowHedgesBeforeTax,http://xbrl.ifrs.org/taxonomy/2020-03-16/ifrs-full,GainsLossesOnCashFlowHedgesBeforeTax,ifrs_full,train,28,5,monetary,
ifrs-full:IntangibleAssetsAndGoodwill,http://xbrl.ifrs.org/taxonomy/2019-03-27/ifrs-full,IntangibleAssetsAndGoodwill,ifrs_full,train,28,13,monetary,
ifrs-full:NoncurrentAssetsOrDisposalGroupsClassifiedAsHeldForSale,http://xbrl.ifrs.org/taxonomy/2020-03-16/ifrs-full,NoncurrentAssetsOrDisposalGroupsClassifiedAsHeldForSale,ifrs_full,train,28,13,monetary,
ifrs-full:OtherNoncurrentLiabilities,http://xbrl.ifrs.org/taxonomy/2020-03-16/ifrs-full,OtherNoncurrentLiabilities,ifrs_full,train,28,10,monetary,
ifrs-full:TradeAndOtherCurrentPayables,http://xbrl.ifrs.org/taxonomy/2019-03-27/ifrs-full,TradeAndOtherCurrentPayables,ifrs_full,train,28,14,monetary,
ifrs-full:CostOfSales,http://xbrl.ifrs.org/taxonomy/2019-03-27/ifrs-full,CostOfSales,ifrs_full,train,27,13,monetary,
ifrs-full:DividendsPaidToNoncontrollingInterestsClassifiedAsFinancingActivities,http://xbrl.ifrs.org/taxonomy/2020-03-16/ifrs-full,DividendsPaidToNoncontrollingInterestsClassifiedAsFinancingActivities,ifrs_full,train,27,10,monetary,
ifrs-full:IssueOfEquity,http://xbrl.ifrs.org/taxonomy/2021-03-24/ifrs-full,IssueOfEquity,ifrs_full,train,27,3,monetary,
ifrs-full:OtherComprehensiveIncomeThatWillBeReclassifiedToProfitOrLossNetOfTax,http://xbrl.ifrs.org/taxonomy/2019-03-27/ifrs-full,OtherComprehensiveIncomeThatWillBeReclassifiedToProfitOrLossNetOfTax,ifrs_full,train,27,12,monetary,
ifrs-full:CurrentPortionOfLongtermBorrowings,http://xbrl.ifrs.org/taxonomy/2020-03-16/ifrs-full,CurrentPortionOfLongtermBorrowings,ifrs_full,train,26,7,monetary,
ifrs-full:CurrentTaxExpenseIncome,http://xbrl.ifrs.org/taxonomy/2020-03-16/ifrs-full,CurrentTaxExpenseIncome,ifrs_full,train,26,7,monetary,
ifrs-full:GrossProfit,http://xbrl.ifrs.org/taxonomy/2019-03-27/ifrs-full,GrossProfit,ifrs_full,train,26,13,monetary,
ifrs-full:InvestmentAccountedForUsingEquityMethod,http://xbrl.ifrs.org/taxonomy/2019-03-27/ifrs-full,InvestmentAccountedForUsingEquityMethod,ifrs_full,train,26,13,monetary,
ifrs-full:NoncurrentProvisions,http://xbrl.ifrs.org/taxonomy/2019-03-27/ifrs-full,NoncurrentProvisions,ifrs_full,train,26,12,monetary,
ifrs-full:OtherAdjustmentsForNoncashItems,http://xbrl.ifrs.org/taxonomy/2019-03-27/ifrs-full,OtherAdjustmentsForNoncashItems,ifrs_full,train,26,13,monetary,
ifrs-full:OtherComprehensiveIncomeNetOfTaxGainsLossesFromInvestmentsInEquityInstruments,http://xbrl.ifrs.org/taxonomy/2020-03-16/ifrs-full,OtherComprehensiveIncomeNetOfTaxGainsLossesFromInvestmentsInEquityInstruments,ifrs_full,train,26,7,monetary,
ifrs-full:OtherExpenseByFunction,http://xbrl.ifrs.org/taxonomy/2020-03-16/ifrs-full,OtherExpenseByFunction,ifrs_full,train,26,12,monetary,
ifrs-full:PaymentsToAcquireOrRedeemEntitysShares,http://xbrl.ifrs.org/taxonomy/2019-03-27/ifrs-full,PaymentsToAcquireOrRedeemEntitysShares,ifrs_full,train,26,12,monetary,
ifrs-full:RevenueFromContractsWithCustomers,http://xbrl.ifrs.org/taxonomy/2020-03-16/ifrs-full,RevenueFromContractsWithCustomers,ifrs_full,train,26,8,monetary,
ifrs-full:TreasuryShares,http://xbrl.ifrs.org/taxonomy/2020-03-16/ifrs-full,TreasuryShares,ifrs_full,train,26,13,monetary,
ifrs-full:AdjustmentsForDepreciationAndAmortisationExpenseAndImpairmentLossReversalOfImpairmentLossRecognisedInProfitOrLoss,http://xbrl.ifrs.org/taxonomy/2020-03-16/ifrs-full,AdjustmentsForDepreciationAndAmortisationExpenseAndImpairmentLossReversalOfImpairmentLossRecognisedInProfitOrLoss,ifrs_full,train,25,12,monetary,
ifrs-full:DividendsRecognisedAsDistributionsToOwnersOfParent,http://xbrl.ifrs.org/taxonomy/2019-03-27/ifrs-full,DividendsRecognisedAsDistributionsToOwnersOfParent,ifrs_full,train,25,3,monetary,
ifrs-full:IncreaseDecreaseThroughChangeInEquityOfSubsidiaries,http://xbrl.ifrs.org/taxonomy/2020-03-16/ifrs-full,IncreaseDecreaseThroughChangeInEquityOfSubsidiaries,ifrs_full,train,25,3,monetary,
ifrs-full:IncreaseDecreaseThroughDisposalOfSubsidiary,http://xbrl.ifrs.org/taxonomy/2020-03-16/ifrs-full,IncreaseDecreaseThroughDisposalOfSubsidiary,ifrs_full,train,25,2,monetary,
ifrs-full:ProfitLossFromDiscontinuedOperations,http://xbrl.ifrs.org/taxonomy/2020-03-16/ifrs-full,ProfitLossFromDiscontinuedOperations,ifrs_full,train,25,10,monetary,
ifrs-full:AdjustmentsForIncreaseDecreaseInEmployeeBenefitLiabilities,http://xbrl.ifrs.org/taxonomy/2020-03-16/ifrs-full,AdjustmentsForIncreaseDecreaseInEmployeeBenefitLiabilities,ifrs_full,train,24,11,monetary,
ifrs-full:AdjustmentsForLossesGainsOnDisposalOfNoncurrentAssets,http://xbrl.ifrs.org/taxonomy/2019-03-27/ifrs-full,AdjustmentsForLossesGainsOnDisposalOfNoncurrentAssets,ifrs_full,train,24,12,monetary,
ifrs-full:AdjustmentsForProvisions,http://xbrl.ifrs.org/taxonomy/2019-03-27/ifrs-full,AdjustmentsForProvisions,ifrs_full,train,24,12,monetary,
ifrs-full:CashFlowsFromUsedInOperations,http://xbrl.ifrs.org/taxonomy/2019-03-27/ifrs-full,CashFlowsFromUsedInOperations,ifrs_full,train,24,12,monetary,
ifrs-full:CurrentProvisions,http://xbrl.ifrs.org/taxonomy/2019-03-27/ifrs-full,CurrentProvisions,ifrs_full,train,24,12,monetary,
ifrs-full:NoncurrentContractLiabilities,http://xbrl.ifrs.org/taxonomy/2020-03-16/ifrs-full,NoncurrentContractLiabilities,ifrs_full,train,24,6,monetary,
ifrs-full:OtherAdjustmentsToReconcileProfitLoss,http://xbrl.ifrs.org/taxonomy/2020-03-16/ifrs-full,OtherAdjustmentsToReconcileProfitLoss,ifrs_full,train,24,10,monetary,
ifrs-full:OtherComprehensiveIncomeBeforeTaxGainsLossesOnRemeasurementsOfDefinedBenefitPlans,http://xbrl.ifrs.org/taxonomy/2019-03-27/ifrs-full,OtherComprehensiveIncomeBeforeTaxGainsLossesOnRemeasurementsOfDefinedBenefitPlans,ifrs_full,train,24,11,monetary,
ifrs-full:OtherIncome,http://xbrl.ifrs.org/taxonomy/2019-03-27/ifrs-full,OtherIncome,ifrs_full,train,24,12,monetary,
ifrs-full:OtherNoncurrentAssets,http://xbrl.ifrs.org/taxonomy/2020-03-16/ifrs-full,OtherNoncurrentAssets,ifrs_full,train,24,12,monetary,
ifrs-full:ReclassificationAdjustmentsOnCashFlowHedgesBeforeTax,http://xbrl.ifrs.org/taxonomy/2020-03-16/ifrs-full,ReclassificationAdjustmentsOnCashFlowHedgesBeforeTax,ifrs_full,train,24,3,monetary,
ifrs-full:ShorttermEmployeeBenefitsAccruals,http://xbrl.ifrs.org/taxonomy/2020-03-16/ifrs-full,ShorttermEmployeeBenefitsAccruals,ifrs_full,train,24,6,monetary,
ifrs-full:TradeAndOtherCurrentReceivables,http://xbrl.ifrs.org/taxonomy/2019-03-27/ifrs-full,TradeAndOtherCurrentReceivables,ifrs_full,train,24,11,monetary,
ifrs-full:IncomeTaxRelatingToFinancialAssetsMeasuredAtFairValueThroughOtherComprehensiveIncome,http://xbrl.ifrs.org/taxonomy/2020-03-16/ifrs-full,IncomeTaxRelatingToFinancialAssetsMeasuredAtFairValueThroughOtherComprehensiveIncome,ifrs_full,train,23,2,monetary,
ifrs-full:IncomeTaxesPaidClassifiedAsOperatingActivities,http://xbrl.ifrs.org/taxonomy/2020-03-16/ifrs-full,IncomeTaxesPaidClassifiedAsOperatingActivities,ifrs_full,train,23,9,monetary,
ifrs-full:AdjustmentsForAmortisationExpense,http://xbrl.ifrs.org/taxonomy/2020-03-16/ifrs-full,AdjustmentsForAmortisationExpense,ifrs_full,train,22,8,monetary,
ifrs-full:AdjustmentsForIncomeTaxExpense,http://xbrl.ifrs.org/taxonomy/2019-03-27/ifrs-full,AdjustmentsForIncomeTaxExpense,ifrs_full,train,22,11,monetary,
ifrs-full:AdjustmentsForIncreaseDecreaseInTradeAndOtherPayables,http://xbrl.ifrs.org/taxonomy/2019-03-27/ifrs-full,AdjustmentsForIncreaseDecreaseInTradeAndOtherPayables,ifrs_full,train,22,11,monetary,
ifrs-full:CashFlowsFromLosingControlOfSubsidiariesOrOtherBusinessesClassifiedAsInvestingActivities,http://xbrl.ifrs.org/taxonomy/2019-03-27/ifrs-full,CashFlowsFromLosingControlOfSubsidiariesOrOtherBusinessesClassifiedAsInvestingActivities,ifrs_full,train,22,12,monetary,
ifrs-full:CurrentDerivativeFinancialLiabilities,http://xbrl.ifrs.org/taxonomy/2020-03-16/ifrs-full,CurrentDerivativeFinancialLiabilities,ifrs_full,train,22,10,monetary,
ifrs-full:GainsLossesOnFinancialAssetsMeasuredAtFairValueThroughOtherComprehensiveIncomeBeforeTax,http://xbrl.ifrs.org/taxonomy/2020-03-16/ifrs-full,GainsLossesOnFinancialAssetsMeasuredAtFairValueThroughOtherComprehensiveIncomeBeforeTax,ifrs_full,train,22,2,monetary,
ifrs-full:IncreaseDecreaseInWorkingCapital,http://xbrl.ifrs.org/taxonomy/2019-03-27/ifrs-full,IncreaseDecreaseInWorkingCapital,ifrs_full,train,22,11,monetary,
ifrs-full:IncreaseDecreaseThroughTransferBetweenRevaluationReserveAndRetainedEarnings,http://xbrl.ifrs.org/taxonomy/2019-03-27/ifrs-full,IncreaseDecreaseThroughTransferBetweenRevaluationReserveAndRetainedEarnings,ifrs_full,train,22,1,monetary,
ifrs-full:IncreaseDecreaseThroughTransferBetweenRevaluationReserveAndRetainedEarnings,http://xbrl.ifrs.org/taxonomy/2021-03-24/ifrs-full,IncreaseDecreaseThroughTransferBetweenRevaluationReserveAndRetainedEarnings,ifrs_full,train,22,1,monetary,
ifrs-full:OtherComprehensiveIncomeNetOfTaxCashFlowHedges,http://xbrl.ifrs.org/taxonomy/2020-03-16/ifrs-full,OtherComprehensiveIncomeNetOfTaxCashFlowHedges,ifrs_full,train,22,7,monetary,
ifrs-full:OtherCurrentReceivables,http://xbrl.ifrs.org/taxonomy/2020-03-16/ifrs-full,OtherCurrentReceivables,ifrs_full,train,22,7,monetary,
ifrs-full:OtherNoncurrentFinancialLiabilities,http://xbrl.ifrs.org/taxonomy/2020-03-16/ifrs-full,OtherNoncurrentFinancialLiabilities,ifrs_full,train,22,10,monetary,
ifrs-full:OtherNoncurrentLiabilities,http://xbrl.ifrs.org/taxonomy/2019-03-27/ifrs-full,OtherNoncurrentLiabilities,ifrs_full,train,22,11,monetary,
ifrs-full:OtherPropertyPlantAndEquipment,http://xbrl.ifrs.org/taxonomy/2020-03-16/ifrs-full,OtherPropertyPlantAndEquipment,ifrs_full,train,22,5,monetary,
ifrs-full:OtherReceivables,http://xbrl.ifrs.org/taxonomy/2020-03-16/ifrs-full,OtherReceivables,ifrs_full,train,22,5,monetary,
ifrs-full:ProceedsFromGovernmentGrantsClassifiedAsInvestingActivities,http://xbrl.ifrs.org/taxonomy/2020-03-16/ifrs-full,ProceedsFromGovernmentGrantsClassifiedAsInvestingActivities,ifrs_full,train,22,7,monetary,
ifrs-full:ProfitLossBeforeTax,http://xbrl.ifrs.org/taxonomy/2021-03-24/ifrs-full,ProfitLossBeforeTax,ifrs_full,train,22,5,monetary,
ifrs-full:SalesAndMarketingExpense,http://xbrl.ifrs.org/taxonomy/2020-03-16/ifrs-full,SalesAndMarketingExpense,ifrs_full,train,22,8,monetary,
ifrs-full:ShorttermBorrowings,http://xbrl.ifrs.org/taxonomy/2019-03-27/ifrs-full,ShorttermBorrowings,ifrs_full,train,22,11,monetary,
ifrs-full:ProceedsFromSaleOrIssueOfTreasuryShares,http://xbrl.ifrs.org/taxonomy/2020-03-16/ifrs-full,ProceedsFromSaleOrIssueOfTreasuryShares,ifrs_full,train,21,9,monetary,
ifrs-full:RevenueFromInterest,http://xbrl.ifrs.org/taxonomy/2020-03-16/ifrs-full,RevenueFromInterest,ifrs_full,train,21,9,monetary,
ifrs-full:AdjustmentsForDecreaseIncreaseInTradeAndOtherReceivables,http://xbrl.ifrs.org/taxonomy/2019-03-27/ifrs-full,AdjustmentsForDecreaseIncreaseInTradeAndOtherReceivables,ifrs_full,train,20,10,monetary,
ifrs-full:AdministrativeExpense,http://xbrl.ifrs.org/taxonomy/2019-03-27/ifrs-full,AdministrativeExpense,ifrs_full,train,20,10,monetary,
ifrs-full:Buildings,http://xbrl.ifrs.org/taxonomy/2020-03-16/ifrs-full,Buildings,ifrs_full,train,20,4,monetary,
ifrs-full:ConstructionInProgress,http://xbrl.ifrs.org/taxonomy/2020-03-16/ifrs-full,ConstructionInProgress,ifrs_full,train,20,4,monetary,
ifrs-full:CurrentContractAssets,http://xbrl.ifrs.org/taxonomy/2020-03-16/ifrs-full,CurrentContractAssets,ifrs_full,train,20,9,monetary,
ifrs-full:CurrentTaxLiabilities,http://xbrl.ifrs.org/taxonomy/2020-03-16/ifrs-full,CurrentTaxLiabilities,ifrs_full,train,20,10,monetary,
ifrs-full:ExpenseByNature,http://xbrl.ifrs.org/taxonomy/2020-03-16/ifrs-full,ExpenseByNature,ifrs_full,train,20,6,monetary,
ifrs-full:FixturesAndFittings,http://xbrl.ifrs.org/taxonomy/2020-03-16/ifrs-full,FixturesAndFittings,ifrs_full,train,20,4,monetary,
ifrs-full:Land,http://xbrl.ifrs.org/taxonomy/2020-03-16/ifrs-full,Land,ifrs_full,train,20,4,monetary,
ifrs-full:Machinery,http://xbrl.ifrs.org/taxonomy/2020-03-16/ifrs-full,Machinery,ifrs_full,train,20,4,monetary,
ifrs-full:MotorVehicles,http://xbrl.ifrs.org/taxonomy/2020-03-16/ifrs-full,MotorVehicles,ifrs_full,train,20,4,monetary,
ifrs-full:NoncurrentPayables,http://xbrl.ifrs.org/taxonomy/2020-03-16/ifrs-full,NoncurrentPayables,ifrs_full,train,20,10,monetary,
ifrs-full:OtherComprehensiveIncomeBeforeTaxGainsLossesFromInvestmentsInEquityInstruments,http://xbrl.ifrs.org/taxonomy/2020-03-16/ifrs-full,OtherComprehensiveIncomeBeforeTaxGainsLossesFromInvestmentsInEquityInstruments,ifrs_full,train,20,5,monetary,
ifrs-full:OtherCurrentLiabilities,http://xbrl.ifrs.org/taxonomy/2019-03-27/ifrs-full,OtherCurrentLiabilities,ifrs_full,train,20,10,monetary,
ifrs-full:OtherCurrentReceivables,http://xbrl.ifrs.org/taxonomy/2019-03-27/ifrs-full,OtherCurrentReceivables,ifrs_full,train,20,10,monetary,
ifrs-full:OtherGainsLosses,http://xbrl.ifrs.org/taxonomy/2020-03-16/ifrs-full,OtherGainsLosses,ifrs_full,train,20,8,monetary,
ifrs-full:OtherInflowsOutflowsOfCashClassifiedAsFinancingActivities,http://xbrl.ifrs.org/taxonomy/2019-03-27/ifrs-full,OtherInflowsOutflowsOfCashClassifiedAsFinancingActivities,ifrs_full,train,20,9,monetary,
ifrs-full:OtherNoncurrentAssets,http://xbrl.ifrs.org/taxonomy/2019-03-27/ifrs-full,OtherNoncurrentAssets,ifrs_full,train,20,9,monetary,
ifrs-full:OtherNoncurrentFinancialAssets,http://xbrl.ifrs.org/taxonomy/2019-03-27/ifrs-full,OtherNoncurrentFinancialAssets,ifrs_full,train,20,9,monetary,
ifrs-full:PurchaseOfIntangibleAssetsClassifiedAsInvestingActivities,http://xbrl.ifrs.org/taxonomy/2019-03-27/ifrs-full,PurchaseOfIntangibleAssetsClassifiedAsInvestingActivities,ifrs_full,train,20,10,monetary,
ifrs-full:PurchaseOfPropertyPlantAndEquipmentClassifiedAsInvestingActivities,http://xbrl.ifrs.org/taxonomy/2019-03-27/ifrs-full,PurchaseOfPropertyPlantAndEquipmentClassifiedAsInvestingActivities,ifrs_full,train,20,10,monetary,
ifrs-full:ResearchAndDevelopmentExpense,http://xbrl.ifrs.org/taxonomy/2020-03-16/ifrs-full,ResearchAndDevelopmentExpense,ifrs_full,train,20,8,monetary,
ifrs-full:ReserveOfExchangeDifferencesOnTranslation,http://xbrl.ifrs.org/taxonomy/2019-03-27/ifrs-full,ReserveOfExchangeDifferencesOnTranslation,ifrs_full,train,20,10,monetary,
ifrs-full:TradeAndOtherCurrentPayablesToTradeSuppliers,http://xbrl.ifrs.org/taxonomy/2019-03-27/ifrs-full,TradeAndOtherCurrentPayablesToTradeSuppliers,ifrs_full,train,20,9,monetary,
ifrs-full:AdjustmentsForIncreaseDecreaseInOtherLiabilities,http://xbrl.ifrs.org/taxonomy/2020-03-16/ifrs-full,AdjustmentsForIncreaseDecreaseInOtherLiabilities,ifrs_full,train,19,7,monetary,
ifrs-full:DepreciationAmortisationAndImpairmentLossReversalOfImpairmentLossRecognisedInProfitOrLoss,http://xbrl.ifrs.org/taxonomy/2020-03-16/ifrs-full,DepreciationAmortisationAndImpairmentLossReversalOfImpairmentLossRecognisedInProfitOrLoss,ifrs_full,train,19,9,monetary,
ifrs-full:InterestExpense,http://xbrl.ifrs.org/taxonomy/2020-03-16/ifrs-full,InterestExpense,ifrs_full,train,19,9,monetary,
ifrs-full:OtherComprehensiveIncomeNetOfTaxGainsLossesOnRevaluation,http://xbrl.ifrs.org/taxonomy/2020-03-16/ifrs-full,OtherComprehensiveIncomeNetOfTaxGainsLossesOnRevaluation,ifrs_full,train,19,4,monetary,
ifrs-full:AdjustmentsForFinanceIncomeCost,http://xbrl.ifrs.org/taxonomy/2019-03-27/ifrs-full,AdjustmentsForFinanceIncomeCost,ifrs_full,train,18,9,monetary,
ifrs-full:CurrentContractLiabilities,http://xbrl.ifrs.org/taxonomy/2020-03-16/ifrs-full,CurrentContractLiabilities,ifrs_full,train,18,8,monetary,
ifrs-full:DeferredIncomeClassifiedAsCurrent,http://xbrl.ifrs.org/taxonomy/2020-03-16/ifrs-full,DeferredIncomeClassifiedAsCurrent,ifrs_full,train,18,8,monetary,
ifrs-full:DividendsReceived,http://xbrl.ifrs.org/taxonomy/2020-03-16/ifrs-full,DividendsReceived,ifrs_full,train,18,1,monetary,
ifrs-full:DividendsRecognisedAsDistributionsToNoncontrollingInterests,http://xbrl.ifrs.org/taxonomy/2019-03-27/ifrs-full,DividendsRecognisedAsDistributionsToNoncontrollingInterests,ifrs_full,train,18,1,monetary,
ifrs-full:EmployeeBenefitsExpense,http://xbrl.ifrs.org/taxonomy/2019-03-27/ifrs-full,EmployeeBenefitsExpense,ifrs_full,train,18,9,monetary,
ifrs-full:GainsLossesOnExchangeDifferencesOnTranslationRecognisedInProfitOrLoss,http://xbrl.ifrs.org/taxonomy/2020-03-16/ifrs-full,GainsLossesOnExchangeDifferencesOnTranslationRecognisedInProfitOrLoss,ifrs_full,train,18,7,monetary,
ifrs-full:IncomeTaxRelatingToRemeasurementsOfDefinedBenefitPlansOfOtherComprehensiveIncome,http://xbrl.ifrs.org/taxonomy/2019-03-27/ifrs-full,IncomeTaxRelatingToRemeasurementsOfDefinedBenefitPlansOfOtherComprehensiveIncome,ifrs_full,train,18,8,monetary,
ifrs-full:IncreaseDecreaseThroughExerciseOfWarrantsEquity,http://xbrl.ifrs.org/taxonomy/2019-03-27/ifrs-full,IncreaseDecreaseThroughExerciseOfWarrantsEquity,ifrs_full,train,18,1,monetary,
ifrs-full:InvestmentProperty,http://xbrl.ifrs.org/taxonomy/2019-03-27/ifrs-full,InvestmentProperty,ifrs_full,train,18,8,monetary,
ifrs-full:InvestmentsInSubsidiaries,http://xbrl.ifrs.org/taxonomy/2020-03-16/ifrs-full,InvestmentsInSubsidiaries,ifrs_full,train,18,5,monetary,
ifrs-full:LiabilitiesIncludedInDisposalGroupsClassifiedAsHeldForSale,http://xbrl.ifrs.org/taxonomy/2019-03-27/ifrs-full,LiabilitiesIncludedInDisposalGroupsClassifiedAsHeldForSale,ifrs_full,train,18,9,monetary,
ifrs-full:NoncurrentAssetsOrDisposalGroupsClassifiedAsHeldForSale,http://xbrl.ifrs.org/taxonomy/2019-03-27/ifrs-full,NoncurrentAssetsOrDisposalGroupsClassifiedAsHeldForSale,ifrs_full,train,18,9,monetary,
ifrs-full:OtherCurrentAssets,http://xbrl.ifrs.org/taxonomy/2020-03-16/ifrs-full,OtherCurrentAssets,ifrs_full,train,18,8,monetary,
ifrs-full:OtherCurrentLiabilities,http://xbrl.ifrs.org/taxonomy/2020-03-16/ifrs-full,OtherCurrentLiabilities,ifrs_full,train,18,9,monetary,
ifrs-full:OtherShorttermProvisions,http://xbrl.ifrs.org/taxonomy/2020-03-16/ifrs-full,OtherShorttermProvisions,ifrs_full,train,18,6,monetary,
ifrs-full:ProceedsFromDisposalsOfPropertyPlantAndEquipmentIntangibleAssetsOtherThanGoodwillInvestmentPropertyAndOtherNoncurrentAssets,http://xbrl.ifrs.org/taxonomy/2020-03-16/ifrs-full,ProceedsFromDisposalsOfPropertyPlantAndEquipmentIntangibleAssetsOtherThanGoodwillInvestmentPropertyAndOtherNoncurrentAssets,ifrs_full,train,18,9,monetary,
ifrs-full:ProceedsFromIssuingShares,http://xbrl.ifrs.org/taxonomy/2019-03-27/ifrs-full,ProceedsFromIssuingShares,ifrs_full,train,18,9,monetary,
ifrs-full:PurchaseOfPropertyPlantAndEquipmentIntangibleAssetsOtherThanGoodwillInvestmentPropertyAndOtherNoncurrentAssets,http://xbrl.ifrs.org/taxonomy/2019-03-27/ifrs-full,PurchaseOfPropertyPlantAndEquipmentIntangibleAssetsOtherThanGoodwillInvestmentPropertyAndOtherNoncurrentAssets,ifrs_full,train,18,8,monetary,
ifrs-full:RevaluationSurplus,http://xbrl.ifrs.org/taxonomy/2020-03-16/ifrs-full,RevaluationSurplus,ifrs_full,train,18,6,monetary,
ifrs-full:CashFlowsFromUsedInIncreaseDecreaseInCurrentBorrowings,http://xbrl.ifrs.org/taxonomy/2019-03-27/ifrs-full,CashFlowsFromUsedInIncreaseDecreaseInCurrentBorrowings,ifrs_full,train,17,8,monetary,
ifrs-full:DividendsPaidToEquityHoldersOfParentClassifiedAsFinancingActivities,http://xbrl.ifrs.org/taxonomy/2020-03-16/ifrs-full,DividendsPaidToEquityHoldersOfParentClassifiedAsFinancingActivities,ifrs_full,train,17,8,monetary,
ifrs-full:IssueOfConvertibleInstruments,http://xbrl.ifrs.org/taxonomy/2019-03-27/ifrs-full,IssueOfConvertibleInstruments,ifrs_full,train,17,2,monetary,
ifrs-full:OtherOperatingIncomeExpense,http://xbrl.ifrs.org/taxonomy/2020-03-16/ifrs-full,OtherOperatingIncomeExpense,ifrs_full,train,17,8,monetary,
ifrs-full:AdjustmentsForDividendIncome,http://xbrl.ifrs.org/taxonomy/2020-03-16/ifrs-full,AdjustmentsForDividendIncome,ifrs_full,train,16,6,monetary,
ifrs-full:AdjustmentsForImpairmentLossReversalOfImpairmentLossRecognisedInProfitOrLossPropertyPlantAndEquipment,http://xbrl.ifrs.org/taxonomy/2020-03-16/ifrs-full,AdjustmentsForImpairmentLossReversalOfImpairmentLossRecognisedInProfitOrLossPropertyPlantAndEquipment,ifrs_full,train,16,5,monetary,
ifrs-full:CashAndCashEquivalentsIfDifferentFromStatementOfFinancialPosition,http://xbrl.ifrs.org/taxonomy/2019-03-27/ifrs-full,CashAndCashEquivalentsIfDifferentFromStatementOfFinancialPosition,ifrs_full,train,16,4,monetary,
ifrs-full:CurrentBorrowingsAndCurrentPortionOfNoncurrentBorrowings,http://xbrl.ifrs.org/taxonomy/2019-03-27/ifrs-full,CurrentBorrowingsAndCurrentPortionOfNoncurrentBorrowings,ifrs_full,train,16,7,monetary,
ifrs-full:CurrentTaxLiabilities,http://xbrl.ifrs.org/taxonomy/2019-03-27/ifrs-full,CurrentTaxLiabilities,ifrs_full,train,16,8,monetary,
ifrs-full:DecreaseIncreaseThroughTaxOnSharebasedPaymentTransactions,http://xbrl.ifrs.org/taxonomy/2019-03-27/ifrs-full,DecreaseIncreaseThroughTaxOnSharebasedPaymentTransactions,ifrs_full,train,16,2,monetary,
ifrs-full:DepreciationAndAmortisationExpense,http://xbrl.ifrs.org/taxonomy/2019-03-27/ifrs-full,DepreciationAndAmortisationExpense,ifrs_full,train,16,7,monetary,
ifrs-full:EnergyExpense,http://xbrl.ifrs.org/taxonomy/2020-03-16/ifrs-full,EnergyExpense,ifrs_full,train,16,4,monetary,
ifrs-full:GainsLossesOnExchangeDifferencesOnTranslationNetOfTax,http://xbrl.ifrs.org/taxonomy/2019-03-27/ifrs-full,GainsLossesOnExchangeDifferencesOnTranslationNetOfTax,ifrs_full,train,16,7,monetary,
ifrs-full:GainsLossesOnFinancialAssetsMeasuredAtFairValueThroughOtherComprehensiveIncomeNetOfTax,http://xbrl.ifrs.org/taxonomy/2020-03-16/ifrs-full,GainsLossesOnFinancialAssetsMeasuredAtFairValueThroughOtherComprehensiveIncomeNetOfTax,ifrs_full,train,16,5,monetary,
ifrs-full:IncomeTaxRelatingToChangesInRevaluationSurplusOfOtherComprehensiveIncome,http://xbrl.ifrs.org/taxonomy/2020-03-16/ifrs-full,IncomeTaxRelatingToChangesInRevaluationSurplusOfOtherComprehensiveIncome,ifrs_full,train,16,1,monetary,
ifrs-full:IncomeTaxRelatingToInvestmentsInEquityInstrumentsOfOtherComprehensiveIncome,http://xbrl.ifrs.org/taxonomy/2020-03-16/ifrs-full,IncomeTaxRelatingToInvestmentsInEquityInstrumentsOfOtherComprehensiveIncome,ifrs_full,train,16,3,monetary,
ifrs-full:IncomeTaxesPaidClassifiedAsOperatingActivities,http://xbrl.ifrs.org/taxonomy/2019-03-27/ifrs-full,IncomeTaxesPaidClassifiedAsOperatingActivities,ifrs_full,train,16,7,monetary,
ifrs-full:LiabilitiesIncludedInDisposalGroupsClassifiedAsHeldForSale,http://xbrl.ifrs.org/taxonomy/2020-03-16/ifrs-full,LiabilitiesIncludedInDisposalGroupsClassifiedAsHeldForSale,ifrs_full,train,16,8,monetary,
ifrs-full:MiscellaneousOtherOperatingExpense,http://xbrl.ifrs.org/taxonomy/2019-03-27/ifrs-full,MiscellaneousOtherOperatingExpense,ifrs_full,train,16,8,monetary,
ifrs-full:NoncurrentPortionOfNoncurrentSecuredBankLoansReceived,http://xbrl.ifrs.org/taxonomy/2020-03-16/ifrs-full,NoncurrentPortionOfNoncurrentSecuredBankLoansReceived,ifrs_full,train,16,4,monetary,
ifrs-full:OtherComprehensiveIncomeBeforeTaxFinancialAssetsMeasuredAtFairValueThroughOtherComprehensiveIncome,http://xbrl.ifrs.org/taxonomy/2019-03-27/ifrs-full,OtherComprehensiveIncomeBeforeTaxFinancialAssetsMeasuredAtFairValueThroughOtherComprehensiveIncome,ifrs_full,train,16,5,monetary,
ifrs-full:OtherNoncurrentNonfinancialLiabilities,http://xbrl.ifrs.org/taxonomy/2020-03-16/ifrs-full,OtherNoncurrentNonfinancialLiabilities,ifrs_full,train,16,6,monetary,
ifrs-full:OtherNoncurrentReceivables,http://xbrl.ifrs.org/taxonomy/2020-03-16/ifrs-full,OtherNoncurrentReceivables,ifrs_full,train,16,4,monetary,
ifrs-full:ProceedsFromIssuingShares,http://xbrl.ifrs.org/taxonomy/2020-03-16/ifrs-full,ProceedsFromIssuingShares,ifrs_full,train,16,8,monetary,
ifrs-full:ProceedsFromSalesOfPropertyPlantAndEquipmentClassifiedAsInvestingActivities,http://xbrl.ifrs.org/taxonomy/2019-03-27/ifrs-full,ProceedsFromSalesOfPropertyPlantAndEquipmentClassifiedAsInvestingActivities,ifrs_full,train,16,8,monetary,
ifrs-full:RepairsAndMaintenanceExpense,http://xbrl.ifrs.org/taxonomy/2020-03-16/ifrs-full,RepairsAndMaintenanceExpense,ifrs_full,train,16,4,monetary,
ifrs-full:ShareOfProfitLossOfAssociatesAccountedForUsingEquityMethod,http://xbrl.ifrs.org/taxonomy/2020-03-16/ifrs-full,ShareOfProfitLossOfAssociatesAccountedForUsingEquityMethod,ifrs_full,train,16,8,monetary,
ifrs-full:TaxExpenseOtherThanIncomeTaxExpense,http://xbrl.ifrs.org/taxonomy/2020-03-16/ifrs-full,TaxExpenseOtherThanIncomeTaxExpense,ifrs_full,train,16,4,monetary,
ifrs-full:TreasuryShares,http://xbrl.ifrs.org/taxonomy/2019-03-27/ifrs-full,TreasuryShares,ifrs_full,train,16,7,monetary,
ifrs-full:AdjustmentsForUndistributedProfitsOfAssociates,http://xbrl.ifrs.org/taxonomy/2020-03-16/ifrs-full,AdjustmentsForUndistributedProfitsOfAssociates,ifrs_full,train,15,7,monetary,
ifrs-full:FeeAndCommissionIncome,http://xbrl.ifrs.org/taxonomy/2020-03-16/ifrs-full,FeeAndCommissionIncome,ifrs_full,train,15,7,monetary,
ifrs-full:ImpairmentLossImpairmentGainAndReversalOfImpairmentLossDeterminedInAccordanceWithIFRS9,http://xbrl.ifrs.org/taxonomy/2020-03-16/ifrs-full,ImpairmentLossImpairmentGainAndReversalOfImpairmentLossDeterminedInAccordanceWithIFRS9,ifrs_full,train,15,7,monetary,
ifrs-full:IncreaseDecreaseThroughOtherDistributionsToOwners,http://xbrl.ifrs.org/taxonomy/2021-03-24/ifrs-full,IncreaseDecreaseThroughOtherDistributionsToOwners,ifrs_full,train,15,2,monetary,
ifrs-full:PaymentsFromChangesInOwnershipInterestsInSubsidiaries,http://xbrl.ifrs.org/taxonomy/2020-03-16/ifrs-full,PaymentsFromChangesInOwnershipInterestsInSubsidiaries,ifrs_full,train,15,8,monetary,
ifrs-full:ProceedsFromSalesOrMaturityOfFinancialInstrumentsClassifiedAsInvestingActivities,http://xbrl.ifrs.org/taxonomy/2020-03-16/ifrs-full,ProceedsFromSalesOrMaturityOfFinancialInstrumentsClassifiedAsInvestingActivities,ifrs_full,train,15,8,monetary,
ifrs-full:ResearchAndDevelopmentExpense,http://xbrl.ifrs.org/taxonomy/2019-03-27/ifrs-full,ResearchAndDevelopmentExpense,ifrs_full,train,15,7,monetary,
ifrs-full:AdjustmentsForGainsLossesOnFairValueAdjustmentInvestmentProperty,http://xbrl.ifrs.org/taxonomy/2020-03-16/ifrs-full,AdjustmentsForGainsLossesOnFairValueAdjustmentInvestmentProperty,ifrs_full,train,14,7,monetary,
ifrs-full:AdjustmentsForSharebasedPayments,http://xbrl.ifrs.org/taxonomy/2019-03-27/ifrs-full,AdjustmentsForSharebasedPayments,ifrs_full,train,14,7,monetary,
ifrs-full:AdjustmentsForUndistributedProfitsOfInvestmentsAccountedForUsingEquityMethod,http://xbrl.ifrs.org/taxonomy/2019-03-27/ifrs-full,AdjustmentsForUndistributedProfitsOfInvestmentsAccountedForUsingEquityMethod,ifrs_full,train,14,7,monetary,
ifrs-full:AdjustmentsForUnrealisedForeignExchangeLossesGains,http://xbrl.ifrs.org/taxonomy/2019-03-27/ifrs-full,AdjustmentsForUnrealisedForeignExchangeLossesGains,ifrs_full,train,14,7,monetary,
ifrs-full:BasicEarningsLossPerShareFromContinuingOperations,http://xbrl.ifrs.org/taxonomy/2019-03-27/ifrs-full,BasicEarningsLossPerShareFromContinuingOperations,ifrs_full,train,14,7,pershare,
ifrs-full:CashAdvancesAndLoansMadeToOtherPartiesClassifiedAsInvestingActivities,http://xbrl.ifrs.org/taxonomy/2020-03-16/ifrs-full,CashAdvancesAndLoansMadeToOtherPartiesClassifiedAsInvestingActivities,ifrs_full,train,14,5,monetary,
ifrs-full:CurrentAccruedExpensesAndOtherCurrentLiabilities,http://xbrl.ifrs.org/taxonomy/2020-03-16/ifrs-full,CurrentAccruedExpensesAndOtherCurrentLiabilities,ifrs_full,train,14,4,monetary,
ifrs-full:CurrentTradeReceivables,http://xbrl.ifrs.org/taxonomy/2019-03-27/ifrs-full,CurrentTradeReceivables,ifrs_full,train,14,7,monetary,
ifrs-full:DilutedEarningsLossPerShareFromContinuingOperations,http://xbrl.ifrs.org/taxonomy/2019-03-27/ifrs-full,DilutedEarningsLossPerShareFromContinuingOperations,ifrs_full,train,14,7,pershare,
ifrs-full:DistributionCosts,http://xbrl.ifrs.org/taxonomy/2020-03-16/ifrs-full,DistributionCosts,ifrs_full,train,14,7,monetary,
ifrs-full:FinanceIncomeCost,http://xbrl.ifrs.org/taxonomy/2019-03-27/ifrs-full,FinanceIncomeCost,ifrs_full,train,14,7,monetary,
ifrs-full:IncomeTaxExpenseContinuingOperations,http://xbrl.ifrs.org/taxonomy/2021-03-24/ifrs-full,IncomeTaxExpenseContinuingOperations,ifrs_full,train,14,5,monetary,
ifrs-full:IncomeTaxRelatingToComponentsOfOtherComprehensiveIncomeThatWillBeReclassifiedToProfitOrLoss,http://xbrl.ifrs.org/taxonomy/2019-03-27/ifrs-full,IncomeTaxRelatingToComponentsOfOtherComprehensiveIncomeThatWillBeReclassifiedToProfitOrLoss,ifrs_full,train,14,7,monetary,
ifrs-full:IncreaseDecreaseThroughChangeInEquityOfSubsidiaries,http://xbrl.ifrs.org/taxonomy/2019-03-27/ifrs-full,IncreaseDecreaseThroughChangeInEquityOfSubsidiaries,ifrs_full,train,14,1,monetary,
ifrs-full:InterestExpense,http://xbrl.ifrs.org/taxonomy/2019-03-27/ifrs-full,InterestExpense,ifrs_full,train,14,7,monetary,
ifrs-full:InterestReceivedClassifiedAsInvestingActivities,http://xbrl.ifrs.org/taxonomy/2019-03-27/ifrs-full,InterestReceivedClassifiedAsInvestingActivities,ifrs_full,train,14,6,monetary,
ifrs-full:NoncurrentFinancialAssets,http://xbrl.ifrs.org/taxonomy/2019-03-27/ifrs-full,NoncurrentFinancialAssets,ifrs_full,train,14,7,monetary,
ifrs-full:OtherAdjustmentsToReconcileProfitLoss,http://xbrl.ifrs.org/taxonomy/2019-03-27/ifrs-full,OtherAdjustmentsToReconcileProfitLoss,ifrs_full,train,14,7,monetary,
ifrs-full:OtherExpenseByNature,http://xbrl.ifrs.org/taxonomy/2019-03-27/ifrs-full,OtherExpenseByNature,ifrs_full,train,14,6,monetary,
ifrs-full:OtherInflowsOutflowsOfCashClassifiedAsInvestingActivities,http://xbrl.ifrs.org/taxonomy/2020-03-16/ifrs-full,OtherInflowsOutflowsOfCashClassifiedAsInvestingActivities,ifrs_full,train,14,5,monetary,
ifrs-full:PaymentsForDebtIssueCosts,http://xbrl.ifrs.org/taxonomy/2020-03-16/ifrs-full,PaymentsForDebtIssueCosts,ifrs_full,train,14,5,monetary,
ifrs-full:RepaymentsOfBondsNotesAndDebentures,http://xbrl.ifrs.org/taxonomy/2020-03-16/ifrs-full,RepaymentsOfBondsNotesAndDebentures,ifrs_full,train,14,7,monetary,
ifrs-full:RepaymentsOfCurrentBorrowings,http://xbrl.ifrs.org/taxonomy/2020-03-16/ifrs-full,RepaymentsOfCurrentBorrowings,ifrs_full,train,14,6,monetary,
ifrs-full:RepaymentsOfNoncurrentBorrowings,http://xbrl.ifrs.org/taxonomy/2020-03-16/ifrs-full,RepaymentsOfNoncurrentBorrowings,ifrs_full,train,14,7,monetary,
ifrs-full:RevenueAndOperatingIncome,http://xbrl.ifrs.org/taxonomy/2020-03-16/ifrs-full,RevenueAndOperatingIncome,ifrs_full,train,14,7,monetary,
ifrs-full:RevenueFromInterest,http://xbrl.ifrs.org/taxonomy/2019-03-27/ifrs-full,RevenueFromInterest,ifrs_full,train,14,7,monetary,
ifrs-full:ServicesExpense,http://xbrl.ifrs.org/taxonomy/2020-03-16/ifrs-full,ServicesExpense,ifrs_full,train,14,7,monetary,
ifrs-full:FeeAndCommissionExpense,http://xbrl.ifrs.org/taxonomy/2020-03-16/ifrs-full,FeeAndCommissionExpense,ifrs_full,train,13,6,monetary,
ifrs-full:GainsLossesOnExchangeDifferencesOnTranslationBeforeTax,http://xbrl.ifrs.org/taxonomy/2019-03-27/ifrs-full,GainsLossesOnExchangeDifferencesOnTranslationBeforeTax,ifrs_full,train,13,5,monetary,
ifrs-full:GeneralAndAdministrativeExpense,http://xbrl.ifrs.org/taxonomy/2019-03-27/ifrs-full,GeneralAndAdministrativeExpense,ifrs_full,train,13,6,monetary,
ifrs-full:IncomeTaxRelatingToRemeasurementsOfDefinedBenefitPlansOfOtherComprehensiveIncome,http://xbrl.ifrs.org/taxonomy/2020-03-16/ifrs-full,IncomeTaxRelatingToRemeasurementsOfDefinedBenefitPlansOfOtherComprehensiveIncome,ifrs_full,train,13,6,monetary,
ifrs-full:SalesAndMarketingExpense,http://xbrl.ifrs.org/taxonomy/2019-03-27/ifrs-full,SalesAndMarketingExpense,ifrs_full,train,13,6,monetary,
ifrs-full:ShareOfOtherComprehensiveIncomeOfAssociatesAndJointVenturesAccountedForUsingEquityMethodThatWillBeReclassifiedToProfitOrLossNetOfTax,http://xbrl.ifrs.org/taxonomy/2020-03-16/ifrs-full,ShareOfOtherComprehensiveIncomeOfAssociatesAndJointVenturesAccountedForUsingEquityMethodThatWillBeReclassifiedToProfitOrLossNetOfTax,ifrs_full,train,13,6,monetary,
ifrs-full:SharePremium,http://xbrl.ifrs.org/taxonomy/2019-03-27/ifrs-full,SharePremium,ifrs_full,train,13,7,monetary,
ifrs-full:AdjustmentsForDecreaseIncreaseInInventories,http://xbrl.ifrs.org/taxonomy/2021-03-24/ifrs-full,AdjustmentsForDecreaseIncreaseInInventories,ifrs_full,train,12,5,monetary,
ifrs-full:AdjustmentsForImpairmentLossReversalOfImpairmentLossRecognisedInProfitOrLoss,http://xbrl.ifrs.org/taxonomy/2020-03-16/ifrs-full,AdjustmentsForImpairmentLossReversalOfImpairmentLossRecognisedInProfitOrLoss,ifrs_full,train,12,6,monetary,
ifrs-full:AdjustmentsForImpairmentLossReversalOfImpairmentLossRecognisedInProfitOrLoss,http://xbrl.ifrs.org/taxonomy/2019-03-27/ifrs-full,AdjustmentsForImpairmentLossReversalOfImpairmentLossRecognisedInProfitOrLoss,ifrs_full,train,12,6,monetary,
ifrs-full:AdjustmentsForImpairmentLossReversalOfImpairmentLossRecognisedInProfitOrLossTradeAndOtherReceivables,http://xbrl.ifrs.org/taxonomy/2020-03-16/ifrs-full,AdjustmentsForImpairmentLossReversalOfImpairmentLossRecognisedInProfitOrLossTradeAndOtherReceivables,ifrs_full,train,12,5,monetary,
ifrs-full:AdjustmentsForReconcileProfitLoss,http://xbrl.ifrs.org/taxonomy/2019-03-27/ifrs-full,AdjustmentsForReconcileProfitLoss,ifrs_full,train,12,6,monetary,
ifrs-full:AdjustmentsForUndistributedProfitsOfInvestmentsAccountedForUsingEquityMethod,http://xbrl.ifrs.org/taxonomy/2020-03-16/ifrs-full,AdjustmentsForUndistributedProfitsOfInvestmentsAccountedForUsingEquityMethod,ifrs_full,train,12,6,monetary,
ifrs-full:Assets,http://xbrl.ifrs.org/taxonomy/2021-03-24/ifrs-full,Assets,ifrs_full,train,12,5,monetary,
ifrs-full:CapitalRedemptionReserve,http://xbrl.ifrs.org/taxonomy/2020-03-16/ifrs-full,CapitalRedemptionReserve,ifrs_full,train,12,5,monetary,
ifrs-full:CashFlowsFromUsedInFinancingActivities,http://xbrl.ifrs.org/taxonomy/2021-03-24/ifrs-full,CashFlowsFromUsedInFinancingActivities,ifrs_full,train,12,5,monetary,
ifrs-full:CashFlowsFromUsedInInvestingActivities,http://xbrl.ifrs.org/taxonomy/2021-03-24/ifrs-full,CashFlowsFromUsedInInvestingActivities,ifrs_full,train,12,5,monetary,
ifrs-full:CashFlowsFromUsedInOperatingActivities,http://xbrl.ifrs.org/taxonomy/2021-03-24/ifrs-full,CashFlowsFromUsedInOperatingActivities,ifrs_full,train,12,5,monetary,
ifrs-full:CashFlowsFromUsedInOperations,http://xbrl.ifrs.org/taxonomy/2021-03-24/ifrs-full,CashFlowsFromUsedInOperations,ifrs_full,train,12,5,monetary,
ifrs-full:CashFlowsFromUsedInOperationsBeforeChangesInWorkingCapital,http://xbrl.ifrs.org/taxonomy/2021-03-24/ifrs-full,CashFlowsFromUsedInOperationsBeforeChangesInWorkingCapital,ifrs_full,train,12,5,monetary,
ifrs-full:CashFlowsFromUsedInOperationsBeforeChangesInWorkingCapital,http://xbrl.ifrs.org/taxonomy/2019-03-27/ifrs-full,CashFlowsFromUsedInOperationsBeforeChangesInWorkingCapital,ifrs_full,train,12,6,monetary,
ifrs-full:ChangesInEquity,http://xbrl.ifrs.org/taxonomy/2020-03-16/ifrs-full,ChangesInEquity,ifrs_full,train,12,1,monetary,
ifrs-full:CurrentAssets,http://xbrl.ifrs.org/taxonomy/2021-03-24/ifrs-full,CurrentAssets,ifrs_full,train,12,5,monetary,
ifrs-full:CurrentDerivativeFinancialAssets,http://xbrl.ifrs.org/taxonomy/2020-03-16/ifrs-full,CurrentDerivativeFinancialAssets,ifrs_full,train,12,6,monetary,
ifrs-full:CurrentLiabilities,http://xbrl.ifrs.org/taxonomy/2021-03-24/ifrs-full,CurrentLiabilities,ifrs_full,train,12,5,monetary,
ifrs-full:CurrentPrepayments,http://xbrl.ifrs.org/taxonomy/2019-03-27/ifrs-full,CurrentPrepayments,ifrs_full,train,12,6,monetary,
ifrs-full:CurrentSecuredBankLoansReceivedAndCurrentPortionOfNoncurrentSecuredBankLoansReceived,http://xbrl.ifrs.org/taxonomy/2020-03-16/ifrs-full,CurrentSecuredBankLoansReceivedAndCurrentPortionOfNoncurrentSecuredBankLoansReceived,ifrs_full,train,12,3,monetary,
ifrs-full:DepositsFromCustomers,http://xbrl.ifrs.org/taxonomy/2020-03-16/ifrs-full,DepositsFromCustomers,ifrs_full,train,12,6,monetary,
ifrs-full:EquityAndLiabilities,http://xbrl.ifrs.org/taxonomy/2021-03-24/ifrs-full,EquityAndLiabilities,ifrs_full,train,12,5,monetary,
ifrs-full:FeeAndCommissionExpense,http://xbrl.ifrs.org/taxonomy/2019-03-27/ifrs-full,FeeAndCommissionExpense,ifrs_full,train,12,6,monetary,
ifrs-full:GainsLossesOnCashFlowHedgesNetOfTax,http://xbrl.ifrs.org/taxonomy/2019-03-27/ifrs-full,GainsLossesOnCashFlowHedgesNetOfTax,ifrs_full,train,12,4,monetary,
ifrs-full:GainsLossesOnExchangeDifferencesOnTranslationRecognisedInProfitOrLoss,http://xbrl.ifrs.org/taxonomy/2019-03-27/ifrs-full,GainsLossesOnExchangeDifferencesOnTranslationRecognisedInProfitOrLoss,ifrs_full,train,12,6,monetary,
ifrs-full:ImpairmentLossReversalOfImpairmentLossRecognisedInProfitOrLoss,http://xbrl.ifrs.org/taxonomy/2020-03-16/ifrs-full,ImpairmentLossReversalOfImpairmentLossRecognisedInProfitOrLoss,ifrs_full,train,12,6,monetary,
ifrs-full:IncreaseDecreaseInCashAndCashEquivalents,http://xbrl.ifrs.org/taxonomy/2021-03-24/ifrs-full,IncreaseDecreaseInCashAndCashEquivalents,ifrs_full,train,12,5,monetary,
ifrs-full:InterestPaidClassifiedAsFinancingActivities,http://xbrl.ifrs.org/taxonomy/2019-03-27/ifrs-full,InterestPaidClassifiedAsFinancingActivities,ifrs_full,train,12,6,monetary,
ifrs-full:InventoriesTotal,http://xbrl.ifrs.org/taxonomy/2019-03-27/ifrs-full,InventoriesTotal,ifrs_full,train,12,6,monetary,
ifrs-full:IssuedCapital,http://xbrl.ifrs.org/taxonomy/2021-03-24/ifrs-full,IssuedCapital,ifrs_full,train,12,5,monetary,
ifrs-full:LeaseLiabilities,http://xbrl.ifrs.org/taxonomy/2020-03-16/ifrs-full,LeaseLiabilities,ifrs_full,train,12,4,monetary,
ifrs-full:MiscellaneousOtherOperatingExpense,http://xbrl.ifrs.org/taxonomy/2020-03-16/ifrs-full,MiscellaneousOtherOperatingExpense,ifrs_full,train,12,6,monetary,
ifrs-full:NoncurrentAssets,http://xbrl.ifrs.org/taxonomy/2021-03-24/ifrs-full,NoncurrentAssets,ifrs_full,train,12,5,monetary,
ifrs-full:NoncurrentAssetsOrDisposalGroupsClassifiedAsHeldForSaleOrAsHeldForDistributionToOwners,http://xbrl.ifrs.org/taxonomy/2019-03-27/ifrs-full,NoncurrentAssetsOrDisposalGroupsClassifiedAsHeldForSaleOrAsHeldForDistributionToOwners,ifrs_full,train,12,5,monetary,
ifrs-full:NoncurrentLiabilities,http://xbrl.ifrs.org/taxonomy/2021-03-24/ifrs-full,NoncurrentLiabilities,ifrs_full,train,12,5,monetary,
ifrs-full:NoncurrentProvisionsForEmployeeBenefits,http://xbrl.ifrs.org/taxonomy/2019-03-27/ifrs-full,NoncurrentProvisionsForEmployeeBenefits,ifrs_full,train,12,6,monetary,
ifrs-full:NoncurrentRecognisedLiabilitiesDefinedBenefitPlan,http://xbrl.ifrs.org/taxonomy/2020-03-16/ifrs-full,NoncurrentRecognisedLiabilitiesDefinedBenefitPlan,ifrs_full,train,12,6,monetary,
ifrs-full:OtherCashPaymentsToAcquireEquityOrDebtInstrumentsOfOtherEntitiesClassifiedAsInvestingActivities,http://xbrl.ifrs.org/taxonomy/2020-03-16/ifrs-full,OtherCashPaymentsToAcquireEquityOrDebtInstrumentsOfOtherEntitiesClassifiedAsInvestingActivities,ifrs_full,train,12,6,monetary,
ifrs-full:OtherComprehensiveIncomeBeforeTax,http://xbrl.ifrs.org/taxonomy/2019-03-27/ifrs-full,OtherComprehensiveIncomeBeforeTax,ifrs_full,train,12,1,monetary,
ifrs-full:OtherComprehensiveIncomeBeforeTaxCashFlowHedges,http://xbrl.ifrs.org/taxonomy/2019-03-27/ifrs-full,OtherComprehensiveIncomeBeforeTaxCashFlowHedges,ifrs_full,train,12,5,monetary,
ifrs-full:OtherCurrentFinancialAssets,http://xbrl.ifrs.org/taxonomy/2019-03-27/ifrs-full,OtherCurrentFinancialAssets,ifrs_full,train,12,6,monetary,
ifrs-full:OtherIncome,http://xbrl.ifrs.org/taxonomy/2021-03-24/ifrs-full,OtherIncome,ifrs_full,train,12,5,monetary,
ifrs-full:OtherInflowsOutflowsOfCashClassifiedAsOperatingActivities,http://xbrl.ifrs.org/taxonomy/2020-03-16/ifrs-full,OtherInflowsOutflowsOfCashClassifiedAsOperatingActivities,ifrs_full,train,12,5,monetary,
ifrs-full:OtherLiabilities,http://xbrl.ifrs.org/taxonomy/2020-03-16/ifrs-full,OtherLiabilities,ifrs_full,train,12,6,monetary,
ifrs-full:OtherLongtermProvisions,http://xbrl.ifrs.org/taxonomy/2019-03-27/ifrs-full,OtherLongtermProvisions,ifrs_full,train,12,6,monetary,
ifrs-full:OtherShorttermProvisions,http://xbrl.ifrs.org/taxonomy/2019-03-27/ifrs-full,OtherShorttermProvisions,ifrs_full,train,12,6,monetary,
ifrs-full:OtherWorkPerformedByEntityAndCapitalised,http://xbrl.ifrs.org/taxonomy/2020-03-16/ifrs-full,OtherWorkPerformedByEntityAndCapitalised,ifrs_full,train,12,6,monetary,
ifrs-full:ProceedsFromContributionsOfNoncontrollingInterests,http://xbrl.ifrs.org/taxonomy/2019-03-27/ifrs-full,ProceedsFromContributionsOfNoncontrollingInterests,ifrs_full,train,12,2,monetary,
ifrs-full:ProceedsFromDisposalOfNoncurrentAssetsOrDisposalGroupsClassifiedAsHeldForSaleAndDiscontinuedOperations,http://xbrl.ifrs.org/taxonomy/2020-03-16/ifrs-full,ProceedsFromDisposalOfNoncurrentAssetsOrDisposalGroupsClassifiedAsHeldForSaleAndDiscontinuedOperations,ifrs_full,train,12,5,monetary,
ifrs-full:ProceedsFromDisposalsOfPropertyPlantAndEquipmentIntangibleAssetsOtherThanGoodwillInvestmentPropertyAndOtherNoncurrentAssets,http://xbrl.ifrs.org/taxonomy/2019-03-27/ifrs-full,ProceedsFromDisposalsOfPropertyPlantAndEquipmentIntangibleAssetsOtherThanGoodwillInvestmentPropertyAndOtherNoncurrentAssets,ifrs_full,train,12,5,monetary,
ifrs-full:ProceedsFromNoncurrentBorrowings,http://xbrl.ifrs.org/taxonomy/2020-03-16/ifrs-full,ProceedsFromNoncurrentBorrowings,ifrs_full,train,12,6,monetary,
ifrs-full:ProceedsFromNoncurrentBorrowings,http://xbrl.ifrs.org/taxonomy/2019-03-27/ifrs-full,ProceedsFromNoncurrentBorrowings,ifrs_full,train,12,6,monetary,
ifrs-full:ProceedsFromSalesOrMaturityOfFinancialInstrumentsClassifiedAsInvestingActivities,http://xbrl.ifrs.org/taxonomy/2019-03-27/ifrs-full,ProceedsFromSalesOrMaturityOfFinancialInstrumentsClassifiedAsInvestingActivities,ifrs_full,train,12,5,monetary,
ifrs-full:PropertyPlantAndEquipment,http://xbrl.ifrs.org/taxonomy/2021-03-24/ifrs-full,PropertyPlantAndEquipment,ifrs_full,train,12,5,monetary,
ifrs-full:PurchaseOfInterestsInInvestmentsAccountedForUsingEquityMethod,http://xbrl.ifrs.org/taxonomy/2020-03-16/ifrs-full,PurchaseOfInterestsInInvestmentsAccountedForUsingEquityMethod,ifrs_full,train,12,6,monetary,
ifrs-full:PurchaseOfInvestmentProperty,http://xbrl.ifrs.org/taxonomy/2020-03-16/ifrs-full,PurchaseOfInvestmentProperty,ifrs_full,train,12,6,monetary,
ifrs-full:ReclassificationAdjustmentsOnCashFlowHedgesNetOfTax,http://xbrl.ifrs.org/taxonomy/2019-03-27/ifrs-full,ReclassificationAdjustmentsOnCashFlowHedgesNetOfTax,ifrs_full,train,12,4,monetary,
ifrs-full:RepaymentsOfBorrowingsClassifiedAsFinancingActivities,http://xbrl.ifrs.org/taxonomy/2021-03-24/ifrs-full,RepaymentsOfBorrowingsClassifiedAsFinancingActivities,ifrs_full,train,12,5,monetary,
ifrs-full:RepaymentsOfNoncurrentBorrowings,http://xbrl.ifrs.org/taxonomy/2019-03-27/ifrs-full,RepaymentsOfNoncurrentBorrowings,ifrs_full,train,12,6,monetary,
ifrs-full:ReserveOfCashFlowHedges,http://xbrl.ifrs.org/taxonomy/2020-03-16/ifrs-full,ReserveOfCashFlowHedges,ifrs_full,train,12,6,monetary,
ifrs-full:ShareIssueRelatedCost,http://xbrl.ifrs.org/taxonomy/2019-03-27/ifrs-full,ShareIssueRelatedCost,ifrs_full,train,12,2,monetary,
ifrs-full:AdjustmentsForGainLossOnDisposalOfInvestmentsInSubsidiariesJointVenturesAndAssociates,http://xbrl.ifrs.org/taxonomy/2020-03-16/ifrs-full,AdjustmentsForGainLossOnDisposalOfInvestmentsInSubsidiariesJointVenturesAndAssociates,ifrs_full,train,11,4,monetary,
ifrs-full:BasicEarningsLossPerShareFromContinuingOperations,http://xbrl.ifrs.org/taxonomy/2020-03-16/ifrs-full,BasicEarningsLossPerShareFromContinuingOperations,ifrs_full,train,11,5,pershare,
ifrs-full:CancellationOfTreasuryShares,http://xbrl.ifrs.org/taxonomy/2019-03-27/ifrs-full,CancellationOfTreasuryShares,ifrs_full,train,11,1,monetary,
ifrs-full:ChangesInInventoriesOfFinishedGoodsAndWorkInProgress,http://xbrl.ifrs.org/taxonomy/2020-03-16/ifrs-full,ChangesInInventoriesOfFinishedGoodsAndWorkInProgress,ifrs_full,train,11,5,monetary,
ifrs-full:GainsLossesOnExchangeDifferencesOnTranslationBeforeTax,http://xbrl.ifrs.org/taxonomy/2020-03-16/ifrs-full,GainsLossesOnExchangeDifferencesOnTranslationBeforeTax,ifrs_full,train,11,5,monetary,
ifrs-full:GainsLossesOnFairValueAdjustmentInvestmentProperty,http://xbrl.ifrs.org/taxonomy/2020-03-16/ifrs-full,GainsLossesOnFairValueAdjustmentInvestmentProperty,ifrs_full,train,11,6,monetary,
ifrs-full:IncreaseDecreaseThroughAppropriationOfRetainedEarnings,http://xbrl.ifrs.org/taxonomy/2021-03-24/ifrs-full,IncreaseDecreaseThroughAppropriationOfRetainedEarnings,ifrs_full,train,11,1,monetary,
ifrs-full:IncreaseDecreaseThroughTransfersAndOtherChangesEquity,http://xbrl.ifrs.org/taxonomy/2021-03-24/ifrs-full,IncreaseDecreaseThroughTransfersAndOtherChangesEquity,ifrs_full,train,11,1,monetary,
ifrs-full:Provisions,http://xbrl.ifrs.org/taxonomy/2019-03-27/ifrs-full,Provisions,ifrs_full,train,11,5,monetary,
ifrs-full:ShareOfOtherComprehensiveIncomeOfAssociatesAndJointVenturesAccountedForUsingEquityMethodThatWillNotBeReclassifiedToProfitOrLossNetOfTax,http://xbrl.ifrs.org/taxonomy/2020-03-16/ifrs-full,ShareOfOtherComprehensiveIncomeOfAssociatesAndJointVenturesAccountedForUsingEquityMethodThatWillNotBeReclassifiedToProfitOrLossNetOfTax,ifrs_full,train,11,5,monetary,
ifrs-full:AdjustmentsForDecreaseIncreaseInTradeAccountReceivable,http://xbrl.ifrs.org/taxonomy/2019-03-27/ifrs-full,AdjustmentsForDecreaseIncreaseInTradeAccountReceivable,ifrs_full,train,10,5,monetary,
ifrs-full:AdjustmentsForDepreciationAndAmortisationExpenseAndImpairmentLossReversalOfImpairmentLossRecognisedInProfitOrLoss,http://xbrl.ifrs.org/taxonomy/2019-03-27/ifrs-full,AdjustmentsForDepreciationAndAmortisationExpenseAndImpairmentLossReversalOfImpairmentLossRecognisedInProfitOrLoss,ifrs_full,train,10,5,monetary,
ifrs-full:AdjustmentsForFinanceIncome,http://xbrl.ifrs.org/taxonomy/2020-03-16/ifrs-full,AdjustmentsForFinanceIncome,ifrs_full,train,10,5,monetary,
ifrs-full:AdjustmentsForFinanceIncomeCost,http://xbrl.ifrs.org/taxonomy/2020-03-16/ifrs-full,AdjustmentsForFinanceIncomeCost,ifrs_full,train,10,5,monetary,
ifrs-full:AdjustmentsForGainsLossesOnChangeInFairValueOfDerivatives,http://xbrl.ifrs.org/taxonomy/2019-03-27/ifrs-full,AdjustmentsForGainsLossesOnChangeInFairValueOfDerivatives,ifrs_full,train,10,5,monetary,
ifrs-full:AdjustmentsForIncreaseDecreaseInOtherLiabilities,http://xbrl.ifrs.org/taxonomy/2019-03-27/ifrs-full,AdjustmentsForIncreaseDecreaseInOtherLiabilities,ifrs_full,train,10,5,monetary,
ifrs-full:AdjustmentsForIncreaseDecreaseInTradeAccountPayable,http://xbrl.ifrs.org/taxonomy/2019-03-27/ifrs-full,AdjustmentsForIncreaseDecreaseInTradeAccountPayable,ifrs_full,train,10,5,monetary,
ifrs-full:AdjustmentsForInterestExpense,http://xbrl.ifrs.org/taxonomy/2021-03-24/ifrs-full,AdjustmentsForInterestExpense,ifrs_full,train,10,4,monetary,
ifrs-full:AdjustmentsForInterestIncome,http://xbrl.ifrs.org/taxonomy/2021-03-24/ifrs-full,AdjustmentsForInterestIncome,ifrs_full,train,10,4,monetary,
ifrs-full:AdjustmentsForUndistributedProfitsOfAssociates,http://xbrl.ifrs.org/taxonomy/2019-03-27/ifrs-full,AdjustmentsForUndistributedProfitsOfAssociates,ifrs_full,train,10,6,monetary,
ifrs-full:BankOverdraftsClassifiedAsCashEquivalents,http://xbrl.ifrs.org/taxonomy/2020-03-16/ifrs-full,BankOverdraftsClassifiedAsCashEquivalents,ifrs_full,train,10,3,monetary,
ifrs-full:BasicAndDilutedEarningsLossPerShare,http://xbrl.ifrs.org/taxonomy/2019-03-27/ifrs-full,BasicAndDilutedEarningsLossPerShare,ifrs_full,train,10,5,pershare,
ifrs-full:CashReceiptsFromRepaymentOfAdvancesAndLoansMadeToOtherPartiesClassifiedAsInvestingActivities,http://xbrl.ifrs.org/taxonomy/2019-03-27/ifrs-full,CashReceiptsFromRepaymentOfAdvancesAndLoansMadeToOtherPartiesClassifiedAsInvestingActivities,ifrs_full,train,10,4,monetary,
ifrs-full:CashReceiptsFromRepaymentOfAdvancesAndLoansMadeToRelatedParties,http://xbrl.ifrs.org/taxonomy/2020-03-16/ifrs-full,CashReceiptsFromRepaymentOfAdvancesAndLoansMadeToRelatedParties,ifrs_full,train,10,4,monetary,
ifrs-full:CurrentAssetsOtherThanAssetsOrDisposalGroupsClassifiedAsHeldForSaleOrAsHeldForDistributionToOwners,http://xbrl.ifrs.org/taxonomy/2020-03-16/ifrs-full,CurrentAssetsOtherThanAssetsOrDisposalGroupsClassifiedAsHeldForSaleOrAsHeldForDistributionToOwners,ifrs_full,train,10,4,monetary,
ifrs-full:CurrentContractAssets,http://xbrl.ifrs.org/taxonomy/2019-03-27/ifrs-full,CurrentContractAssets,ifrs_full,train,10,5,monetary,
ifrs-full:CurrentContractLiabilities,http://xbrl.ifrs.org/taxonomy/2019-03-27/ifrs-full,CurrentContractLiabilities,ifrs_full,train,10,5,monetary,
ifrs-full:CurrentLeaseLiabilities,http://xbrl.ifrs.org/taxonomy/2021-03-24/ifrs-full,CurrentLeaseLiabilities,ifrs_full,train,10,4,monetary,
ifrs-full:CurrentTaxAssets,http://xbrl.ifrs.org/taxonomy/2020-03-16/ifrs-full,CurrentTaxAssets,ifrs_full,train,10,5,monetary,
ifrs-full:DeferredTaxExpenseIncomeRecognisedInProfitOrLoss,http://xbrl.ifrs.org/taxonomy/2020-03-16/ifrs-full,DeferredTaxExpenseIncomeRecognisedInProfitOrLoss,ifrs_full,train,10,3,monetary,
ifrs-full:DepositsFromBanks,http://xbrl.ifrs.org/taxonomy/2020-03-16/ifrs-full,DepositsFromBanks,ifrs_full,train,10,5,monetary,
ifrs-full:DepreciationAmortisationAndImpairmentLossReversalOfImpairmentLossRecognisedInProfitOrLoss,http://xbrl.ifrs.org/taxonomy/2019-03-27/ifrs-full,DepreciationAmortisationAndImpairmentLossReversalOfImpairmentLossRecognisedInProfitOrLoss,ifrs_full,train,10,5,monetary,
ifrs-full:DividendsReceivedFromInvestmentsAccountedForUsingEquityMethodClassifiedAsInvestingActivities,http://xbrl.ifrs.org/taxonomy/2020-03-16/ifrs-full,DividendsReceivedFromInvestmentsAccountedForUsingEquityMethodClassifiedAsInvestingActivities,ifrs_full,train,10,3,monetary,
ifrs-full:FeeAndCommissionIncome,http://xbrl.ifrs.org/taxonomy/2019-03-27/ifrs-full,FeeAndCommissionIncome,ifrs_full,train,10,5,monetary,
ifrs-full:FinanceCostsPaidClassifiedAsOperatingActivities,http://xbrl.ifrs.org/taxonomy/2020-03-16/ifrs-full,FinanceCostsPaidClassifiedAsOperatingActivities,ifrs_full,train,10,5,monetary,
ifrs-full:FinancialAssetsAtFairValueThroughProfitOrLoss,http://xbrl.ifrs.org/taxonomy/2020-03-16/ifrs-full,FinancialAssetsAtFairValueThroughProfitOrLoss,ifrs_full,train,10,5,monetary,
ifrs-full:FinancialAssetsMeasuredAtFairValueThroughOtherComprehensiveIncome,http://xbrl.ifrs.org/taxonomy/2020-03-16/ifrs-full,FinancialAssetsMeasuredAtFairValueThroughOtherComprehensiveIncome,ifrs_full,train,10,5,monetary,
ifrs-full:GainsLossesOnDisposalsOfInvestments,http://xbrl.ifrs.org/taxonomy/2020-03-16/ifrs-full,GainsLossesOnDisposalsOfInvestments,ifrs_full,train,10,4,monetary,
ifrs-full:GeneralAndAdministrativeExpense,http://xbrl.ifrs.org/taxonomy/2020-03-16/ifrs-full,GeneralAndAdministrativeExpense,ifrs_full,train,10,3,monetary,
ifrs-full:ImpairmentLossImpairmentGainAndReversalOfImpairmentLossDeterminedInAccordanceWithIFRS9,http://xbrl.ifrs.org/taxonomy/2019-03-27/ifrs-full,ImpairmentLossImpairmentGainAndReversalOfImpairmentLossDeterminedInAccordanceWithIFRS9,ifrs_full,train,10,5,monetary,
ifrs-full:ImpairmentLossReversalOfImpairmentLossRecognisedInProfitOrLoss,http://xbrl.ifrs.org/taxonomy/2019-03-27/ifrs-full,ImpairmentLossReversalOfImpairmentLossRecognisedInProfitOrLoss,ifrs_full,train,10,4,monetary,
ifrs-full:IncreaseDecreaseThroughTransferToStatutoryReserve,http://xbrl.ifrs.org/taxonomy/2019-03-27/ifrs-full,IncreaseDecreaseThroughTransferToStatutoryReserve,ifrs_full,train,10,1,monetary,
ifrs-full:InterestReceivedClassifiedAsOperatingActivities,http://xbrl.ifrs.org/taxonomy/2021-03-24/ifrs-full,InterestReceivedClassifiedAsOperatingActivities,ifrs_full,train,10,4,monetary,
ifrs-full:InterestRevenueExpense,http://xbrl.ifrs.org/taxonomy/2019-03-27/ifrs-full,InterestRevenueExpense,ifrs_full,train,10,5,monetary,
ifrs-full:Inventories,http://xbrl.ifrs.org/taxonomy/2021-03-24/ifrs-full,Inventories,ifrs_full,train,10,4,monetary,
ifrs-full:InvestmentsInAssociates,http://xbrl.ifrs.org/taxonomy/2020-03-16/ifrs-full,InvestmentsInAssociates,ifrs_full,train,10,5,monetary,
ifrs-full:InvestmentsInJointVentures,http://xbrl.ifrs.org/taxonomy/2020-03-16/ifrs-full,InvestmentsInJointVentures,ifrs_full,train,10,5,monetary,
ifrs-full:Liabilities,http://xbrl.ifrs.org/taxonomy/2021-03-24/ifrs-full,Liabilities,ifrs_full,train,10,4,monetary,
ifrs-full:LoansAndAdvancesToBanks,http://xbrl.ifrs.org/taxonomy/2020-03-16/ifrs-full,LoansAndAdvancesToBanks,ifrs_full,train,10,5,monetary,
ifrs-full:LoansAndAdvancesToCustomers,http://xbrl.ifrs.org/taxonomy/2020-03-16/ifrs-full,LoansAndAdvancesToCustomers,ifrs_full,train,10,5,monetary,
ifrs-full:MiscellaneousOtherOperatingIncome,http://xbrl.ifrs.org/taxonomy/2019-03-27/ifrs-full,MiscellaneousOtherOperatingIncome,ifrs_full,train,10,5,monetary,
ifrs-full:MiscellaneousOtherOperatingIncome,http://xbrl.ifrs.org/taxonomy/2020-03-16/ifrs-full,MiscellaneousOtherOperatingIncome,ifrs_full,train,10,5,monetary,
ifrs-full:NetEarnedPremium,http://xbrl.ifrs.org/taxonomy/2020-03-16/ifrs-full,NetEarnedPremium,ifrs_full,train,10,5,monetary,
ifrs-full:NoncurrentLeaseLiabilities,http://xbrl.ifrs.org/taxonomy/2021-03-24/ifrs-full,NoncurrentLeaseLiabilities,ifrs_full,train,10,4,monetary,
ifrs-full:NoncurrentPortionOfNoncurrentBondsIssued,http://xbrl.ifrs.org/taxonomy/2019-03-27/ifrs-full,NoncurrentPortionOfNoncurrentBondsIssued,ifrs_full,train,10,4,monetary,
ifrs-full:NoncurrentRecognisedAssetsDefinedBenefitPlan,http://xbrl.ifrs.org/taxonomy/2020-03-16/ifrs-full,NoncurrentRecognisedAssetsDefinedBenefitPlan,ifrs_full,train,10,5,monetary,
ifrs-full:OtherAssets,http://xbrl.ifrs.org/taxonomy/2020-03-16/ifrs-full,OtherAssets,ifrs_full,train,10,5,monetary,
ifrs-full:OtherComprehensiveIncomeThatWillBeReclassifiedToProfitOrLossBeforeTax,http://xbrl.ifrs.org/taxonomy/2020-03-16/ifrs-full,OtherComprehensiveIncomeThatWillBeReclassifiedToProfitOrLossBeforeTax,ifrs_full,train,10,3,monetary,
ifrs-full:OtherComprehensiveIncomeThatWillNotBeReclassifiedToProfitOrLossBeforeTax,http://xbrl.ifrs.org/taxonomy/2020-03-16/ifrs-full,OtherComprehensiveIncomeThatWillNotBeReclassifiedToProfitOrLossBeforeTax,ifrs_full,train,10,3,monetary,
ifrs-full:OtherCurrentPayables,http://xbrl.ifrs.org/taxonomy/2019-03-27/ifrs-full,OtherCurrentPayables,ifrs_full,train,10,4,monetary,
ifrs-full:OtherCurrentReceivables,http://xbrl.ifrs.org/taxonomy/2021-03-24/ifrs-full,OtherCurrentReceivables,ifrs_full,train,10,4,monetary,
ifrs-full:OtherFinanceIncomeCost,http://xbrl.ifrs.org/taxonomy/2019-03-27/ifrs-full,OtherFinanceIncomeCost,ifrs_full,train,10,5,monetary,
ifrs-full:OtherNoncurrentNonfinancialAssets,http://xbrl.ifrs.org/taxonomy/2020-03-16/ifrs-full,OtherNoncurrentNonfinancialAssets,ifrs_full,train,10,5,monetary,
ifrs-full:PaymentsOfLeaseLiabilitiesClassifiedAsFinancingActivities,http://xbrl.ifrs.org/taxonomy/2021-03-24/ifrs-full,PaymentsOfLeaseLiabilitiesClassifiedAsFinancingActivities,ifrs_full,train,10,4,monetary,
ifrs-full:PaymentsToAndOnBehalfOfEmployees,http://xbrl.ifrs.org/taxonomy/2020-03-16/ifrs-full,PaymentsToAndOnBehalfOfEmployees,ifrs_full,train,10,5,monetary,
ifrs-full:ProceedsFromBorrowingsClassifiedAsFinancingActivities,http://xbrl.ifrs.org/taxonomy/2021-03-24/ifrs-full,ProceedsFromBorrowingsClassifiedAsFinancingActivities,ifrs_full,train,10,4,monetary,
ifrs-full:RevenueFromDividends,http://xbrl.ifrs.org/taxonomy/2020-03-16/ifrs-full,RevenueFromDividends,ifrs_full,train,10,5,monetary,
ifrs-full:SellingGeneralAndAdministrativeExpense,http://xbrl.ifrs.org/taxonomy/2020-03-16/ifrs-full,SellingGeneralAndAdministrativeExpense,ifrs_full,train,10,5,monetary,
ifrs-full:ShareOfOtherComprehensiveIncomeOfAssociatesAndJointVenturesAccountedForUsingEquityMethodThatWillBeReclassifiedToProfitOrLossNetOfTax,http://xbrl.ifrs.org/taxonomy/2019-03-27/ifrs-full,ShareOfOtherComprehensiveIncomeOfAssociatesAndJointVenturesAccountedForUsingEquityMethodThatWillBeReclassifiedToProfitOrLossNetOfTax,ifrs_full,train,10,4,monetary,
ifrs-full:AmountRemovedFromReserveOfCashFlowHedgesAndIncludedInInitialCostOrOtherCarryingAmountOfNonfinancialAssetLiabilityOrFirmCommitmentForWhichFairValueHedgeAccountingIsApplied,http://xbrl.ifrs.org/taxonomy/2020-03-16/ifrs-full,AmountRemovedFromReserveOfCashFlowHedgesAndIncludedInInitialCostOrOtherCarryingAmountOfNonfinancialAssetLiabilityOrFirmCommitmentForWhichFairValueHedgeAccountingIsApplied,ifrs_full,train,9,1,monetary,
ifrs-full:CapitalReserve,http://xbrl.ifrs.org/taxonomy/2019-03-27/ifrs-full,CapitalReserve,ifrs_full,train,9,4,monetary,
ifrs-full:FinancialAssetsAtFairValueThroughProfitOrLoss,http://xbrl.ifrs.org/taxonomy/2019-03-27/ifrs-full,FinancialAssetsAtFairValueThroughProfitOrLoss,ifrs_full,train,9,4,monetary,
ifrs-full:FinancialLiabilitiesAtFairValueThroughProfitOrLoss,http://xbrl.ifrs.org/taxonomy/2019-03-27/ifrs-full,FinancialLiabilitiesAtFairValueThroughProfitOrLoss,ifrs_full,train,9,4,monetary,
ifrs-full:InterestRevenueExpense,http://xbrl.ifrs.org/taxonomy/2020-03-16/ifrs-full,InterestRevenueExpense,ifrs_full,train,9,4,monetary,
ifrs-full:NoncurrentInvestmentsOtherThanInvestmentsAccountedForUsingEquityMethod,http://xbrl.ifrs.org/taxonomy/2020-03-16/ifrs-full,NoncurrentInvestmentsOtherThanInvestmentsAccountedForUsingEquityMethod,ifrs_full,train,9,5,monetary,
ifrs-full:OperatingExpense,http://xbrl.ifrs.org/taxonomy/2019-03-27/ifrs-full,OperatingExpense,ifrs_full,train,9,3,monetary,
ifrs-full:PurchaseOfFinancialInstrumentsClassifiedAsInvestingActivities,http://xbrl.ifrs.org/taxonomy/2020-03-16/ifrs-full,PurchaseOfFinancialInstrumentsClassifiedAsInvestingActivities,ifrs_full,train,9,5,monetary,
ifrs-full:ShareOfOtherComprehensiveIncomeOfAssociatesAndJointVenturesAccountedForUsingEquityMethodThatWillBeReclassifiedToProfitOrLossBeforeTax,http://xbrl.ifrs.org/taxonomy/2019-03-27/ifrs-full,ShareOfOtherComprehensiveIncomeOfAssociatesAndJointVenturesAccountedForUsingEquityMethodThatWillBeReclassifiedToProfitOrLossBeforeTax,ifrs_full,train,9,3,monetary,
ifrs-full:SubordinatedLiabilities,http://xbrl.ifrs.org/taxonomy/2019-03-27/ifrs-full,SubordinatedLiabilities,ifrs_full,train,9,4,monetary,
ifrs-full:TradeAndOtherPayables,http://xbrl.ifrs.org/taxonomy/2020-03-16/ifrs-full,TradeAndOtherPayables,ifrs_full,train,9,5,monetary,
ifrs-full:TradingIncomeExpense,http://xbrl.ifrs.org/taxonomy/2020-03-16/ifrs-full,TradingIncomeExpense,ifrs_full,train,9,4,monetary,
ifrs-full:AdjustmentsForDecreaseIncreaseInFinancialAssetsHeldForTrading,http://xbrl.ifrs.org/taxonomy/2020-03-16/ifrs-full,AdjustmentsForDecreaseIncreaseInFinancialAssetsHeldForTrading,ifrs_full,train,8,4,monetary,
ifrs-full:AdjustmentsForDecreaseIncreaseInOtherAssets,http://xbrl.ifrs.org/taxonomy/2019-03-27/ifrs-full,AdjustmentsForDecreaseIncreaseInOtherAssets,ifrs_full,train,8,4,monetary,
ifrs-full:AdjustmentsForDepreciationAndAmortisationExpense,http://xbrl.ifrs.org/taxonomy/2021-03-24/ifrs-full,AdjustmentsForDepreciationAndAmortisationExpense,ifrs_full,train,8,3,monetary,
ifrs-full:AdjustmentsForDividendIncome,http://xbrl.ifrs.org/taxonomy/2019-03-27/ifrs-full,AdjustmentsForDividendIncome,ifrs_full,train,8,4,monetary,
ifrs-full:AdjustmentsForFairValueGainsLosses,http://xbrl.ifrs.org/taxonomy/2019-03-27/ifrs-full,AdjustmentsForFairValueGainsLosses,ifrs_full,train,8,4,monetary,
ifrs-full:AdjustmentsForFinanceCosts,http://xbrl.ifrs.org/taxonomy/2019-03-27/ifrs-full,AdjustmentsForFinanceCosts,ifrs_full,train,8,4,monetary,
ifrs-full:AdjustmentsForGainLossOnDisposalOfInvestmentsInSubsidiariesJointVenturesAndAssociates,http://xbrl.ifrs.org/taxonomy/2021-03-24/ifrs-full,AdjustmentsForGainLossOnDisposalOfInvestmentsInSubsidiariesJointVenturesAndAssociates,ifrs_full,train,8,3,monetary,
ifrs-full:AdjustmentsForGainsLossesOnChangeInFairValueOfDerivatives,http://xbrl.ifrs.org/taxonomy/2020-03-16/ifrs-full,AdjustmentsForGainsLossesOnChangeInFairValueOfDerivatives,ifrs_full,train,8,3,monetary,
ifrs-full:AdjustmentsForImpairmentLossReversalOfImpairmentLossRecognisedInProfitOrLossInventories,http://xbrl.ifrs.org/taxonomy/2020-03-16/ifrs-full,AdjustmentsForImpairmentLossReversalOfImpairmentLossRecognisedInProfitOrLossInventories,ifrs_full,train,8,3,monetary,
ifrs-full:AdjustmentsForInterestIncome,http://xbrl.ifrs.org/taxonomy/2019-03-27/ifrs-full,AdjustmentsForInterestIncome,ifrs_full,train,8,4,monetary,
ifrs-full:AdministrativeExpense,http://xbrl.ifrs.org/taxonomy/2021-03-24/ifrs-full,AdministrativeExpense,ifrs_full,train,8,4,monetary,
ifrs-full:BasicAndDilutedEarningsLossPerShareFromContinuingOperations,http://xbrl.ifrs.org/taxonomy/2020-03-16/ifrs-full,BasicAndDilutedEarningsLossPerShareFromContinuingOperations,ifrs_full,train,8,4,pershare,
ifrs-full:BasicEarningsLossPerShare,http://xbrl.ifrs.org/taxonomy/2021-03-24/ifrs-full,BasicEarningsLossPerShare,ifrs_full,train,8,3,pershare,
ifrs-full:BasicEarningsLossPerShareFromDiscontinuedOperations,http://xbrl.ifrs.org/taxonomy/2019-03-27/ifrs-full,BasicEarningsLossPerShareFromDiscontinuedOperations,ifrs_full,train,8,4,pershare,
ifrs-full:Cash,http://xbrl.ifrs.org/taxonomy/2020-03-16/ifrs-full,Cash,ifrs_full,train,8,1,monetary,
ifrs-full:CashAdvancesAndLoansMadeToOtherPartiesClassifiedAsInvestingActivities,http://xbrl.ifrs.org/taxonomy/2019-03-27/ifrs-full,CashAdvancesAndLoansMadeToOtherPartiesClassifiedAsInvestingActivities,ifrs_full,train,8,3,monetary,
ifrs-full:CashAdvancesAndLoansMadeToRelatedParties,http://xbrl.ifrs.org/taxonomy/2020-03-16/ifrs-full,CashAdvancesAndLoansMadeToRelatedParties,ifrs_full,train,8,3,monetary,
ifrs-full:CashAndBankBalancesAtCentralBanks,http://xbrl.ifrs.org/taxonomy/2020-03-16/ifrs-full,CashAndBankBalancesAtCentralBanks,ifrs_full,train,8,2,monetary,
ifrs-full:CashAndCashEquivalentsIfDifferentFromStatementOfFinancialPosition,http://xbrl.ifrs.org/taxonomy/2021-03-24/ifrs-full,CashAndCashEquivalentsIfDifferentFromStatementOfFinancialPosition,ifrs_full,train,8,2,monetary,
ifrs-full:CashAndCashEquivalentsInSubsidiaryOrBusinessesAcquiredOrDisposed2013,http://xbrl.ifrs.org/taxonomy/2020-03-16/ifrs-full,CashAndCashEquivalentsInSubsidiaryOrBusinessesAcquiredOrDisposed2013,ifrs_full,train,8,4,monetary,
ifrs-full:CashReceiptsFromRepaymentOfAdvancesAndLoansMadeToOtherPartiesClassifiedAsInvestingActivities,http://xbrl.ifrs.org/taxonomy/2020-03-16/ifrs-full,CashReceiptsFromRepaymentOfAdvancesAndLoansMadeToOtherPartiesClassifiedAsInvestingActivities,ifrs_full,train,8,4,monetary,
ifrs-full:CommunicationExpense,http://xbrl.ifrs.org/taxonomy/2020-03-16/ifrs-full,CommunicationExpense,ifrs_full,train,8,2,monetary,
ifrs-full:ConstructionInProgress,http://xbrl.ifrs.org/taxonomy/2019-03-27/ifrs-full,ConstructionInProgress,ifrs_full,train,8,4,monetary,
ifrs-full:CurrentBondsIssuedAndCurrentPortionOfNoncurrentBondsIssued,http://xbrl.ifrs.org/taxonomy/2019-03-27/ifrs-full,CurrentBondsIssuedAndCurrentPortionOfNoncurrentBondsIssued,ifrs_full,train,8,3,monetary,
ifrs-full:CurrentDerivativeFinancialLiabilities,http://xbrl.ifrs.org/taxonomy/2019-03-27/ifrs-full,CurrentDerivativeFinancialLiabilities,ifrs_full,train,8,4,monetary,
ifrs-full:CurrentFinancialAssetsAtAmortisedCost,http://xbrl.ifrs.org/taxonomy/2019-03-27/ifrs-full,CurrentFinancialAssetsAtAmortisedCost,ifrs_full,train,8,3,monetary,
ifrs-full:CurrentFinancialLiabilities,http://xbrl.ifrs.org/taxonomy/2019-03-27/ifrs-full,CurrentFinancialLiabilities,ifrs_full,train,8,4,monetary,
ifrs-full:CurrentLoansAndReceivables,http://xbrl.ifrs.org/taxonomy/2021-03-24/ifrs-full,CurrentLoansAndReceivables,ifrs_full,train,8,3,monetary,
ifrs-full:CurrentPrepaymentsAndCurrentAccruedIncome,http://xbrl.ifrs.org/taxonomy/2020-03-16/ifrs-full,CurrentPrepaymentsAndCurrentAccruedIncome,ifrs_full,train,8,2,monetary,
ifrs-full:CurrentTaxAssets,http://xbrl.ifrs.org/taxonomy/2019-03-27/ifrs-full,CurrentTaxAssets,ifrs_full,train,8,4,monetary,
ifrs-full:CurrentTaxAssetsCurrent,http://xbrl.ifrs.org/taxonomy/2021-03-24/ifrs-full,CurrentTaxAssetsCurrent,ifrs_full,train,8,3,monetary,
ifrs-full:DeferredIncomeClassifiedAsNoncurrent,http://xbrl.ifrs.org/taxonomy/2020-03-16/ifrs-full,DeferredIncomeClassifiedAsNoncurrent,ifrs_full,train,8,4,monetary,
ifrs-full:DeferredTaxAssets,http://xbrl.ifrs.org/taxonomy/2021-03-24/ifrs-full,DeferredTaxAssets,ifrs_full,train,8,3,monetary,
ifrs-full:DeferredTaxExpenseIncomeRelatingToOriginationAndReversalOfTemporaryDifferences,http://xbrl.ifrs.org/taxonomy/2020-03-16/ifrs-full,DeferredTaxExpenseIncomeRelatingToOriginationAndReversalOfTemporaryDifferences,ifrs_full,train,8,2,monetary,
ifrs-full:DepreciationExpense,http://xbrl.ifrs.org/taxonomy/2020-03-16/ifrs-full,DepreciationExpense,ifrs_full,train,8,2,monetary,
ifrs-full:DepreciationRightofuseAssets,http://xbrl.ifrs.org/taxonomy/2020-03-16/ifrs-full,DepreciationRightofuseAssets,ifrs_full,train,8,4,monetary,
ifrs-full:DilutedEarningsLossPerShare,http://xbrl.ifrs.org/taxonomy/2021-03-24/ifrs-full,DilutedEarningsLossPerShare,ifrs_full,train,8,3,pershare,
ifrs-full:DilutedEarningsLossPerShareFromDiscontinuedOperations,http://xbrl.ifrs.org/taxonomy/2019-03-27/ifrs-full,DilutedEarningsLossPerShareFromDiscontinuedOperations,ifrs_full,train,8,4,pershare,
ifrs-full:DividendsReceivedClassifiedAsInvestingActivities,http://xbrl.ifrs.org/taxonomy/2019-03-27/ifrs-full,DividendsReceivedClassifiedAsInvestingActivities,ifrs_full,train,8,3,monetary,
ifrs-full:ExpenseOfRestructuringActivities,http://xbrl.ifrs.org/taxonomy/2020-03-16/ifrs-full,ExpenseOfRestructuringActivities,ifrs_full,train,8,2,monetary,
ifrs-full:FeeAndCommissionIncomeExpense,http://xbrl.ifrs.org/taxonomy/2020-03-16/ifrs-full,FeeAndCommissionIncomeExpense,ifrs_full,train,8,4,monetary,
ifrs-full:FinanceCosts,http://xbrl.ifrs.org/taxonomy/2021-03-24/ifrs-full,FinanceCosts,ifrs_full,train,8,3,monetary,
ifrs-full:FinancialAssetsAtAmortisedCost,http://xbrl.ifrs.org/taxonomy/2020-03-16/ifrs-full,FinancialAssetsAtAmortisedCost,ifrs_full,train,8,4,monetary,
ifrs-full:FinancialAssetsAtFairValueThroughProfitOrLossClassifiedAsHeldForTrading,http://xbrl.ifrs.org/taxonomy/2020-03-16/ifrs-full,FinancialAssetsAtFairValueThroughProfitOrLossClassifiedAsHeldForTrading,ifrs_full,train,8,4,monetary,
ifrs-full:FinancialLiabilitiesAtFairValueThroughProfitOrLossClassifiedAsHeldForTrading,http://xbrl.ifrs.org/taxonomy/2020-03-16/ifrs-full,FinancialLiabilitiesAtFairValueThroughProfitOrLossClassifiedAsHeldForTrading,ifrs_full,train,8,4,monetary,
ifrs-full:GainLossArisingFromDerecognitionOfFinancialAssetsMeasuredAtAmortisedCost,http://xbrl.ifrs.org/taxonomy/2021-03-24/ifrs-full,GainLossArisingFromDerecognitionOfFinancialAssetsMeasuredAtAmortisedCost,ifrs_full,train,8,3,monetary,
ifrs-full:GainsLossesOnFinancialAssetsMeasuredAtFairValueThroughOtherComprehensiveIncomeBeforeTax,http://xbrl.ifrs.org/taxonomy/2019-03-27/ifrs-full,GainsLossesOnFinancialAssetsMeasuredAtFairValueThroughOtherComprehensiveIncomeBeforeTax,ifrs_full,train,8,4,monetary,
ifrs-full:GainsLossesOnHedgesOfNetInvestmentsInForeignOperationsBeforeTax,http://xbrl.ifrs.org/taxonomy/2020-03-16/ifrs-full,GainsLossesOnHedgesOfNetInvestmentsInForeignOperationsBeforeTax,ifrs_full,train,8,3,monetary,
ifrs-full:ImpairmentLossImpairmentGainAndReversalOfImpairmentLossDeterminedInAccordanceWithIFRS9,http://xbrl.ifrs.org/taxonomy/2021-03-24/ifrs-full,ImpairmentLossImpairmentGainAndReversalOfImpairmentLossDeterminedInAccordanceWithIFRS9,ifrs_full,train,8,2,monetary,
ifrs-full:ImpairmentLossRecognisedInProfitOrLossGoodwill,http://xbrl.ifrs.org/taxonomy/2020-03-16/ifrs-full,ImpairmentLossRecognisedInProfitOrLossGoodwill,ifrs_full,train,8,4,monetary,
ifrs-full:ImpairmentLossRecognisedInProfitOrLossPropertyPlantAndEquipment,http://xbrl.ifrs.org/taxonomy/2020-03-16/ifrs-full,ImpairmentLossRecognisedInProfitOrLossPropertyPlantAndEquipment,ifrs_full,train,8,2,monetary,
ifrs-full:IncomeTaxRelatingToComponentsOfOtherComprehensiveIncome,http://xbrl.ifrs.org/taxonomy/2019-03-27/ifrs-full,IncomeTaxRelatingToComponentsOfOtherComprehensiveIncome,ifrs_full,train,8,1,monetary,
ifrs-full:IncomeTaxRelatingToComponentsOfOtherComprehensiveIncomeThatWillNotBeReclassifiedToProfitOrLoss,http://xbrl.ifrs.org/taxonomy/2019-03-27/ifrs-full,IncomeTaxRelatingToComponentsOfOtherComprehensiveIncomeThatWillNotBeReclassifiedToProfitOrLoss,ifrs_full,train,8,4,monetary,
ifrs-full:IncreaseDecreaseThroughExerciseOfWarrantsEquity,http://xbrl.ifrs.org/taxonomy/2020-03-16/ifrs-full,IncreaseDecreaseThroughExerciseOfWarrantsEquity,ifrs_full,train,8,1,monetary,
ifrs-full:IncreaseDecreaseThroughOtherDistributionsToOwners,http://xbrl.ifrs.org/taxonomy/2019-03-27/ifrs-full,IncreaseDecreaseThroughOtherDistributionsToOwners,ifrs_full,train,8,1,monetary,
ifrs-full:InterestPaidClassifiedAsOperatingActivities,http://xbrl.ifrs.org/taxonomy/2021-03-24/ifrs-full,InterestPaidClassifiedAsOperatingActivities,ifrs_full,train,8,3,monetary,
ifrs-full:InvestmentsInAssociatesAccountedForUsingEquityMethod,http://xbrl.ifrs.org/taxonomy/2019-03-27/ifrs-full,InvestmentsInAssociatesAccountedForUsingEquityMethod,ifrs_full,train,8,4,monetary,
ifrs-full:LiabilitiesDueToCentralBanks,http://xbrl.ifrs.org/taxonomy/2019-03-27/ifrs-full,LiabilitiesDueToCentralBanks,ifrs_full,train,8,3,monetary,
ifrs-full:NoncurrentAssetsOrDisposalGroupsClassifiedAsHeldForSaleOrAsHeldForDistributionToOwners,http://xbrl.ifrs.org/taxonomy/2020-03-16/ifrs-full,NoncurrentAssetsOrDisposalGroupsClassifiedAsHeldForSaleOrAsHeldForDistributionToOwners,ifrs_full,train,8,4,monetary,
ifrs-full:NoncurrentDerivativeFinancialAssets,http://xbrl.ifrs.org/taxonomy/2020-03-16/ifrs-full,NoncurrentDerivativeFinancialAssets,ifrs_full,train,8,4,monetary,
ifrs-full:NoncurrentDerivativeFinancialLiabilities,http://xbrl.ifrs.org/taxonomy/2019-03-27/ifrs-full,NoncurrentDerivativeFinancialLiabilities,ifrs_full,train,8,4,monetary,
ifrs-full:NoncurrentDerivativeFinancialLiabilities,http://xbrl.ifrs.org/taxonomy/2020-03-16/ifrs-full,NoncurrentDerivativeFinancialLiabilities,ifrs_full,train,8,4,monetary,
ifrs-full:NoncurrentFinancialLiabilities,http://xbrl.ifrs.org/taxonomy/2019-03-27/ifrs-full,NoncurrentFinancialLiabilities,ifrs_full,train,8,4,monetary,
ifrs-full:NoncurrentGovernmentGrants,http://xbrl.ifrs.org/taxonomy/2020-03-16/ifrs-full,NoncurrentGovernmentGrants,ifrs_full,train,8,4,monetary,
ifrs-full:NoncurrentLoansAndReceivables,http://xbrl.ifrs.org/taxonomy/2021-03-24/ifrs-full,NoncurrentLoansAndReceivables,ifrs_full,train,8,3,monetary,
ifrs-full:NoncurrentPayablesToTradeSuppliers,http://xbrl.ifrs.org/taxonomy/2020-03-16/ifrs-full,NoncurrentPayablesToTradeSuppliers,ifrs_full,train,8,4,monetary,
ifrs-full:NoncurrentReceivablesDueFromRelatedParties,http://xbrl.ifrs.org/taxonomy/2020-03-16/ifrs-full,NoncurrentReceivablesDueFromRelatedParties,ifrs_full,train,8,3,monetary,
ifrs-full:NoncurrentRecognisedLiabilitiesDefinedBenefitPlan,http://xbrl.ifrs.org/taxonomy/2019-03-27/ifrs-full,NoncurrentRecognisedLiabilitiesDefinedBenefitPlan,ifrs_full,train,8,4,monetary,
ifrs-full:OtherAdjustmentsForWhichCashEffectsAreInvestingOrFinancingCashFlow,http://xbrl.ifrs.org/taxonomy/2020-03-16/ifrs-full,OtherAdjustmentsForWhichCashEffectsAreInvestingOrFinancingCashFlow,ifrs_full,train,8,4,monetary,
ifrs-full:OtherCashReceiptsFromSalesOfEquityOrDebtInstrumentsOfOtherEntitiesClassifiedAsInvestingActivities,http://xbrl.ifrs.org/taxonomy/2020-03-16/ifrs-full,OtherCashReceiptsFromSalesOfEquityOrDebtInstrumentsOfOtherEntitiesClassifiedAsInvestingActivities,ifrs_full,train,8,4,monetary,
ifrs-full:OtherComprehensiveIncomeBeforeTax,http://xbrl.ifrs.org/taxonomy/2020-03-16/ifrs-full,OtherComprehensiveIncomeBeforeTax,ifrs_full,train,8,1,monetary,
ifrs-full:OtherComprehensiveIncomeBeforeTaxGainsLossesFromInvestmentsInEquityInstruments,http://xbrl.ifrs.org/taxonomy/2019-03-27/ifrs-full,OtherComprehensiveIncomeBeforeTaxGainsLossesFromInvestmentsInEquityInstruments,ifrs_full,train,8,4,monetary,
ifrs-full:OtherComprehensiveIncomeBeforeTaxGainsLossesOnRevaluation,http://xbrl.ifrs.org/taxonomy/2020-03-16/ifrs-full,OtherComprehensiveIncomeBeforeTaxGainsLossesOnRevaluation,ifrs_full,train,8,4,monetary,
ifrs-full:OtherCurrentAssets,http://xbrl.ifrs.org/taxonomy/2019-03-27/ifrs-full,OtherCurrentAssets,ifrs_full,train,8,4,monetary,
ifrs-full:OtherCurrentNonfinancialAssets,http://xbrl.ifrs.org/taxonomy/2020-03-16/ifrs-full,OtherCurrentNonfinancialAssets,ifrs_full,train,8,4,monetary,
ifrs-full:OtherIntangibleAssets,http://xbrl.ifrs.org/taxonomy/2021-03-24/ifrs-full,OtherIntangibleAssets,ifrs_full,train,8,3,monetary,
ifrs-full:OtherNoncurrentReceivables,http://xbrl.ifrs.org/taxonomy/2019-03-27/ifrs-full,OtherNoncurrentReceivables,ifrs_full,train,8,4,monetary,
ifrs-full:OtherOperatingIncomeExpense,http://xbrl.ifrs.org/taxonomy/2019-03-27/ifrs-full,OtherOperatingIncomeExpense,ifrs_full,train,8,4,monetary,
ifrs-full:OtherRevenue,http://xbrl.ifrs.org/taxonomy/2020-03-16/ifrs-full,OtherRevenue,ifrs_full,train,8,3,monetary,
ifrs-full:PaymentsForShareIssueCosts,http://xbrl.ifrs.org/taxonomy/2020-03-16/ifrs-full,PaymentsForShareIssueCosts,ifrs_full,train,8,3,monetary,
ifrs-full:PaymentsToSuppliersForGoodsAndServices,http://xbrl.ifrs.org/taxonomy/2020-03-16/ifrs-full,PaymentsToSuppliersForGoodsAndServices,ifrs_full,train,8,4,monetary,
ifrs-full:ProceedsFromDisposalOfNoncurrentAssetsOrDisposalGroupsClassifiedAsHeldForSaleAndDiscontinuedOperations,http://xbrl.ifrs.org/taxonomy/2019-03-27/ifrs-full,ProceedsFromDisposalOfNoncurrentAssetsOrDisposalGroupsClassifiedAsHeldForSaleAndDiscontinuedOperations,ifrs_full,train,8,4,monetary,
ifrs-full:ProceedsFromIssueOfBondsNotesAndDebentures,http://xbrl.ifrs.org/taxonomy/2019-03-27/ifrs-full,ProceedsFromIssueOfBondsNotesAndDebentures,ifrs_full,train,8,3,monetary,
ifrs-full:ProceedsFromIssueOfBondsNotesAndDebentures,http://xbrl.ifrs.org/taxonomy/2021-03-24/ifrs-full,ProceedsFromIssueOfBondsNotesAndDebentures,ifrs_full,train,8,3,monetary,
ifrs-full:ProceedsFromOtherLongtermAssetsClassifiedAsInvestingActivities,http://xbrl.ifrs.org/taxonomy/2019-03-27/ifrs-full,ProceedsFromOtherLongtermAssetsClassifiedAsInvestingActivities,ifrs_full,train,8,5,monetary,
ifrs-full:ProceedsFromSalesOfInvestmentProperty,http://xbrl.ifrs.org/taxonomy/2019-03-27/ifrs-full,ProceedsFromSalesOfInvestmentProperty,ifrs_full,train,8,4,monetary,
ifrs-full:ProceedsFromSalesOfInvestmentProperty,http://xbrl.ifrs.org/taxonomy/2020-03-16/ifrs-full,ProceedsFromSalesOfInvestmentProperty,ifrs_full,train,8,4,monetary,
ifrs-full:Provisions,http://xbrl.ifrs.org/taxonomy/2020-03-16/ifrs-full,Provisions,ifrs_full,train,8,4,monetary,
ifrs-full:ProvisionsForEmployeeBenefits,http://xbrl.ifrs.org/taxonomy/2020-03-16/ifrs-full,ProvisionsForEmployeeBenefits,ifrs_full,train,8,2,monetary,
ifrs-full:PurchaseOfFinancialInstrumentsClassifiedAsInvestingActivities,http://xbrl.ifrs.org/taxonomy/2019-03-27/ifrs-full,PurchaseOfFinancialInstrumentsClassifiedAsInvestingActivities,ifrs_full,train,8,3,monetary,
ifrs-full:PurchaseOfInterestsInAssociates,http://xbrl.ifrs.org/taxonomy/2020-03-16/ifrs-full,PurchaseOfInterestsInAssociates,ifrs_full,train,8,4,monetary,
ifrs-full:PurchaseOfInterestsInInvestmentsAccountedForUsingEquityMethod,http://xbrl.ifrs.org/taxonomy/2019-03-27/ifrs-full,PurchaseOfInterestsInInvestmentsAccountedForUsingEquityMethod,ifrs_full,train,8,4,monetary,
ifrs-full:PurchaseOfPropertyPlantAndEquipmentIntangibleAssetsOtherThanGoodwillInvestmentPropertyAndOtherNoncurrentAssets,http://xbrl.ifrs.org/taxonomy/2021-03-24/ifrs-full,PurchaseOfPropertyPlantAndEquipmentIntangibleAssetsOtherThanGoodwillInvestmentPropertyAndOtherNoncurrentAssets,ifrs_full,train,8,3,monetary,
ifrs-full:RawMaterialsAndConsumablesUsed,http://xbrl.ifrs.org/taxonomy/2019-03-27/ifrs-full,RawMaterialsAndConsumablesUsed,ifrs_full,train,8,3,monetary,
ifrs-full:ReceiptsFromSalesOfGoodsAndRenderingOfServices,http://xbrl.ifrs.org/taxonomy/2020-03-16/ifrs-full,ReceiptsFromSalesOfGoodsAndRenderingOfServices,ifrs_full,train,8,4,monetary,
ifrs-full:ReclassificationAdjustmentsOnExchangeDifferencesOnTranslationNetOfTax,http://xbrl.ifrs.org/taxonomy/2019-03-27/ifrs-full,ReclassificationAdjustmentsOnExchangeDifferencesOnTranslationNetOfTax,ifrs_full,train,8,4,monetary,
ifrs-full:ReclassificationAdjustmentsOnFinancialAssetsMeasuredAtFairValueThroughOtherComprehensiveIncomeNetOfTax,http://xbrl.ifrs.org/taxonomy/2020-03-16/ifrs-full,ReclassificationAdjustmentsOnFinancialAssetsMeasuredAtFairValueThroughOtherComprehensiveIncomeNetOfTax,ifrs_full,train,8,1,monetary,
ifrs-full:RepaymentsOfBondsNotesAndDebentures,http://xbrl.ifrs.org/taxonomy/2021-03-24/ifrs-full,RepaymentsOfBondsNotesAndDebentures,ifrs_full,train,8,3,monetary,
ifrs-full:ReserveOfSharebasedPayments,http://xbrl.ifrs.org/taxonomy/2020-03-16/ifrs-full,ReserveOfSharebasedPayments,ifrs_full,train,8,4,monetary,
ifrs-full:Revenue,http://xbrl.ifrs.org/taxonomy/2021-03-24/ifrs-full,Revenue,ifrs_full,train,8,3,monetary,
ifrs-full:RevenueFromRenderingOfTransportServices,http://xbrl.ifrs.org/taxonomy/2020-03-16/ifrs-full,RevenueFromRenderingOfTransportServices,ifrs_full,train,8,2,monetary,
ifrs-full:RightofuseAssets,http://xbrl.ifrs.org/taxonomy/2021-03-24/ifrs-full,RightofuseAssets,ifrs_full,train,8,3,monetary,
ifrs-full:ServicesExpense,http://xbrl.ifrs.org/taxonomy/2019-03-27/ifrs-full,ServicesExpense,ifrs_full,train,8,3,monetary,
ifrs-full:ShareIssueRelatedCost,http://xbrl.ifrs.org/taxonomy/2021-03-24/ifrs-full,ShareIssueRelatedCost,ifrs_full,train,8,2,monetary,
ifrs-full:ShareOfProfitLossOfAssociatesAccountedForUsingEquityMethod,http://xbrl.ifrs.org/taxonomy/2019-03-27/ifrs-full,ShareOfProfitLossOfAssociatesAccountedForUsingEquityMethod,ifrs_full,train,8,4,monetary,
ifrs-full:ShareOfProfitLossOfJointVenturesAccountedForUsingEquityMethod,http://xbrl.ifrs.org/taxonomy/2020-03-16/ifrs-full,ShareOfProfitLossOfJointVenturesAccountedForUsingEquityMethod,ifrs_full,train,8,3,monetary,
ifrs-full:ShorttermDepositsNotClassifiedAsCashEquivalents,http://xbrl.ifrs.org/taxonomy/2020-03-16/ifrs-full,ShorttermDepositsNotClassifiedAsCashEquivalents,ifrs_full,train,8,4,monetary,
ifrs-full:SubordinatedLiabilities,http://xbrl.ifrs.org/taxonomy/2020-03-16/ifrs-full,SubordinatedLiabilities,ifrs_full,train,8,4,monetary,
ifrs-full:TradeAndOtherCurrentPayables,http://xbrl.ifrs.org/taxonomy/2021-03-24/ifrs-full,TradeAndOtherCurrentPayables,ifrs_full,train,8,3,monetary,
ifrs-full:WeightedAverageShares,http://xbrl.ifrs.org/taxonomy/2019-03-27/ifrs-full,WeightedAverageShares,ifrs_full,train,8,4,shares,
ifrs-full:AdjustmentsForDecreaseIncreaseInLoansAndAdvancesToCustomers,http://xbrl.ifrs.org/taxonomy/2020-03-16/ifrs-full,AdjustmentsForDecreaseIncreaseInLoansAndAdvancesToCustomers,ifrs_full,train,7,3,monetary,
ifrs-full:AdjustmentsForIncreaseDecreaseInDepositsFromCustomers,http://xbrl.ifrs.org/taxonomy/2020-03-16/ifrs-full,AdjustmentsForIncreaseDecreaseInDepositsFromCustomers,ifrs_full,train,7,3,monetary,
ifrs-full:DepositsFromBanks,http://xbrl.ifrs.org/taxonomy/2019-03-27/ifrs-full,DepositsFromBanks,ifrs_full,train,7,3,monetary,
ifrs-full:DepositsFromCustomers,http://xbrl.ifrs.org/taxonomy/2019-03-27/ifrs-full,DepositsFromCustomers,ifrs_full,train,7,3,monetary,
ifrs-full:DilutedEarningsLossPerShareFromContinuingOperations,http://xbrl.ifrs.org/taxonomy/2020-03-16/ifrs-full,DilutedEarningsLossPerShareFromContinuingOperations,ifrs_full,train,7,3,pershare,
ifrs-full:IncomeTaxRelatingToCashFlowHedgesOfOtherComprehensiveIncome,http://xbrl.ifrs.org/taxonomy/2020-03-16/ifrs-full,IncomeTaxRelatingToCashFlowHedgesOfOtherComprehensiveIncome,ifrs_full,train,7,3,monetary,
ifrs-full:IncreaseDecreaseThroughConversionOfConvertibleInstruments,http://xbrl.ifrs.org/taxonomy/2019-03-27/ifrs-full,IncreaseDecreaseThroughConversionOfConvertibleInstruments,ifrs_full,train,7,1,monetary,
ifrs-full:LoansAndAdvancesToBanks,http://xbrl.ifrs.org/taxonomy/2019-03-27/ifrs-full,LoansAndAdvancesToBanks,ifrs_full,train,7,3,monetary,
ifrs-full:OtherAssets,http://xbrl.ifrs.org/taxonomy/2019-03-27/ifrs-full,OtherAssets,ifrs_full,train,7,3,monetary,
ifrs-full:OtherComprehensiveIncomeBeforeTaxCashFlowHedges,http://xbrl.ifrs.org/taxonomy/2020-03-16/ifrs-full,OtherComprehensiveIncomeBeforeTaxCashFlowHedges,ifrs_full,train,7,3,monetary,
ifrs-full:ProceedsFromIssueOfBondsNotesAndDebentures,http://xbrl.ifrs.org/taxonomy/2020-03-16/ifrs-full,ProceedsFromIssueOfBondsNotesAndDebentures,ifrs_full,train,7,4,monetary,
ifrs-full:ProceedsFromIssuingOtherEquityInstruments,http://xbrl.ifrs.org/taxonomy/2020-03-16/ifrs-full,ProceedsFromIssuingOtherEquityInstruments,ifrs_full,train,7,3,monetary,
ifrs-full:ProceedsFromSalesOfIntangibleAssetsClassifiedAsInvestingActivities,http://xbrl.ifrs.org/taxonomy/2020-03-16/ifrs-full,ProceedsFromSalesOfIntangibleAssetsClassifiedAsInvestingActivities,ifrs_full,train,7,4,monetary,
ifrs-full:AccrualsAndDeferredIncomeClassifiedAsCurrent,http://xbrl.ifrs.org/taxonomy/2019-03-27/ifrs-full,AccrualsAndDeferredIncomeClassifiedAsCurrent,ifrs_full,train,6,3,monetary,
ifrs-full:AccrualsClassifiedAsCurrent,http://xbrl.ifrs.org/taxonomy/2019-03-27/ifrs-full,AccrualsClassifiedAsCurrent,ifrs_full,train,6,3,monetary,
ifrs-full:AccrualsClassifiedAsCurrent,http://xbrl.ifrs.org/taxonomy/2020-03-16/ifrs-full,AccrualsClassifiedAsCurrent,ifrs_full,train,6,2,monetary,
ifrs-full:AdditionsToRightofuseAssets,http://xbrl.ifrs.org/taxonomy/2020-03-16/ifrs-full,AdditionsToRightofuseAssets,ifrs_full,train,6,2,monetary,
ifrs-full:AdjustmentsForDecreaseIncreaseInLoansAndAdvancesToCustomers,http://xbrl.ifrs.org/taxonomy/2019-03-27/ifrs-full,AdjustmentsForDecreaseIncreaseInLoansAndAdvancesToCustomers,ifrs_full,train,6,3,monetary,
ifrs-full:AdjustmentsForDecreaseIncreaseInTradeAndOtherReceivables,http://xbrl.ifrs.org/taxonomy/2021-03-24/ifrs-full,AdjustmentsForDecreaseIncreaseInTradeAndOtherReceivables,ifrs_full,train,6,2,monetary,
ifrs-full:AdjustmentsForImpairmentLossRecognisedInProfitOrLossGoodwill,http://xbrl.ifrs.org/taxonomy/2019-03-27/ifrs-full,AdjustmentsForImpairmentLossRecognisedInProfitOrLossGoodwill,ifrs_full,train,6,3,monetary,
ifrs-full:AdjustmentsForIncreaseDecreaseInFinancialLiabilitiesHeldForTrading,http://xbrl.ifrs.org/taxonomy/2020-03-16/ifrs-full,AdjustmentsForIncreaseDecreaseInFinancialLiabilitiesHeldForTrading,ifrs_full,train,6,3,monetary,
ifrs-full:AdjustmentsForIncreaseDecreaseInTradeAccountPayable,http://xbrl.ifrs.org/taxonomy/2021-03-24/ifrs-full,AdjustmentsForIncreaseDecreaseInTradeAccountPayable,ifrs_full,train,6,3,monetary,
ifrs-full:AdjustmentsForIncreaseDecreaseInTradeAndOtherPayables,http://xbrl.ifrs.org/taxonomy/2021-03-24/ifrs-full,AdjustmentsForIncreaseDecreaseInTradeAndOtherPayables,ifrs_full,train,6,2,monetary,
ifrs-full:AdjustmentsToReconcileProfitLossOtherThanChangesInWorkingCapital,http://xbrl.ifrs.org/taxonomy/2020-03-16/ifrs-full,AdjustmentsToReconcileProfitLossOtherThanChangesInWorkingCapital,ifrs_full,train,6,3,monetary,
ifrs-full:Buildings,http://xbrl.ifrs.org/taxonomy/2019-03-27/ifrs-full,Buildings,ifrs_full,train,6,3,monetary,
ifrs-full:CashAndBankBalancesAtCentralBanks,http://xbrl.ifrs.org/taxonomy/2019-03-27/ifrs-full,CashAndBankBalancesAtCentralBanks,ifrs_full,train,6,3,monetary,
ifrs-full:CashFlowsFromUsedInDecreaseIncreaseInRestrictedCashAndCashEquivalents,http://xbrl.ifrs.org/taxonomy/2019-03-27/ifrs-full,CashFlowsFromUsedInDecreaseIncreaseInRestrictedCashAndCashEquivalents,ifrs_full,train,6,3,monetary,
ifrs-full:ClaimsAndBenefitsPaidNetOfReinsuranceRecoveries,http://xbrl.ifrs.org/taxonomy/2020-03-16/ifrs-full,ClaimsAndBenefitsPaidNetOfReinsuranceRecoveries,ifrs_full,train,6,3,monetary,
ifrs-full:ComprehensiveIncomeAttributableToOwnersOfParent,http://xbrl.ifrs.org/taxonomy/2021-03-24/ifrs-full,ComprehensiveIncomeAttributableToOwnersOfParent,ifrs_full,train,6,2,monetary,
ifrs-full:CostOfSales,http://xbrl.ifrs.org/taxonomy/2021-03-24/ifrs-full,CostOfSales,ifrs_full,train,6,3,monetary,
ifrs-full:CumulativeGainLossPreviouslyRecognisedInOtherComprehensiveIncomeArisingFromReclassificationOfFinancialAssetsOutOfFairValueThroughOtherComprehensiveIncomeIntoFairValueThroughProfitOrLossMeasurementCategory,http://xbrl.ifrs.org/taxonomy/2019-03-27/ifrs-full,CumulativeGainLossPreviouslyRecognisedInOtherComprehensiveIncomeArisingFromReclassificationOfFinancialAssetsOutOfFairValueThroughOtherComprehensiveIncomeIntoFairValueThroughProfitOrLossMeasurementCategory,ifrs_full,train,6,3,monetary,
ifrs-full:CurrentBorrowingsAndCurrentPortionOfNoncurrentBorrowings,http://xbrl.ifrs.org/taxonomy/2021-03-24/ifrs-full,CurrentBorrowingsAndCurrentPortionOfNoncurrentBorrowings,ifrs_full,train,6,2,monetary,
ifrs-full:CurrentFinanceLeaseReceivables,http://xbrl.ifrs.org/taxonomy/2020-03-16/ifrs-full,CurrentFinanceLeaseReceivables,ifrs_full,train,6,2,monetary,
ifrs-full:CurrentFinancialAssets,http://xbrl.ifrs.org/taxonomy/2020-03-16/ifrs-full,CurrentFinancialAssets,ifrs_full,train,6,3,monetary,
ifrs-full:CurrentFinancialAssetsAtFairValueThroughProfitOrLoss,http://xbrl.ifrs.org/taxonomy/2019-03-27/ifrs-full,CurrentFinancialAssetsAtFairValueThroughProfitOrLoss,ifrs_full,train,6,2,monetary,
ifrs-full:CurrentFinancialAssetsAtFairValueThroughProfitOrLoss,http://xbrl.ifrs.org/taxonomy/2020-03-16/ifrs-full,CurrentFinancialAssetsAtFairValueThroughProfitOrLoss,ifrs_full,train,6,3,monetary,
ifrs-full:CurrentPayablesOnSocialSecurityAndTaxesOtherThanIncomeTax,http://xbrl.ifrs.org/taxonomy/2020-03-16/ifrs-full,CurrentPayablesOnSocialSecurityAndTaxesOtherThanIncomeTax,ifrs_full,train,6,3,monetary,
ifrs-full:CurrentPrepaidExpenses,http://xbrl.ifrs.org/taxonomy/2020-03-16/ifrs-full,CurrentPrepaidExpenses,ifrs_full,train,6,3,monetary,
ifrs-full:CurrentRestrictedCashAndCashEquivalents,http://xbrl.ifrs.org/taxonomy/2019-03-27/ifrs-full,CurrentRestrictedCashAndCashEquivalents,ifrs_full,train,6,2,monetary,
ifrs-full:CurrentRestrictedCashAndCashEquivalents,http://xbrl.ifrs.org/taxonomy/2020-03-16/ifrs-full,CurrentRestrictedCashAndCashEquivalents,ifrs_full,train,6,3,monetary,
ifrs-full:DeferredTaxExpenseIncome,http://xbrl.ifrs.org/taxonomy/2019-03-27/ifrs-full,DeferredTaxExpenseIncome,ifrs_full,train,6,3,monetary,
ifrs-full:DeferredTaxLiabilities,http://xbrl.ifrs.org/taxonomy/2021-03-24/ifrs-full,DeferredTaxLiabilities,ifrs_full,train,6,2,monetary,
ifrs-full:DerivativeFinancialAssets,http://xbrl.ifrs.org/taxonomy/2019-03-27/ifrs-full,DerivativeFinancialAssets,ifrs_full,train,6,3,monetary,
ifrs-full:DerivativeFinancialAssetsHeldForHedging,http://xbrl.ifrs.org/taxonomy/2019-03-27/ifrs-full,DerivativeFinancialAssetsHeldForHedging,ifrs_full,train,6,3,monetary,
ifrs-full:DerivativeFinancialAssetsHeldForHedging,http://xbrl.ifrs.org/taxonomy/2020-03-16/ifrs-full,DerivativeFinancialAssetsHeldForHedging,ifrs_full,train,6,3,monetary,
ifrs-full:DerivativeFinancialLiabilities,http://xbrl.ifrs.org/taxonomy/2020-03-16/ifrs-full,DerivativeFinancialLiabilities,ifrs_full,train,6,3,monetary,
ifrs-full:DerivativeFinancialLiabilitiesHeldForHedging,http://xbrl.ifrs.org/taxonomy/2019-03-27/ifrs-full,DerivativeFinancialLiabilitiesHeldForHedging,ifrs_full,train,6,3,monetary,
ifrs-full:DifferenceBetweenCarryingAmountOfDividendsPayableAndCarryingAmountOfNoncashAssetsDistributed,http://xbrl.ifrs.org/taxonomy/2019-03-27/ifrs-full,DifferenceBetweenCarryingAmountOfDividendsPayableAndCarryingAmountOfNoncashAssetsDistributed,ifrs_full,train,6,2,monetary,
ifrs-full:DividendsPaidClassifiedAsFinancingActivities,http://xbrl.ifrs.org/taxonomy/2021-03-24/ifrs-full,DividendsPaidClassifiedAsFinancingActivities,ifrs_full,train,6,3,monetary,
ifrs-full:DividendsRecognisedAsDistributionsToOwnersOfParentRelatingToPriorYears,http://xbrl.ifrs.org/taxonomy/2019-03-27/ifrs-full,DividendsRecognisedAsDistributionsToOwnersOfParentRelatingToPriorYears,ifrs_full,train,6,1,monetary,
ifrs-full:FinanceCostsPaidClassifiedAsOperatingActivities,http://xbrl.ifrs.org/taxonomy/2019-03-27/ifrs-full,FinanceCostsPaidClassifiedAsOperatingActivities,ifrs_full,train,6,3,monetary,
ifrs-full:FinanceIncome,http://xbrl.ifrs.org/taxonomy/2021-03-24/ifrs-full,FinanceIncome,ifrs_full,train,6,2,monetary,
ifrs-full:FinancialAssetsAtFairValueThroughOtherComprehensiveIncome,http://xbrl.ifrs.org/taxonomy/2019-03-27/ifrs-full,FinancialAssetsAtFairValueThroughOtherComprehensiveIncome,ifrs_full,train,6,3,monetary,
ifrs-full:FinancialAssetsAtFairValueThroughProfitOrLossMandatorilyMeasuredAtFairValue,http://xbrl.ifrs.org/taxonomy/2020-03-16/ifrs-full,FinancialAssetsAtFairValueThroughProfitOrLossMandatorilyMeasuredAtFairValue,ifrs_full,train,6,3,monetary,
ifrs-full:FinancialLiabilitiesAtAmortisedCost,http://xbrl.ifrs.org/taxonomy/2020-03-16/ifrs-full,FinancialLiabilitiesAtAmortisedCost,ifrs_full,train,6,3,monetary,
ifrs-full:GainLossArisingFromDerecognitionOfFinancialAssetsMeasuredAtAmortisedCost,http://xbrl.ifrs.org/taxonomy/2019-03-27/ifrs-full,GainLossArisingFromDerecognitionOfFinancialAssetsMeasuredAtAmortisedCost,ifrs_full,train,6,3,monetary,
ifrs-full:GainRecognisedInBargainPurchaseTransaction,http://xbrl.ifrs.org/taxonomy/2020-03-16/ifrs-full,GainRecognisedInBargainPurchaseTransaction,ifrs_full,train,6,2,monetary,
ifrs-full:GainsLossesOnDisposalsOfInvestmentProperties,http://xbrl.ifrs.org/taxonomy/2020-03-16/ifrs-full,GainsLossesOnDisposalsOfInvestmentProperties,ifrs_full,train,6,2,monetary,
ifrs-full:GainsLossesOnHedgesOfNetInvestmentsInForeignOperationsNetOfTax,http://xbrl.ifrs.org/taxonomy/2020-03-16/ifrs-full,GainsLossesOnHedgesOfNetInvestmentsInForeignOperationsNetOfTax,ifrs_full,train,6,3,monetary,
ifrs-full:Goodwill,http://xbrl.ifrs.org/taxonomy/2021-03-24/ifrs-full,Goodwill,ifrs_full,train,6,3,monetary,
ifrs-full:GrossProfit,http://xbrl.ifrs.org/taxonomy/2021-03-24/ifrs-full,GrossProfit,ifrs_full,train,6,3,monetary,
ifrs-full:IncomeTaxRelatingToComponentsOfOtherComprehensiveIncome,http://xbrl.ifrs.org/taxonomy/2020-03-16/ifrs-full,IncomeTaxRelatingToComponentsOfOtherComprehensiveIncome,ifrs_full,train,6,1,monetary,
ifrs-full:IncomeTaxRelatingToFinancialAssetsMeasuredAtFairValueThroughOtherComprehensiveIncome,http://xbrl.ifrs.org/taxonomy/2019-03-27/ifrs-full,IncomeTaxRelatingToFinancialAssetsMeasuredAtFairValueThroughOtherComprehensiveIncome,ifrs_full,train,6,2,monetary,
ifrs-full:IncomeTaxesPaidClassifiedAsOperatingActivities,http://xbrl.ifrs.org/taxonomy/2021-03-24/ifrs-full,IncomeTaxesPaidClassifiedAsOperatingActivities,ifrs_full,train,6,3,monetary,
ifrs-full:IncomeTaxesPaidRefundClassifiedAsOperatingActivities,http://xbrl.ifrs.org/taxonomy/2021-03-24/ifrs-full,IncomeTaxesPaidRefundClassifiedAsOperatingActivities,ifrs_full,train,6,2,monetary,
ifrs-full:IncomeTaxesRefundClassifiedAsOperatingActivities,http://xbrl.ifrs.org/taxonomy/2019-03-27/ifrs-full,IncomeTaxesRefundClassifiedAsOperatingActivities,ifrs_full,train,6,2,monetary,
ifrs-full:IncreaseDecreaseThroughExerciseOfOptions,http://xbrl.ifrs.org/taxonomy/2019-03-27/ifrs-full,IncreaseDecreaseThroughExerciseOfOptions,ifrs_full,train,6,1,monetary,
ifrs-full:InflowsOfCashFromInvestingActivities,http://xbrl.ifrs.org/taxonomy/2020-03-16/ifrs-full,InflowsOfCashFromInvestingActivities,ifrs_full,train,6,3,monetary,
ifrs-full:InterestRevenueCalculatedUsingEffectiveInterestMethod,http://xbrl.ifrs.org/taxonomy/2020-03-16/ifrs-full,InterestRevenueCalculatedUsingEffectiveInterestMethod,ifrs_full,train,6,3,monetary,
ifrs-full:InvestmentIncome,http://xbrl.ifrs.org/taxonomy/2020-03-16/ifrs-full,InvestmentIncome,ifrs_full,train,6,3,monetary,
ifrs-full:InvestmentProperty,http://xbrl.ifrs.org/taxonomy/2021-03-24/ifrs-full,InvestmentProperty,ifrs_full,train,6,2,monetary,
ifrs-full:InvestmentsInAssociates,http://xbrl.ifrs.org/taxonomy/2019-03-27/ifrs-full,InvestmentsInAssociates,ifrs_full,train,6,3,monetary,
ifrs-full:InvestmentsInJointVenturesAccountedForUsingEquityMethod,http://xbrl.ifrs.org/taxonomy/2019-03-27/ifrs-full,InvestmentsInJointVenturesAccountedForUsingEquityMethod,ifrs_full,train,6,3,monetary,
ifrs-full:InvestmentsInSubsidiaries,http://xbrl.ifrs.org/taxonomy/2019-03-27/ifrs-full,InvestmentsInSubsidiaries,ifrs_full,train,6,2,monetary,
ifrs-full:Land,http://xbrl.ifrs.org/taxonomy/2019-03-27/ifrs-full,Land,ifrs_full,train,6,3,monetary,
ifrs-full:LiabilitiesArisingFromInsuranceContracts,http://xbrl.ifrs.org/taxonomy/2020-03-16/ifrs-full,LiabilitiesArisingFromInsuranceContracts,ifrs_full,train,6,3,monetary,
ifrs-full:LongtermBorrowings,http://xbrl.ifrs.org/taxonomy/2021-03-24/ifrs-full,LongtermBorrowings,ifrs_full,train,6,2,monetary,
ifrs-full:Machinery,http://xbrl.ifrs.org/taxonomy/2019-03-27/ifrs-full,Machinery,ifrs_full,train,6,3,monetary,
ifrs-full:NoncurrentFinanceLeaseReceivables,http://xbrl.ifrs.org/taxonomy/2020-03-16/ifrs-full,NoncurrentFinanceLeaseReceivables,ifrs_full,train,6,2,monetary,
ifrs-full:NoncurrentInvestmentsOtherThanInvestmentsAccountedForUsingEquityMethod,http://xbrl.ifrs.org/taxonomy/2019-03-27/ifrs-full,NoncurrentInvestmentsOtherThanInvestmentsAccountedForUsingEquityMethod,ifrs_full,train,6,3,monetary,
ifrs-full:NoncurrentPayables,http://xbrl.ifrs.org/taxonomy/2019-03-27/ifrs-full,NoncurrentPayables,ifrs_full,train,6,3,monetary,
ifrs-full:NoncurrentPortionOfNoncurrentLoansReceived,http://xbrl.ifrs.org/taxonomy/2019-03-27/ifrs-full,NoncurrentPortionOfNoncurrentLoansReceived,ifrs_full,train,6,3,monetary,
ifrs-full:NoncurrentPortionOfNoncurrentLoansReceived,http://xbrl.ifrs.org/taxonomy/2020-03-16/ifrs-full,NoncurrentPortionOfNoncurrentLoansReceived,ifrs_full,train,6,2,monetary,
ifrs-full:NoncurrentReceivables,http://xbrl.ifrs.org/taxonomy/2019-03-27/ifrs-full,NoncurrentReceivables,ifrs_full,train,6,3,monetary,
ifrs-full:OtherCashPaymentsToAcquireEquityOrDebtInstrumentsOfOtherEntitiesClassifiedAsInvestingActivities,http://xbrl.ifrs.org/taxonomy/2019-03-27/ifrs-full,OtherCashPaymentsToAcquireEquityOrDebtInstrumentsOfOtherEntitiesClassifiedAsInvestingActivities,ifrs_full,train,6,3,monetary,
ifrs-full:OtherComprehensiveIncomeBeforeTaxChangeInFairValueOfFinancialLiabilityAttributableToChangeInCreditRiskOfLiability,http://xbrl.ifrs.org/taxonomy/2020-03-16/ifrs-full,OtherComprehensiveIncomeBeforeTaxChangeInFairValueOfFinancialLiabilityAttributableToChangeInCreditRiskOfLiability,ifrs_full,train,6,1,monetary,
ifrs-full:OtherCurrentFinancialLiabilities,http://xbrl.ifrs.org/taxonomy/2019-03-27/ifrs-full,OtherCurrentFinancialLiabilities,ifrs_full,train,6,3,monetary,
ifrs-full:OtherEquityInterest,http://xbrl.ifrs.org/taxonomy/2019-03-27/ifrs-full,OtherEquityInterest,ifrs_full,train,6,3,monetary,
ifrs-full:OtherExpenseByFunction,http://xbrl.ifrs.org/taxonomy/2019-03-27/ifrs-full,OtherExpenseByFunction,ifrs_full,train,6,3,monetary,
ifrs-full:OtherFinanceIncomeCost,http://xbrl.ifrs.org/taxonomy/2020-03-16/ifrs-full,OtherFinanceIncomeCost,ifrs_full,train,6,3,monetary,
ifrs-full:OtherInflowsOutflowsOfCashClassifiedAsOperatingActivities,http://xbrl.ifrs.org/taxonomy/2019-03-27/ifrs-full,OtherInflowsOutflowsOfCashClassifiedAsOperatingActivities,ifrs_full,train,6,3,monetary,
ifrs-full:OtherIntangibleAssets,http://xbrl.ifrs.org/taxonomy/2019-03-27/ifrs-full,OtherIntangibleAssets,ifrs_full,train,6,3,monetary,
ifrs-full:OtherNoncurrentFinancialLiabilities,http://xbrl.ifrs.org/taxonomy/2019-03-27/ifrs-full,OtherNoncurrentFinancialLiabilities,ifrs_full,train,6,3,monetary,
ifrs-full:OtherNoncurrentPayables,http://xbrl.ifrs.org/taxonomy/2020-03-16/ifrs-full,OtherNoncurrentPayables,ifrs_full,train,6,3,monetary,
ifrs-full:OtherPropertyPlantAndEquipment,http://xbrl.ifrs.org/taxonomy/2019-03-27/ifrs-full,OtherPropertyPlantAndEquipment,ifrs_full,train,6,3,monetary,
ifrs-full:OtherReserves,http://xbrl.ifrs.org/taxonomy/2021-03-24/ifrs-full,OtherReserves,ifrs_full,train,6,2,monetary,
ifrs-full:OtherRevenue,http://xbrl.ifrs.org/taxonomy/2019-03-27/ifrs-full,OtherRevenue,ifrs_full,train,6,2,monetary,
ifrs-full:PaymentsForDevelopmentProjectExpenditure,http://xbrl.ifrs.org/taxonomy/2020-03-16/ifrs-full,PaymentsForDevelopmentProjectExpenditure,ifrs_full,train,6,2,monetary,
ifrs-full:PaymentsToAndOnBehalfOfEmployees,http://xbrl.ifrs.org/taxonomy/2019-03-27/ifrs-full,PaymentsToAndOnBehalfOfEmployees,ifrs_full,train,6,2,monetary,
ifrs-full:PaymentsToSuppliersForGoodsAndServices,http://xbrl.ifrs.org/taxonomy/2019-03-27/ifrs-full,PaymentsToSuppliersForGoodsAndServices,ifrs_full,train,6,2,monetary,
ifrs-full:ProceedsFromExerciseOfOptions,http://xbrl.ifrs.org/taxonomy/2019-03-27/ifrs-full,ProceedsFromExerciseOfOptions,ifrs_full,train,6,3,monetary,
ifrs-full:ProceedsFromSalesOfInterestsInAssociates,http://xbrl.ifrs.org/taxonomy/2020-03-16/ifrs-full,ProceedsFromSalesOfInterestsInAssociates,ifrs_full,train,6,3,monetary,
ifrs-full:ProceedsFromSalesOfInvestmentsOtherThanInvestmentsAccountedForUsingEquityMethod,http://xbrl.ifrs.org/taxonomy/2020-03-16/ifrs-full,ProceedsFromSalesOfInvestmentsOtherThanInvestmentsAccountedForUsingEquityMethod,ifrs_full,train,6,3,monetary,
ifrs-full:ProfitLossAttributableToOwnersOfParent,http://xbrl.ifrs.org/taxonomy/2021-03-24/ifrs-full,ProfitLossAttributableToOwnersOfParent,ifrs_full,train,6,2,monetary,
ifrs-full:ProfitLossFromContinuingOperations,http://xbrl.ifrs.org/taxonomy/2021-03-24/ifrs-full,ProfitLossFromContinuingOperations,ifrs_full,train,6,2,monetary,
ifrs-full:ProfitLossFromContinuingOperationsAttributableToOrdinaryEquityHoldersOfParentEntity,http://xbrl.ifrs.org/taxonomy/2019-03-27/ifrs-full,ProfitLossFromContinuingOperationsAttributableToOrdinaryEquityHoldersOfParentEntity,ifrs_full,train,6,3,monetary,
ifrs-full:ProfitLossFromDiscontinuedOperationsAttributableToNoncontrollingInterests,http://xbrl.ifrs.org/taxonomy/2019-03-27/ifrs-full,ProfitLossFromDiscontinuedOperationsAttributableToNoncontrollingInterests,ifrs_full,train,6,3,monetary,
ifrs-full:ProfitLossFromDiscontinuedOperationsAttributableToOrdinaryEquityHoldersOfParentEntity,http://xbrl.ifrs.org/taxonomy/2019-03-27/ifrs-full,ProfitLossFromDiscontinuedOperationsAttributableToOrdinaryEquityHoldersOfParentEntity,ifrs_full,train,6,3,monetary,
ifrs-full:ProfitLossFromOperatingActivities,http://xbrl.ifrs.org/taxonomy/2021-03-24/ifrs-full,ProfitLossFromOperatingActivities,ifrs_full,train,6,2,monetary,
ifrs-full:ReceiptsFromSalesOfGoodsAndRenderingOfServices,http://xbrl.ifrs.org/taxonomy/2019-03-27/ifrs-full,ReceiptsFromSalesOfGoodsAndRenderingOfServices,ifrs_full,train,6,2,monetary,
ifrs-full:ReclassificationAdjustmentsOnCashFlowHedgesBeforeTax,http://xbrl.ifrs.org/taxonomy/2019-03-27/ifrs-full,ReclassificationAdjustmentsOnCashFlowHedgesBeforeTax,ifrs_full,train,6,3,monetary,
ifrs-full:ReinsuranceAssets,http://xbrl.ifrs.org/taxonomy/2020-03-16/ifrs-full,ReinsuranceAssets,ifrs_full,train,6,3,monetary,
ifrs-full:RentalIncomeFromInvestmentProperty,http://xbrl.ifrs.org/taxonomy/2019-03-27/ifrs-full,RentalIncomeFromInvestmentProperty,ifrs_full,train,6,3,monetary,
ifrs-full:ReserveOfGainsAndLossesOnFinancialAssetsMeasuredAtFairValueThroughOtherComprehensiveIncome,http://xbrl.ifrs.org/taxonomy/2020-03-16/ifrs-full,ReserveOfGainsAndLossesOnFinancialAssetsMeasuredAtFairValueThroughOtherComprehensiveIncome,ifrs_full,train,6,3,monetary,
ifrs-full:RevenueFromInterest,http://xbrl.ifrs.org/taxonomy/2021-03-24/ifrs-full,RevenueFromInterest,ifrs_full,train,6,3,monetary,
ifrs-full:RevenueFromSaleOfGoods,http://xbrl.ifrs.org/taxonomy/2020-03-16/ifrs-full,RevenueFromSaleOfGoods,ifrs_full,train,6,2,monetary,
ifrs-full:SalesAndMarketingExpense,http://xbrl.ifrs.org/taxonomy/2021-03-24/ifrs-full,SalesAndMarketingExpense,ifrs_full,train,6,3,monetary,
ifrs-full:SellingExpense,http://xbrl.ifrs.org/taxonomy/2020-03-16/ifrs-full,SellingExpense,ifrs_full,train,6,2,monetary,
ifrs-full:ShareOfOtherComprehensiveIncomeOfAssociatesAndJointVenturesAccountedForUsingEquityMethodThatWillNotBeReclassifiedToProfitOrLossNetOfTax,http://xbrl.ifrs.org/taxonomy/2019-03-27/ifrs-full,ShareOfOtherComprehensiveIncomeOfAssociatesAndJointVenturesAccountedForUsingEquityMethodThatWillNotBeReclassifiedToProfitOrLossNetOfTax,ifrs_full,train,6,3,monetary,
ifrs-full:SharePremium,http://xbrl.ifrs.org/taxonomy/2021-03-24/ifrs-full,SharePremium,ifrs_full,train,6,3,monetary,
ifrs-full:TradeAndOtherCurrentReceivables,http://xbrl.ifrs.org/taxonomy/2021-03-24/ifrs-full,TradeAndOtherCurrentReceivables,ifrs_full,train,6,3,monetary,
ifrs-full:TradeReceivables,http://xbrl.ifrs.org/taxonomy/2019-03-27/ifrs-full,TradeReceivables,ifrs_full,train,6,3,monetary,
ifrs-full:AdjustedWeightedAverageShares,http://xbrl.ifrs.org/taxonomy/2019-03-27/ifrs-full,AdjustedWeightedAverageShares,ifrs_full,train,5,2,shares,
ifrs-full:AdjustmentsForDecreaseIncreaseInDerivativeFinancialAssets,http://xbrl.ifrs.org/taxonomy/2020-03-16/ifrs-full,AdjustmentsForDecreaseIncreaseInDerivativeFinancialAssets,ifrs_full,train,5,2,monetary,
ifrs-full:AdjustmentsForDecreaseIncreaseInLoansAndAdvancesToBanks,http://xbrl.ifrs.org/taxonomy/2020-03-16/ifrs-full,AdjustmentsForDecreaseIncreaseInLoansAndAdvancesToBanks,ifrs_full,train,5,2,monetary,
ifrs-full:AdjustmentsForImpairmentLossReversalOfImpairmentLossRecognisedInProfitOrLossLoansAndAdvances,http://xbrl.ifrs.org/taxonomy/2020-03-16/ifrs-full,AdjustmentsForImpairmentLossReversalOfImpairmentLossRecognisedInProfitOrLossLoansAndAdvances,ifrs_full,train,5,2,monetary,
ifrs-full:AdjustmentsForIncreaseDecreaseInDepositsFromBanks,http://xbrl.ifrs.org/taxonomy/2020-03-16/ifrs-full,AdjustmentsForIncreaseDecreaseInDepositsFromBanks,ifrs_full,train,5,2,monetary,
ifrs-full:AdjustmentsForIncreaseDecreaseInDerivativeFinancialLiabilities,http://xbrl.ifrs.org/taxonomy/2020-03-16/ifrs-full,AdjustmentsForIncreaseDecreaseInDerivativeFinancialLiabilities,ifrs_full,train,5,2,monetary,
ifrs-full:BasicEarningsLossPerShareFromDiscontinuedOperations,http://xbrl.ifrs.org/taxonomy/2020-03-16/ifrs-full,BasicEarningsLossPerShareFromDiscontinuedOperations,ifrs_full,train,5,2,pershare,
ifrs-full:DebtSecurities,http://xbrl.ifrs.org/taxonomy/2019-03-27/ifrs-full,DebtSecurities,ifrs_full,train,5,2,monetary,
ifrs-full:DividendsPaidToEquityHoldersOfParentClassifiedAsFinancingActivities,http://xbrl.ifrs.org/taxonomy/2019-03-27/ifrs-full,DividendsPaidToEquityHoldersOfParentClassifiedAsFinancingActivities,ifrs_full,train,5,3,monetary,
ifrs-full:DividendsReceivedClassifiedAsOperatingActivities,http://xbrl.ifrs.org/taxonomy/2020-03-16/ifrs-full,DividendsReceivedClassifiedAsOperatingActivities,ifrs_full,train,5,2,monetary,
ifrs-full:LoansAndAdvancesToCustomers,http://xbrl.ifrs.org/taxonomy/2019-03-27/ifrs-full,LoansAndAdvancesToCustomers,ifrs_full,train,5,2,monetary,
ifrs-full:OtherInflowsOutflowsOfCashClassifiedAsInvestingActivities,http://xbrl.ifrs.org/taxonomy/2019-03-27/ifrs-full,OtherInflowsOutflowsOfCashClassifiedAsInvestingActivities,ifrs_full,train,5,3,monetary,
ifrs-full:OtherLiabilities,http://xbrl.ifrs.org/taxonomy/2019-03-27/ifrs-full,OtherLiabilities,ifrs_full,train,5,2,monetary,
ifrs-full:ProceedsFromSaleOrIssueOfTreasuryShares,http://xbrl.ifrs.org/taxonomy/2019-03-27/ifrs-full,ProceedsFromSaleOrIssueOfTreasuryShares,ifrs_full,train,5,3,monetary,
ifrs-full:ReserveOfGainsAndLossesOnFinancialAssetsMeasuredAtFairValueThroughOtherComprehensiveIncome,http://xbrl.ifrs.org/taxonomy/2019-03-27/ifrs-full,ReserveOfGainsAndLossesOnFinancialAssetsMeasuredAtFairValueThroughOtherComprehensiveIncome,ifrs_full,train,5,2,monetary,
ifrs-full:RevenueAndOperatingIncome,http://xbrl.ifrs.org/taxonomy/2019-03-27/ifrs-full,RevenueAndOperatingIncome,ifrs_full,train,5,2,monetary,
ifrs-full:AccrualsClassifiedAsCurrent,http://xbrl.ifrs.org/taxonomy/2021-03-24/ifrs-full,AccrualsClassifiedAsCurrent,ifrs_full,train,4,2,monetary,
ifrs-full:AccumulatedOtherComprehensiveIncome,http://xbrl.ifrs.org/taxonomy/2019-03-27/ifrs-full,AccumulatedOtherComprehensiveIncome,ifrs_full,train,4,2,monetary,
ifrs-full:AdjustmentsForDecreaseIncreaseInFinancialAssetsHeldForTrading,http://xbrl.ifrs.org/taxonomy/2019-03-27/ifrs-full,AdjustmentsForDecreaseIncreaseInFinancialAssetsHeldForTrading,ifrs_full,train,4,2,monetary,
ifrs-full:AdjustmentsForDecreaseIncreaseInLoansAndAdvancesToBanks,http://xbrl.ifrs.org/taxonomy/2019-03-27/ifrs-full,AdjustmentsForDecreaseIncreaseInLoansAndAdvancesToBanks,ifrs_full,train,4,2,monetary,
ifrs-full:AdjustmentsForDecreaseIncreaseInLoansAndAdvancesToCustomers,http://xbrl.ifrs.org/taxonomy/2021-03-24/ifrs-full,AdjustmentsForDecreaseIncreaseInLoansAndAdvancesToCustomers,ifrs_full,train,4,2,monetary,
ifrs-full:AdjustmentsForDecreaseIncreaseInOtherOperatingReceivables,http://xbrl.ifrs.org/taxonomy/2019-03-27/ifrs-full,AdjustmentsForDecreaseIncreaseInOtherOperatingReceivables,ifrs_full,train,4,2,monetary,
ifrs-full:AdjustmentsForDeferredTaxExpense,http://xbrl.ifrs.org/taxonomy/2020-03-16/ifrs-full,AdjustmentsForDeferredTaxExpense,ifrs_full,train,4,2,monetary,
ifrs-full:AdjustmentsForDividendIncome,http://xbrl.ifrs.org/taxonomy/2021-03-24/ifrs-full,AdjustmentsForDividendIncome,ifrs_full,train,4,1,monetary,
ifrs-full:AdjustmentsForFairValueGainsLosses,http://xbrl.ifrs.org/taxonomy/2020-03-16/ifrs-full,AdjustmentsForFairValueGainsLosses,ifrs_full,train,4,2,monetary,
ifrs-full:AdjustmentsForGainLossOnDisposalOfInvestmentsInSubsidiariesJointVenturesAndAssociates,http://xbrl.ifrs.org/taxonomy/2019-03-27/ifrs-full,AdjustmentsForGainLossOnDisposalOfInvestmentsInSubsidiariesJointVenturesAndAssociates,ifrs_full,train,4,2,monetary,
ifrs-full:AdjustmentsForGainsLossesOnChangeInFairValueOfDerivatives,http://xbrl.ifrs.org/taxonomy/2021-03-24/ifrs-full,AdjustmentsForGainsLossesOnChangeInFairValueOfDerivatives,ifrs_full,train,4,1,monetary,
ifrs-full:AdjustmentsForImpairmentLossRecognisedInProfitOrLossGoodwill,http://xbrl.ifrs.org/taxonomy/2020-03-16/ifrs-full,AdjustmentsForImpairmentLossRecognisedInProfitOrLossGoodwill,ifrs_full,train,4,2,monetary,
ifrs-full:AdjustmentsForIncreaseDecreaseInDeferredIncome,http://xbrl.ifrs.org/taxonomy/2020-03-16/ifrs-full,AdjustmentsForIncreaseDecreaseInDeferredIncome,ifrs_full,train,4,2,monetary,
ifrs-full:AdjustmentsForIncreaseDecreaseInDepositsFromBanks,http://xbrl.ifrs.org/taxonomy/2019-03-27/ifrs-full,AdjustmentsForIncreaseDecreaseInDepositsFromBanks,ifrs_full,train,4,2,monetary,
ifrs-full:AdjustmentsForIncreaseDecreaseInDepositsFromCustomers,http://xbrl.ifrs.org/taxonomy/2019-03-27/ifrs-full,AdjustmentsForIncreaseDecreaseInDepositsFromCustomers,ifrs_full,train,4,2,monetary,
ifrs-full:AdjustmentsForLossesGainsOnDisposalOfNoncurrentAssets,http://xbrl.ifrs.org/taxonomy/2021-03-24/ifrs-full,AdjustmentsForLossesGainsOnDisposalOfNoncurrentAssets,ifrs_full,train,4,1,monetary,
ifrs-full:AdjustmentsForProvisions,http://xbrl.ifrs.org/taxonomy/2021-03-24/ifrs-full,AdjustmentsForProvisions,ifrs_full,train,4,1,monetary,
ifrs-full:AdjustmentsForReconcileProfitLoss,http://xbrl.ifrs.org/taxonomy/2020-03-16/ifrs-full,AdjustmentsForReconcileProfitLoss,ifrs_full,train,4,2,monetary,
ifrs-full:AdjustmentsForUnrealisedForeignExchangeLossesGains,http://xbrl.ifrs.org/taxonomy/2021-03-24/ifrs-full,AdjustmentsForUnrealisedForeignExchangeLossesGains,ifrs_full,train,4,1,monetary,
ifrs-full:AmortisationAssetsRecognisedFromCostsIncurredToObtainOrFulfilContractsWithCustomers,http://xbrl.ifrs.org/taxonomy/2019-03-27/ifrs-full,AmortisationAssetsRecognisedFromCostsIncurredToObtainOrFulfilContractsWithCustomers,ifrs_full,train,4,1,monetary,
ifrs-full:AssetsRecognisedFromCostsToObtainOrFulfilContractsWithCustomers,http://xbrl.ifrs.org/taxonomy/2020-03-16/ifrs-full,AssetsRecognisedFromCostsToObtainOrFulfilContractsWithCustomers,ifrs_full,train,4,2,monetary,
ifrs-full:AssetsRecognisedFromCostsToObtainOrFulfilContractsWithCustomers,http://xbrl.ifrs.org/taxonomy/2019-03-27/ifrs-full,AssetsRecognisedFromCostsToObtainOrFulfilContractsWithCustomers,ifrs_full,train,4,2,monetary,
ifrs-full:CapitalReserve,http://xbrl.ifrs.org/taxonomy/2020-03-16/ifrs-full,CapitalReserve,ifrs_full,train,4,2,monetary,
ifrs-full:CashAdvancesAndLoansMadeToRelatedParties,http://xbrl.ifrs.org/taxonomy/2021-03-24/ifrs-full,CashAdvancesAndLoansMadeToRelatedParties,ifrs_full,train,4,1,monetary,
ifrs-full:CashAndCashEquivalentsClassifiedAsPartOfDisposalGroupHeldForSale,http://xbrl.ifrs.org/taxonomy/2019-03-27/ifrs-full,CashAndCashEquivalentsClassifiedAsPartOfDisposalGroupHeldForSale,ifrs_full,train,4,2,monetary,
ifrs-full:CashAndCashEquivalentsInSubsidiaryOrBusinessesAcquiredOrDisposed2013,http://xbrl.ifrs.org/taxonomy/2019-03-27/ifrs-full,CashAndCashEquivalentsInSubsidiaryOrBusinessesAcquiredOrDisposed2013,ifrs_full,train,4,2,monetary,
ifrs-full:CashFlowsFromLosingControlOfSubsidiariesOrOtherBusinessesClassifiedAsInvestingActivities,http://xbrl.ifrs.org/taxonomy/2021-03-24/ifrs-full,CashFlowsFromLosingControlOfSubsidiariesOrOtherBusinessesClassifiedAsInvestingActivities,ifrs_full,train,4,2,monetary,
ifrs-full:CashFlowsFromUsedInDecreaseIncreaseInRestrictedCashAndCashEquivalents,http://xbrl.ifrs.org/taxonomy/2020-03-16/ifrs-full,CashFlowsFromUsedInDecreaseIncreaseInRestrictedCashAndCashEquivalents,ifrs_full,train,4,2,monetary,
ifrs-full:CashFlowsFromUsedInDecreaseIncreaseInShorttermDepositsAndInvestments,http://xbrl.ifrs.org/taxonomy/2019-03-27/ifrs-full,CashFlowsFromUsedInDecreaseIncreaseInShorttermDepositsAndInvestments,ifrs_full,train,4,2,monetary,
ifrs-full:CashFlowsFromUsedInDecreaseIncreaseInShorttermDepositsAndInvestments,http://xbrl.ifrs.org/taxonomy/2020-03-16/ifrs-full,CashFlowsFromUsedInDecreaseIncreaseInShorttermDepositsAndInvestments,ifrs_full,train,4,2,monetary,
ifrs-full:CashFlowsFromUsedInFinancingActivitiesDiscontinuedOperations,http://xbrl.ifrs.org/taxonomy/2019-03-27/ifrs-full,CashFlowsFromUsedInFinancingActivitiesDiscontinuedOperations,ifrs_full,train,4,2,monetary,
ifrs-full:CashFlowsFromUsedInInvestingActivitiesDiscontinuedOperations,http://xbrl.ifrs.org/taxonomy/2019-03-27/ifrs-full,CashFlowsFromUsedInInvestingActivitiesDiscontinuedOperations,ifrs_full,train,4,2,monetary,
ifrs-full:CashFlowsFromUsedInOperatingActivitiesDiscontinuedOperations,http://xbrl.ifrs.org/taxonomy/2019-03-27/ifrs-full,CashFlowsFromUsedInOperatingActivitiesDiscontinuedOperations,ifrs_full,train,4,2,monetary,
ifrs-full:CashReceiptsFromRepaymentOfAdvancesAndLoansMadeToOtherPartiesClassifiedAsInvestingActivities,http://xbrl.ifrs.org/taxonomy/2021-03-24/ifrs-full,CashReceiptsFromRepaymentOfAdvancesAndLoansMadeToOtherPartiesClassifiedAsInvestingActivities,ifrs_full,train,4,2,monetary,
ifrs-full:CashReceiptsFromRepaymentOfAdvancesAndLoansMadeToRelatedParties,http://xbrl.ifrs.org/taxonomy/2021-03-24/ifrs-full,CashReceiptsFromRepaymentOfAdvancesAndLoansMadeToRelatedParties,ifrs_full,train,4,1,monetary,
ifrs-full:ChangesInInventoriesOfFinishedGoodsAndWorkInProgress,http://xbrl.ifrs.org/taxonomy/2019-03-27/ifrs-full,ChangesInInventoriesOfFinishedGoodsAndWorkInProgress,ifrs_full,train,4,1,monetary,
ifrs-full:ComprehensiveIncomeAttributableToNoncontrollingInterests,http://xbrl.ifrs.org/taxonomy/2021-03-24/ifrs-full,ComprehensiveIncomeAttributableToNoncontrollingInterests,ifrs_full,train,4,1,monetary,
ifrs-full:ConsumerLoans,http://xbrl.ifrs.org/taxonomy/2019-03-27/ifrs-full,ConsumerLoans,ifrs_full,train,4,1,monetary,
ifrs-full:CopyrightsPatentsAndOtherIndustrialPropertyRightsServiceAndOperatingRights,http://xbrl.ifrs.org/taxonomy/2021-03-24/ifrs-full,CopyrightsPatentsAndOtherIndustrialPropertyRightsServiceAndOperatingRights,ifrs_full,train,4,2,monetary,
ifrs-full:CurrentAdvances,http://xbrl.ifrs.org/taxonomy/2019-03-27/ifrs-full,CurrentAdvances,ifrs_full,train,4,2,monetary,
ifrs-full:CurrentBondsIssuedAndCurrentPortionOfNoncurrentBondsIssued,http://xbrl.ifrs.org/taxonomy/2021-03-24/ifrs-full,CurrentBondsIssuedAndCurrentPortionOfNoncurrentBondsIssued,ifrs_full,train,4,2,monetary,
ifrs-full:CurrentCommercialPapersIssuedAndCurrentPortionOfNoncurrentCommercialPapersIssued,http://xbrl.ifrs.org/taxonomy/2019-03-27/ifrs-full,CurrentCommercialPapersIssuedAndCurrentPortionOfNoncurrentCommercialPapersIssued,ifrs_full,train,4,1,monetary,
ifrs-full:CurrentContractLiabilitiesForPerformanceObligationsSatisfiedOverTime,http://xbrl.ifrs.org/taxonomy/2021-03-24/ifrs-full,CurrentContractLiabilitiesForPerformanceObligationsSatisfiedOverTime,ifrs_full,train,4,1,monetary,
ifrs-full:CurrentDeferredIncomeOtherThanCurrentContractLiabilities,http://xbrl.ifrs.org/taxonomy/2021-03-24/ifrs-full,CurrentDeferredIncomeOtherThanCurrentContractLiabilities,ifrs_full,train,4,1,monetary,
ifrs-full:CurrentDerivativeFinancialAssets,http://xbrl.ifrs.org/taxonomy/2019-03-27/ifrs-full,CurrentDerivativeFinancialAssets,ifrs_full,train,4,2,monetary,
ifrs-full:CurrentDerivativeFinancialAssets,http://xbrl.ifrs.org/taxonomy/2021-03-24/ifrs-full,CurrentDerivativeFinancialAssets,ifrs_full,train,4,1,monetary,
ifrs-full:CurrentDerivativeFinancialLiabilities,http://xbrl.ifrs.org/taxonomy/2021-03-24/ifrs-full,CurrentDerivativeFinancialLiabilities,ifrs_full,train,4,1,monetary,
ifrs-full:CurrentFinancialAssetsAtFairValueThroughOtherComprehensiveIncome,http://xbrl.ifrs.org/taxonomy/2019-03-27/ifrs-full,CurrentFinancialAssetsAtFairValueThroughOtherComprehensiveIncome,ifrs_full,train,4,2,monetary,
ifrs-full:CurrentFinancialAssetsMeasuredAtFairValueThroughOtherComprehensiveIncome,http://xbrl.ifrs.org/taxonomy/2020-03-16/ifrs-full,CurrentFinancialAssetsMeasuredAtFairValueThroughOtherComprehensiveIncome,ifrs_full,train,4,2,monetary,
ifrs-full:CurrentFinancialLiabilities,http://xbrl.ifrs.org/taxonomy/2020-03-16/ifrs-full,CurrentFinancialLiabilities,ifrs_full,train,4,2,monetary,
ifrs-full:CurrentGovernmentGrants,http://xbrl.ifrs.org/taxonomy/2020-03-16/ifrs-full,CurrentGovernmentGrants,ifrs_full,train,4,2,monetary,
ifrs-full:CurrentInventoriesHeldForSale,http://xbrl.ifrs.org/taxonomy/2021-03-24/ifrs-full,CurrentInventoriesHeldForSale,ifrs_full,train,4,2,monetary,
ifrs-full:CurrentPrepayments,http://xbrl.ifrs.org/taxonomy/2021-03-24/ifrs-full,CurrentPrepayments,ifrs_full,train,4,2,monetary,
ifrs-full:CurrentPrepaymentsAndCurrentAccruedIncome,http://xbrl.ifrs.org/taxonomy/2019-03-27/ifrs-full,CurrentPrepaymentsAndCurrentAccruedIncome,ifrs_full,train,4,1,monetary,
ifrs-full:CurrentProvisionsForEmployeeBenefits,http://xbrl.ifrs.org/taxonomy/2019-03-27/ifrs-full,CurrentProvisionsForEmployeeBenefits,ifrs_full,train,4,2,monetary,
ifrs-full:CurrentReceivablesFromContractsWithCustomers,http://xbrl.ifrs.org/taxonomy/2021-03-24/ifrs-full,CurrentReceivablesFromContractsWithCustomers,ifrs_full,train,4,1,monetary,
ifrs-full:CurrentReceivablesFromTaxesOtherThanIncomeTax,http://xbrl.ifrs.org/taxonomy/2020-03-16/ifrs-full,CurrentReceivablesFromTaxesOtherThanIncomeTax,ifrs_full,train,4,2,monetary,
ifrs-full:CurrentTaxAssetsNoncurrent,http://xbrl.ifrs.org/taxonomy/2019-03-27/ifrs-full,CurrentTaxAssetsNoncurrent,ifrs_full,train,4,2,monetary,
ifrs-full:CurrentTaxExpenseIncome,http://xbrl.ifrs.org/taxonomy/2019-03-27/ifrs-full,CurrentTaxExpenseIncome,ifrs_full,train,4,2,monetary,
ifrs-full:CurrentTaxLiabilitiesCurrent,http://xbrl.ifrs.org/taxonomy/2021-03-24/ifrs-full,CurrentTaxLiabilitiesCurrent,ifrs_full,train,4,2,monetary,
ifrs-full:CurrentTaxLiabilitiesNoncurrent,http://xbrl.ifrs.org/taxonomy/2019-03-27/ifrs-full,CurrentTaxLiabilitiesNoncurrent,ifrs_full,train,4,2,monetary,
ifrs-full:CurrentTaxLiabilitiesNoncurrent,http://xbrl.ifrs.org/taxonomy/2020-03-16/ifrs-full,CurrentTaxLiabilitiesNoncurrent,ifrs_full,train,4,2,monetary,
ifrs-full:DebtSecurities,http://xbrl.ifrs.org/taxonomy/2020-03-16/ifrs-full,DebtSecurities,ifrs_full,train,4,2,monetary,
ifrs-full:DeferredIncome,http://xbrl.ifrs.org/taxonomy/2020-03-16/ifrs-full,DeferredIncome,ifrs_full,train,4,2,monetary,
ifrs-full:DepreciationAndAmortisationExpense,http://xbrl.ifrs.org/taxonomy/2021-03-24/ifrs-full,DepreciationAndAmortisationExpense,ifrs_full,train,4,1,monetary,
ifrs-full:DepreciationPropertyPlantAndEquipment,http://xbrl.ifrs.org/taxonomy/2021-03-24/ifrs-full,DepreciationPropertyPlantAndEquipment,ifrs_full,train,4,2,monetary,
ifrs-full:DepreciationRightofuseAssets,http://xbrl.ifrs.org/taxonomy/2021-03-24/ifrs-full,DepreciationRightofuseAssets,ifrs_full,train,4,2,monetary,
ifrs-full:DerivativeFinancialAssets,http://xbrl.ifrs.org/taxonomy/2020-03-16/ifrs-full,DerivativeFinancialAssets,ifrs_full,train,4,2,monetary,
ifrs-full:DerivativeFinancialAssetsHeldForTrading,http://xbrl.ifrs.org/taxonomy/2019-03-27/ifrs-full,DerivativeFinancialAssetsHeldForTrading,ifrs_full,train,4,1,monetary,
ifrs-full:DerivativeFinancialLiabilitiesHeldForHedging,http://xbrl.ifrs.org/taxonomy/2020-03-16/ifrs-full,DerivativeFinancialLiabilitiesHeldForHedging,ifrs_full,train,4,2,monetary,
ifrs-full:DerivativeFinancialLiabilitiesHeldForTrading,http://xbrl.ifrs.org/taxonomy/2019-03-27/ifrs-full,DerivativeFinancialLiabilitiesHeldForTrading,ifrs_full,train,4,1,monetary,
ifrs-full:DirectOperatingExpenseFromInvestmentPropertyGeneratingRentalIncome,http://xbrl.ifrs.org/taxonomy/2019-03-27/ifrs-full,DirectOperatingExpenseFromInvestmentPropertyGeneratingRentalIncome,ifrs_full,train,4,2,monetary,
ifrs-full:DirectOperatingExpenseFromInvestmentPropertyNotGeneratingRentalIncome,http://xbrl.ifrs.org/taxonomy/2019-03-27/ifrs-full,DirectOperatingExpenseFromInvestmentPropertyNotGeneratingRentalIncome,ifrs_full,train,4,2,monetary,
ifrs-full:DistributionCosts,http://xbrl.ifrs.org/taxonomy/2019-03-27/ifrs-full,DistributionCosts,ifrs_full,train,4,2,monetary,
ifrs-full:DividendsPaidToEquityHoldersOfParentClassifiedAsFinancingActivities,http://xbrl.ifrs.org/taxonomy/2021-03-24/ifrs-full,DividendsPaidToEquityHoldersOfParentClassifiedAsFinancingActivities,ifrs_full,train,4,1,monetary,
ifrs-full:DividendsPaidToNoncontrollingInterestsClassifiedAsFinancingActivities,http://xbrl.ifrs.org/taxonomy/2021-03-24/ifrs-full,DividendsPaidToNoncontrollingInterestsClassifiedAsFinancingActivities,ifrs_full,train,4,1,monetary,
ifrs-full:DividendsReceivedClassifiedAsInvestingActivities,http://xbrl.ifrs.org/taxonomy/2021-03-24/ifrs-full,DividendsReceivedClassifiedAsInvestingActivities,ifrs_full,train,4,1,monetary,
ifrs-full:DividendsReceivedClassifiedAsOperatingActivities,http://xbrl.ifrs.org/taxonomy/2019-03-27/ifrs-full,DividendsReceivedClassifiedAsOperatingActivities,ifrs_full,train,4,2,monetary,
ifrs-full:DividendsReceivedFromAssociatesClassifiedAsInvestingActivities,http://xbrl.ifrs.org/taxonomy/2020-03-16/ifrs-full,DividendsReceivedFromAssociatesClassifiedAsInvestingActivities,ifrs_full,train,4,2,monetary,
ifrs-full:DividendsReceivedFromInvestmentsAccountedForUsingEquityMethodClassifiedAsInvestingActivities,http://xbrl.ifrs.org/taxonomy/2019-03-27/ifrs-full,DividendsReceivedFromInvestmentsAccountedForUsingEquityMethodClassifiedAsInvestingActivities,ifrs_full,train,4,2,monetary,
ifrs-full:EmployeeBenefitsExpense,http://xbrl.ifrs.org/taxonomy/2021-03-24/ifrs-full,EmployeeBenefitsExpense,ifrs_full,train,4,1,monetary,
ifrs-full:EquityAttributableToOwnersOfParent,http://xbrl.ifrs.org/taxonomy/2021-03-24/ifrs-full,EquityAttributableToOwnersOfParent,ifrs_full,train,4,1,monetary,
ifrs-full:ExpenseOfRestructuringActivities,http://xbrl.ifrs.org/taxonomy/2019-03-27/ifrs-full,ExpenseOfRestructuringActivities,ifrs_full,train,4,2,monetary,
ifrs-full:FeeAndCommissionIncomeExpense,http://xbrl.ifrs.org/taxonomy/2019-03-27/ifrs-full,FeeAndCommissionIncomeExpense,ifrs_full,train,4,2,monetary,
ifrs-full:FinanceIncomeReceivedClassifiedAsOperatingActivities,http://xbrl.ifrs.org/taxonomy/2019-03-27/ifrs-full,FinanceIncomeReceivedClassifiedAsOperatingActivities,ifrs_full,train,4,2,monetary,
ifrs-full:FinancialAssetsAtAmortisedCost,http://xbrl.ifrs.org/taxonomy/2019-03-27/ifrs-full,FinancialAssetsAtAmortisedCost,ifrs_full,train,4,2,monetary,
ifrs-full:FinancialAssetsAtFairValueThroughProfitOrLossDesignatedAsUponInitialRecognition,http://xbrl.ifrs.org/taxonomy/2020-03-16/ifrs-full,FinancialAssetsAtFairValueThroughProfitOrLossDesignatedAsUponInitialRecognition,ifrs_full,train,4,2,monetary,
ifrs-full:FinancialLiabilitiesAtAmortisedCost,http://xbrl.ifrs.org/taxonomy/2019-03-27/ifrs-full,FinancialLiabilitiesAtAmortisedCost,ifrs_full,train,4,2,monetary,
ifrs-full:FinancialLiabilitiesAtFairValueThroughProfitOrLossDesignatedAsUponInitialRecognition,http://xbrl.ifrs.org/taxonomy/2020-03-16/ifrs-full,FinancialLiabilitiesAtFairValueThroughProfitOrLossDesignatedAsUponInitialRecognition,ifrs_full,train,4,2,monetary,
ifrs-full:FinishedGoods,http://xbrl.ifrs.org/taxonomy/2019-03-27/ifrs-full,FinishedGoods,ifrs_full,train,4,2,monetary,
ifrs-full:GainLossRecognisedOnMeasurementToFairValueLessCostsToSellOrOnDisposalOfAssetsOrDisposalGroupsConstitutingDiscontinuedOperation,http://xbrl.ifrs.org/taxonomy/2019-03-27/ifrs-full,GainLossRecognisedOnMeasurementToFairValueLessCostsToSellOrOnDisposalOfAssetsOrDisposalGroupsConstitutingDiscontinuedOperation,ifrs_full,train,4,2,monetary,
ifrs-full:GainRecognisedInBargainPurchaseTransaction,http://xbrl.ifrs.org/taxonomy/2021-03-24/ifrs-full,GainRecognisedInBargainPurchaseTransaction,ifrs_full,train,4,1,monetary,
ifrs-full:GainsLossesArisingFromDifferenceBetweenPreviousCarryingAmountAndFairValueOfFinancialAssetsReclassifiedAsMeasuredAtFairValue,http://xbrl.ifrs.org/taxonomy/2019-03-27/ifrs-full,GainsLossesArisingFromDifferenceBetweenPreviousCarryingAmountAndFairValueOfFinancialAssetsReclassifiedAsMeasuredAtFairValue,ifrs_full,train,4,2,monetary,
ifrs-full:GainsLossesOnCashFlowHedgesNetOfTax,http://xbrl.ifrs.org/taxonomy/2020-03-16/ifrs-full,GainsLossesOnCashFlowHedgesNetOfTax,ifrs_full,train,4,2,monetary,
ifrs-full:GainsLossesOnCashFlowHedgesNetOfTax,http://xbrl.ifrs.org/taxonomy/2021-03-24/ifrs-full,GainsLossesOnCashFlowHedgesNetOfTax,ifrs_full,train,4,1,monetary,
ifrs-full:GainsLossesOnChangeInValueOfForeignCurrencyBasisSpreadsNetOfTax,http://xbrl.ifrs.org/taxonomy/2020-03-16/ifrs-full,GainsLossesOnChangeInValueOfForeignCurrencyBasisSpreadsNetOfTax,ifrs_full,train,4,1,monetary,
ifrs-full:GainsLossesOnDisposalsOfInvestments,http://xbrl.ifrs.org/taxonomy/2019-03-27/ifrs-full,GainsLossesOnDisposalsOfInvestments,ifrs_full,train,4,2,monetary,
ifrs-full:GainsLossesOnDisposalsOfNoncurrentAssets,http://xbrl.ifrs.org/taxonomy/2019-03-27/ifrs-full,GainsLossesOnDisposalsOfNoncurrentAssets,ifrs_full,train,4,2,monetary,
ifrs-full:GainsLossesOnFairValueAdjustmentBiologicalAssets,http://xbrl.ifrs.org/taxonomy/2021-03-24/ifrs-full,GainsLossesOnFairValueAdjustmentBiologicalAssets,ifrs_full,train,4,1,monetary,
ifrs-full:GainsLossesOnFinancialAssetsAtFairValueThroughProfitOrLoss,http://xbrl.ifrs.org/taxonomy/2020-03-16/ifrs-full,GainsLossesOnFinancialAssetsAtFairValueThroughProfitOrLoss,ifrs_full,train,4,2,monetary,
ifrs-full:GainsLossesOnFinancialAssetsMeasuredAtFairValueThroughOtherComprehensiveIncomeNetOfTax,http://xbrl.ifrs.org/taxonomy/2019-03-27/ifrs-full,GainsLossesOnFinancialAssetsMeasuredAtFairValueThroughOtherComprehensiveIncomeNetOfTax,ifrs_full,train,4,2,monetary,
ifrs-full:ImpairmentLossAssetsRecognisedFromCostsIncurredToObtainOrFulfilContractsWithCustomers,http://xbrl.ifrs.org/taxonomy/2020-03-16/ifrs-full,ImpairmentLossAssetsRecognisedFromCostsIncurredToObtainOrFulfilContractsWithCustomers,ifrs_full,train,4,1,monetary,
ifrs-full:ImpairmentLossOnFinancialAssets,http://xbrl.ifrs.org/taxonomy/2020-03-16/ifrs-full,ImpairmentLossOnFinancialAssets,ifrs_full,train,4,2,monetary,
ifrs-full:ImpairmentLossRecognisedInProfitOrLossTradeReceivables,http://xbrl.ifrs.org/taxonomy/2020-03-16/ifrs-full,ImpairmentLossRecognisedInProfitOrLossTradeReceivables,ifrs_full,train,4,2,monetary,
ifrs-full:ImpairmentLossReversalOfImpairmentLossRecognisedInProfitOrLossTradeReceivables,http://xbrl.ifrs.org/taxonomy/2020-03-16/ifrs-full,ImpairmentLossReversalOfImpairmentLossRecognisedInProfitOrLossTradeReceivables,ifrs_full,train,4,2,monetary,
ifrs-full:IncomeFromAmountsRecoveredFromReinsurer,http://xbrl.ifrs.org/taxonomy/2020-03-16/ifrs-full,IncomeFromAmountsRecoveredFromReinsurer,ifrs_full,train,4,2,monetary,
ifrs-full:IncomeTaxRelatingToShareOfOtherComprehensiveIncomeOfAssociatesAndJointVenturesAccountedForUsingEquityMethodThatWillBeReclassifiedToProfitOrLoss,http://xbrl.ifrs.org/taxonomy/2019-03-27/ifrs-full,IncomeTaxRelatingToShareOfOtherComprehensiveIncomeOfAssociatesAndJointVenturesAccountedForUsingEquityMethodThatWillBeReclassifiedToProfitOrLoss,ifrs_full,train,4,2,monetary,
ifrs-full:IncomeTaxRelatingToShareOfOtherComprehensiveIncomeOfAssociatesAndJointVenturesAccountedForUsingEquityMethodThatWillNotBeReclassifiedToProfitOrLoss,http://xbrl.ifrs.org/taxonomy/2019-03-27/ifrs-full,IncomeTaxRelatingToShareOfOtherComprehensiveIncomeOfAssociatesAndJointVenturesAccountedForUsingEquityMethodThatWillNotBeReclassifiedToProfitOrLoss,ifrs_full,train,4,2,monetary,
ifrs-full:IncreaseDecreaseInAccumulatedDeferredTaxRecognisedInOtherComprehensiveIncomeDueToChangeInTaxRate,http://xbrl.ifrs.org/taxonomy/2020-03-16/ifrs-full,IncreaseDecreaseInAccumulatedDeferredTaxRecognisedInOtherComprehensiveIncomeDueToChangeInTaxRate,ifrs_full,train,4,2,monetary,
ifrs-full:IncreaseDecreaseInCashAndCashEquivalentsDiscontinuedOperations,http://xbrl.ifrs.org/taxonomy/2019-03-27/ifrs-full,IncreaseDecreaseInCashAndCashEquivalentsDiscontinuedOperations,ifrs_full,train,4,2,monetary,
ifrs-full:IncreaseDecreaseInExposureToCreditRiskOnLoanCommitmentsAndFinancialGuaranteeContracts,http://xbrl.ifrs.org/taxonomy/2020-03-16/ifrs-full,IncreaseDecreaseInExposureToCreditRiskOnLoanCommitmentsAndFinancialGuaranteeContracts,ifrs_full,train,4,1,monetary,
ifrs-full:IncreaseDecreaseInInsuranceLiabilitiesNetOfReinsurance,http://xbrl.ifrs.org/taxonomy/2020-03-16/ifrs-full,IncreaseDecreaseInInsuranceLiabilitiesNetOfReinsurance,ifrs_full,train,4,2,monetary,
ifrs-full:InsuranceFinanceIncomeExpensesFromInsuranceContractsIssuedRecognisedInProfitOrLoss,http://xbrl.ifrs.org/taxonomy/2020-03-16/ifrs-full,InsuranceFinanceIncomeExpensesFromInsuranceContractsIssuedRecognisedInProfitOrLoss,ifrs_full,train,4,2,monetary,
ifrs-full:IntangibleAssetsAndGoodwill,http://xbrl.ifrs.org/taxonomy/2021-03-24/ifrs-full,IntangibleAssetsAndGoodwill,ifrs_full,train,4,2,monetary,
ifrs-full:IntangibleAssetsOtherThanGoodwill,http://xbrl.ifrs.org/taxonomy/2021-03-24/ifrs-full,IntangibleAssetsOtherThanGoodwill,ifrs_full,train,4,1,monetary,
ifrs-full:IntangibleAssetsUnderDevelopment,http://xbrl.ifrs.org/taxonomy/2019-03-27/ifrs-full,IntangibleAssetsUnderDevelopment,ifrs_full,train,4,2,monetary,
ifrs-full:IntangibleAssetsUnderDevelopment,http://xbrl.ifrs.org/taxonomy/2021-03-24/ifrs-full,IntangibleAssetsUnderDevelopment,ifrs_full,train,4,2,monetary,
ifrs-full:InterestExpense,http://xbrl.ifrs.org/taxonomy/2021-03-24/ifrs-full,InterestExpense,ifrs_full,train,4,2,monetary,
ifrs-full:InterestExpenseOnLeaseLiabilities,http://xbrl.ifrs.org/taxonomy/2020-03-16/ifrs-full,InterestExpenseOnLeaseLiabilities,ifrs_full,train,4,2,monetary,
ifrs-full:InterestPaidClassifiedAsInvestingActivities,http://xbrl.ifrs.org/taxonomy/2020-03-16/ifrs-full,InterestPaidClassifiedAsInvestingActivities,ifrs_full,train,4,1,monetary,
ifrs-full:InterestRevenueCalculatedUsingEffectiveInterestMethod,http://xbrl.ifrs.org/taxonomy/2019-03-27/ifrs-full,InterestRevenueCalculatedUsingEffectiveInterestMethod,ifrs_full,train,4,2,monetary,
ifrs-full:InvestmentContractsLiabilities,http://xbrl.ifrs.org/taxonomy/2020-03-16/ifrs-full,InvestmentContractsLiabilities,ifrs_full,train,4,2,monetary,
ifrs-full:InvestmentIncome,http://xbrl.ifrs.org/taxonomy/2021-03-24/ifrs-full,InvestmentIncome,ifrs_full,train,4,2,monetary,
ifrs-full:InvestmentsForRiskOfPolicyholders,http://xbrl.ifrs.org/taxonomy/2020-03-16/ifrs-full,InvestmentsForRiskOfPolicyholders,ifrs_full,train,4,2,monetary,
ifrs-full:InvestmentsInSubsidiaries,http://xbrl.ifrs.org/taxonomy/2021-03-24/ifrs-full,InvestmentsInSubsidiaries,ifrs_full,train,4,2,monetary,
ifrs-full:InvestmentsInSubsidiariesJointVenturesAndAssociates,http://xbrl.ifrs.org/taxonomy/2019-03-27/ifrs-full,InvestmentsInSubsidiariesJointVenturesAndAssociates,ifrs_full,train,4,2,monetary,
ifrs-full:InvestmentsInSubsidiariesJointVenturesAndAssociates,http://xbrl.ifrs.org/taxonomy/2021-03-24/ifrs-full,InvestmentsInSubsidiariesJointVenturesAndAssociates,ifrs_full,train,4,1,monetary,
ifrs-full:LandAndBuildings,http://xbrl.ifrs.org/taxonomy/2021-03-24/ifrs-full,LandAndBuildings,ifrs_full,train,4,2,monetary,
ifrs-full:NetAssetsLiabilities,http://xbrl.ifrs.org/taxonomy/2020-03-16/ifrs-full,NetAssetsLiabilities,ifrs_full,train,4,2,monetary,
ifrs-full:NetForeignExchangeLoss,http://xbrl.ifrs.org/taxonomy/2020-03-16/ifrs-full,NetForeignExchangeLoss,ifrs_full,train,4,2,monetary,
ifrs-full:NoncontrollingInterests,http://xbrl.ifrs.org/taxonomy/2021-03-24/ifrs-full,NoncontrollingInterests,ifrs_full,train,4,1,monetary,
ifrs-full:NoncurrentContractAssets,http://xbrl.ifrs.org/taxonomy/2020-03-16/ifrs-full,NoncurrentContractAssets,ifrs_full,train,4,2,monetary,
ifrs-full:NoncurrentContractLiabilities,http://xbrl.ifrs.org/taxonomy/2019-03-27/ifrs-full,NoncurrentContractLiabilities,ifrs_full,train,4,2,monetary,
ifrs-full:NoncurrentContractLiabilitiesForPerformanceObligationsSatisfiedOverTime,http://xbrl.ifrs.org/taxonomy/2021-03-24/ifrs-full,NoncurrentContractLiabilitiesForPerformanceObligationsSatisfiedOverTime,ifrs_full,train,4,1,monetary,
ifrs-full:NoncurrentDeferredIncomeOtherThanNoncurrentContractLiabilities,http://xbrl.ifrs.org/taxonomy/2021-03-24/ifrs-full,NoncurrentDeferredIncomeOtherThanNoncurrentContractLiabilities,ifrs_full,train,4,1,monetary,
ifrs-full:NoncurrentDerivativeFinancialAssets,http://xbrl.ifrs.org/taxonomy/2019-03-27/ifrs-full,NoncurrentDerivativeFinancialAssets,ifrs_full,train,4,2,monetary,
ifrs-full:NoncurrentDerivativeFinancialAssets,http://xbrl.ifrs.org/taxonomy/2021-03-24/ifrs-full,NoncurrentDerivativeFinancialAssets,ifrs_full,train,4,1,monetary,
ifrs-full:NoncurrentDerivativeFinancialLiabilities,http://xbrl.ifrs.org/taxonomy/2021-03-24/ifrs-full,NoncurrentDerivativeFinancialLiabilities,ifrs_full,train,4,1,monetary,
ifrs-full:NoncurrentFinancialAssets,http://xbrl.ifrs.org/taxonomy/2021-03-24/ifrs-full,NoncurrentFinancialAssets,ifrs_full,train,4,2,monetary,
ifrs-full:NoncurrentFinancialAssetsAtAmortisedCost,http://xbrl.ifrs.org/taxonomy/2019-03-27/ifrs-full,NoncurrentFinancialAssetsAtAmortisedCost,ifrs_full,train,4,2,monetary,
ifrs-full:NoncurrentFinancialAssetsAtFairValueThroughOtherComprehensiveIncome,http://xbrl.ifrs.org/taxonomy/2020-03-16/ifrs-full,NoncurrentFinancialAssetsAtFairValueThroughOtherComprehensiveIncome,ifrs_full,train,4,2,monetary,
ifrs-full:NoncurrentFinancialAssetsAtFairValueThroughProfitOrLoss,http://xbrl.ifrs.org/taxonomy/2019-03-27/ifrs-full,NoncurrentFinancialAssetsAtFairValueThroughProfitOrLoss,ifrs_full,train,4,2,monetary,
ifrs-full:NoncurrentFinancialAssetsMeasuredAtFairValueThroughOtherComprehensiveIncome,http://xbrl.ifrs.org/taxonomy/2020-03-16/ifrs-full,NoncurrentFinancialAssetsMeasuredAtFairValueThroughOtherComprehensiveIncome,ifrs_full,train,4,2,monetary,
ifrs-full:NoncurrentFinancialLiabilities,http://xbrl.ifrs.org/taxonomy/2020-03-16/ifrs-full,NoncurrentFinancialLiabilities,ifrs_full,train,4,2,monetary,
ifrs-full:NoncurrentPayablesToRelatedParties,http://xbrl.ifrs.org/taxonomy/2020-03-16/ifrs-full,NoncurrentPayablesToRelatedParties,ifrs_full,train,4,1,monetary,
ifrs-full:NoncurrentPortionOfNoncurrentBondsIssued,http://xbrl.ifrs.org/taxonomy/2021-03-24/ifrs-full,NoncurrentPortionOfNoncurrentBondsIssued,ifrs_full,train,4,2,monetary,
ifrs-full:NoncurrentPortionOfOtherNoncurrentBorrowings,http://xbrl.ifrs.org/taxonomy/2021-03-24/ifrs-full,NoncurrentPortionOfOtherNoncurrentBorrowings,ifrs_full,train,4,2,monetary,
ifrs-full:NoncurrentPrepayments,http://xbrl.ifrs.org/taxonomy/2021-03-24/ifrs-full,NoncurrentPrepayments,ifrs_full,train,4,2,monetary,
ifrs-full:NoncurrentProvisions,http://xbrl.ifrs.org/taxonomy/2021-03-24/ifrs-full,NoncurrentProvisions,ifrs_full,train,4,1,monetary,
ifrs-full:NoncurrentReceivablesDueFromRelatedParties,http://xbrl.ifrs.org/taxonomy/2021-03-24/ifrs-full,NoncurrentReceivablesDueFromRelatedParties,ifrs_full,train,4,2,monetary,
ifrs-full:NoncurrentTradeReceivables,http://xbrl.ifrs.org/taxonomy/2020-03-16/ifrs-full,NoncurrentTradeReceivables,ifrs_full,train,4,2,monetary,
ifrs-full:NumberOfSharesIssued,http://xbrl.ifrs.org/taxonomy/2019-03-27/ifrs-full,NumberOfSharesIssued,ifrs_full,train,4,1,shares,
ifrs-full:NumberOfSharesOutstanding,http://xbrl.ifrs.org/taxonomy/2020-03-16/ifrs-full,NumberOfSharesOutstanding,ifrs_full,train,4,1,shares,
ifrs-full:OtherAdjustmentsForNoncashItems,http://xbrl.ifrs.org/taxonomy/2021-03-24/ifrs-full,OtherAdjustmentsForNoncashItems,ifrs_full,train,4,1,monetary,
ifrs-full:OtherAdjustmentsToReconcileProfitLoss,http://xbrl.ifrs.org/taxonomy/2021-03-24/ifrs-full,OtherAdjustmentsToReconcileProfitLoss,ifrs_full,train,4,2,monetary,
ifrs-full:OtherCashPaymentsFromOperatingActivities,http://xbrl.ifrs.org/taxonomy/2020-03-16/ifrs-full,OtherCashPaymentsFromOperatingActivities,ifrs_full,train,4,2,monetary,
ifrs-full:OtherCashPaymentsFromOperatingActivities,http://xbrl.ifrs.org/taxonomy/2019-03-27/ifrs-full,OtherCashPaymentsFromOperatingActivities,ifrs_full,train,4,1,monetary,
ifrs-full:OtherCashPaymentsToAcquireEquityOrDebtInstrumentsOfOtherEntitiesClassifiedAsInvestingActivities,http://xbrl.ifrs.org/taxonomy/2021-03-24/ifrs-full,OtherCashPaymentsToAcquireEquityOrDebtInstrumentsOfOtherEntitiesClassifiedAsInvestingActivities,ifrs_full,train,4,2,monetary,
ifrs-full:OtherCashPaymentsToAcquireInterestsInJointVenturesClassifiedAsInvestingActivities,http://xbrl.ifrs.org/taxonomy/2020-03-16/ifrs-full,OtherCashPaymentsToAcquireInterestsInJointVenturesClassifiedAsInvestingActivities,ifrs_full,train,4,2,monetary,
ifrs-full:OtherCashReceiptsFromOperatingActivities,http://xbrl.ifrs.org/taxonomy/2019-03-27/ifrs-full,OtherCashReceiptsFromOperatingActivities,ifrs_full,train,4,1,monetary,
ifrs-full:OtherCashReceiptsFromSalesOfEquityOrDebtInstrumentsOfOtherEntitiesClassifiedAsInvestingActivities,http://xbrl.ifrs.org/taxonomy/2019-03-27/ifrs-full,OtherCashReceiptsFromSalesOfEquityOrDebtInstrumentsOfOtherEntitiesClassifiedAsInvestingActivities,ifrs_full,train,4,2,monetary,
ifrs-full:OtherComprehensiveIncomeBeforeTaxChangeInFairValueOfFinancialLiabilityAttributableToChangeInCreditRiskOfLiability,http://xbrl.ifrs.org/taxonomy/2019-03-27/ifrs-full,OtherComprehensiveIncomeBeforeTaxChangeInFairValueOfFinancialLiabilityAttributableToChangeInCreditRiskOfLiability,ifrs_full,train,4,2,monetary,
ifrs-full:OtherComprehensiveIncomeNetOfTaxChangeInFairValueOfFinancialLiabilityAttributableToChangeInCreditRiskOfLiability,http://xbrl.ifrs.org/taxonomy/2020-03-16/ifrs-full,OtherComprehensiveIncomeNetOfTaxChangeInFairValueOfFinancialLiabilityAttributableToChangeInCreditRiskOfLiability,ifrs_full,train,4,2,monetary,
ifrs-full:OtherComprehensiveIncomeNetOfTaxFinancialAssetsMeasuredAtFairValueThroughOtherComprehensiveIncome,http://xbrl.ifrs.org/taxonomy/2020-03-16/ifrs-full,OtherComprehensiveIncomeNetOfTaxFinancialAssetsMeasuredAtFairValueThroughOtherComprehensiveIncome,ifrs_full,train,4,2,monetary,
ifrs-full:OtherComprehensiveIncomeNetOfTaxGainsLossesFromInvestmentsInEquityInstruments,http://xbrl.ifrs.org/taxonomy/2019-03-27/ifrs-full,OtherComprehensiveIncomeNetOfTaxGainsLossesFromInvestmentsInEquityInstruments,ifrs_full,train,4,2,monetary,
ifrs-full:OtherComprehensiveIncomeNetOfTaxGainsLossesOnHedgingInstrumentsThatHedgeInvestmentsInEquityInstruments,http://xbrl.ifrs.org/taxonomy/2020-03-16/ifrs-full,OtherComprehensiveIncomeNetOfTaxGainsLossesOnHedgingInstrumentsThatHedgeInvestmentsInEquityInstruments,ifrs_full,train,4,2,monetary,
ifrs-full:OtherComprehensiveIncomeNetOfTaxGainsLossesOnRemeasurementsOfDefinedBenefitPlans,http://xbrl.ifrs.org/taxonomy/2021-03-24/ifrs-full,OtherComprehensiveIncomeNetOfTaxGainsLossesOnRemeasurementsOfDefinedBenefitPlans,ifrs_full,train,4,1,monetary,
ifrs-full:OtherComprehensiveIncomeNetOfTaxGainsLossesOnRevaluation,http://xbrl.ifrs.org/taxonomy/2021-03-24/ifrs-full,OtherComprehensiveIncomeNetOfTaxGainsLossesOnRevaluation,ifrs_full,train,4,1,monetary,
ifrs-full:OtherComprehensiveIncomeNetOfTaxHedgesOfNetInvestmentsInForeignOperations,http://xbrl.ifrs.org/taxonomy/2019-03-27/ifrs-full,OtherComprehensiveIncomeNetOfTaxHedgesOfNetInvestmentsInForeignOperations,ifrs_full,train,4,2,monetary,
ifrs-full:OtherComprehensiveIncomeThatWillBeReclassifiedToProfitOrLossBeforeTax,http://xbrl.ifrs.org/taxonomy/2019-03-27/ifrs-full,OtherComprehensiveIncomeThatWillBeReclassifiedToProfitOrLossBeforeTax,ifrs_full,train,4,2,monetary,
ifrs-full:OtherComprehensiveIncomeThatWillBeReclassifiedToProfitOrLossNetOfTax,http://xbrl.ifrs.org/taxonomy/2021-03-24/ifrs-full,OtherComprehensiveIncomeThatWillBeReclassifiedToProfitOrLossNetOfTax,ifrs_full,train,4,1,monetary,
ifrs-full:OtherComprehensiveIncomeThatWillNotBeReclassifiedToProfitOrLossNetOfTax,http://xbrl.ifrs.org/taxonomy/2021-03-24/ifrs-full,OtherComprehensiveIncomeThatWillNotBeReclassifiedToProfitOrLossNetOfTax,ifrs_full,train,4,1,monetary,
ifrs-full:OtherCurrentBorrowingsAndCurrentPortionOfOtherNoncurrentBorrowings,http://xbrl.ifrs.org/taxonomy/2021-03-24/ifrs-full,OtherCurrentBorrowingsAndCurrentPortionOfOtherNoncurrentBorrowings,ifrs_full,train,4,2,monetary,
ifrs-full:OtherCurrentFinancialAssets,http://xbrl.ifrs.org/taxonomy/2021-03-24/ifrs-full,OtherCurrentFinancialAssets,ifrs_full,train,4,1,monetary,
ifrs-full:OtherCurrentNonfinancialAssets,http://xbrl.ifrs.org/taxonomy/2021-03-24/ifrs-full,OtherCurrentNonfinancialAssets,ifrs_full,train,4,1,monetary,
ifrs-full:OtherExpenseByFunction,http://xbrl.ifrs.org/taxonomy/2021-03-24/ifrs-full,OtherExpenseByFunction,ifrs_full,train,4,2,monetary,
ifrs-full:OtherExpenseByNature,http://xbrl.ifrs.org/taxonomy/2021-03-24/ifrs-full,OtherExpenseByNature,ifrs_full,train,4,1,monetary,
ifrs-full:OtherFinancialAssets,http://xbrl.ifrs.org/taxonomy/2020-03-16/ifrs-full,OtherFinancialAssets,ifrs_full,train,4,2,monetary,
ifrs-full:OtherFinancialLiabilities,http://xbrl.ifrs.org/taxonomy/2019-03-27/ifrs-full,OtherFinancialLiabilities,ifrs_full,train,4,2,monetary,
ifrs-full:OtherIncomeExpenseFromSubsidiariesJointlyControlledEntitiesAndAssociates,http://xbrl.ifrs.org/taxonomy/2020-03-16/ifrs-full,OtherIncomeExpenseFromSubsidiariesJointlyControlledEntitiesAndAssociates,ifrs_full,train,4,2,monetary,
ifrs-full:OtherIncomeExpenseFromSubsidiariesJointlyControlledEntitiesAndAssociates,http://xbrl.ifrs.org/taxonomy/2021-03-24/ifrs-full,OtherIncomeExpenseFromSubsidiariesJointlyControlledEntitiesAndAssociates,ifrs_full,train,4,1,monetary,
ifrs-full:OtherIndividuallyImmaterialComponentsOfOtherComprehensiveIncomeBeforeTax,http://xbrl.ifrs.org/taxonomy/2020-03-16/ifrs-full,OtherIndividuallyImmaterialComponentsOfOtherComprehensiveIncomeBeforeTax,ifrs_full,train,4,1,monetary,
ifrs-full:OtherIntangibleAssets,http://xbrl.ifrs.org/taxonomy/2020-03-16/ifrs-full,OtherIntangibleAssets,ifrs_full,train,4,2,monetary,
ifrs-full:OtherNoncurrentFinancialAssets,http://xbrl.ifrs.org/taxonomy/2021-03-24/ifrs-full,OtherNoncurrentFinancialAssets,ifrs_full,train,4,1,monetary,
ifrs-full:OtherNoncurrentNonfinancialAssets,http://xbrl.ifrs.org/taxonomy/2019-03-27/ifrs-full,OtherNoncurrentNonfinancialAssets,ifrs_full,train,4,2,monetary,
ifrs-full:OtherNoncurrentNonfinancialAssets,http://xbrl.ifrs.org/taxonomy/2021-03-24/ifrs-full,OtherNoncurrentNonfinancialAssets,ifrs_full,train,4,1,monetary,
ifrs-full:OtherNonfinancialLiabilities,http://xbrl.ifrs.org/taxonomy/2019-03-27/ifrs-full,OtherNonfinancialLiabilities,ifrs_full,train,4,2,monetary,
ifrs-full:OtherPropertyPlantAndEquipment,http://xbrl.ifrs.org/taxonomy/2021-03-24/ifrs-full,OtherPropertyPlantAndEquipment,ifrs_full,train,4,2,monetary,
ifrs-full:OtherWorkPerformedByEntityAndCapitalised,http://xbrl.ifrs.org/taxonomy/2019-03-27/ifrs-full,OtherWorkPerformedByEntityAndCapitalised,ifrs_full,train,4,2,monetary,
ifrs-full:PaymentsForPremiumsAndClaimsAnnuitiesAndOtherPolicyBenefits,http://xbrl.ifrs.org/taxonomy/2019-03-27/ifrs-full,PaymentsForPremiumsAndClaimsAnnuitiesAndOtherPolicyBenefits,ifrs_full,train,4,1,monetary,
ifrs-full:PaymentsForShareIssueCosts,http://xbrl.ifrs.org/taxonomy/2021-03-24/ifrs-full,PaymentsForShareIssueCosts,ifrs_full,train,4,2,monetary,
ifrs-full:PaymentsFromChangesInOwnershipInterestsInSubsidiaries,http://xbrl.ifrs.org/taxonomy/2019-03-27/ifrs-full,PaymentsFromChangesInOwnershipInterestsInSubsidiaries,ifrs_full,train,4,3,monetary,
ifrs-full:PostemploymentBenefitExpenseDefinedBenefitPlans,http://xbrl.ifrs.org/taxonomy/2020-03-16/ifrs-full,PostemploymentBenefitExpenseDefinedBenefitPlans,ifrs_full,train,4,1,monetary,
ifrs-full:ProceedsFromContributionsOfNoncontrollingInterests,http://xbrl.ifrs.org/taxonomy/2020-03-16/ifrs-full,ProceedsFromContributionsOfNoncontrollingInterests,ifrs_full,train,4,2,monetary,
ifrs-full:ProceedsFromDisposalOrMaturityOfAvailableforsaleFinancialAssets,http://xbrl.ifrs.org/taxonomy/2021-03-24/ifrs-full,ProceedsFromDisposalOrMaturityOfAvailableforsaleFinancialAssets,ifrs_full,train,4,1,monetary,
ifrs-full:ProceedsFromGovernmentGrantsClassifiedAsFinancingActivities,http://xbrl.ifrs.org/taxonomy/2020-03-16/ifrs-full,ProceedsFromGovernmentGrantsClassifiedAsFinancingActivities,ifrs_full,train,4,2,monetary,
ifrs-full:ProceedsFromGovernmentGrantsClassifiedAsFinancingActivities,http://xbrl.ifrs.org/taxonomy/2021-03-24/ifrs-full,ProceedsFromGovernmentGrantsClassifiedAsFinancingActivities,ifrs_full,train,4,1,monetary,
ifrs-full:ProceedsFromIssuingShares,http://xbrl.ifrs.org/taxonomy/2021-03-24/ifrs-full,ProceedsFromIssuingShares,ifrs_full,train,4,2,monetary,
ifrs-full:ProceedsFromSalesOfInvestmentsAccountedForUsingEquityMethod,http://xbrl.ifrs.org/taxonomy/2020-03-16/ifrs-full,ProceedsFromSalesOfInvestmentsAccountedForUsingEquityMethod,ifrs_full,train,4,2,monetary,
ifrs-full:ProceedsFromSalesOfInvestmentsAccountedForUsingEquityMethod,http://xbrl.ifrs.org/taxonomy/2019-03-27/ifrs-full,ProceedsFromSalesOfInvestmentsAccountedForUsingEquityMethod,ifrs_full,train,4,2,monetary,
ifrs-full:ProfitLossAttributableToNoncontrollingInterests,http://xbrl.ifrs.org/taxonomy/2021-03-24/ifrs-full,ProfitLossAttributableToNoncontrollingInterests,ifrs_full,train,4,1,monetary,
ifrs-full:ProfitLossFromContinuingOperationsAttributableToNoncontrollingInterests,http://xbrl.ifrs.org/taxonomy/2019-03-27/ifrs-full,ProfitLossFromContinuingOperationsAttributableToNoncontrollingInterests,ifrs_full,train,4,2,monetary,
ifrs-full:ProfitLossFromDiscontinuedOperations,http://xbrl.ifrs.org/taxonomy/2021-03-24/ifrs-full,ProfitLossFromDiscontinuedOperations,ifrs_full,train,4,1,monetary,
ifrs-full:PropertyServiceChargeIncome,http://xbrl.ifrs.org/taxonomy/2019-03-27/ifrs-full,PropertyServiceChargeIncome,ifrs_full,train,4,2,monetary,
ifrs-full:PurchaseOfInterestsInAssociates,http://xbrl.ifrs.org/taxonomy/2019-03-27/ifrs-full,PurchaseOfInterestsInAssociates,ifrs_full,train,4,2,monetary,
ifrs-full:PurchaseOfInvestmentProperty,http://xbrl.ifrs.org/taxonomy/2019-03-27/ifrs-full,PurchaseOfInvestmentProperty,ifrs_full,train,4,2,monetary,
ifrs-full:PurchaseOfOtherLongtermAssetsClassifiedAsInvestingActivities,http://xbrl.ifrs.org/taxonomy/2019-03-27/ifrs-full,PurchaseOfOtherLongtermAssetsClassifiedAsInvestingActivities,ifrs_full,train,4,2,monetary,
ifrs-full:PurchaseOfPropertyPlantAndEquipmentClassifiedAsInvestingActivities,http://xbrl.ifrs.org/taxonomy/2021-03-24/ifrs-full,PurchaseOfPropertyPlantAndEquipmentClassifiedAsInvestingActivities,ifrs_full,train,4,2,monetary,
ifrs-full:RawMaterialsAndConsumablesUsed,http://xbrl.ifrs.org/taxonomy/2021-03-24/ifrs-full,RawMaterialsAndConsumablesUsed,ifrs_full,train,4,1,monetary,
ifrs-full:ReceiptsFromPremiumsAndClaimsAnnuitiesAndOtherPolicyBenefits,http://xbrl.ifrs.org/taxonomy/2019-03-27/ifrs-full,ReceiptsFromPremiumsAndClaimsAnnuitiesAndOtherPolicyBenefits,ifrs_full,train,4,1,monetary,
ifrs-full:ReceiptsFromRoyaltiesFeesCommissionsAndOtherRevenue,http://xbrl.ifrs.org/taxonomy/2020-03-16/ifrs-full,ReceiptsFromRoyaltiesFeesCommissionsAndOtherRevenue,ifrs_full,train,4,2,monetary,
ifrs-full:ReclassificationAdjustmentsOnExchangeDifferencesOnTranslationBeforeTax,http://xbrl.ifrs.org/taxonomy/2020-03-16/ifrs-full,ReclassificationAdjustmentsOnExchangeDifferencesOnTranslationBeforeTax,ifrs_full,train,4,2,monetary,
ifrs-full:ReductionOfIssuedCapital,http://xbrl.ifrs.org/taxonomy/2019-03-27/ifrs-full,ReductionOfIssuedCapital,ifrs_full,train,4,1,monetary,
ifrs-full:RentalIncome,http://xbrl.ifrs.org/taxonomy/2020-03-16/ifrs-full,RentalIncome,ifrs_full,train,4,2,monetary,
ifrs-full:RentalIncomeFromInvestmentProperty,http://xbrl.ifrs.org/taxonomy/2020-03-16/ifrs-full,RentalIncomeFromInvestmentProperty,ifrs_full,train,4,2,monetary,
ifrs-full:RentalIncomeFromInvestmentPropertyNetOfDirectOperatingExpense,http://xbrl.ifrs.org/taxonomy/2020-03-16/ifrs-full,RentalIncomeFromInvestmentPropertyNetOfDirectOperatingExpense,ifrs_full,train,4,2,monetary,
ifrs-full:RentalIncomeFromInvestmentPropertyNetOfDirectOperatingExpense,http://xbrl.ifrs.org/taxonomy/2019-03-27/ifrs-full,RentalIncomeFromInvestmentPropertyNetOfDirectOperatingExpense,ifrs_full,train,4,2,monetary,
ifrs-full:RepaymentsOfBondsNotesAndDebentures,http://xbrl.ifrs.org/taxonomy/2019-03-27/ifrs-full,RepaymentsOfBondsNotesAndDebentures,ifrs_full,train,4,2,monetary,
ifrs-full:ReserveOfGainsAndLossesFromInvestmentsInEquityInstruments,http://xbrl.ifrs.org/taxonomy/2020-03-16/ifrs-full,ReserveOfGainsAndLossesFromInvestmentsInEquityInstruments,ifrs_full,train,4,2,monetary,
ifrs-full:RetainedEarnings,http://xbrl.ifrs.org/taxonomy/2021-03-24/ifrs-full,RetainedEarnings,ifrs_full,train,4,1,monetary,
ifrs-full:RetainedEarningsExcludingProfitLossForReportingPeriod,http://xbrl.ifrs.org/taxonomy/2021-03-24/ifrs-full,RetainedEarningsExcludingProfitLossForReportingPeriod,ifrs_full,train,4,2,monetary,
ifrs-full:RetainedEarningsProfitLossForReportingPeriod,http://xbrl.ifrs.org/taxonomy/2021-03-24/ifrs-full,RetainedEarningsProfitLossForReportingPeriod,ifrs_full,train,4,2,monetary,
ifrs-full:RevaluationSurplus,http://xbrl.ifrs.org/taxonomy/2019-03-27/ifrs-full,RevaluationSurplus,ifrs_full,train,4,2,monetary,
ifrs-full:RevenueFromRenderingOfInformationTechnologyServices,http://xbrl.ifrs.org/taxonomy/2020-03-16/ifrs-full,RevenueFromRenderingOfInformationTechnologyServices,ifrs_full,train,4,1,monetary,
ifrs-full:RevenueFromSaleOfGoods,http://xbrl.ifrs.org/taxonomy/2019-03-27/ifrs-full,RevenueFromSaleOfGoods,ifrs_full,train,4,1,monetary,
ifrs-full:RevenueFromSaleOfGoods,http://xbrl.ifrs.org/taxonomy/2021-03-24/ifrs-full,RevenueFromSaleOfGoods,ifrs_full,train,4,2,monetary,
ifrs-full:RoyaltyExpense,http://xbrl.ifrs.org/taxonomy/2019-03-27/ifrs-full,RoyaltyExpense,ifrs_full,train,4,2,monetary,
ifrs-full:SellingGeneralAndAdministrativeExpense,http://xbrl.ifrs.org/taxonomy/2019-03-27/ifrs-full,SellingGeneralAndAdministrativeExpense,ifrs_full,train,4,2,monetary,
ifrs-full:ShareOfOtherComprehensiveIncomeOfAssociatesAndJointVenturesAccountedForUsingEquityMethodBeforeTax,http://xbrl.ifrs.org/taxonomy/2020-03-16/ifrs-full,ShareOfOtherComprehensiveIncomeOfAssociatesAndJointVenturesAccountedForUsingEquityMethodBeforeTax,ifrs_full,train,4,2,monetary,
ifrs-full:ShareOfOtherComprehensiveIncomeOfAssociatesAndJointVenturesAccountedForUsingEquityMethodThatWillNotBeReclassifiedToProfitOrLossBeforeTax,http://xbrl.ifrs.org/taxonomy/2019-03-27/ifrs-full,ShareOfOtherComprehensiveIncomeOfAssociatesAndJointVenturesAccountedForUsingEquityMethodThatWillNotBeReclassifiedToProfitOrLossBeforeTax,ifrs_full,train,4,2,monetary,
ifrs-full:ShareOfProfitLossOfAssociatesAccountedForUsingEquityMethod,http://xbrl.ifrs.org/taxonomy/2021-03-24/ifrs-full,ShareOfProfitLossOfAssociatesAccountedForUsingEquityMethod,ifrs_full,train,4,1,monetary,
ifrs-full:ShareOfProfitLossOfJointVenturesAccountedForUsingEquityMethod,http://xbrl.ifrs.org/taxonomy/2019-03-27/ifrs-full,ShareOfProfitLossOfJointVenturesAccountedForUsingEquityMethod,ifrs_full,train,4,2,monetary,
ifrs-full:ShorttermWarrantyProvision,http://xbrl.ifrs.org/taxonomy/2020-03-16/ifrs-full,ShorttermWarrantyProvision,ifrs_full,train,4,2,monetary,
ifrs-full:TradeAndOtherCurrentPayablesToRelatedParties,http://xbrl.ifrs.org/taxonomy/2021-03-24/ifrs-full,TradeAndOtherCurrentPayablesToRelatedParties,ifrs_full,train,4,2,monetary,
ifrs-full:TradeAndOtherCurrentPayablesToRelatedParties,http://xbrl.ifrs.org/taxonomy/2019-03-27/ifrs-full,TradeAndOtherCurrentPayablesToRelatedParties,ifrs_full,train,4,2,monetary,
ifrs-full:TradeAndOtherCurrentPayablesToTradeSuppliers,http://xbrl.ifrs.org/taxonomy/2021-03-24/ifrs-full,TradeAndOtherCurrentPayablesToTradeSuppliers,ifrs_full,train,4,2,monetary,
ifrs-full:TradeAndOtherCurrentReceivablesDueFromRelatedParties,http://xbrl.ifrs.org/taxonomy/2021-03-24/ifrs-full,TradeAndOtherCurrentReceivablesDueFromRelatedParties,ifrs_full,train,4,2,monetary,
ifrs-full:TradeAndOtherReceivables,http://xbrl.ifrs.org/taxonomy/2019-03-27/ifrs-full,TradeAndOtherReceivables,ifrs_full,train,4,2,monetary,
ifrs-full:TradeReceivables,http://xbrl.ifrs.org/taxonomy/2020-03-16/ifrs-full,TradeReceivables,ifrs_full,train,4,2,monetary,
ifrs-full:WagesAndSalaries,http://xbrl.ifrs.org/taxonomy/2019-03-27/ifrs-full,WagesAndSalaries,ifrs_full,train,4,1,monetary,
ifrs-full:WorkInProgress,http://xbrl.ifrs.org/taxonomy/2019-03-27/ifrs-full,WorkInProgress,ifrs_full,train,4,2,monetary,
ifrs-full:AdjustmentsForDeferredTaxExpense,http://xbrl.ifrs.org/taxonomy/2021-03-24/ifrs-full,AdjustmentsForDeferredTaxExpense,ifrs_full,train,3,1,monetary,
ifrs-full:DebtInstrumentsHeld,http://xbrl.ifrs.org/taxonomy/2019-03-27/ifrs-full,DebtInstrumentsHeld,ifrs_full,train,3,1,monetary,
ifrs-full:DilutedEarningsLossPerShareFromDiscontinuedOperations,http://xbrl.ifrs.org/taxonomy/2020-03-16/ifrs-full,DilutedEarningsLossPerShareFromDiscontinuedOperations,ifrs_full,train,3,1,pershare,
ifrs-full:ExpenseFromSharebasedPaymentTransactionsWithEmployees,http://xbrl.ifrs.org/taxonomy/2019-03-27/ifrs-full,ExpenseFromSharebasedPaymentTransactionsWithEmployees,ifrs_full,train,3,1,monetary,
ifrs-full:GainsLossesArisingFromDifferenceBetweenPreviousCarryingAmountAndFairValueOfFinancialAssetsReclassifiedAsMeasuredAtFairValue,http://xbrl.ifrs.org/taxonomy/2020-03-16/ifrs-full,GainsLossesArisingFromDifferenceBetweenPreviousCarryingAmountAndFairValueOfFinancialAssetsReclassifiedAsMeasuredAtFairValue,ifrs_full,train,3,1,monetary,
ifrs-full:IncomeTaxRelatingToChangesInFairValueOfFinancialLiabilityAttributableToChangeInCreditRiskOfLiabilityOfOtherComprehensiveIncome,http://xbrl.ifrs.org/taxonomy/2020-03-16/ifrs-full,IncomeTaxRelatingToChangesInFairValueOfFinancialLiabilityAttributableToChangeInCreditRiskOfLiabilityOfOtherComprehensiveIncome,ifrs_full,train,3,1,monetary,
ifrs-full:IncomeTaxRelatingToExchangeDifferencesOnTranslationOfOtherComprehensiveIncome,http://xbrl.ifrs.org/taxonomy/2019-03-27/ifrs-full,IncomeTaxRelatingToExchangeDifferencesOnTranslationOfOtherComprehensiveIncome,ifrs_full,train,3,2,monetary,
ifrs-full:IssueOfConvertibleInstruments,http://xbrl.ifrs.org/taxonomy/2020-03-16/ifrs-full,IssueOfConvertibleInstruments,ifrs_full,train,3,1,monetary,
ifrs-full:NetDeferredTaxAssets,http://xbrl.ifrs.org/taxonomy/2019-03-27/ifrs-full,NetDeferredTaxAssets,ifrs_full,train,3,1,monetary,
ifrs-full:OtherCashPaymentsToAcquireInterestsInJointVenturesClassifiedAsInvestingActivities,http://xbrl.ifrs.org/taxonomy/2019-03-27/ifrs-full,OtherCashPaymentsToAcquireInterestsInJointVenturesClassifiedAsInvestingActivities,ifrs_full,train,3,2,monetary,
ifrs-full:PaymentsOfOtherEquityInstruments,http://xbrl.ifrs.org/taxonomy/2020-03-16/ifrs-full,PaymentsOfOtherEquityInstruments,ifrs_full,train,3,2,monetary,
ifrs-full:PrepaymentsAndAccruedIncome,http://xbrl.ifrs.org/taxonomy/2019-03-27/ifrs-full,PrepaymentsAndAccruedIncome,ifrs_full,train,3,1,monetary,
ifrs-full:ProceedsFromIssueOfSubordinatedLiabilities,http://xbrl.ifrs.org/taxonomy/2019-03-27/ifrs-full,ProceedsFromIssueOfSubordinatedLiabilities,ifrs_full,train,3,2,monetary,
ifrs-full:PurchaseOfInvestmentsOtherThanInvestmentsAccountedForUsingEquityMethod,http://xbrl.ifrs.org/taxonomy/2020-03-16/ifrs-full,PurchaseOfInvestmentsOtherThanInvestmentsAccountedForUsingEquityMethod,ifrs_full,train,3,1,monetary,
ifrs-full:RevenueFromGovernmentGrants,http://xbrl.ifrs.org/taxonomy/2019-03-27/ifrs-full,RevenueFromGovernmentGrants,ifrs_full,train,3,1,monetary,
ifrs-full:WeightedAverageShares,http://xbrl.ifrs.org/taxonomy/2020-03-16/ifrs-full,WeightedAverageShares,ifrs_full,train,3,2,shares,
ifrs-full:AccumulatedFairValueHedgeAdjustmentOnHedgedItemIncludedInCarryingAmountAssets,http://xbrl.ifrs.org/taxonomy/2019-03-27/ifrs-full,AccumulatedFairValueHedgeAdjustmentOnHedgedItemIncludedInCarryingAmountAssets,ifrs_full,train,2,1,monetary,
ifrs-full:AccumulatedFairValueHedgeAdjustmentOnHedgedItemIncludedInCarryingAmountLiabilities,http://xbrl.ifrs.org/taxonomy/2019-03-27/ifrs-full,AccumulatedFairValueHedgeAdjustmentOnHedgedItemIncludedInCarryingAmountLiabilities,ifrs_full,train,2,1,monetary,
ifrs-full:AccumulatedFairValueHedgeAdjustmentRemainingInStatementOfFinancialPositionForHedgedItemThatCeasedToBeAdjustedForHedgingGainsAndLossesAssets,http://xbrl.ifrs.org/taxonomy/2019-03-27/ifrs-full,AccumulatedFairValueHedgeAdjustmentRemainingInStatementOfFinancialPositionForHedgedItemThatCeasedToBeAdjustedForHedgingGainsAndLossesAssets,ifrs_full,train,2,1,monetary,
ifrs-full:AccumulatedFairValueHedgeAdjustmentRemainingInStatementOfFinancialPositionForHedgedItemThatCeasedToBeAdjustedForHedgingGainsAndLossesLiabilities,http://xbrl.ifrs.org/taxonomy/2019-03-27/ifrs-full,AccumulatedFairValueHedgeAdjustmentRemainingInStatementOfFinancialPositionForHedgedItemThatCeasedToBeAdjustedForHedgingGainsAndLossesLiabilities,ifrs_full,train,2,1,monetary,
ifrs-full:AccumulatedOtherComprehensiveIncome,http://xbrl.ifrs.org/taxonomy/2020-03-16/ifrs-full,AccumulatedOtherComprehensiveIncome,ifrs_full,train,2,1,monetary,
ifrs-full:AdditionalPaidinCapital,http://xbrl.ifrs.org/taxonomy/2019-03-27/ifrs-full,AdditionalPaidinCapital,ifrs_full,train,2,1,monetary,
ifrs-full:AdjustedWeightedAverageShares,http://xbrl.ifrs.org/taxonomy/2020-03-16/ifrs-full,AdjustedWeightedAverageShares,ifrs_full,train,2,1,shares,
ifrs-full:AdjustmentsForAmountsTransferredToInitialCarryingAmountOfHedgedItems,http://xbrl.ifrs.org/taxonomy/2019-03-27/ifrs-full,AdjustmentsForAmountsTransferredToInitialCarryingAmountOfHedgedItems,ifrs_full,train,2,1,monetary,
ifrs-full:AdjustmentsForDecreaseIncreaseInDerivativeFinancialAssets,http://xbrl.ifrs.org/taxonomy/2019-03-27/ifrs-full,AdjustmentsForDecreaseIncreaseInDerivativeFinancialAssets,ifrs_full,train,2,1,monetary,
ifrs-full:AdjustmentsForDecreaseIncreaseInOtherCurrentAssets,http://xbrl.ifrs.org/taxonomy/2019-03-27/ifrs-full,AdjustmentsForDecreaseIncreaseInOtherCurrentAssets,ifrs_full,train,2,1,monetary,
ifrs-full:AdjustmentsForDecreaseIncreaseInOtherCurrentAssets,http://xbrl.ifrs.org/taxonomy/2020-03-16/ifrs-full,AdjustmentsForDecreaseIncreaseInOtherCurrentAssets,ifrs_full,train,2,1,monetary,
ifrs-full:AdjustmentsForDecreaseIncreaseInOtherOperatingReceivables,http://xbrl.ifrs.org/taxonomy/2021-03-24/ifrs-full,AdjustmentsForDecreaseIncreaseInOtherOperatingReceivables,ifrs_full,train,2,1,monetary,
ifrs-full:AdjustmentsForDecreaseIncreaseInReverseRepurchaseAgreementsAndCashCollateralOnSecuritiesBorrowed,http://xbrl.ifrs.org/taxonomy/2019-03-27/ifrs-full,AdjustmentsForDecreaseIncreaseInReverseRepurchaseAgreementsAndCashCollateralOnSecuritiesBorrowed,ifrs_full,train,2,1,monetary,
ifrs-full:AdjustmentsForDecreaseIncreaseInTradeAccountReceivable,http://xbrl.ifrs.org/taxonomy/2021-03-24/ifrs-full,AdjustmentsForDecreaseIncreaseInTradeAccountReceivable,ifrs_full,train,2,1,monetary,
ifrs-full:AdjustmentsForDeferredTaxExpense,http://xbrl.ifrs.org/taxonomy/2019-03-27/ifrs-full,AdjustmentsForDeferredTaxExpense,ifrs_full,train,2,1,monetary,
ifrs-full:AdjustmentsForDepreciationExpense,http://xbrl.ifrs.org/taxonomy/2019-03-27/ifrs-full,AdjustmentsForDepreciationExpense,ifrs_full,train,2,1,monetary,
ifrs-full:AdjustmentsForFinanceIncome,http://xbrl.ifrs.org/taxonomy/2019-03-27/ifrs-full,AdjustmentsForFinanceIncome,ifrs_full,train,2,1,monetary,
ifrs-full:AdjustmentsForGainsLossesOnFairValueAdjustmentInvestmentProperty,http://xbrl.ifrs.org/taxonomy/2021-03-24/ifrs-full,AdjustmentsForGainsLossesOnFairValueAdjustmentInvestmentProperty,ifrs_full,train,2,1,monetary,
ifrs-full:AdjustmentsForImpairmentLossReversalOfImpairmentLossRecognisedInProfitOrLossInventories,http://xbrl.ifrs.org/taxonomy/2019-03-27/ifrs-full,AdjustmentsForImpairmentLossReversalOfImpairmentLossRecognisedInProfitOrLossInventories,ifrs_full,train,2,1,monetary,
ifrs-full:AdjustmentsForImpairmentLossReversalOfImpairmentLossRecognisedInProfitOrLossPropertyPlantAndEquipment,http://xbrl.ifrs.org/taxonomy/2021-03-24/ifrs-full,AdjustmentsForImpairmentLossReversalOfImpairmentLossRecognisedInProfitOrLossPropertyPlantAndEquipment,ifrs_full,train,2,1,monetary,
ifrs-full:AdjustmentsForImpairmentLossReversalOfImpairmentLossRecognisedInProfitOrLossTradeAndOtherReceivables,http://xbrl.ifrs.org/taxonomy/2019-03-27/ifrs-full,AdjustmentsForImpairmentLossReversalOfImpairmentLossRecognisedInProfitOrLossTradeAndOtherReceivables,ifrs_full,train,2,1,monetary,
ifrs-full:AdjustmentsForIncomeTaxExpense,http://xbrl.ifrs.org/taxonomy/2021-03-24/ifrs-full,AdjustmentsForIncomeTaxExpense,ifrs_full,train,2,1,monetary,
ifrs-full:AdjustmentsForIncreaseDecreaseInDeferredIncomeOtherThanContractLiabilities,http://xbrl.ifrs.org/taxonomy/2021-03-24/ifrs-full,AdjustmentsForIncreaseDecreaseInDeferredIncomeOtherThanContractLiabilities,ifrs_full,train,2,1,monetary,
ifrs-full:AdjustmentsForIncreaseDecreaseInDepositsFromBanks,http://xbrl.ifrs.org/taxonomy/2021-03-24/ifrs-full,AdjustmentsForIncreaseDecreaseInDepositsFromBanks,ifrs_full,train,2,1,monetary,
ifrs-full:AdjustmentsForIncreaseDecreaseInDerivativeFinancialLiabilities,http://xbrl.ifrs.org/taxonomy/2019-03-27/ifrs-full,AdjustmentsForIncreaseDecreaseInDerivativeFinancialLiabilities,ifrs_full,train,2,1,monetary,
ifrs-full:AdjustmentsForIncreaseDecreaseInEmployeeBenefitLiabilities,http://xbrl.ifrs.org/taxonomy/2019-03-27/ifrs-full,AdjustmentsForIncreaseDecreaseInEmployeeBenefitLiabilities,ifrs_full,train,2,1,monetary,
ifrs-full:AdjustmentsForIncreaseDecreaseInFinancialLiabilitiesHeldForTrading,http://xbrl.ifrs.org/taxonomy/2019-03-27/ifrs-full,AdjustmentsForIncreaseDecreaseInFinancialLiabilitiesHeldForTrading,ifrs_full,train,2,1,monetary,
ifrs-full:AdjustmentsForIncreaseDecreaseInOtherCurrentLiabilities,http://xbrl.ifrs.org/taxonomy/2020-03-16/ifrs-full,AdjustmentsForIncreaseDecreaseInOtherCurrentLiabilities,ifrs_full,train,2,1,monetary,
ifrs-full:AdjustmentsForIncreaseDecreaseInOtherCurrentLiabilities,http://xbrl.ifrs.org/taxonomy/2019-03-27/ifrs-full,AdjustmentsForIncreaseDecreaseInOtherCurrentLiabilities,ifrs_full,train,2,1,monetary,
ifrs-full:AdjustmentsForIncreaseDecreaseInOtherOperatingPayables,http://xbrl.ifrs.org/taxonomy/2019-03-27/ifrs-full,AdjustmentsForIncreaseDecreaseInOtherOperatingPayables,ifrs_full,train,2,1,monetary,
ifrs-full:AdjustmentsForInterestExpense,http://xbrl.ifrs.org/taxonomy/2019-03-27/ifrs-full,AdjustmentsForInterestExpense,ifrs_full,train,2,1,monetary,
ifrs-full:AdjustmentsToReconcileProfitLossOtherThanChangesInWorkingCapital,http://xbrl.ifrs.org/taxonomy/2019-03-27/ifrs-full,AdjustmentsToReconcileProfitLossOtherThanChangesInWorkingCapital,ifrs_full,train,2,1,monetary,
ifrs-full:AmortisationExpense,http://xbrl.ifrs.org/taxonomy/2021-03-24/ifrs-full,AmortisationExpense,ifrs_full,train,2,1,monetary,
ifrs-full:AmortisationIntangibleAssetsOtherThanGoodwill,http://xbrl.ifrs.org/taxonomy/2020-03-16/ifrs-full,AmortisationIntangibleAssetsOtherThanGoodwill,ifrs_full,train,2,1,monetary,
ifrs-full:AssetsUnderInsuranceContractsAndReinsuranceContractsIssued,http://xbrl.ifrs.org/taxonomy/2019-03-27/ifrs-full,AssetsUnderInsuranceContractsAndReinsuranceContractsIssued,ifrs_full,train,2,1,monetary,
ifrs-full:BankOverdraftsClassifiedAsCashEquivalents,http://xbrl.ifrs.org/taxonomy/2019-03-27/ifrs-full,BankOverdraftsClassifiedAsCashEquivalents,ifrs_full,train,2,1,monetary,
ifrs-full:BenefitsPaidOrPayable,http://xbrl.ifrs.org/taxonomy/2020-03-16/ifrs-full,BenefitsPaidOrPayable,ifrs_full,train,2,1,monetary,
ifrs-full:BondsIssued,http://xbrl.ifrs.org/taxonomy/2020-03-16/ifrs-full,BondsIssued,ifrs_full,train,2,1,monetary,
ifrs-full:CapitalReserve,http://xbrl.ifrs.org/taxonomy/2021-03-24/ifrs-full,CapitalReserve,ifrs_full,train,2,1,monetary,
ifrs-full:CashAdvancesAndLoansFromRelatedParties,http://xbrl.ifrs.org/taxonomy/2019-03-27/ifrs-full,CashAdvancesAndLoansFromRelatedParties,ifrs_full,train,2,1,monetary,
ifrs-full:CashAdvancesAndLoansMadeToRelatedParties,http://xbrl.ifrs.org/taxonomy/2019-03-27/ifrs-full,CashAdvancesAndLoansMadeToRelatedParties,ifrs_full,train,2,1,monetary,
ifrs-full:CashFlowsFromUsedInFinancingActivitiesContinuingOperations,http://xbrl.ifrs.org/taxonomy/2019-03-27/ifrs-full,CashFlowsFromUsedInFinancingActivitiesContinuingOperations,ifrs_full,train,2,1,monetary,
ifrs-full:CashFlowsFromUsedInFinancingActivitiesContinuingOperations,http://xbrl.ifrs.org/taxonomy/2020-03-16/ifrs-full,CashFlowsFromUsedInFinancingActivitiesContinuingOperations,ifrs_full,train,2,1,monetary,
ifrs-full:CashFlowsFromUsedInFinancingActivitiesDiscontinuedOperations,http://xbrl.ifrs.org/taxonomy/2020-03-16/ifrs-full,CashFlowsFromUsedInFinancingActivitiesDiscontinuedOperations,ifrs_full,train,2,1,monetary,
ifrs-full:CashFlowsFromUsedInInvestingActivitiesContinuingOperations,http://xbrl.ifrs.org/taxonomy/2019-03-27/ifrs-full,CashFlowsFromUsedInInvestingActivitiesContinuingOperations,ifrs_full,train,2,1,monetary,
ifrs-full:CashFlowsFromUsedInInvestingActivitiesContinuingOperations,http://xbrl.ifrs.org/taxonomy/2020-03-16/ifrs-full,CashFlowsFromUsedInInvestingActivitiesContinuingOperations,ifrs_full,train,2,1,monetary,
ifrs-full:CashFlowsFromUsedInInvestingActivitiesDiscontinuedOperations,http://xbrl.ifrs.org/taxonomy/2020-03-16/ifrs-full,CashFlowsFromUsedInInvestingActivitiesDiscontinuedOperations,ifrs_full,train,2,1,monetary,
ifrs-full:CashFlowsFromUsedInOperatingActivitiesContinuingOperations,http://xbrl.ifrs.org/taxonomy/2020-03-16/ifrs-full,CashFlowsFromUsedInOperatingActivitiesContinuingOperations,ifrs_full,train,2,1,monetary,
ifrs-full:CashFlowsFromUsedInOperatingActivitiesContinuingOperations,http://xbrl.ifrs.org/taxonomy/2019-03-27/ifrs-full,CashFlowsFromUsedInOperatingActivitiesContinuingOperations,ifrs_full,train,2,1,monetary,
ifrs-full:CashFlowsFromUsedInOperatingActivitiesDiscontinuedOperations,http://xbrl.ifrs.org/taxonomy/2020-03-16/ifrs-full,CashFlowsFromUsedInOperatingActivitiesDiscontinuedOperations,ifrs_full,train,2,1,monetary,
ifrs-full:CashFlowsUsedInObtainingControlOfSubsidiariesOrOtherBusinessesClassifiedAsInvestingActivities,http://xbrl.ifrs.org/taxonomy/2021-03-24/ifrs-full,CashFlowsUsedInObtainingControlOfSubsidiariesOrOtherBusinessesClassifiedAsInvestingActivities,ifrs_full,train,2,1,monetary,
ifrs-full:CashRepaymentsOfAdvancesAndLoansFromRelatedParties,http://xbrl.ifrs.org/taxonomy/2020-03-16/ifrs-full,CashRepaymentsOfAdvancesAndLoansFromRelatedParties,ifrs_full,train,2,1,monetary,
ifrs-full:ChangesInEquity,http://xbrl.ifrs.org/taxonomy/2021-03-24/ifrs-full,ChangesInEquity,ifrs_full,train,2,1,monetary,
ifrs-full:ChangesInInvestmentProperty,http://xbrl.ifrs.org/taxonomy/2020-03-16/ifrs-full,ChangesInInvestmentProperty,ifrs_full,train,2,1,monetary,
ifrs-full:ComputerSoftware,http://xbrl.ifrs.org/taxonomy/2019-03-27/ifrs-full,ComputerSoftware,ifrs_full,train,2,1,monetary,
ifrs-full:ConsiderationPaidReceived,http://xbrl.ifrs.org/taxonomy/2020-03-16/ifrs-full,ConsiderationPaidReceived,ifrs_full,train,2,1,monetary,
ifrs-full:ContractLiabilities,http://xbrl.ifrs.org/taxonomy/2019-03-27/ifrs-full,ContractLiabilities,ifrs_full,train,2,1,monetary,
ifrs-full:CopyrightsPatentsAndOtherIndustrialPropertyRightsServiceAndOperatingRights,http://xbrl.ifrs.org/taxonomy/2019-03-27/ifrs-full,CopyrightsPatentsAndOtherIndustrialPropertyRightsServiceAndOperatingRights,ifrs_full,train,2,1,monetary,
ifrs-full:CorporateLoans,http://xbrl.ifrs.org/taxonomy/2019-03-27/ifrs-full,CorporateLoans,ifrs_full,train,2,1,monetary,
ifrs-full:CumulativeGainLossPreviouslyRecognisedInOtherComprehensiveIncomeArisingFromReclassificationOfFinancialAssetsOutOfFairValueThroughOtherComprehensiveIncomeIntoFairValueThroughProfitOrLossMeasurementCategory,http://xbrl.ifrs.org/taxonomy/2020-03-16/ifrs-full,CumulativeGainLossPreviouslyRecognisedInOtherComprehensiveIncomeArisingFromReclassificationOfFinancialAssetsOutOfFairValueThroughOtherComprehensiveIncomeIntoFairValueThroughProfitOrLossMeasurementCategory,ifrs_full,train,2,1,monetary,
ifrs-full:CurrentAdvancesToSuppliers,http://xbrl.ifrs.org/taxonomy/2019-03-27/ifrs-full,CurrentAdvancesToSuppliers,ifrs_full,train,2,1,monetary,
ifrs-full:CurrentAdvancesToSuppliers,http://xbrl.ifrs.org/taxonomy/2020-03-16/ifrs-full,CurrentAdvancesToSuppliers,ifrs_full,train,2,1,monetary,
ifrs-full:CurrentAndDeferredTaxRelatingToItemsChargedOrCreditedDirectlyToEquity,http://xbrl.ifrs.org/taxonomy/2020-03-16/ifrs-full,CurrentAndDeferredTaxRelatingToItemsChargedOrCreditedDirectlyToEquity,ifrs_full,train,2,1,monetary,
ifrs-full:CurrentBiologicalAssets,http://xbrl.ifrs.org/taxonomy/2021-03-24/ifrs-full,CurrentBiologicalAssets,ifrs_full,train,2,1,monetary,
ifrs-full:CurrentDebtInstrumentsIssued,http://xbrl.ifrs.org/taxonomy/2020-03-16/ifrs-full,CurrentDebtInstrumentsIssued,ifrs_full,train,2,1,monetary,
ifrs-full:CurrentFinancialAssets,http://xbrl.ifrs.org/taxonomy/2019-03-27/ifrs-full,CurrentFinancialAssets,ifrs_full,train,2,1,monetary,
ifrs-full:CurrentFinancialAssetsAtFairValueThroughProfitOrLoss,http://xbrl.ifrs.org/taxonomy/2021-03-24/ifrs-full,CurrentFinancialAssetsAtFairValueThroughProfitOrLoss,ifrs_full,train,2,1,monetary,
ifrs-full:CurrentGovernmentGrants,http://xbrl.ifrs.org/taxonomy/2021-03-24/ifrs-full,CurrentGovernmentGrants,ifrs_full,train,2,1,monetary,
ifrs-full:CurrentInterestPayable,http://xbrl.ifrs.org/taxonomy/2020-03-16/ifrs-full,CurrentInterestPayable,ifrs_full,train,2,1,monetary,
ifrs-full:CurrentInvestments,http://xbrl.ifrs.org/taxonomy/2020-03-16/ifrs-full,CurrentInvestments,ifrs_full,train,2,1,monetary,
ifrs-full:CurrentLoansReceivedAndCurrentPortionOfNoncurrentLoansReceived,http://xbrl.ifrs.org/taxonomy/2021-03-24/ifrs-full,CurrentLoansReceivedAndCurrentPortionOfNoncurrentLoansReceived,ifrs_full,train,2,1,monetary,
ifrs-full:CurrentLoansReceivedAndCurrentPortionOfNoncurrentLoansReceived,http://xbrl.ifrs.org/taxonomy/2019-03-27/ifrs-full,CurrentLoansReceivedAndCurrentPortionOfNoncurrentLoansReceived,ifrs_full,train,2,1,monetary,
ifrs-full:CurrentPortionOfLongtermBorrowings,http://xbrl.ifrs.org/taxonomy/2019-03-27/ifrs-full,CurrentPortionOfLongtermBorrowings,ifrs_full,train,2,1,monetary,
ifrs-full:CurrentPortionOfLongtermBorrowings,http://xbrl.ifrs.org/taxonomy/2021-03-24/ifrs-full,CurrentPortionOfLongtermBorrowings,ifrs_full,train,2,1,monetary,
ifrs-full:CurrentPrepaidExpenses,http://xbrl.ifrs.org/taxonomy/2019-03-27/ifrs-full,CurrentPrepaidExpenses,ifrs_full,train,2,1,monetary,
ifrs-full:CurrentRawMaterialsAndCurrentProductionSupplies,http://xbrl.ifrs.org/taxonomy/2019-03-27/ifrs-full,CurrentRawMaterialsAndCurrentProductionSupplies,ifrs_full,train,2,1,monetary,
ifrs-full:CurrentRecognisedLiabilitiesDefinedBenefitPlan,http://xbrl.ifrs.org/taxonomy/2019-03-27/ifrs-full,CurrentRecognisedLiabilitiesDefinedBenefitPlan,ifrs_full,train,2,1,monetary,
ifrs-full:CurrentTaxExpenseIncomeAndAdjustmentsForCurrentTaxOfPriorPeriods,http://xbrl.ifrs.org/taxonomy/2019-03-27/ifrs-full,CurrentTaxExpenseIncomeAndAdjustmentsForCurrentTaxOfPriorPeriods,ifrs_full,train,2,1,monetary,
ifrs-full:DeferredIncomeClassifiedAsCurrent,http://xbrl.ifrs.org/taxonomy/2019-03-27/ifrs-full,DeferredIncomeClassifiedAsCurrent,ifrs_full,train,2,1,monetary,
ifrs-full:DeferredTaxExpenseIncomeRecognisedInProfitOrLoss,http://xbrl.ifrs.org/taxonomy/2019-03-27/ifrs-full,DeferredTaxExpenseIncomeRecognisedInProfitOrLoss,ifrs_full,train,2,1,monetary,
ifrs-full:DepreciationExpense,http://xbrl.ifrs.org/taxonomy/2019-03-27/ifrs-full,DepreciationExpense,ifrs_full,train,2,1,monetary,
ifrs-full:DerivativeFinancialAssetsHeldForTrading,http://xbrl.ifrs.org/taxonomy/2020-03-16/ifrs-full,DerivativeFinancialAssetsHeldForTrading,ifrs_full,train,2,1,monetary,
ifrs-full:DerivativeFinancialLiabilities,http://xbrl.ifrs.org/taxonomy/2019-03-27/ifrs-full,DerivativeFinancialLiabilities,ifrs_full,train,2,1,monetary,
ifrs-full:DerivativeFinancialLiabilitiesHeldForTrading,http://xbrl.ifrs.org/taxonomy/2020-03-16/ifrs-full,DerivativeFinancialLiabilitiesHeldForTrading,ifrs_full,train,2,1,monetary,
ifrs-full:DirectOperatingExpenseFromInvestmentProperty,http://xbrl.ifrs.org/taxonomy/2020-03-16/ifrs-full,DirectOperatingExpenseFromInvestmentProperty,ifrs_full,train,2,1,monetary,
ifrs-full:DirectOperatingExpenseFromInvestmentProperty,http://xbrl.ifrs.org/taxonomy/2019-03-27/ifrs-full,DirectOperatingExpenseFromInvestmentProperty,ifrs_full,train,2,1,monetary,
ifrs-full:DirectOperatingExpenseFromInvestmentPropertyGeneratingRentalIncome,http://xbrl.ifrs.org/taxonomy/2020-03-16/ifrs-full,DirectOperatingExpenseFromInvestmentPropertyGeneratingRentalIncome,ifrs_full,train,2,1,monetary,
ifrs-full:DividendPayables,http://xbrl.ifrs.org/taxonomy/2019-03-27/ifrs-full,DividendPayables,ifrs_full,train,2,1,monetary,
ifrs-full:DividendsPaidOrdinarySharesPerShare,http://xbrl.ifrs.org/taxonomy/2019-03-27/ifrs-full,DividendsPaidOrdinarySharesPerShare,ifrs_full,train,2,1,pershare,
ifrs-full:DividendsPaidToNoncontrollingInterestsClassifiedAsFinancingActivities,http://xbrl.ifrs.org/taxonomy/2019-03-27/ifrs-full,DividendsPaidToNoncontrollingInterestsClassifiedAsFinancingActivities,ifrs_full,train,2,1,monetary,
ifrs-full:DividendsReceived,http://xbrl.ifrs.org/taxonomy/2019-03-27/ifrs-full,DividendsReceived,ifrs_full,train,2,1,monetary,
ifrs-full:EmployerContributions,http://xbrl.ifrs.org/taxonomy/2020-03-16/ifrs-full,EmployerContributions,ifrs_full,train,2,1,monetary,
ifrs-full:EquityInstrumentsHeld,http://xbrl.ifrs.org/taxonomy/2019-03-27/ifrs-full,EquityInstrumentsHeld,ifrs_full,train,2,1,monetary,
ifrs-full:ExpenseByNature,http://xbrl.ifrs.org/taxonomy/2019-03-27/ifrs-full,ExpenseByNature,ifrs_full,train,2,1,monetary,
ifrs-full:ExpenseIncomeIncludedInProfitOrLossLiabilitiesUnderInsuranceContractsAndReinsuranceContractsIssued,http://xbrl.ifrs.org/taxonomy/2019-03-27/ifrs-full,ExpenseIncomeIncludedInProfitOrLossLiabilitiesUnderInsuranceContractsAndReinsuranceContractsIssued,ifrs_full,train,2,1,monetary,
ifrs-full:FairValueOfInvestmentsInEquityInstrumentsDesignatedAsMeasuredAtFairValueThroughOtherComprehensiveIncome,http://xbrl.ifrs.org/taxonomy/2020-03-16/ifrs-full,FairValueOfInvestmentsInEquityInstrumentsDesignatedAsMeasuredAtFairValueThroughOtherComprehensiveIncome,ifrs_full,train,2,1,monetary,
ifrs-full:FairValueOfInvestmentsInEquityInstrumentsDesignatedAsMeasuredAtFairValueThroughOtherComprehensiveIncome,http://xbrl.ifrs.org/taxonomy/2019-03-27/ifrs-full,FairValueOfInvestmentsInEquityInstrumentsDesignatedAsMeasuredAtFairValueThroughOtherComprehensiveIncome,ifrs_full,train,2,1,monetary,
ifrs-full:FinanceIncomeCost,http://xbrl.ifrs.org/taxonomy/2021-03-24/ifrs-full,FinanceIncomeCost,ifrs_full,train,2,1,monetary,
ifrs-full:FinanceIncomeReceivedClassifiedAsOperatingActivities,http://xbrl.ifrs.org/taxonomy/2020-03-16/ifrs-full,FinanceIncomeReceivedClassifiedAsOperatingActivities,ifrs_full,train,2,1,monetary,
ifrs-full:FinancialAssetsAtFairValueThroughOtherComprehensiveIncome,http://xbrl.ifrs.org/taxonomy/2020-03-16/ifrs-full,FinancialAssetsAtFairValueThroughOtherComprehensiveIncome,ifrs_full,train,2,1,monetary,
ifrs-full:FinancialAssetsAtFairValueThroughProfitOrLossClassifiedAsHeldForTrading,http://xbrl.ifrs.org/taxonomy/2019-03-27/ifrs-full,FinancialAssetsAtFairValueThroughProfitOrLossClassifiedAsHeldForTrading,ifrs_full,train,2,1,monetary,
ifrs-full:FinancialAssetsAtFairValueThroughProfitOrLossMandatorilyMeasuredAtFairValue,http://xbrl.ifrs.org/taxonomy/2019-03-27/ifrs-full,FinancialAssetsAtFairValueThroughProfitOrLossMandatorilyMeasuredAtFairValue,ifrs_full,train,2,1,monetary,
ifrs-full:FinancialLiabilitiesAtFairValueThroughProfitOrLossClassifiedAsHeldForTrading,http://xbrl.ifrs.org/taxonomy/2019-03-27/ifrs-full,FinancialLiabilitiesAtFairValueThroughProfitOrLossClassifiedAsHeldForTrading,ifrs_full,train,2,1,monetary,
ifrs-full:FinancialLiabilitiesAtFairValueThroughProfitOrLossDesignatedAsUponInitialRecognition,http://xbrl.ifrs.org/taxonomy/2019-03-27/ifrs-full,FinancialLiabilitiesAtFairValueThroughProfitOrLossDesignatedAsUponInitialRecognition,ifrs_full,train,2,1,monetary,
ifrs-full:GainLossOnRemeasurementOfNetDefinedBenefitLiabilityAsset,http://xbrl.ifrs.org/taxonomy/2020-03-16/ifrs-full,GainLossOnRemeasurementOfNetDefinedBenefitLiabilityAsset,ifrs_full,train,2,1,monetary,
ifrs-full:GainLossRecognisedAsResultOfRemeasuringToFairValueEquityInterestInAcquireeHeldByAcquirerBeforeBusinessCombination,http://xbrl.ifrs.org/taxonomy/2019-03-27/ifrs-full,GainLossRecognisedAsResultOfRemeasuringToFairValueEquityInterestInAcquireeHeldByAcquirerBeforeBusinessCombination,ifrs_full,train,2,1,monetary,
ifrs-full:GainsLossesOnDisposalsOfInvestmentProperties,http://xbrl.ifrs.org/taxonomy/2019-03-27/ifrs-full,GainsLossesOnDisposalsOfInvestmentProperties,ifrs_full,train,2,1,monetary,
ifrs-full:GainsLossesOnDisposalsOfPropertyPlantAndEquipment,http://xbrl.ifrs.org/taxonomy/2020-03-16/ifrs-full,GainsLossesOnDisposalsOfPropertyPlantAndEquipment,ifrs_full,train,2,1,monetary,
ifrs-full:GainsLossesOnFinancialAssetsAtFairValueThroughProfitOrLossMandatorilyMeasuredAtFairValue,http://xbrl.ifrs.org/taxonomy/2019-03-27/ifrs-full,GainsLossesOnFinancialAssetsAtFairValueThroughProfitOrLossMandatorilyMeasuredAtFairValue,ifrs_full,train,2,1,monetary,
ifrs-full:GainsLossesOnHedgesOfNetInvestmentsInForeignOperationsNetOfTax,http://xbrl.ifrs.org/taxonomy/2019-03-27/ifrs-full,GainsLossesOnHedgesOfNetInvestmentsInForeignOperationsNetOfTax,ifrs_full,train,2,1,monetary,
ifrs-full:GainsLossesOnRemeasuringAvailableforsaleFinancialAssetsBeforeTax,http://xbrl.ifrs.org/taxonomy/2019-03-27/ifrs-full,GainsLossesOnRemeasuringAvailableforsaleFinancialAssetsBeforeTax,ifrs_full,train,2,1,monetary,
ifrs-full:GainsLossesRecognisedInOtherComprehensiveIncomeFairValueMeasurementLiabilities,http://xbrl.ifrs.org/taxonomy/2020-03-16/ifrs-full,GainsLossesRecognisedInOtherComprehensiveIncomeFairValueMeasurementLiabilities,ifrs_full,train,2,1,monetary,
ifrs-full:GainsLossesRecognisedInProfitOrLossFairValueMeasurementAssets,http://xbrl.ifrs.org/taxonomy/2020-03-16/ifrs-full,GainsLossesRecognisedInProfitOrLossFairValueMeasurementAssets,ifrs_full,train,2,1,monetary,
ifrs-full:GainsOnDisposalsOfPropertyPlantAndEquipment,http://xbrl.ifrs.org/taxonomy/2020-03-16/ifrs-full,GainsOnDisposalsOfPropertyPlantAndEquipment,ifrs_full,train,2,1,monetary,
ifrs-full:GovernmentGrants,http://xbrl.ifrs.org/taxonomy/2020-03-16/ifrs-full,GovernmentGrants,ifrs_full,train,2,1,monetary,
ifrs-full:HedgingGainsLossesForHedgeOfGroupOfItemsWithOffsettingRiskPositions,http://xbrl.ifrs.org/taxonomy/2019-03-27/ifrs-full,HedgingGainsLossesForHedgeOfGroupOfItemsWithOffsettingRiskPositions,ifrs_full,train,2,1,monetary,
ifrs-full:ImpairmentLossOnFinancialAssets,http://xbrl.ifrs.org/taxonomy/2019-03-27/ifrs-full,ImpairmentLossOnFinancialAssets,ifrs_full,train,2,1,monetary,
ifrs-full:ImpairmentLossRecognisedInProfitOrLoss,http://xbrl.ifrs.org/taxonomy/2019-03-27/ifrs-full,ImpairmentLossRecognisedInProfitOrLoss,ifrs_full,train,2,1,monetary,
ifrs-full:ImpairmentLossRecognisedInProfitOrLoss,http://xbrl.ifrs.org/taxonomy/2020-03-16/ifrs-full,ImpairmentLossRecognisedInProfitOrLoss,ifrs_full,train,2,1,monetary,
ifrs-full:ImpairmentLossRecognisedInProfitOrLossGoodwill,http://xbrl.ifrs.org/taxonomy/2019-03-27/ifrs-full,ImpairmentLossRecognisedInProfitOrLossGoodwill,ifrs_full,train,2,1,monetary,
ifrs-full:ImpairmentLossRecognisedInProfitOrLossIntangibleAssetsOtherThanGoodwill,http://xbrl.ifrs.org/taxonomy/2019-03-27/ifrs-full,ImpairmentLossRecognisedInProfitOrLossIntangibleAssetsOtherThanGoodwill,ifrs_full,train,2,1,monetary,
ifrs-full:ImpairmentLossRecognisedInProfitOrLossPropertyPlantAndEquipment,http://xbrl.ifrs.org/taxonomy/2019-03-27/ifrs-full,ImpairmentLossRecognisedInProfitOrLossPropertyPlantAndEquipment,ifrs_full,train,2,1,monetary,
ifrs-full:ImpairmentLossRecognisedInProfitOrLossTradeReceivables,http://xbrl.ifrs.org/taxonomy/2019-03-27/ifrs-full,ImpairmentLossRecognisedInProfitOrLossTradeReceivables,ifrs_full,train,2,1,monetary,
ifrs-full:ImpairmentLossRecognisedInProfitOrLossTradeReceivables,http://xbrl.ifrs.org/taxonomy/2021-03-24/ifrs-full,ImpairmentLossRecognisedInProfitOrLossTradeReceivables,ifrs_full,train,2,1,monetary,
ifrs-full:IncomeExpensesFromReinsuranceContractsHeldOtherThanFinanceIncomeExpenses,http://xbrl.ifrs.org/taxonomy/2019-03-27/ifrs-full,IncomeExpensesFromReinsuranceContractsHeldOtherThanFinanceIncomeExpenses,ifrs_full,train,2,1,monetary,
ifrs-full:IncomeTaxRelatingToAvailableforsaleFinancialAssetsOfOtherComprehensiveIncome,http://xbrl.ifrs.org/taxonomy/2019-03-27/ifrs-full,IncomeTaxRelatingToAvailableforsaleFinancialAssetsOfOtherComprehensiveIncome,ifrs_full,train,2,1,monetary,
ifrs-full:IncomeTaxRelatingToChangesInFairValueOfFinancialLiabilityAttributableToChangeInCreditRiskOfLiabilityOfOtherComprehensiveIncome,http://xbrl.ifrs.org/taxonomy/2019-03-27/ifrs-full,IncomeTaxRelatingToChangesInFairValueOfFinancialLiabilityAttributableToChangeInCreditRiskOfLiabilityOfOtherComprehensiveIncome,ifrs_full,train,2,1,monetary,
ifrs-full:IncomeTaxRelatingToExchangeDifferencesOnTranslationOfOtherComprehensiveIncome,http://xbrl.ifrs.org/taxonomy/2020-03-16/ifrs-full,IncomeTaxRelatingToExchangeDifferencesOnTranslationOfOtherComprehensiveIncome,ifrs_full,train,2,1,monetary,
ifrs-full:IncomeTaxRelatingToHedgesOfNetInvestmentsInForeignOperationsOfOtherComprehensiveIncome,http://xbrl.ifrs.org/taxonomy/2019-03-27/ifrs-full,IncomeTaxRelatingToHedgesOfNetInvestmentsInForeignOperationsOfOtherComprehensiveIncome,ifrs_full,train,2,1,monetary,
ifrs-full:IncomeTaxRelatingToHedgesOfNetInvestmentsInForeignOperationsOfOtherComprehensiveIncome,http://xbrl.ifrs.org/taxonomy/2020-03-16/ifrs-full,IncomeTaxRelatingToHedgesOfNetInvestmentsInForeignOperationsOfOtherComprehensiveIncome,ifrs_full,train,2,1,monetary,
ifrs-full:IncreaseDecreaseInAllowanceAccountForCreditLossesOfFinancialAssets,http://xbrl.ifrs.org/taxonomy/2020-03-16/ifrs-full,IncreaseDecreaseInAllowanceAccountForCreditLossesOfFinancialAssets,ifrs_full,train,2,1,monetary,
ifrs-full:IncreaseDecreaseInCashAndCashEquivalentsDiscontinuedOperations,http://xbrl.ifrs.org/taxonomy/2020-03-16/ifrs-full,IncreaseDecreaseInCashAndCashEquivalentsDiscontinuedOperations,ifrs_full,train,2,1,monetary,
ifrs-full:IncreaseDecreaseInExistingProvisionsOtherProvisions,http://xbrl.ifrs.org/taxonomy/2020-03-16/ifrs-full,IncreaseDecreaseInExistingProvisionsOtherProvisions,ifrs_full,train,2,1,monetary,
ifrs-full:IncreaseDecreaseThroughNetExchangeDifferencesAllowanceAccountForCreditLossesOfFinancialAssets,http://xbrl.ifrs.org/taxonomy/2020-03-16/ifrs-full,IncreaseDecreaseThroughNetExchangeDifferencesAllowanceAccountForCreditLossesOfFinancialAssets,ifrs_full,train,2,1,monetary,
ifrs-full:IncreaseDecreaseThroughOtherContributionsByOwners,http://xbrl.ifrs.org/taxonomy/2020-03-16/ifrs-full,IncreaseDecreaseThroughOtherContributionsByOwners,ifrs_full,train,2,1,monetary,
ifrs-full:InflowsOfCashFromInvestingActivities,http://xbrl.ifrs.org/taxonomy/2019-03-27/ifrs-full,InflowsOfCashFromInvestingActivities,ifrs_full,train,2,1,monetary,
ifrs-full:InsuranceServiceResult,http://xbrl.ifrs.org/taxonomy/2020-03-16/ifrs-full,InsuranceServiceResult,ifrs_full,train,2,1,monetary,
ifrs-full:InterestCostsCapitalised,http://xbrl.ifrs.org/taxonomy/2020-03-16/ifrs-full,InterestCostsCapitalised,ifrs_full,train,2,1,monetary,
ifrs-full:InterestIncomeOnDeposits,http://xbrl.ifrs.org/taxonomy/2020-03-16/ifrs-full,InterestIncomeOnDeposits,ifrs_full,train,2,1,monetary,
ifrs-full:InterestIncomeOnFinancialAssetsDesignatedAtFairValueThroughProfitOrLoss,http://xbrl.ifrs.org/taxonomy/2019-03-27/ifrs-full,InterestIncomeOnFinancialAssetsDesignatedAtFairValueThroughProfitOrLoss,ifrs_full,train,2,1,monetary,
ifrs-full:InterestIncomeOnOtherFinancialAssets,http://xbrl.ifrs.org/taxonomy/2019-03-27/ifrs-full,InterestIncomeOnOtherFinancialAssets,ifrs_full,train,2,1,monetary,
ifrs-full:InterestPaidClassifiedAsFinancingActivities,http://xbrl.ifrs.org/taxonomy/2021-03-24/ifrs-full,InterestPaidClassifiedAsFinancingActivities,ifrs_full,train,2,1,monetary,
ifrs-full:InterestReceivedClassifiedAsInvestingActivities,http://xbrl.ifrs.org/taxonomy/2021-03-24/ifrs-full,InterestReceivedClassifiedAsInvestingActivities,ifrs_full,train,2,1,monetary,
ifrs-full:InventoryWritedown2011,http://xbrl.ifrs.org/taxonomy/2020-03-16/ifrs-full,InventoryWritedown2011,ifrs_full,train,2,1,monetary,
ifrs-full:InvestmentPropertyCompleted,http://xbrl.ifrs.org/taxonomy/2019-03-27/ifrs-full,InvestmentPropertyCompleted,ifrs_full,train,2,1,monetary,
ifrs-full:InvestmentPropertyUnderConstructionOrDevelopment,http://xbrl.ifrs.org/taxonomy/2019-03-27/ifrs-full,InvestmentPropertyUnderConstructionOrDevelopment,ifrs_full,train,2,1,monetary,
ifrs-full:InvestmentPropertyUnderConstructionOrDevelopment,http://xbrl.ifrs.org/taxonomy/2020-03-16/ifrs-full,InvestmentPropertyUnderConstructionOrDevelopment,ifrs_full,train,2,1,monetary,
ifrs-full:InvestmentsInAssociatesAccountedForUsingEquityMethod,http://xbrl.ifrs.org/taxonomy/2020-03-16/ifrs-full,InvestmentsInAssociatesAccountedForUsingEquityMethod,ifrs_full,train,2,1,monetary,
ifrs-full:InvestmentsInAssociatesAccountedForUsingEquityMethod,http://xbrl.ifrs.org/taxonomy/2021-03-24/ifrs-full,InvestmentsInAssociatesAccountedForUsingEquityMethod,ifrs_full,train,2,1,monetary,
ifrs-full:InvestmentsInJointVentures,http://xbrl.ifrs.org/taxonomy/2019-03-27/ifrs-full,InvestmentsInJointVentures,ifrs_full,train,2,1,monetary,
ifrs-full:LandAndBuildings,http://xbrl.ifrs.org/taxonomy/2019-03-27/ifrs-full,LandAndBuildings,ifrs_full,train,2,1,monetary,
ifrs-full:LegalProceedingsProvision,http://xbrl.ifrs.org/taxonomy/2019-03-27/ifrs-full,LegalProceedingsProvision,ifrs_full,train,2,1,monetary,
ifrs-full:LegalProceedingsProvision,http://xbrl.ifrs.org/taxonomy/2020-03-16/ifrs-full,LegalProceedingsProvision,ifrs_full,train,2,1,monetary,
ifrs-full:LiabilitiesArisingFromInsuranceContracts,http://xbrl.ifrs.org/taxonomy/2019-03-27/ifrs-full,LiabilitiesArisingFromInsuranceContracts,ifrs_full,train,2,1,monetary,
ifrs-full:LiabilitiesDueToCentralBanks,http://xbrl.ifrs.org/taxonomy/2020-03-16/ifrs-full,LiabilitiesDueToCentralBanks,ifrs_full,train,2,1,monetary,
ifrs-full:LoansAndReceivables,http://xbrl.ifrs.org/taxonomy/2020-03-16/ifrs-full,LoansAndReceivables,ifrs_full,train,2,1,monetary,
ifrs-full:LoansReceived,http://xbrl.ifrs.org/taxonomy/2020-03-16/ifrs-full,LoansReceived,ifrs_full,train,2,1,monetary,
ifrs-full:LongtermDeposits,http://xbrl.ifrs.org/taxonomy/2019-03-27/ifrs-full,LongtermDeposits,ifrs_full,train,2,1,monetary,
ifrs-full:LongtermDeposits,http://xbrl.ifrs.org/taxonomy/2020-03-16/ifrs-full,LongtermDeposits,ifrs_full,train,2,1,monetary,
ifrs-full:LossesArisingFromDerecognitionOfFinancialAssetsMeasuredAtAmortisedCost,http://xbrl.ifrs.org/taxonomy/2020-03-16/ifrs-full,LossesArisingFromDerecognitionOfFinancialAssetsMeasuredAtAmortisedCost,ifrs_full,train,2,1,monetary,
ifrs-full:MandatoryReserveDepositsAtCentralBanks,http://xbrl.ifrs.org/taxonomy/2019-03-27/ifrs-full,MandatoryReserveDepositsAtCentralBanks,ifrs_full,train,2,1,monetary,
ifrs-full:MergerReserve,http://xbrl.ifrs.org/taxonomy/2020-03-16/ifrs-full,MergerReserve,ifrs_full,train,2,1,monetary,
ifrs-full:NetDebt,http://xbrl.ifrs.org/taxonomy/2019-03-27/ifrs-full,NetDebt,ifrs_full,train,2,1,monetary,
ifrs-full:NoncurrentBiologicalAssets,http://xbrl.ifrs.org/taxonomy/2021-03-24/ifrs-full,NoncurrentBiologicalAssets,ifrs_full,train,2,1,monetary,
ifrs-full:NoncurrentContractAssets,http://xbrl.ifrs.org/taxonomy/2019-03-27/ifrs-full,NoncurrentContractAssets,ifrs_full,train,2,1,monetary,
ifrs-full:NoncurrentDebtInstrumentsIssued,http://xbrl.ifrs.org/taxonomy/2020-03-16/ifrs-full,NoncurrentDebtInstrumentsIssued,ifrs_full,train,2,1,monetary,
ifrs-full:NoncurrentFinanceLeaseReceivables,http://xbrl.ifrs.org/taxonomy/2019-03-27/ifrs-full,NoncurrentFinanceLeaseReceivables,ifrs_full,train,2,1,monetary,
ifrs-full:NoncurrentFinancialAssetsAtFairValueThroughProfitOrLoss,http://xbrl.ifrs.org/taxonomy/2020-03-16/ifrs-full,NoncurrentFinancialAssetsAtFairValueThroughProfitOrLoss,ifrs_full,train,2,1,monetary,
ifrs-full:NoncurrentFinancialAssetsAtFairValueThroughProfitOrLossClassifiedAsHeldForTrading,http://xbrl.ifrs.org/taxonomy/2019-03-27/ifrs-full,NoncurrentFinancialAssetsAtFairValueThroughProfitOrLossClassifiedAsHeldForTrading,ifrs_full,train,2,1,monetary,
ifrs-full:NoncurrentFinancialAssetsAvailableforsale,http://xbrl.ifrs.org/taxonomy/2019-03-27/ifrs-full,NoncurrentFinancialAssetsAvailableforsale,ifrs_full,train,2,1,monetary,
ifrs-full:NoncurrentGovernmentGrants,http://xbrl.ifrs.org/taxonomy/2021-03-24/ifrs-full,NoncurrentGovernmentGrants,ifrs_full,train,2,1,monetary,
ifrs-full:NoncurrentPortionOfNoncurrentLoansReceived,http://xbrl.ifrs.org/taxonomy/2021-03-24/ifrs-full,NoncurrentPortionOfNoncurrentLoansReceived,ifrs_full,train,2,1,monetary,
ifrs-full:NoncurrentPortionOfOtherNoncurrentBorrowings,http://xbrl.ifrs.org/taxonomy/2019-03-27/ifrs-full,NoncurrentPortionOfOtherNoncurrentBorrowings,ifrs_full,train,2,1,monetary,
ifrs-full:NoncurrentPrepayments,http://xbrl.ifrs.org/taxonomy/2019-03-27/ifrs-full,NoncurrentPrepayments,ifrs_full,train,2,1,monetary,
ifrs-full:NoncurrentReceivablesDueFromAssociates,http://xbrl.ifrs.org/taxonomy/2021-03-24/ifrs-full,NoncurrentReceivablesDueFromAssociates,ifrs_full,train,2,1,monetary,
ifrs-full:NoncurrentReceivablesDueFromRelatedParties,http://xbrl.ifrs.org/taxonomy/2019-03-27/ifrs-full,NoncurrentReceivablesDueFromRelatedParties,ifrs_full,train,2,1,monetary,
ifrs-full:NotesAndDebenturesIssued,http://xbrl.ifrs.org/taxonomy/2020-03-16/ifrs-full,NotesAndDebenturesIssued,ifrs_full,train,2,1,monetary,
ifrs-full:NumberOfSharesIssued,http://xbrl.ifrs.org/taxonomy/2020-03-16/ifrs-full,NumberOfSharesIssued,ifrs_full,train,2,1,shares,
ifrs-full:OperatingExpenseExcludingCostOfSales,http://xbrl.ifrs.org/taxonomy/2019-03-27/ifrs-full,OperatingExpenseExcludingCostOfSales,ifrs_full,train,2,1,monetary,
ifrs-full:OtherCashReceiptsFromSalesOfInterestsInJointVenturesClassifiedAsInvestingActivities,http://xbrl.ifrs.org/taxonomy/2019-03-27/ifrs-full,OtherCashReceiptsFromSalesOfInterestsInJointVenturesClassifiedAsInvestingActivities,ifrs_full,train,2,1,monetary,
ifrs-full:OtherComprehensiveIncomeAttributableToNoncontrollingInterests,http://xbrl.ifrs.org/taxonomy/2020-03-16/ifrs-full,OtherComprehensiveIncomeAttributableToNoncontrollingInterests,ifrs_full,train,2,1,monetary,
ifrs-full:OtherComprehensiveIncomeAttributableToOwnersOfParent,http://xbrl.ifrs.org/taxonomy/2020-03-16/ifrs-full,OtherComprehensiveIncomeAttributableToOwnersOfParent,ifrs_full,train,2,1,monetary,
ifrs-full:OtherComprehensiveIncomeBeforeTaxFinancialAssetsMeasuredAtFairValueThroughOtherComprehensiveIncome,http://xbrl.ifrs.org/taxonomy/2020-03-16/ifrs-full,OtherComprehensiveIncomeBeforeTaxFinancialAssetsMeasuredAtFairValueThroughOtherComprehensiveIncome,ifrs_full,train,2,1,monetary,
ifrs-full:OtherComprehensiveIncomeBeforeTaxGainsLossesOnHedgingInstrumentsThatHedgeInvestmentsInEquityInstruments,http://xbrl.ifrs.org/taxonomy/2019-03-27/ifrs-full,OtherComprehensiveIncomeBeforeTaxGainsLossesOnHedgingInstrumentsThatHedgeInvestmentsInEquityInstruments,ifrs_full,train,2,1,monetary,
ifrs-full:OtherComprehensiveIncomeBeforeTaxHedgesOfNetInvestmentsInForeignOperations,http://xbrl.ifrs.org/taxonomy/2020-03-16/ifrs-full,OtherComprehensiveIncomeBeforeTaxHedgesOfNetInvestmentsInForeignOperations,ifrs_full,train,2,1,monetary,
ifrs-full:OtherComprehensiveIncomeBeforeTaxHedgesOfNetInvestmentsInForeignOperations,http://xbrl.ifrs.org/taxonomy/2019-03-27/ifrs-full,OtherComprehensiveIncomeBeforeTaxHedgesOfNetInvestmentsInForeignOperations,ifrs_full,train,2,1,monetary,
ifrs-full:OtherComprehensiveIncomeNetOfTaxGainsLossesOnRevaluation,http://xbrl.ifrs.org/taxonomy/2019-03-27/ifrs-full,OtherComprehensiveIncomeNetOfTaxGainsLossesOnRevaluation,ifrs_full,train,2,1,monetary,
ifrs-full:OtherCurrentNonfinancialAssets,http://xbrl.ifrs.org/taxonomy/2019-03-27/ifrs-full,OtherCurrentNonfinancialAssets,ifrs_full,train,2,1,monetary,
ifrs-full:OtherCurrentNonfinancialLiabilities,http://xbrl.ifrs.org/taxonomy/2019-03-27/ifrs-full,OtherCurrentNonfinancialLiabilities,ifrs_full,train,2,1,monetary,
ifrs-full:OtherEquityInterest,http://xbrl.ifrs.org/taxonomy/2020-03-16/ifrs-full,OtherEquityInterest,ifrs_full,train,2,1,monetary,
ifrs-full:OtherFinanceCost,http://xbrl.ifrs.org/taxonomy/2020-03-16/ifrs-full,OtherFinanceCost,ifrs_full,train,2,1,monetary,
ifrs-full:OtherFinanceCost,http://xbrl.ifrs.org/taxonomy/2019-03-27/ifrs-full,OtherFinanceCost,ifrs_full,train,2,1,monetary,
ifrs-full:OtherFinanceIncome,http://xbrl.ifrs.org/taxonomy/2020-03-16/ifrs-full,OtherFinanceIncome,ifrs_full,train,2,1,monetary,
ifrs-full:OtherFinancialAssets,http://xbrl.ifrs.org/taxonomy/2019-03-27/ifrs-full,OtherFinancialAssets,ifrs_full,train,2,1,monetary,
ifrs-full:OtherFinancialLiabilities,http://xbrl.ifrs.org/taxonomy/2020-03-16/ifrs-full,OtherFinancialLiabilities,ifrs_full,train,2,1,monetary,
ifrs-full:OtherGainsLosses,http://xbrl.ifrs.org/taxonomy/2019-03-27/ifrs-full,OtherGainsLosses,ifrs_full,train,2,1,monetary,
ifrs-full:OtherInflowsOutflowsOfCashClassifiedAsFinancingActivities,http://xbrl.ifrs.org/taxonomy/2021-03-24/ifrs-full,OtherInflowsOutflowsOfCashClassifiedAsFinancingActivities,ifrs_full,train,2,1,monetary,
ifrs-full:OtherNoncurrentNonfinancialLiabilities,http://xbrl.ifrs.org/taxonomy/2019-03-27/ifrs-full,OtherNoncurrentNonfinancialLiabilities,ifrs_full,train,2,1,monetary,
ifrs-full:OtherNonfinancialAssets,http://xbrl.ifrs.org/taxonomy/2019-03-27/ifrs-full,OtherNonfinancialAssets,ifrs_full,train,2,1,monetary,
ifrs-full:OtherOperatingIncomeExpense,http://xbrl.ifrs.org/taxonomy/2021-03-24/ifrs-full,OtherOperatingIncomeExpense,ifrs_full,train,2,1,monetary,
ifrs-full:OtherProvisions,http://xbrl.ifrs.org/taxonomy/2020-03-16/ifrs-full,OtherProvisions,ifrs_full,train,2,1,monetary,
ifrs-full:OtherProvisions,http://xbrl.ifrs.org/taxonomy/2019-03-27/ifrs-full,OtherProvisions,ifrs_full,train,2,1,monetary,
ifrs-full:OtherReversalsOfProvisions,http://xbrl.ifrs.org/taxonomy/2019-03-27/ifrs-full,OtherReversalsOfProvisions,ifrs_full,train,2,1,monetary,
ifrs-full:OutflowsOfCashFromInvestingActivities,http://xbrl.ifrs.org/taxonomy/2019-03-27/ifrs-full,OutflowsOfCashFromInvestingActivities,ifrs_full,train,2,1,monetary,
ifrs-full:OutflowsOfCashFromInvestingActivities,http://xbrl.ifrs.org/taxonomy/2020-03-16/ifrs-full,OutflowsOfCashFromInvestingActivities,ifrs_full,train,2,1,monetary,
ifrs-full:OwneroccupiedPropertyMeasuredUsingInvestmentPropertyFairValueModel,http://xbrl.ifrs.org/taxonomy/2019-03-27/ifrs-full,OwneroccupiedPropertyMeasuredUsingInvestmentPropertyFairValueModel,ifrs_full,train,2,1,monetary,
ifrs-full:PaymentsForDevelopmentProjectExpenditure,http://xbrl.ifrs.org/taxonomy/2019-03-27/ifrs-full,PaymentsForDevelopmentProjectExpenditure,ifrs_full,train,2,1,monetary,
ifrs-full:PaymentsOfOtherEquityInstruments,http://xbrl.ifrs.org/taxonomy/2019-03-27/ifrs-full,PaymentsOfOtherEquityInstruments,ifrs_full,train,2,2,monetary,
ifrs-full:ProceedsFromChangesInOwnershipInterestsInSubsidiaries,http://xbrl.ifrs.org/taxonomy/2020-03-16/ifrs-full,ProceedsFromChangesInOwnershipInterestsInSubsidiaries,ifrs_full,train,2,1,monetary,
ifrs-full:ProceedsFromCurrentBorrowings,http://xbrl.ifrs.org/taxonomy/2019-03-27/ifrs-full,ProceedsFromCurrentBorrowings,ifrs_full,train,2,1,monetary,
ifrs-full:ProceedsFromCurrentBorrowings,http://xbrl.ifrs.org/taxonomy/2020-03-16/ifrs-full,ProceedsFromCurrentBorrowings,ifrs_full,train,2,1,monetary,
ifrs-full:ProceedsFromDisposalOrMaturityOfAvailableforsaleFinancialAssets,http://xbrl.ifrs.org/taxonomy/2019-03-27/ifrs-full,ProceedsFromDisposalOrMaturityOfAvailableforsaleFinancialAssets,ifrs_full,train,2,1,monetary,
ifrs-full:ProceedsFromGovernmentGrantsClassifiedAsFinancingActivities,http://xbrl.ifrs.org/taxonomy/2019-03-27/ifrs-full,ProceedsFromGovernmentGrantsClassifiedAsFinancingActivities,ifrs_full,train,2,1,monetary,
ifrs-full:ProceedsFromGovernmentGrantsClassifiedAsInvestingActivities,http://xbrl.ifrs.org/taxonomy/2019-03-27/ifrs-full,ProceedsFromGovernmentGrantsClassifiedAsInvestingActivities,ifrs_full,train,2,1,monetary,
ifrs-full:ProceedsFromIssueOfOrdinaryShares,http://xbrl.ifrs.org/taxonomy/2020-03-16/ifrs-full,ProceedsFromIssueOfOrdinaryShares,ifrs_full,train,2,1,monetary,
ifrs-full:ProceedsFromIssuingOtherEquityInstruments,http://xbrl.ifrs.org/taxonomy/2019-03-27/ifrs-full,ProceedsFromIssuingOtherEquityInstruments,ifrs_full,train,2,1,monetary,
ifrs-full:ProceedsFromOtherLongtermAssetsClassifiedAsInvestingActivities,http://xbrl.ifrs.org/taxonomy/2020-03-16/ifrs-full,ProceedsFromOtherLongtermAssetsClassifiedAsInvestingActivities,ifrs_full,train,2,1,monetary,
ifrs-full:ProceedsFromSalesOfIntangibleAssetsClassifiedAsInvestingActivities,http://xbrl.ifrs.org/taxonomy/2021-03-24/ifrs-full,ProceedsFromSalesOfIntangibleAssetsClassifiedAsInvestingActivities,ifrs_full,train,2,1,monetary,
ifrs-full:ProceedsFromSalesOfIntangibleAssetsClassifiedAsInvestingActivities,http://xbrl.ifrs.org/taxonomy/2019-03-27/ifrs-full,ProceedsFromSalesOfIntangibleAssetsClassifiedAsInvestingActivities,ifrs_full,train,2,1,monetary,
ifrs-full:ProceedsFromSalesOfInterestsInAssociates,http://xbrl.ifrs.org/taxonomy/2019-03-27/ifrs-full,ProceedsFromSalesOfInterestsInAssociates,ifrs_full,train,2,1,monetary,
ifrs-full:ProceedsFromSalesOfInvestmentsOtherThanInvestmentsAccountedForUsingEquityMethod,http://xbrl.ifrs.org/taxonomy/2019-03-27/ifrs-full,ProceedsFromSalesOfInvestmentsOtherThanInvestmentsAccountedForUsingEquityMethod,ifrs_full,train,2,1,monetary,
ifrs-full:ProceedsFromSalesOfPropertyPlantAndEquipmentClassifiedAsInvestingActivities,http://xbrl.ifrs.org/taxonomy/2021-03-24/ifrs-full,ProceedsFromSalesOfPropertyPlantAndEquipmentClassifiedAsInvestingActivities,ifrs_full,train,2,1,monetary,
ifrs-full:ProfitLossAttributableToOrdinaryEquityHoldersOfParentEntity,http://xbrl.ifrs.org/taxonomy/2019-03-27/ifrs-full,ProfitLossAttributableToOrdinaryEquityHoldersOfParentEntity,ifrs_full,train,2,1,monetary,
ifrs-full:ProfitLossFromContinuingOperationsAttributableToNoncontrollingInterests,http://xbrl.ifrs.org/taxonomy/2020-03-16/ifrs-full,ProfitLossFromContinuingOperationsAttributableToNoncontrollingInterests,ifrs_full,train,2,1,monetary,
ifrs-full:ProfitLossFromContinuingOperationsAttributableToOrdinaryEquityHoldersOfParentEntity,http://xbrl.ifrs.org/taxonomy/2020-03-16/ifrs-full,ProfitLossFromContinuingOperationsAttributableToOrdinaryEquityHoldersOfParentEntity,ifrs_full,train,2,1,monetary,
ifrs-full:ProfitLossFromDiscontinuedOperationsAttributableToNoncontrollingInterests,http://xbrl.ifrs.org/taxonomy/2020-03-16/ifrs-full,ProfitLossFromDiscontinuedOperationsAttributableToNoncontrollingInterests,ifrs_full,train,2,1,monetary,
ifrs-full:ProfitLossFromDiscontinuedOperationsAttributableToOrdinaryEquityHoldersOfParentEntity,http://xbrl.ifrs.org/taxonomy/2020-03-16/ifrs-full,ProfitLossFromDiscontinuedOperationsAttributableToOrdinaryEquityHoldersOfParentEntity,ifrs_full,train,2,1,monetary,
ifrs-full:PropertyIntendedForSaleInOrdinaryCourseOfBusiness,http://xbrl.ifrs.org/taxonomy/2020-03-16/ifrs-full,PropertyIntendedForSaleInOrdinaryCourseOfBusiness,ifrs_full,train,2,1,monetary,
ifrs-full:PropertyIntendedForSaleInOrdinaryCourseOfBusiness,http://xbrl.ifrs.org/taxonomy/2021-03-24/ifrs-full,PropertyIntendedForSaleInOrdinaryCourseOfBusiness,ifrs_full,train,2,1,monetary,
ifrs-full:PropertyIntendedForSaleInOrdinaryCourseOfBusiness,http://xbrl.ifrs.org/taxonomy/2019-03-27/ifrs-full,PropertyIntendedForSaleInOrdinaryCourseOfBusiness,ifrs_full,train,2,1,monetary,
ifrs-full:PropertyManagementExpense,http://xbrl.ifrs.org/taxonomy/2020-03-16/ifrs-full,PropertyManagementExpense,ifrs_full,train,2,1,monetary,
ifrs-full:PropertyPlantAndEquipmentRevaluationSurplus,http://xbrl.ifrs.org/taxonomy/2020-03-16/ifrs-full,PropertyPlantAndEquipmentRevaluationSurplus,ifrs_full,train,2,1,monetary,
ifrs-full:PropertyServiceChargeIncomeExpense,http://xbrl.ifrs.org/taxonomy/2020-03-16/ifrs-full,PropertyServiceChargeIncomeExpense,ifrs_full,train,2,1,monetary,
ifrs-full:ProvisionsForEmployeeBenefits,http://xbrl.ifrs.org/taxonomy/2019-03-27/ifrs-full,ProvisionsForEmployeeBenefits,ifrs_full,train,2,1,monetary,
ifrs-full:PurchaseOfAvailableforsaleFinancialAssets,http://xbrl.ifrs.org/taxonomy/2019-03-27/ifrs-full,PurchaseOfAvailableforsaleFinancialAssets,ifrs_full,train,2,1,monetary,
ifrs-full:PurchaseOfInvestmentProperty,http://xbrl.ifrs.org/taxonomy/2021-03-24/ifrs-full,PurchaseOfInvestmentProperty,ifrs_full,train,2,1,monetary,
ifrs-full:PurchaseOfInvestmentsOtherThanInvestmentsAccountedForUsingEquityMethod,http://xbrl.ifrs.org/taxonomy/2019-03-27/ifrs-full,PurchaseOfInvestmentsOtherThanInvestmentsAccountedForUsingEquityMethod,ifrs_full,train,2,1,monetary,
ifrs-full:PurchaseOfOtherLongtermAssetsClassifiedAsInvestingActivities,http://xbrl.ifrs.org/taxonomy/2020-03-16/ifrs-full,PurchaseOfOtherLongtermAssetsClassifiedAsInvestingActivities,ifrs_full,train,2,1,monetary,
ifrs-full:ReclassificationAdjustmentsOnExchangeDifferencesOnTranslationBeforeTax,http://xbrl.ifrs.org/taxonomy/2019-03-27/ifrs-full,ReclassificationAdjustmentsOnExchangeDifferencesOnTranslationBeforeTax,ifrs_full,train,2,1,monetary,
ifrs-full:ReclassificationAdjustmentsOnFinancialAssetsMeasuredAtFairValueThroughOtherComprehensiveIncomeBeforeTax,http://xbrl.ifrs.org/taxonomy/2020-03-16/ifrs-full,ReclassificationAdjustmentsOnFinancialAssetsMeasuredAtFairValueThroughOtherComprehensiveIncomeBeforeTax,ifrs_full,train,2,1,monetary,
ifrs-full:ReclassificationAdjustmentsOnFinancialAssetsMeasuredAtFairValueThroughOtherComprehensiveIncomeNetOfTax,http://xbrl.ifrs.org/taxonomy/2019-03-27/ifrs-full,ReclassificationAdjustmentsOnFinancialAssetsMeasuredAtFairValueThroughOtherComprehensiveIncomeNetOfTax,ifrs_full,train,2,1,monetary,
ifrs-full:ReclassificationAdjustmentsOnHedgesOfNetInvestmentsInForeignOperationsNetOfTax,http://xbrl.ifrs.org/taxonomy/2019-03-27/ifrs-full,ReclassificationAdjustmentsOnHedgesOfNetInvestmentsInForeignOperationsNetOfTax,ifrs_full,train,2,1,monetary,
ifrs-full:RentalIncome,http://xbrl.ifrs.org/taxonomy/2021-03-24/ifrs-full,RentalIncome,ifrs_full,train,2,1,monetary,
ifrs-full:RepaymentsOfCurrentBorrowings,http://xbrl.ifrs.org/taxonomy/2019-03-27/ifrs-full,RepaymentsOfCurrentBorrowings,ifrs_full,train,2,1,monetary,
ifrs-full:ReserveOfCashFlowHedges,http://xbrl.ifrs.org/taxonomy/2019-03-27/ifrs-full,ReserveOfCashFlowHedges,ifrs_full,train,2,1,monetary,
ifrs-full:ReserveOfCashFlowHedgesContinuingHedges,http://xbrl.ifrs.org/taxonomy/2020-03-16/ifrs-full,ReserveOfCashFlowHedgesContinuingHedges,ifrs_full,train,2,1,monetary,
ifrs-full:RestrictedCashAndCashEquivalents,http://xbrl.ifrs.org/taxonomy/2020-03-16/ifrs-full,RestrictedCashAndCashEquivalents,ifrs_full,train,2,1,monetary,
ifrs-full:RevaluationIncreaseDecreasePropertyPlantAndEquipment,http://xbrl.ifrs.org/taxonomy/2021-03-24/ifrs-full,RevaluationIncreaseDecreasePropertyPlantAndEquipment,ifrs_full,train,2,1,monetary,
ifrs-full:RevenueFromDividends,http://xbrl.ifrs.org/taxonomy/2019-03-27/ifrs-full,RevenueFromDividends,ifrs_full,train,2,1,monetary,
ifrs-full:RevenueFromDividends,http://xbrl.ifrs.org/taxonomy/2021-03-24/ifrs-full,RevenueFromDividends,ifrs_full,train,2,1,monetary,
ifrs-full:RevenueFromRenderingOfGamingServices,http://xbrl.ifrs.org/taxonomy/2019-03-27/ifrs-full,RevenueFromRenderingOfGamingServices,ifrs_full,train,2,1,monetary,
ifrs-full:ReversalOfImpairmentLossRecognisedInProfitOrLossPropertyPlantAndEquipment,http://xbrl.ifrs.org/taxonomy/2020-03-16/ifrs-full,ReversalOfImpairmentLossRecognisedInProfitOrLossPropertyPlantAndEquipment,ifrs_full,train,2,1,monetary,
ifrs-full:RightofuseAssetsThatDoNotMeetDefinitionOfInvestmentProperty,http://xbrl.ifrs.org/taxonomy/2019-03-27/ifrs-full,RightofuseAssetsThatDoNotMeetDefinitionOfInvestmentProperty,ifrs_full,train,2,1,monetary,
ifrs-full:RoyaltyExpense,http://xbrl.ifrs.org/taxonomy/2020-03-16/ifrs-full,RoyaltyExpense,ifrs_full,train,2,1,monetary,
ifrs-full:SecuredBankLoansReceived,http://xbrl.ifrs.org/taxonomy/2021-03-24/ifrs-full,SecuredBankLoansReceived,ifrs_full,train,2,1,monetary,
ifrs-full:ShareOfOtherComprehensiveIncomeOfAssociatesAndJointVenturesAccountedForUsingEquityMethod,http://xbrl.ifrs.org/taxonomy/2020-03-16/ifrs-full,ShareOfOtherComprehensiveIncomeOfAssociatesAndJointVenturesAccountedForUsingEquityMethod,ifrs_full,train,2,1,monetary,
ifrs-full:ShareOfOtherComprehensiveIncomeOfAssociatesAndJointVenturesAccountedForUsingEquityMethodThatWillBeReclassifiedToProfitOrLossNetOfTax,http://xbrl.ifrs.org/taxonomy/2021-03-24/ifrs-full,ShareOfOtherComprehensiveIncomeOfAssociatesAndJointVenturesAccountedForUsingEquityMethodThatWillBeReclassifiedToProfitOrLossNetOfTax,ifrs_full,train,2,1,monetary,
ifrs-full:ShareOfOtherComprehensiveIncomeOfAssociatesAndJointVenturesAccountedForUsingEquityMethodThatWillNotBeReclassifiedToProfitOrLossNetOfTax,http://xbrl.ifrs.org/taxonomy/2021-03-24/ifrs-full,ShareOfOtherComprehensiveIncomeOfAssociatesAndJointVenturesAccountedForUsingEquityMethodThatWillNotBeReclassifiedToProfitOrLossNetOfTax,ifrs_full,train,2,1,monetary,
ifrs-full:ShorttermDepositsNotClassifiedAsCashEquivalents,http://xbrl.ifrs.org/taxonomy/2021-03-24/ifrs-full,ShorttermDepositsNotClassifiedAsCashEquivalents,ifrs_full,train,2,1,monetary,
ifrs-full:ShorttermEmployeeBenefitsAccruals,http://xbrl.ifrs.org/taxonomy/2019-03-27/ifrs-full,ShorttermEmployeeBenefitsAccruals,ifrs_full,train,2,1,monetary,
ifrs-full:ShorttermInvestmentsClassifiedAsCashEquivalents,http://xbrl.ifrs.org/taxonomy/2020-03-16/ifrs-full,ShorttermInvestmentsClassifiedAsCashEquivalents,ifrs_full,train,2,1,monetary,
ifrs-full:StatutoryReserve,http://xbrl.ifrs.org/taxonomy/2019-03-27/ifrs-full,StatutoryReserve,ifrs_full,train,2,1,monetary,
ifrs-full:TaxExpenseOtherThanIncomeTaxExpense,http://xbrl.ifrs.org/taxonomy/2019-03-27/ifrs-full,TaxExpenseOtherThanIncomeTaxExpense,ifrs_full,train,2,1,monetary,
ifrs-full:TradeAndOtherCurrentReceivablesDueFromRelatedParties,http://xbrl.ifrs.org/taxonomy/2019-03-27/ifrs-full,TradeAndOtherCurrentReceivablesDueFromRelatedParties,ifrs_full,train,2,1,monetary,
ifrs-full:TradeAndOtherCurrentReceivablesDueFromRelatedParties,http://xbrl.ifrs.org/taxonomy/2020-03-16/ifrs-full,TradeAndOtherCurrentReceivablesDueFromRelatedParties,ifrs_full,train,2,1,monetary,
ifrs-full:TradeAndOtherPayablesToTradeSuppliers,http://xbrl.ifrs.org/taxonomy/2019-03-27/ifrs-full,TradeAndOtherPayablesToTradeSuppliers,ifrs_full,train,2,1,monetary,
ifrs-full:TradeAndOtherPayablesToTradeSuppliers,http://xbrl.ifrs.org/taxonomy/2020-03-16/ifrs-full,TradeAndOtherPayablesToTradeSuppliers,ifrs_full,train,2,1,monetary,
ifrs-full:TradeAndOtherReceivables,http://xbrl.ifrs.org/taxonomy/2020-03-16/ifrs-full,TradeAndOtherReceivables,ifrs_full,train,2,1,monetary,
ifrs-full:AdjustmentsForGainLossOnDisposalsPropertyPlantAndEquipment,http://xbrl.ifrs.org/taxonomy/2021-03-24/ifrs-full,AdjustmentsForGainLossOnDisposalsPropertyPlantAndEquipment,ifrs_full,train,1,1,monetary,
ifrs-full:DividendsRecognisedAsDistributionsToOwnersPerShare,http://xbrl.ifrs.org/taxonomy/2019-03-27/ifrs-full,DividendsRecognisedAsDistributionsToOwnersPerShare,ifrs_full,train,1,1,pershare,
ifrs-full:GainLossArisingFromDifferenceBetweenCarryingAmountOfFinancialLiabilityExtinguishedAndConsiderationPaid,http://xbrl.ifrs.org/taxonomy/2019-03-27/ifrs-full,GainLossArisingFromDifferenceBetweenCarryingAmountOfFinancialLiabilityExtinguishedAndConsiderationPaid,ifrs_full,train,1,1,monetary,
ifrs-full:IncreaseDecreaseInNumberOfOrdinarySharesIssued,http://xbrl.ifrs.org/taxonomy/2019-03-27/ifrs-full,IncreaseDecreaseInNumberOfOrdinarySharesIssued,ifrs_full,train,1,1,shares,
ifrs-full:NumberOfSharesOutstanding,http://xbrl.ifrs.org/taxonomy/2019-03-27/ifrs-full,NumberOfSharesOutstanding,ifrs_full,train,1,1,shares,
ifrs-full:TradingIncomeExpenseOnEquityInstruments,http://xbrl.ifrs.org/taxonomy/2020-03-16/ifrs-full,TradingIncomeExpenseOnEquityInstruments,ifrs_full,train,1,1,monetary,
