company_number,concept,caption,is_subtotal,row_class,resolved_id,tier,rule
00698834,PercentageClassShareHeldInSubsidiary,%,False,balance,,escalated,
00698834,PercentageClassShareHeldInSubsidiary,%,False,balance,,escalated,
00698834,PercentageClassShareHeldInSubsidiary,%,False,balance,,escalated,
00698834,ApplicableTaxRate,(2024 -,False,balance,,escalated,
00698834,PensionCostsDefinedContributionPlan,(2024 -,False,balance,,escalated,
00698834,OutstandingPre-paidContributionsToDefinedContributionPlanReportingDate,(2024 - £,False,balance,,escalated,
00698834,MinimumOperatingLeasePaymentsRecognisedAsExpense,(2024 - £,False,balance,,escalated,
00698834,NumberSharesIssuedButNotFullyPaid,"1,033",False,balance,,escalated,
00698834,Creditors,"80,370",False,balance,,escalated,
00698834,Creditors,"80,370",False,balance,,escalated,
00698834,Creditors,"80,370",False,balance,,escalated,
00698834,Creditors,"80,370",False,balance,,escalated,
00698834,Creditors,: Amounts falling due within one year,False,balance,,escalated,
00698834,Creditors,: Amounts falling due within one year,False,balance,,escalated,
00698834,Creditors,: Amounts falling due within one year,False,balance,,escalated,
00698834,Creditors,: Amounts falling due within one year,False,balance,,escalated,
00698834,OtherPayablesAccruedExpenses,Accruals,False,balance,,escalated,
00698834,OtherPayablesAccruedExpenses,Accruals,False,balance,,escalated,
00698834,OtherPayablesAccruedExpenses,Accruals,False,balance,,escalated,
00698834,OtherPayablesAccruedExpenses,Accruals,False,balance,,escalated,
00698834,NumberDirectorsAccruingBenefitsUnderMoneyPurchaseScheme,Accruing benefits under money purchase pension scheme,False,balance,,escalated,
00698834,NumberDirectorsAccruingBenefitsUnderMoneyPurchaseScheme,Accruing benefits under money purchase pension scheme,False,balance,,escalated,
00698834,AcquiredThroughBusinessCombinationsPropertyPlantEquipment,Acquired through business combinations,False,balance,,escalated,
00698834,AcquiredThroughBusinessCombinationsPropertyPlantEquipment,Acquired through business combinations,False,balance,,escalated,
00698834,AcquiredThroughBusinessCombinationsPropertyPlantEquipment,Acquired through business combinations,False,balance,,escalated,
00698834,PurchaseIntangibleAssets,Acquisition of intangible assets,False,balance,asset.noncurrent.intangibles,tier2_keyword,tier2:asset.noncurrent.intangibles:intangible
00698834,PurchaseIntangibleAssets,Acquisition of intangible assets,False,balance,asset.noncurrent.intangibles,tier2_keyword,tier2:asset.noncurrent.intangibles:intangible
00698834,PaymentsToAcquireInterestsInJointVenturesAssociatesParticipatingInterestsClassifiedAsInvestingActivities,"Acquisition of investments in subsidiary, net of cash acquired",False,balance,asset.current.cash,tier2_keyword,tier2:asset.current.cash:cash
00698834,PurchasePropertyPlantEquipment,Acquisitions of tangible assets,False,balance,,escalated,
00698834,PurchasePropertyPlantEquipment,Acquisitions of tangible assets,False,balance,,escalated,
00698834,AdditionsOtherThanThroughBusinessCombinationsPropertyPlantEquipment,Additions,False,movement,,escalated,
00698834,AdditionsOtherThanThroughBusinessCombinationsPropertyPlantEquipment,Additions,False,movement,,escalated,
00698834,AdditionsOtherThanThroughBusinessCombinationsPropertyPlantEquipment,Additions,False,movement,,escalated,
00698834,AdditionsOtherThanThroughBusinessCombinationsPropertyPlantEquipment,Additions,False,movement,,escalated,
00698834,AdditionsOtherThanThroughBusinessCombinationsPropertyPlantEquipment,Additions,False,movement,,escalated,
00698834,AdditionsOtherThanThroughBusinessCombinationsPropertyPlantEquipment,Additions,False,movement,,escalated,
00698834,AdditionsOtherThanThroughBusinessCombinationsIntangibleAssets,Additions acquired separately,False,movement,,escalated,
00698834,AdditionsOtherThanThroughBusinessCombinationsIntangibleAssets,Additions acquired separately,False,movement,,escalated,
00698834,AdministrationSupportAverageNumberEmployees,Administration and support,False,balance,,escalated,
00698834,AdministrationSupportAverageNumberEmployees,Administration and support,False,balance,,escalated,
00698834,AdministrativeExpenses,Administrative expenses,False,balance,expense.admin,tier2_keyword,tier2:expense.admin:administrative
00698834,AdministrativeExpenses,Administrative expenses,False,balance,expense.admin,tier2_keyword,tier2:expense.admin:administrative
00698834,IncreaseFromAmortisationChargeForYearIntangibleAssets,Amortisation charge,False,movement,,escalated,
00698834,IncreaseFromAmortisationChargeForYearIntangibleAssets,Amortisation charge,False,movement,,escalated,
00698834,IncreaseFromAmortisationChargeForYearIntangibleAssets,Amortisation charge,False,movement,,escalated,
00698834,IncreaseFromAmortisationChargeForYearIntangibleAssets,Amortisation charge,False,movement,,escalated,
00698834,AmortisationExpenseIntangibleAssets,Amortisation expense,False,movement,,escalated,
00698834,AmortisationExpenseIntangibleAssets,Amortisation expense,False,movement,,escalated,
00698834,AmountsOwedToRelatedParties,Amounts due to related parties,False,balance,,escalated,
00698834,AmountsOwedToRelatedParties,Amounts due to related parties,False,balance,,escalated,
00698834,AmountsOwedByRelatedParties,Amounts owed by related parties,False,balance,,escalated,
00698834,AmountsOwedByRelatedParties,Amounts owed by related parties,False,balance,,escalated,
00698834,AmountsOwedByRelatedParties,Amounts owed by related parties,False,balance,,escalated,
00698834,DeferredTaxExpenseCreditRelatingToOriginationReversalTimingDifferences,Arising from origination and reversal of timing differences,False,balance,,escalated,
00698834,DeferredTaxExpenseCreditRelatingToOriginationReversalTimingDifferences,Arising from origination and reversal of timing differences,False,balance,,escalated,
00698834,Equity,At 1 December 2023,True,period_marker,,escalated,
00698834,Equity,At 1 December 2023,True,period_marker,,escalated,
00698834,Equity,At 1 December 2023,True,period_marker,,escalated,
00698834,Equity,At 1 December 2023,True,period_marker,,escalated,
00698834,Equity,At 1 December 2023,True,period_marker,,escalated,
00698834,Equity,At 1 December 2023,True,period_marker,,escalated,
00698834,Equity,At 1 December 2023,True,period_marker,,escalated,
00698834,Equity,At 1 December 2023,True,period_marker,,escalated,
00698834,Equity,At 1 December 2023,True,period_marker,,escalated,
00698834,Equity,At 1 December 2023,True,period_marker,,escalated,
00698834,Equity,At 1 December 2023,True,period_marker,,escalated,
00698834,Equity,At 1 December 2023,True,period_marker,,escalated,
00698834,Equity,At 1 December 2023,True,period_marker,,escalated,
00698834,Equity,At 1 December 2024,True,period_marker,,escalated,
00698834,Equity,At 1 December 2024,True,period_marker,,escalated,
00698834,Equity,At 1 December 2024,True,period_marker,,escalated,
00698834,Equity,At 1 December 2024,True,period_marker,,escalated,
00698834,Equity,At 1 December 2024,True,period_marker,,escalated,
00698834,Equity,At 1 December 2024,True,period_marker,,escalated,
00698834,Equity,At 1 December 2024,True,period_marker,,escalated,
00698834,Equity,At 1 December 2024,True,period_marker,,escalated,
00698834,Equity,At 1 December 2024,True,period_marker,,escalated,
00698834,Equity,At 1 December 2024,True,period_marker,,escalated,
00698834,Equity,At 1 December 2024,True,period_marker,,escalated,
00698834,Equity,At 1 December 2024,True,period_marker,,escalated,
00698834,Equity,At 1 December 2024,True,period_marker,,escalated,
00698834,Equity,At 1 December 2024,True,period_marker,,escalated,
00698834,IntangibleAssetsGrossCost,At 1 December 2024,False,period_marker,,escalated,
00698834,IntangibleAssetsGrossCost,At 1 December 2024,False,period_marker,,escalated,
00698834,IntangibleAssetsGrossCost,At 1 December 2024,False,period_marker,,escalated,
00698834,AccumulatedAmortisationImpairmentIntangibleAssets,At 1 December 2024,False,period_marker,,escalated,
00698834,AccumulatedAmortisationImpairmentIntangibleAssets,At 1 December 2024,False,period_marker,,escalated,
00698834,AccumulatedAmortisationImpairmentIntangibleAssets,At 1 December 2024,False,period_marker,,escalated,
00698834,IntangibleAssetsGrossCost,At 1 December 2024,False,period_marker,,escalated,
00698834,IntangibleAssetsGrossCost,At 1 December 2024,False,period_marker,,escalated,
00698834,IntangibleAssetsGrossCost,At 1 December 2024,False,period_marker,,escalated,
00698834,AccumulatedAmortisationImpairmentIntangibleAssets,At 1 December 2024,False,period_marker,,escalated,
00698834,AccumulatedAmortisationImpairmentIntangibleAssets,At 1 December 2024,False,period_marker,,escalated,
00698834,AccumulatedAmortisationImpairmentIntangibleAssets,At 1 December 2024,False,period_marker,,escalated,
00698834,PropertyPlantEquipmentGrossCost,At 1 December 2024,False,period_marker,,escalated,
00698834,PropertyPlantEquipmentGrossCost,At 1 December 2024,False,period_marker,,escalated,
00698834,PropertyPlantEquipmentGrossCost,At 1 December 2024,False,period_marker,,escalated,
00698834,PropertyPlantEquipmentGrossCost,At 1 December 2024,False,period_marker,,escalated,
00698834,AccumulatedDepreciationImpairmentPropertyPlantEquipment,At 1 December 2024,False,period_marker,,escalated,
00698834,AccumulatedDepreciationImpairmentPropertyPlantEquipment,At 1 December 2024,False,period_marker,,escalated,
00698834,AccumulatedDepreciationImpairmentPropertyPlantEquipment,At 1 December 2024,False,period_marker,,escalated,
00698834,AccumulatedDepreciationImpairmentPropertyPlantEquipment,At 1 December 2024,False,period_marker,,escalated,
00698834,PropertyPlantEquipmentGrossCost,At 1 December 2024,False,period_marker,,escalated,
00698834,PropertyPlantEquipmentGrossCost,At 1 December 2024,False,period_marker,,escalated,
00698834,PropertyPlantEquipmentGrossCost,At 1 December 2024,False,period_marker,,escalated,
00698834,PropertyPlantEquipmentGrossCost,At 1 December 2024,False,period_marker,,escalated,
00698834,AccumulatedDepreciationImpairmentPropertyPlantEquipment,At 1 December 2024,False,period_marker,,escalated,
00698834,AccumulatedDepreciationImpairmentPropertyPlantEquipment,At 1 December 2024,False,period_marker,,escalated,
00698834,AccumulatedDepreciationImpairmentPropertyPlantEquipment,At 1 December 2024,False,period_marker,,escalated,
00698834,AccumulatedDepreciationImpairmentPropertyPlantEquipment,At 1 December 2024,False,period_marker,,escalated,
00698834,InvestmentsInSubsidiaries,At 1 December 2024,False,period_marker,,escalated,
00698834,Provisions,At 1 December 2024,False,period_marker,,escalated,
00698834,Provisions,At 1 December 2024,False,period_marker,,escalated,
00698834,Equity,At 30 November 2024,True,period_marker,,escalated,
00698834,Equity,At 30 November 2024,True,period_marker,,escalated,
00698834,Equity,At 30 November 2024,True,period_marker,,escalated,
00698834,Equity,At 30 November 2024,True,period_marker,,escalated,
00698834,Equity,At 30 November 2024,True,period_marker,,escalated,
00698834,Equity,At 30 November 2024,True,period_marker,,escalated,
00698834,Equity,At 30 November 2024,True,period_marker,,escalated,
00698834,Equity,At 30 November 2024,True,period_marker,,escalated,
00698834,IntangibleAssets,At 30 November 2024,False,period_marker,,escalated,
00698834,IntangibleAssets,At 30 November 2024,False,period_marker,,escalated,
00698834,IntangibleAssets,At 30 November 2024,False,period_marker,,escalated,
00698834,IntangibleAssets,At 30 November 2024,False,period_marker,,escalated,
00698834,PropertyPlantEquipment,At 30 November 2024,False,period_marker,,escalated,
00698834,PropertyPlantEquipment,At 30 November 2024,False,period_marker,,escalated,
00698834,PropertyPlantEquipment,At 30 November 2024,False,period_marker,,escalated,
00698834,PropertyPlantEquipment,At 30 November 2024,False,period_marker,,escalated,
00698834,PropertyPlantEquipment,At 30 November 2024,False,period_marker,,escalated,
00698834,PropertyPlantEquipment,At 30 November 2024,False,period_marker,,escalated,
00698834,PropertyPlantEquipment,At 30 November 2024,False,period_marker,,escalated,
00698834,PropertyPlantEquipment,At 30 November 2024,False,period_marker,,escalated,
00698834,InvestmentsInSubsidiaries,At 30 November 2024,False,period_marker,,escalated,
00698834,Equity,At 30 November 2025,True,period_marker,,escalated,
00698834,Equity,At 30 November 2025,True,period_marker,,escalated,
00698834,Equity,At 30 November 2025,True,period_marker,,escalated,
00698834,Equity,At 30 November 2025,True,period_marker,,escalated,
00698834,Equity,At 30 November 2025,True,period_marker,,escalated,
00698834,Equity,At 30 November 2025,True,period_marker,,escalated,
00698834,Equity,At 30 November 2025,True,period_marker,,escalated,
00698834,Equity,At 30 November 2025,True,period_marker,,escalated,
00698834,Equity,At 30 November 2025,True,period_marker,,escalated,
00698834,Equity,At 30 November 2025,True,period_marker,,escalated,
00698834,Equity,At 30 November 2025,True,period_marker,,escalated,
00698834,Equity,At 30 November 2025,True,period_marker,,escalated,
00698834,Equity,At 30 November 2025,True,period_marker,,escalated,
00698834,IntangibleAssetsGrossCost,At 30 November 2025,False,period_marker,,escalated,
00698834,IntangibleAssetsGrossCost,At 30 November 2025,False,period_marker,,escalated,
00698834,IntangibleAssetsGrossCost,At 30 November 2025,False,period_marker,,escalated,
00698834,AccumulatedAmortisationImpairmentIntangibleAssets,At 30 November 2025,False,period_marker,,escalated,
00698834,AccumulatedAmortisationImpairmentIntangibleAssets,At 30 November 2025,False,period_marker,,escalated,
00698834,AccumulatedAmortisationImpairmentIntangibleAssets,At 30 November 2025,False,period_marker,,escalated,
00698834,IntangibleAssets,At 30 November 2025,False,period_marker,,escalated,
00698834,IntangibleAssets,At 30 November 2025,False,period_marker,,escalated,
00698834,IntangibleAssets,At 30 November 2025,False,period_marker,,escalated,
00698834,IntangibleAssetsGrossCost,At 30 November 2025,False,period_marker,,escalated,
00698834,IntangibleAssetsGrossCost,At 30 November 2025,False,period_marker,,escalated,
00698834,IntangibleAssetsGrossCost,At 30 November 2025,False,period_marker,,escalated,
00698834,AccumulatedAmortisationImpairmentIntangibleAssets,At 30 November 2025,False,period_marker,,escalated,
00698834,AccumulatedAmortisationImpairmentIntangibleAssets,At 30 November 2025,False,period_marker,,escalated,
00698834,AccumulatedAmortisationImpairmentIntangibleAssets,At 30 November 2025,False,period_marker,,escalated,
00698834,IntangibleAssets,At 30 November 2025,False,period_marker,,escalated,
00698834,IntangibleAssets,At 30 November 2025,False,period_marker,,escalated,
00698834,PropertyPlantEquipmentGrossCost,At 30 November 2025,False,period_marker,,escalated,
00698834,PropertyPlantEquipmentGrossCost,At 30 November 2025,False,period_marker,,escalated,
00698834,PropertyPlantEquipmentGrossCost,At 30 November 2025,False,period_marker,,escalated,
00698834,PropertyPlantEquipmentGrossCost,At 30 November 2025,False,period_marker,,escalated,
00698834,AccumulatedDepreciationImpairmentPropertyPlantEquipment,At 30 November 2025,False,period_marker,,escalated,
00698834,AccumulatedDepreciationImpairmentPropertyPlantEquipment,At 30 November 2025,False,period_marker,,escalated,
00698834,AccumulatedDepreciationImpairmentPropertyPlantEquipment,At 30 November 2025,False,period_marker,,escalated,
00698834,AccumulatedDepreciationImpairmentPropertyPlantEquipment,At 30 November 2025,False,period_marker,,escalated,
00698834,PropertyPlantEquipment,At 30 November 2025,False,period_marker,,escalated,
00698834,PropertyPlantEquipment,At 30 November 2025,False,period_marker,,escalated,
00698834,PropertyPlantEquipment,At 30 November 2025,False,period_marker,,escalated,
00698834,PropertyPlantEquipment,At 30 November 2025,False,period_marker,,escalated,
00698834,PropertyPlantEquipmentGrossCost,At 30 November 2025,False,period_marker,,escalated,
00698834,PropertyPlantEquipmentGrossCost,At 30 November 2025,False,period_marker,,escalated,
00698834,PropertyPlantEquipmentGrossCost,At 30 November 2025,False,period_marker,,escalated,
00698834,PropertyPlantEquipmentGrossCost,At 30 November 2025,False,period_marker,,escalated,
00698834,AccumulatedDepreciationImpairmentPropertyPlantEquipment,At 30 November 2025,False,period_marker,,escalated,
00698834,AccumulatedDepreciationImpairmentPropertyPlantEquipment,At 30 November 2025,False,period_marker,,escalated,
00698834,AccumulatedDepreciationImpairmentPropertyPlantEquipment,At 30 November 2025,False,period_marker,,escalated,
00698834,AccumulatedDepreciationImpairmentPropertyPlantEquipment,At 30 November 2025,False,period_marker,,escalated,
00698834,PropertyPlantEquipment,At 30 November 2025,False,period_marker,,escalated,
00698834,PropertyPlantEquipment,At 30 November 2025,False,period_marker,,escalated,
00698834,PropertyPlantEquipment,At 30 November 2025,False,period_marker,,escalated,
00698834,PropertyPlantEquipment,At 30 November 2025,False,period_marker,,escalated,
00698834,InvestmentsInSubsidiaries,At 30 November 2025,False,period_marker,,escalated,
00698834,Provisions,At 30 November 2025,False,period_marker,,escalated,
00698834,Provisions,At 30 November 2025,False,period_marker,,escalated,
00698834,PercentageClassShareHeldInSubsidiary,Bulgaria,False,balance,,escalated,
00698834,PercentageClassShareHeldInSubsidiary,Bulgaria,False,balance,,escalated,
00698834,CashCashEquivalentsCashFlowValue,Cash and cash equivalents at 1 December,False,balance,asset.current.cash,tier2_keyword,tier2:asset.current.cash:cash
00698834,CashCashEquivalentsCashFlowValue,Cash and cash equivalents at 1 December,False,balance,asset.current.cash,tier2_keyword,tier2:asset.current.cash:cash
00698834,BalancesWithBanks,Cash at bank,False,balance,asset.current.cash,tier2_keyword,tier2:asset.current.cash:cash
00698834,BalancesWithBanks,Cash at bank,False,balance,asset.current.cash,tier2_keyword,tier2:asset.current.cash:cash
00698834,BalancesWithBanks,Cash at bank,False,balance,asset.current.cash,tier2_keyword,tier2:asset.current.cash:cash
00698834,BalancesWithBanks,Cash at bank,False,balance,asset.current.cash,tier2_keyword,tier2:asset.current.cash:cash
00698834,CashBankOnHand,Cash at bank and in hand,False,balance,asset.current.cash,tier2_keyword,tier2:asset.current.cash:cash
00698834,CashBankOnHand,Cash at bank and in hand,False,balance,asset.current.cash,tier2_keyword,tier2:asset.current.cash:cash
00698834,CurrentAssets,Cash at bank and in hand,True,balance,asset.current.cash,tier2_keyword,tier2:asset.current.cash:cash
00698834,CurrentAssets,Cash at bank and in hand,True,balance,asset.current.cash,tier2_keyword,tier2:asset.current.cash:cash
00698834,CashBankOnHand,Cash at bank and in hand,False,balance,asset.current.cash,tier2_keyword,tier2:asset.current.cash:cash
00698834,CashBankOnHand,Cash at bank and in hand,False,balance,asset.current.cash,tier2_keyword,tier2:asset.current.cash:cash
00698834,CurrentAssets,Cash at bank and in hand,True,balance,asset.current.cash,tier2_keyword,tier2:asset.current.cash:cash
00698834,CurrentAssets,Cash at bank and in hand,True,balance,asset.current.cash,tier2_keyword,tier2:asset.current.cash:cash
00698834,NetCashGeneratedFromOperations,Cash generated from operations,False,balance,asset.current.cash,tier2_keyword,tier2:asset.current.cash:cash
00698834,NetCashGeneratedFromOperations,Cash generated from operations,False,balance,asset.current.cash,tier2_keyword,tier2:asset.current.cash:cash
00698834,CashReceiptsFromRepaymentLoansAdvancesClassifiedAsInvestingActivities,"Cash receipts from repayment of loans, classified as investing activities",False,balance,asset.current.cash,tier2_keyword,tier2:asset.current.cash:cash
00698834,IncreaseFromDepreciationChargeForYearPropertyPlantEquipment,Charge for the year,False,movement,,escalated,
00698834,IncreaseFromDepreciationChargeForYearPropertyPlantEquipment,Charge for the year,False,movement,,escalated,
00698834,IncreaseFromDepreciationChargeForYearPropertyPlantEquipment,Charge for the year,False,movement,,escalated,
00698834,IncreaseFromDepreciationChargeForYearPropertyPlantEquipment,Charge for the year,False,movement,,escalated,
00698834,IncreaseFromDepreciationChargeForYearPropertyPlantEquipment,Charge for the year,False,movement,,escalated,
00698834,IncreaseFromDepreciationChargeForYearPropertyPlantEquipment,Charge for the year,False,movement,,escalated,
00698834,IncreaseFromDepreciationChargeForYearPropertyPlantEquipment,Charge for the year,False,movement,,escalated,
00698834,IncreaseFromDepreciationChargeForYearPropertyPlantEquipment,Charge for the year,False,movement,,escalated,
00698834,CompanyContributionsToMoneyPurchasePlansDirectors,Contributions paid to money purchase schemes,False,balance,,escalated,
00698834,OutstandingPre-paidContributionsToDefinedContributionPlanReportingDate,Contributions totalling,False,balance,,escalated,
00698834,CurrentTaxForPeriod,Corporation tax,False,balance,,escalated,
00698834,CurrentTaxForPeriod,Corporation tax,False,balance,,escalated,
00698834,TaxExpenseCreditApplicableTaxRate,Corporation tax at standard rate,False,balance,,escalated,
00698834,TaxExpenseCreditApplicableTaxRate,Corporation tax at standard rate,False,balance,,escalated,
00698834,CostSales,Cost of sales,False,balance,revenue.operating,tier2_keyword,tier2:revenue.operating:sales
00698834,CostSales,Cost of sales,False,balance,revenue.operating,tier2_keyword,tier2:revenue.operating:sales
00698834,Debtors,Debtors,False,balance,asset.current.receivables,tier2_keyword,tier2:asset.current.receivables:debtors
00698834,Debtors,Debtors,False,balance,asset.current.receivables,tier2_keyword,tier2:asset.current.receivables:debtors
00698834,Debtors,Debtors,False,balance,asset.current.receivables,tier2_keyword,tier2:asset.current.receivables:debtors
00698834,Debtors,Debtors,False,balance,asset.current.receivables,tier2_keyword,tier2:asset.current.receivables:debtors
00698834,TaxIncreaseDecreaseFromEffectDifferentTaxRatesOnSomeEarnings,Decrease from effect of different UK tax rates on some earnings,False,movement,,escalated,
00698834,GainLossInCashFlowsFromChangeInInventories,Decrease/(increase) in stocks,False,balance,asset.current.inventory,tier2_keyword,tier2:asset.current.inventory:stock
00698834,GainLossInCashFlowsFromChangeInInventories,Decrease/(increase) in stocks,False,balance,asset.current.inventory,tier2_keyword,tier2:asset.current.inventory:stock
00698834,GainLossInCashFlowsFromChangeInDebtorsTradeOtherReceivables,Decrease/(increase) in trade debtors,False,balance,asset.current.receivables,tier2_keyword,tier2:asset.current.receivables:debtors
00698834,GainLossInCashFlowsFromChangeInDebtorsTradeOtherReceivables,Decrease/(increase) in trade debtors,False,balance,asset.current.receivables,tier2_keyword,tier2:asset.current.receivables:debtors
00698834,DepreciationAmortisationExpense,Depreciation and amortisation,False,movement,expense.depreciation,tier2_keyword,tier2:expense.depreciation:depreciation
00698834,DepreciationAmortisationExpense,Depreciation and amortisation,False,movement,expense.depreciation,tier2_keyword,tier2:expense.depreciation:depreciation
00698834,DepreciationExpensePropertyPlantEquipment,Depreciation expense,False,balance,expense.depreciation,tier2_keyword,tier2:expense.depreciation:depreciation
00698834,DepreciationExpensePropertyPlantEquipment,Depreciation expense,False,balance,expense.depreciation,tier2_keyword,tier2:expense.depreciation:depreciation
00698834,TransfersBetweenPPEClassesIncreaseDecreaseInDepreciationImpairment,Depreciation from business combinations,False,movement,expense.depreciation,tier2_keyword,tier2:expense.depreciation:depreciation
00698834,TransfersBetweenPPEClassesIncreaseDecreaseInDepreciationImpairment,Depreciation from business combinations,False,movement,expense.depreciation,tier2_keyword,tier2:expense.depreciation:depreciation
00698834,TransfersBetweenPPEClassesIncreaseDecreaseInDepreciationImpairment,Depreciation from business combinations,False,movement,expense.depreciation,tier2_keyword,tier2:expense.depreciation:depreciation
00698834,DisposalsPropertyPlantEquipment,Disposals,False,movement,,escalated,
00698834,DisposalsPropertyPlantEquipment,Disposals,False,movement,,escalated,
00698834,DisposalsPropertyPlantEquipment,Disposals,False,movement,,escalated,
00698834,DisposalsPropertyPlantEquipment,Disposals,False,movement,,escalated,
00698834,IncreaseDecreaseInCashCashEquivalentsFromForeignExchangeDifferences,Effect of exchange rate fluctuations on cash held,False,movement,asset.current.cash,tier2_keyword,tier2:asset.current.cash:cash
00698834,IncreaseDecreaseInCashCashEquivalentsFromForeignExchangeDifferences,Effect of exchange rate fluctuations on cash held,False,movement,asset.current.cash,tier2_keyword,tier2:asset.current.cash:cash
00698834,TaxIncreaseDecreaseFromEffectExpensesNotDeductibleInDeterminingTaxableProfitOrLoss,Effect of expense not deductible in determining taxable profit (tax loss),False,movement,,escalated,
00698834,TaxIncreaseDecreaseFromEffectExpensesNotDeductibleInDeterminingTaxableProfitOrLoss,Effect of expense not deductible in determining taxable profit (tax loss),False,movement,,escalated,
00698834,TaxIncreaseDecreaseFromEffectForeignTaxRates,Effect of foreign tax rates,False,movement,,escalated,
00698834,TaxIncreaseDecreaseFromEffectForeignTaxRates,Effect of foreign tax rates,False,movement,,escalated,
00698834,DisposalsDecreaseInDepreciationImpairmentPropertyPlantEquipment,Eliminated on disposal,False,movement,,escalated,
00698834,DisposalsDecreaseInDepreciationImpairmentPropertyPlantEquipment,Eliminated on disposal,False,movement,,escalated,
00698834,DisposalsDecreaseInDepreciationImpairmentPropertyPlantEquipment,Eliminated on disposal,False,movement,,escalated,
00698834,DisposalsDecreaseInDepreciationImpairmentPropertyPlantEquipment,Eliminated on disposal,False,movement,,escalated,
00698834,InterestReceivedClassifiedAsOperatingActivities,Finance income,False,balance,,escalated,
00698834,InterestReceivedClassifiedAsOperatingActivities,Finance income,False,balance,,escalated,
00698834,FinancialAssets,Financial assets at fair value through profit and loss,False,balance,,escalated,
00698834,FinancialAssets,Financial assets at fair value through profit and loss,False,balance,,escalated,
00698834,FinancialAssets,Financial assets at fair value through profit and loss,False,balance,,escalated,
00698834,FinancialAssets,Financial assets at fair value through profit and loss,False,balance,,escalated,
00698834,FinishedGoodsGoodsForResale,Finished goods and goods for resale,False,balance,,escalated,
00698834,FinishedGoodsGoodsForResale,Finished goods and goods for resale,False,balance,,escalated,
00698834,FinishedGoodsGoodsForResale,Finished goods and goods for resale,False,balance,,escalated,
00698834,FinishedGoodsGoodsForResale,Finished goods and goods for resale,False,balance,,escalated,
00698834,TotalInventories,Finished goods and goods for resale,True,balance,,escalated,
00698834,TotalInventories,Finished goods and goods for resale,True,balance,,escalated,
00698834,TotalInventories,Finished goods and goods for resale,True,balance,,escalated,
00698834,TotalInventories,Finished goods and goods for resale,True,balance,,escalated,
00698834,GainLossOnNon-financingActivitiesDueToForeignExchangeDifferencesRecognisedInProfitOrLoss,Foreign exchange gains,False,movement,,escalated,
00698834,GainLossOnNon-financingActivitiesDueToForeignExchangeDifferencesRecognisedInProfitOrLoss,Foreign exchange gains,False,movement,,escalated,
00698834,GrossProfitLoss,Gross profit,False,balance,,escalated,
00698834,GrossProfitLoss,Gross profit,False,balance,,escalated,
00698834,TaxTaxCreditOnProfitOrLossOnOrdinaryActivities,Income tax expense,False,balance,,escalated,
00698834,TaxTaxCreditOnProfitOrLossOnOrdinaryActivities,Income tax expense,False,balance,,escalated,
00698834,NetCashInflowOutflowFromOperationsBeforeMovementsInWorkingCapital,Income tax expense,False,balance,,escalated,
00698834,NetCashInflowOutflowFromOperationsBeforeMovementsInWorkingCapital,Income tax expense,False,balance,,escalated,
00698834,IncomeTaxesPaidRefundClassifiedAsOperatingActivities,Income taxes paid,False,balance,,escalated,
00698834,IncomeTaxesPaidRefundClassifiedAsOperatingActivities,Income taxes paid,False,balance,,escalated,
00698834,IncreaseDecreaseInExistingProvisions,Increase (decrease) in existing provisions,False,movement,,escalated,
00698834,IncreaseDecreaseInExistingProvisions,Increase (decrease) in existing provisions,False,movement,,escalated,
00698834,IncreaseDecreaseInCurrentTaxFromUnrecognisedTaxLossOrCredit,Increase in UK and foreign current tax from unrecognised tax loss or credit,False,movement,,escalated,
00698834,GainLossInCashFlowsFromChangeInCreditorsTradeOtherPayables,Increase/(decrease) in trade creditors,False,balance,,escalated,
00698834,GainLossInCashFlowsFromChangeInCreditorsTradeOtherPayables,Increase/(decrease) in trade creditors,False,balance,,escalated,
00698834,IntangibleAssets,Intangible assets,False,balance,asset.noncurrent.intangibles,tier2_keyword,tier2:asset.noncurrent.intangibles:intangible
00698834,IntangibleAssets,Intangible assets,False,balance,asset.noncurrent.intangibles,tier2_keyword,tier2:asset.noncurrent.intangibles:intangible
00698834,IntangibleAssets,Intangible assets not including goodwill,False,balance,asset.noncurrent.intangibles,tier2_keyword,tier2:asset.noncurrent.intangibles:intangible
00698834,IntangibleAssets,Intangible assets not including goodwill,False,balance,asset.noncurrent.intangibles,tier2_keyword,tier2:asset.noncurrent.intangibles:intangible
00698834,InterestIncomeOnBankDeposits,Interest income on bank deposits,False,balance,asset.current.bank,tier2_keyword,tier2:asset.current.bank:bank
00698834,InterestIncomeOnBankDeposits,Interest income on bank deposits,False,balance,asset.current.bank,tier2_keyword,tier2:asset.current.bank:bank
00698834,InterestReceivedClassifiedAsInvestingActivities,Interest received,False,balance,,escalated,
00698834,InterestReceivedClassifiedAsInvestingActivities,Interest received,False,balance,,escalated,
00698834,InvestmentsFixedAssets,Investments,False,balance,,escalated,
00698834,InvestmentsFixedAssets,Investments,False,balance,,escalated,
00698834,FixedAssets,Investments,True,balance,,escalated,
00698834,FixedAssets,Investments,True,balance,,escalated,
00698834,InvestmentsInSubsidiaries,Investments in subsidiaries,False,balance,,escalated,
00698834,InvestmentsInSubsidiaries,Investments in subsidiaries,False,balance,,escalated,
00698834,FutureMinimumLeasePaymentsUnderNon-cancellableOperatingLeases,Later than one year and not later than five years,False,balance,,escalated,
00698834,FutureMinimumLeasePaymentsUnderNon-cancellableOperatingLeases,Later than one year and not later than five years,False,balance,,escalated,
00698834,FutureMinimumLeasePaymentsUnderNon-cancellableOperatingLeases,Later than one year and not later than five years,False,balance,,escalated,
00698834,FutureMinimumLeasePaymentsUnderNon-cancellableOperatingLeases,Later than one year and not later than five years,False,balance,,escalated,
00698834,MarketingAverageNumberEmployees,Management,False,balance,,escalated,
00698834,MarketingAverageNumberEmployees,Management,False,balance,,escalated,
00698834,ProfitLossAttributableToNon-controllingInterests,Minority interests,False,balance,,escalated,
00698834,ProfitLossAttributableToNon-controllingInterests,Minority interests,False,balance,,escalated,
00698834,ProfitLoss,Minority interests,False,balance,,escalated,
00698834,ProfitLoss,Minority interests,False,balance,,escalated,
00698834,IntangibleAssets,Negative goodwill,False,balance,asset.noncurrent.goodwill,tier2_keyword,tier2:asset.noncurrent.goodwill:goodwill
00698834,NetCashFlowsFromUsedInOperatingActivities,Net cash flow from operating activities,False,balance,asset.current.cash,tier2_keyword,tier2:asset.current.cash:cash
00698834,NetCashFlowsFromUsedInOperatingActivities,Net cash flow from operating activities,False,balance,asset.current.cash,tier2_keyword,tier2:asset.current.cash:cash
00698834,NetCashFlowsFromUsedInFinancingActivities,Net cash flows from financing activities,False,balance,asset.current.cash,tier2_keyword,tier2:asset.current.cash:cash
00698834,NetCashFlowsFromUsedInInvestingActivities,Net cash flows from investing activities,False,balance,asset.current.cash,tier2_keyword,tier2:asset.current.cash:cash
00698834,NetCashFlowsFromUsedInInvestingActivities,Net cash flows from investing activities,False,balance,asset.current.cash,tier2_keyword,tier2:asset.current.cash:cash
00698834,IncreaseDecreaseInCashCashEquivalentsBeforeForeignExchangeDifferencesChangesInConsolidation,Net increase/(decrease) in cash and cash equivalents,False,movement,asset.current.cash,tier2_keyword,tier2:asset.current.cash:cash
00698834,IncreaseDecreaseInCashCashEquivalentsBeforeForeignExchangeDifferencesChangesInConsolidation,Net increase/(decrease) in cash and cash equivalents,False,movement,asset.current.cash,tier2_keyword,tier2:asset.current.cash:cash
00698834,IssueEquityInstruments,New share capital subscribed,False,balance,equity.capital,tier2_keyword,tier2:equity.capital:capital
00698834,IssueEquityInstruments,New share capital subscribed,False,balance,equity.capital,tier2_keyword,tier2:equity.capital:capital
00698834,IssueEquityInstruments,New share capital subscribed,False,balance,equity.capital,tier2_keyword,tier2:equity.capital:capital
00698834,IssueEquityInstruments,New share capital subscribed,False,balance,equity.capital,tier2_keyword,tier2:equity.capital:capital
00698834,IssueEquityInstruments,New share capital subscribed,False,balance,equity.capital,tier2_keyword,tier2:equity.capital:capital
00698834,IssueEquityInstruments,New share capital subscribed,False,balance,equity.capital,tier2_keyword,tier2:equity.capital:capital
00698834,FutureMinimumLeasePaymentsUnderNon-cancellableOperatingLeases,Not later than one year,False,balance,,escalated,
00698834,FutureMinimumLeasePaymentsUnderNon-cancellableOperatingLeases,Not later than one year,False,balance,,escalated,
00698834,OperatingProfitLoss,Operating profit/(loss),False,balance,,escalated,
00698834,OperatingProfitLoss,Operating profit/(loss),False,balance,,escalated,
00698834,OtherComprehensiveIncomeExpenseNetTax,Other comprehensive income,False,balance,,escalated,
00698834,OtherComprehensiveIncomeExpenseNetTax,Other comprehensive income,False,balance,,escalated,
00698834,OtherComprehensiveIncomeExpenseNetTax,Other comprehensive income,False,balance,,escalated,
00698834,OtherComprehensiveIncomeExpenseNetTax,Other comprehensive income,False,balance,,escalated,
00698834,OtherComprehensiveIncomeExpenseNetTax,Other comprehensive income,False,balance,,escalated,
00698834,OtherComprehensiveIncomeExpenseNetTax,Other comprehensive income,False,balance,,escalated,
00698834,OtherComprehensiveIncomeExpenseNetTax,Other comprehensive income,False,balance,,escalated,
00698834,OtherComprehensiveIncomeExpenseNetTax,Other comprehensive income,False,balance,,escalated,
00698834,OtherComprehensiveIncomeExpenseNetTax,Other comprehensive income,False,balance,,escalated,
00698834,OtherComprehensiveIncomeExpenseNetTax,Other comprehensive income,False,balance,,escalated,
00698834,OtherComprehensiveIncomeExpenseNetTax,Other comprehensive income,False,balance,,escalated,
00698834,OtherDebtors,Other debtors,False,balance,asset.current.receivables,tier2_keyword,tier2:asset.current.receivables:debtors
00698834,OtherDebtors,Other debtors,False,balance,asset.current.receivables,tier2_keyword,tier2:asset.current.receivables:debtors
00698834,OtherDebtors,Other debtors,False,balance,asset.current.receivables,tier2_keyword,tier2:asset.current.receivables:debtors
00698834,OtherDebtors,Other debtors,False,balance,asset.current.receivables,tier2_keyword,tier2:asset.current.receivables:debtors
00698834,OtherEmployeeExpense,Other employee expense,False,balance,,escalated,
00698834,OtherEmployeeExpense,Other employee expense,False,balance,,escalated,
00698834,StaffCostsEmployeeBenefitsExpense,Other employee expense,False,balance,,escalated,
00698834,StaffCostsEmployeeBenefitsExpense,Other employee expense,False,balance,,escalated,
00698834,OtherFinanceIncome,Other finance income,False,balance,,escalated,
00698834,OtherFinanceIncome,Other finance income,False,balance,,escalated,
00698834,OtherInterestReceivableSimilarIncomeFinanceIncome,Other finance income,False,balance,,escalated,
00698834,OtherInterestReceivableSimilarIncomeFinanceIncome,Other finance income,False,balance,,escalated,
00698834,OtherInterestReceivableSimilarIncomeFinanceIncome,Other interest receivable and similar income,False,balance,asset.current.receivables,tier2_keyword,tier2:asset.current.receivables:receivable
00698834,OtherInterestReceivableSimilarIncomeFinanceIncome,Other interest receivable and similar income,False,balance,asset.current.receivables,tier2_keyword,tier2:asset.current.receivables:receivable
00698834,OtherCreditors,Other payables,False,balance,liability.current.payables,tier2_keyword,tier2:liability.current.payables:payable
00698834,OtherCreditors,Other payables,False,balance,liability.current.payables,tier2_keyword,tier2:liability.current.payables:payable
00698834,OtherCreditors,Other payables,False,balance,liability.current.payables,tier2_keyword,tier2:liability.current.payables:payable
00698834,OtherCreditors,Other payables,False,balance,liability.current.payables,tier2_keyword,tier2:liability.current.payables:payable
00698834,OtherRevenue,Other revenue,False,balance,revenue.operating,tier2_keyword,tier2:revenue.operating:revenue
00698834,OtherRevenue,Other revenue,False,balance,revenue.operating,tier2_keyword,tier2:revenue.operating:revenue
00698834,TurnoverRevenue,Other revenue,False,balance,revenue.operating,tier2_keyword,tier2:revenue.operating:revenue
00698834,TurnoverRevenue,Other revenue,False,balance,revenue.operating,tier2_keyword,tier2:revenue.operating:revenue
00698834,UnpaidContributionsToPensionSchemes,Outstanding defined contribution pension costs,False,balance,,escalated,
00698834,UnpaidContributionsToPensionSchemes,Outstanding defined contribution pension costs,False,balance,,escalated,
00698834,UnpaidContributionsToPensionSchemes,Outstanding defined contribution pension costs,False,balance,,escalated,
00698834,UnpaidContributionsToPensionSchemes,Outstanding defined contribution pension costs,False,balance,,escalated,
00698834,ProfitLossAttributableToOwnersParent,Owners of the company,False,balance,,escalated,
00698834,ProfitLossAttributableToOwnersParent,Owners of the company,False,balance,,escalated,
00698834,PaymentsToRedeemOwnShares,Payments for purchase of own shares,False,balance,,escalated,
00698834,PensionCostsDefinedContributionPlan,"Pension costs, defined contribution scheme",False,balance,,escalated,
00698834,PensionCostsDefinedContributionPlan,"Pension costs, defined contribution scheme",False,balance,,escalated,
00698834,Prepayments,Prepayments,False,balance,,escalated,
00698834,Prepayments,Prepayments,False,balance,,escalated,
00698834,Prepayments,Prepayments,False,balance,,escalated,
00698834,Prepayments,Prepayments,False,balance,,escalated,
00698834,Debtors,Prepayments,False,balance,,escalated,
00698834,Debtors,Prepayments,False,balance,,escalated,
00698834,Debtors,Prepayments,False,balance,,escalated,
00698834,Debtors,Prepayments,False,balance,,escalated,
00698834,ProceedsFromIssuingShares,"Proceeds from issue of ordinary shares, net of issue costs",False,balance,,escalated,
00698834,ProceedsFromSalesPropertyPlantEquipment,Proceeds from sale of tangible assets,False,balance,,escalated,
00698834,ProceedsFromSalesPropertyPlantEquipment,Proceeds from sale of tangible assets,False,balance,,escalated,
00698834,ProductionAverageNumberEmployees,Production,False,balance,,escalated,
00698834,ProductionAverageNumberEmployees,Production,False,balance,,escalated,
00698834,ProfitLossOnOrdinaryActivitiesBeforeTax,Profit before tax,False,balance,,escalated,
00698834,ProfitLossOnOrdinaryActivitiesBeforeTax,Profit before tax,False,balance,,escalated,
00698834,ProfitLossOnOrdinaryActivitiesBeforeTax,Profit before tax,False,balance,,escalated,
00698834,ProfitLossOnOrdinaryActivitiesBeforeTax,Profit before tax,False,balance,,escalated,
00698834,ProfitLoss,Profit for the financial year,False,balance,,escalated,
00698834,ProfitLoss,Profit for the financial year,False,balance,,escalated,
00698834,ProfitLoss,Profit for the year,False,balance,,escalated,
00698834,ProfitLoss,Profit for the year,False,balance,,escalated,
00698834,ProfitLoss,Profit for the year,False,balance,,escalated,
00698834,ProfitLoss,Profit for the year,False,balance,,escalated,
00698834,ProfitLoss,Profit for the year,False,balance,,escalated,
00698834,ProfitLoss,Profit for the year,False,balance,,escalated,
00698834,ProfitLoss,Profit for the year,False,balance,,escalated,
00698834,ProfitLoss,Profit for the year,False,balance,,escalated,
00698834,ProfitLoss,Profit for the year,False,balance,,escalated,
00698834,ProfitLoss,Profit for the year,False,balance,,escalated,
00698834,ProfitLoss,Profit for the year,False,balance,,escalated,
00698834,ProfitLoss,Profit for the year,False,balance,,escalated,
00698834,GainLossOnDisposalsPropertyPlantEquipment,"Profit on disposal of property, plant and equipment",False,movement,,escalated,
00698834,GainLossOnDisposalsPropertyPlantEquipment,"Profit on disposal of property, plant and equipment",False,movement,,escalated,
00698834,GainLossOnDisposalsPropertyPlantEquipment,Profit on disposal of tangible assets,False,movement,,escalated,
00698834,GainLossOnDisposalsPropertyPlantEquipment,Profit on disposal of tangible assets,False,movement,,escalated,
00698834,ProvisionsForLiabilitiesBalanceSheetSubtotal,Provisions for liabilities,False,balance,,escalated,
00698834,ProvisionsForLiabilitiesBalanceSheetSubtotal,Provisions for liabilities,False,balance,,escalated,
00698834,ProvisionsForLiabilitiesBalanceSheetSubtotal,Provisions for liabilities,False,balance,,escalated,
00698834,ProvisionsForLiabilitiesBalanceSheetSubtotal,Provisions for liabilities,False,balance,,escalated,
00698834,RawMaterialsConsumables,Raw materials and consumables,False,balance,,escalated,
00698834,RawMaterialsConsumables,Raw materials and consumables,False,balance,,escalated,
00698834,RawMaterialsConsumables,Raw materials and consumables,False,balance,,escalated,
00698834,RawMaterialsConsumables,Raw materials and consumables,False,balance,,escalated,
00698834,DirectorRemuneration,Remuneration,False,balance,,escalated,
00698834,DirectorRemuneration,Remuneration,False,balance,,escalated,
00698834,DirectorRemuneration,Remuneration,False,balance,,escalated,
00698834,DirectorRemuneration,Remuneration,False,balance,,escalated,
00698834,RevenueFromSaleGoods,Sale of goods,False,balance,,escalated,
00698834,RevenueFromSaleGoods,Sale of goods,False,balance,,escalated,
00698834,SellingAverageNumberEmployees,Sales,False,balance,revenue.operating,tier2_keyword,tier2:revenue.operating:sales
00698834,SellingAverageNumberEmployees,Sales,False,balance,revenue.operating,tier2_keyword,tier2:revenue.operating:sales
00698834,AverageNumberEmployeesDuringPeriod,Sales,False,balance,revenue.operating,tier2_keyword,tier2:revenue.operating:sales
00698834,AverageNumberEmployeesDuringPeriod,Sales,False,balance,revenue.operating,tier2_keyword,tier2:revenue.operating:sales
00698834,TaxationSocialSecurityPayable,Social security and other taxes,False,balance,,escalated,
00698834,TaxationSocialSecurityPayable,Social security and other taxes,False,balance,,escalated,
00698834,TaxationSocialSecurityPayable,Social security and other taxes,False,balance,,escalated,
00698834,TaxationSocialSecurityPayable,Social security and other taxes,False,balance,,escalated,
00698834,SocialSecurityCosts,Social security costs,False,balance,,escalated,
00698834,SocialSecurityCosts,Social security costs,False,balance,,escalated,
00698834,TotalInventories,Stocks,True,balance,asset.current.inventory,tier2_keyword,tier2:asset.current.inventory:stock
00698834,TotalInventories,Stocks,True,balance,asset.current.inventory,tier2_keyword,tier2:asset.current.inventory:stock
00698834,TotalInventories,Stocks,True,balance,asset.current.inventory,tier2_keyword,tier2:asset.current.inventory:stock
00698834,TotalInventories,Stocks,True,balance,asset.current.inventory,tier2_keyword,tier2:asset.current.inventory:stock
00698834,PropertyPlantEquipment,Tangible assets,False,balance,,escalated,
00698834,PropertyPlantEquipment,Tangible assets,False,balance,,escalated,
00698834,FixedAssets,Tangible assets,True,balance,,escalated,
00698834,FixedAssets,Tangible assets,True,balance,,escalated,
00698834,PropertyPlantEquipment,Tangible assets,False,balance,,escalated,
00698834,PropertyPlantEquipment,Tangible assets,False,balance,,escalated,
00698834,TaxIncreaseDecreaseFromOtherShort-termTimingDifferences,Tax decrease from other short-term timing differences,False,movement,,escalated,
00698834,TaxIncreaseDecreaseFromOtherShort-termTimingDifferences,Tax decrease from other short-term timing differences,False,movement,,escalated,
00698834,TaxIncreaseDecreaseFromOtherTaxEffectsTaxReconciliation,Tax decrease from other tax effects,False,movement,,escalated,
00698834,TaxIncreaseDecreaseFromOtherTaxEffectsTaxReconciliation,Tax decrease from other tax effects,False,movement,,escalated,
00698834,TaxTaxCreditOnProfitOrLossOnOrdinaryActivities,Tax expense in the income statement,False,balance,,escalated,
00698834,TaxTaxCreditOnProfitOrLossOnOrdinaryActivities,Tax expense in the income statement,False,balance,,escalated,
00698834,TaxIncreaseDecreaseFromEffectCapitalAllowancesDepreciation,Tax increase from effect of capital allowances and depreciation,False,movement,equity.capital,tier2_keyword,tier2:equity.capital:capital
00698834,TaxIncreaseDecreaseFromEffectCapitalAllowancesDepreciation,Tax increase from effect of capital allowances and depreciation,False,movement,equity.capital,tier2_keyword,tier2:equity.capital:capital
00698834,TaxTaxCreditOnProfitOrLossOnOrdinaryActivities,Tax on profit,False,balance,,escalated,
00698834,TaxTaxCreditOnProfitOrLossOnOrdinaryActivities,Tax on profit,False,balance,,escalated,
00698834,MinimumOperatingLeasePaymentsRecognisedAsExpense,The amount of non-cancellable operating lease payments recognised as an expense during the year was £,False,balance,,escalated,
00698834,PensionCostsDefinedContributionPlan,The group operates a defined contribution pension scheme. The pension cost charge for the year represents contributions payable by the group to the scheme and amounted to,False,balance,liability.current.payables,tier2_keyword,tier2:liability.current.payables:payable
00698834,ApplicableTaxRate,The tax on profit before tax for the year is lower than the standard rate of corporation tax in the UK (2024 - lower than the standard rate of corporation tax in the UK) of,False,balance,,escalated,
00698834,TotalAssetsLessCurrentLiabilities,Total assets less current liabilities,True,balance,,escalated,
00698834,TotalAssetsLessCurrentLiabilities,Total assets less current liabilities,True,balance,,escalated,
00698834,TotalAssetsLessCurrentLiabilities,Total assets less current liabilities,True,balance,,escalated,
00698834,TotalAssetsLessCurrentLiabilities,Total assets less current liabilities,True,balance,,escalated,
00698834,ComprehensiveIncomeExpense,Total comprehensive income,False,balance,,escalated,
00698834,ComprehensiveIncomeExpense,Total comprehensive income,False,balance,,escalated,
00698834,ComprehensiveIncomeExpense,Total comprehensive income,False,balance,,escalated,
00698834,TaxTaxCreditOnProfitOrLossOnOrdinaryActivities,Total tax charge,False,balance,,escalated,
00698834,TaxTaxCreditOnProfitOrLossOnOrdinaryActivities,Total tax charge,False,balance,,escalated,
00698834,TradeCreditorsTradePayables,Trade creditors,False,balance,,escalated,
00698834,TradeCreditorsTradePayables,Trade creditors,False,balance,,escalated,
00698834,TradeCreditorsTradePayables,Trade creditors,False,balance,,escalated,
00698834,TradeCreditorsTradePayables,Trade creditors,False,balance,,escalated,
00698834,TradeDebtorsTradeReceivables,Trade debtors,False,balance,asset.current.receivables,tier2_keyword,tier2:asset.current.receivables:debtors
00698834,TradeDebtorsTradeReceivables,Trade debtors,False,balance,asset.current.receivables,tier2_keyword,tier2:asset.current.receivables:debtors
00698834,TradeDebtorsTradeReceivables,Trade debtors,False,balance,asset.current.receivables,tier2_keyword,tier2:asset.current.receivables:debtors
00698834,TradeDebtorsTradeReceivables,Trade debtors,False,balance,asset.current.receivables,tier2_keyword,tier2:asset.current.receivables:debtors
00698834,TurnoverRevenue,Turnover,False,balance,,escalated,
00698834,TurnoverRevenue,Turnover,False,balance,,escalated,
00698834,PercentageClassShareHeldInSubsidiary,UK,False,balance,,escalated,
00698834,WagesSalaries,Wages and salaries,False,balance,,escalated,
00698834,WagesSalaries,Wages and salaries,False,balance,,escalated,
00698834,WorkInProgress,Work in progress,False,balance,,escalated,
00698834,WorkInProgress,Work in progress,False,balance,,escalated,
00698834,WorkInProgress,Work in progress,False,balance,,escalated,
00698834,WorkInProgress,Work in progress,False,balance,,escalated,
00698834,NetCurrentAssetsLiabilities,assets,True,balance,,escalated,
00698834,NetCurrentAssetsLiabilities,assets,True,balance,,escalated,
00698834,NetAssetsLiabilities,assets,True,balance,,escalated,
00698834,NetAssetsLiabilities,assets,True,balance,,escalated,
00698834,NetCurrentAssetsLiabilities,assets,True,balance,,escalated,
00698834,NetCurrentAssetsLiabilities,assets,True,balance,,escalated,
00698834,NetAssetsLiabilities,assets,True,balance,,escalated,
00698834,NetAssetsLiabilities,assets,True,balance,,escalated,
00698834,NumberSharesIssuedButNotFullyPaid,each,False,balance,,escalated,
00698834,NumberSharesIssuedButNotFullyPaid,each,False,balance,,escalated,
00698834,NumberSharesIssuedButNotFullyPaid,each,False,balance,,escalated,
00698834,NumberSharesIssuedButNotFullyPaid,each,False,balance,,escalated,
00698834,NumberSharesIssuedButNotFullyPaid,each,False,balance,,escalated,
00698834,ParValueShare,of £,False,balance,,escalated,
00698834,ParValueShare,of £,False,balance,,escalated,
01841889,OwnershipInterestInSubsidiaryPercent,%,False,balance,,escalated,
01841889,OwnershipInterestInSubsidiaryPercent,%,False,balance,,escalated,
01841889,OwnershipInterestInSubsidiaryPercent,%,False,balance,,escalated,
01841889,OwnershipInterestInSubsidiaryPercent,%,False,balance,,escalated,
01841889,OwnershipInterestInSubsidiaryPercent,%,False,balance,,escalated,
01841889,OwnershipInterestInSubsidiaryPercent,%,False,balance,,escalated,
01841889,OwnershipInterestInSubsidiaryPercent,%,False,balance,,escalated,
01841889,OwnershipInterestInSubsidiaryPercent,%,False,balance,,escalated,
01841889,OwnershipInterestInSubsidiaryPercent,%,False,balance,,escalated,
01841889,OwnershipInterestInSubsidiaryPercent,%,False,balance,,escalated,
01841889,OwnershipInterestInAssociatePercent,%,False,balance,,escalated,
01841889,ApplicableTaxRate,(2024 -,False,balance,,escalated,
01841889,TaxIncreaseDecreaseFromEffectJointVenturesAssociatesResultsReportedNetTax,(Decrease)/increase from effect of joint-ventures and associates results reported net of tax,False,movement,,escalated,
01841889,TaxIncreaseDecreaseFromEffectJointVenturesAssociatesResultsReportedNetTax,(Decrease)/increase from effect of joint-ventures and associates results reported net of tax,False,movement,,escalated,
01841889,TotalInventories,"119,338",True,balance,,escalated,
01841889,TotalInventories,"119,338",True,balance,,escalated,
01841889,FixedAssets,"150,000",True,balance,,escalated,
01841889,FixedAssets,"150,000",True,balance,,escalated,
01841889,FixedAssets,"150,000",True,balance,,escalated,
01841889,FixedAssets,"150,000",True,balance,,escalated,
01841889,NumberSharesIssuedFullyPaid,"233,757",False,balance,,escalated,
01841889,Creditors,"417,938",False,balance,,escalated,
01841889,Creditors,"417,938",False,balance,,escalated,
01841889,Creditors,"417,938",False,balance,,escalated,
01841889,Creditors,"417,938",False,balance,,escalated,
01841889,AuditFeesExpenses,"52,000",False,balance,,escalated,
01841889,AuditFeesExpenses,"52,000",False,balance,,escalated,
01841889,Creditors,: Amounts falling due after more than one year,False,balance,,escalated,
01841889,Creditors,: Amounts falling due after more than one year,False,balance,,escalated,
01841889,Creditors,: Amounts falling due within one year,False,balance,,escalated,
01841889,Creditors,: Amounts falling due within one year,False,balance,,escalated,
01841889,Creditors,: Amounts falling due within one year,False,balance,,escalated,
01841889,Creditors,: Amounts falling due within one year,False,balance,,escalated,
01841889,DeferredTaxLiabilities,Accelerated capital allowances,False,balance,equity.capital,tier2_keyword,tier2:equity.capital:capital
01841889,DeferredTaxLiabilities,Accelerated capital allowances,False,balance,equity.capital,tier2_keyword,tier2:equity.capital:capital
01841889,OtherPayablesAccruedExpenses,Accruals,False,balance,,escalated,
01841889,OtherPayablesAccruedExpenses,Accruals,False,balance,,escalated,
01841889,OtherPayablesAccruedExpenses,Accruals,False,balance,,escalated,
01841889,OtherPayablesAccruedExpenses,Accruals,False,balance,,escalated,
01841889,AccruedIncome,Accrued income,False,balance,,escalated,
01841889,AccruedIncome,Accrued income,False,balance,,escalated,
01841889,NumberDirectorsAccruingBenefitsUnderDefinedBenefitScheme,Accruing benefits under defined benefit pension scheme,False,balance,,escalated,
01841889,NumberDirectorsAccruingBenefitsUnderDefinedBenefitScheme,Accruing benefits under defined benefit pension scheme,False,balance,,escalated,
01841889,CashFlowsUsedInAcquiringOrObtainingControlSubsidiariesOrOtherBusinessesClassifiedAsInvestingActivities,Acquisition of subsidiaries,False,balance,,escalated,
01841889,PaymentsToAcquireInterestsInJointVenturesAssociatesParticipatingInterestsClassifiedAsInvestingActivities,Acquisitions of investments in joint ventures and associates,False,balance,,escalated,
01841889,PaymentsToAcquireInterestsInJointVenturesAssociatesParticipatingInterestsClassifiedAsInvestingActivities,Acquisitions of investments in joint ventures and associates,False,balance,,escalated,
01841889,PurchasePropertyPlantEquipment,Acquisitions of tangible assets,False,balance,,escalated,
01841889,PurchasePropertyPlantEquipment,Acquisitions of tangible assets,False,balance,,escalated,
01841889,AdditionsOtherThanThroughBusinessCombinationsPropertyPlantEquipment,Additions,False,movement,,escalated,
01841889,AdditionsOtherThanThroughBusinessCombinationsPropertyPlantEquipment,Additions,False,movement,,escalated,
01841889,AdditionsOtherThanThroughBusinessCombinationsPropertyPlantEquipment,Additions,False,movement,,escalated,
01841889,AdditionsOtherThanThroughBusinessCombinationsPropertyPlantEquipment,Additions,False,movement,,escalated,
01841889,AdditionsOtherThanThroughBusinessCombinationsPropertyPlantEquipment,Additions,False,movement,,escalated,
01841889,AdditionsOtherThanThroughBusinessCombinationsPropertyPlantEquipment,Additions,False,movement,,escalated,
01841889,AdditionsOtherThanThroughBusinessCombinationsPropertyPlantEquipment,Additions,False,movement,,escalated,
01841889,AdditionsOtherThanThroughBusinessCombinationsPropertyPlantEquipment,Additions,False,movement,,escalated,
01841889,InvestmentsInAssociates,Additions,False,balance,,escalated,
01841889,AdministrationSupportAverageNumberEmployees,Administration and support,False,balance,,escalated,
01841889,AdministrationSupportAverageNumberEmployees,Administration and support,False,balance,,escalated,
01841889,AdministrativeExpenses,Administrative expenses,False,balance,expense.admin,tier2_keyword,tier2:expense.admin:administrative
01841889,AdministrativeExpenses,Administrative expenses,False,balance,expense.admin,tier2_keyword,tier2:expense.admin:administrative
01841889,OtherNon-auditServicesFees,All other non-audit services,False,balance,,escalated,
01841889,OtherNon-auditServicesFees,All other non-audit services,False,balance,,escalated,
01841889,FeesForNon-auditServices,All other non-audit services,False,balance,,escalated,
01841889,FeesForNon-auditServices,All other non-audit services,False,balance,,escalated,
01841889,AmountsOwedToRelatedParties,Amounts due to group undertakings,False,balance,,escalated,
01841889,AmountsOwedToRelatedParties,Amounts due to group undertakings,False,balance,,escalated,
01841889,AmountsOwedByRelatedParties,Amounts owed by group undertakings,False,balance,,escalated,
01841889,AmountsOwedByRelatedParties,Amounts owed by group undertakings,False,balance,,escalated,
01841889,DeferredTaxExpenseCreditRelatingToOriginationReversalTimingDifferences,Arising from origination and reversal of timing differences,False,balance,,escalated,
01841889,DeferredTaxExpenseCreditRelatingToOriginationReversalTimingDifferences,Arising from origination and reversal of timing differences,False,balance,,escalated,
01841889,InvestmentPropertyFairValueModel,As at 1 November 2024 and 31 October 2025,False,period_marker,,escalated,
01841889,Equity,At 1 November 2023,True,period_marker,,escalated,
01841889,Equity,At 1 November 2023,True,period_marker,,escalated,
01841889,Equity,At 1 November 2023,True,period_marker,,escalated,
01841889,Equity,At 1 November 2023,True,period_marker,,escalated,
01841889,Equity,At 1 November 2023,True,period_marker,,escalated,
01841889,Equity,At 1 November 2023,True,period_marker,,escalated,
01841889,Equity,At 1 November 2023,True,period_marker,,escalated,
01841889,Equity,At 1 November 2023,True,period_marker,,escalated,
01841889,Equity,At 1 November 2023,True,period_marker,,escalated,
01841889,Equity,At 1 November 2023,True,period_marker,,escalated,
01841889,Equity,At 1 November 2023,True,period_marker,,escalated,
01841889,Equity,At 1 November 2024,True,period_marker,,escalated,
01841889,Equity,At 1 November 2024,True,period_marker,,escalated,
01841889,Equity,At 1 November 2024,True,period_marker,,escalated,
01841889,Equity,At 1 November 2024,True,period_marker,,escalated,
01841889,Equity,At 1 November 2024,True,period_marker,,escalated,
01841889,Equity,At 1 November 2024,True,period_marker,,escalated,
01841889,Equity,At 1 November 2024,True,period_marker,,escalated,
01841889,Equity,At 1 November 2024,True,period_marker,,escalated,
01841889,Equity,At 1 November 2024,True,period_marker,,escalated,
01841889,Equity,At 1 November 2024,True,period_marker,,escalated,
01841889,Equity,At 1 November 2024,True,period_marker,,escalated,
01841889,IntangibleAssetsGrossCost,At 1 November 2024,False,period_marker,,escalated,
01841889,IntangibleAssetsGrossCost,At 1 November 2024,False,period_marker,,escalated,
01841889,AccumulatedAmortisationImpairmentIntangibleAssets,At 1 November 2024,False,period_marker,,escalated,
01841889,AccumulatedAmortisationImpairmentIntangibleAssets,At 1 November 2024,False,period_marker,,escalated,
01841889,PropertyPlantEquipmentGrossCost,At 1 November 2024,False,period_marker,,escalated,
01841889,PropertyPlantEquipmentGrossCost,At 1 November 2024,False,period_marker,,escalated,
01841889,PropertyPlantEquipmentGrossCost,At 1 November 2024,False,period_marker,,escalated,
01841889,PropertyPlantEquipmentGrossCost,At 1 November 2024,False,period_marker,,escalated,
01841889,PropertyPlantEquipmentGrossCost,At 1 November 2024,False,period_marker,,escalated,
01841889,AccumulatedDepreciationImpairmentPropertyPlantEquipment,At 1 November 2024,False,period_marker,,escalated,
01841889,AccumulatedDepreciationImpairmentPropertyPlantEquipment,At 1 November 2024,False,period_marker,,escalated,
01841889,AccumulatedDepreciationImpairmentPropertyPlantEquipment,At 1 November 2024,False,period_marker,,escalated,
01841889,AccumulatedDepreciationImpairmentPropertyPlantEquipment,At 1 November 2024,False,period_marker,,escalated,
01841889,AccumulatedDepreciationImpairmentPropertyPlantEquipment,At 1 November 2024,False,period_marker,,escalated,
01841889,PropertyPlantEquipmentGrossCost,At 1 November 2024,False,period_marker,,escalated,
01841889,PropertyPlantEquipmentGrossCost,At 1 November 2024,False,period_marker,,escalated,
01841889,PropertyPlantEquipmentGrossCost,At 1 November 2024,False,period_marker,,escalated,
01841889,AccumulatedDepreciationImpairmentPropertyPlantEquipment,At 1 November 2024,False,period_marker,,escalated,
01841889,AccumulatedDepreciationImpairmentPropertyPlantEquipment,At 1 November 2024,False,period_marker,,escalated,
01841889,AccumulatedDepreciationImpairmentPropertyPlantEquipment,At 1 November 2024,False,period_marker,,escalated,
01841889,InvestmentsInSubsidiaries,At 1 November 2024,False,period_marker,,escalated,
01841889,InvestmentsInAssociates,At 1 November 2024,False,period_marker,,escalated,
01841889,Provisions,At 1 November 2024,False,period_marker,,escalated,
01841889,Provisions,At 1 November 2024,False,period_marker,,escalated,
01841889,Equity,At 31 October 2024,True,period_marker,,escalated,
01841889,Equity,At 31 October 2024,True,period_marker,,escalated,
01841889,Equity,At 31 October 2024,True,period_marker,,escalated,
01841889,Equity,At 31 October 2024,True,period_marker,,escalated,
01841889,Equity,At 31 October 2024,True,period_marker,,escalated,
01841889,Equity,At 31 October 2024,True,period_marker,,escalated,
01841889,Equity,At 31 October 2024,True,period_marker,,escalated,
01841889,PropertyPlantEquipment,At 31 October 2024,False,period_marker,,escalated,
01841889,PropertyPlantEquipment,At 31 October 2024,False,period_marker,,escalated,
01841889,PropertyPlantEquipment,At 31 October 2024,False,period_marker,,escalated,
01841889,PropertyPlantEquipment,At 31 October 2024,False,period_marker,,escalated,
01841889,PropertyPlantEquipment,At 31 October 2024,False,period_marker,,escalated,
01841889,PropertyPlantEquipment,At 31 October 2024,False,period_marker,,escalated,
01841889,PropertyPlantEquipment,At 31 October 2024,False,period_marker,,escalated,
01841889,InvestmentsInSubsidiaries,At 31 October 2024,False,period_marker,,escalated,
01841889,InvestmentsInAssociates,At 31 October 2024,False,period_marker,,escalated,
01841889,Equity,At 31 October 2025,True,period_marker,,escalated,
01841889,Equity,At 31 October 2025,True,period_marker,,escalated,
01841889,Equity,At 31 October 2025,True,period_marker,,escalated,
01841889,Equity,At 31 October 2025,True,period_marker,,escalated,
01841889,Equity,At 31 October 2025,True,period_marker,,escalated,
01841889,Equity,At 31 October 2025,True,period_marker,,escalated,
01841889,Equity,At 31 October 2025,True,period_marker,,escalated,
01841889,Equity,At 31 October 2025,True,period_marker,,escalated,
01841889,Equity,At 31 October 2025,True,period_marker,,escalated,
01841889,Equity,At 31 October 2025,True,period_marker,,escalated,
01841889,Equity,At 31 October 2025,True,period_marker,,escalated,
01841889,IntangibleAssetsGrossCost,At 31 October 2025,False,period_marker,,escalated,
01841889,IntangibleAssetsGrossCost,At 31 October 2025,False,period_marker,,escalated,
01841889,AccumulatedAmortisationImpairmentIntangibleAssets,At 31 October 2025,False,period_marker,,escalated,
01841889,AccumulatedAmortisationImpairmentIntangibleAssets,At 31 October 2025,False,period_marker,,escalated,
01841889,PropertyPlantEquipmentGrossCost,At 31 October 2025,False,period_marker,,escalated,
01841889,PropertyPlantEquipmentGrossCost,At 31 October 2025,False,period_marker,,escalated,
01841889,PropertyPlantEquipmentGrossCost,At 31 October 2025,False,period_marker,,escalated,
01841889,PropertyPlantEquipmentGrossCost,At 31 October 2025,False,period_marker,,escalated,
01841889,PropertyPlantEquipmentGrossCost,At 31 October 2025,False,period_marker,,escalated,
01841889,AccumulatedDepreciationImpairmentPropertyPlantEquipment,At 31 October 2025,False,period_marker,,escalated,
01841889,AccumulatedDepreciationImpairmentPropertyPlantEquipment,At 31 October 2025,False,period_marker,,escalated,
01841889,AccumulatedDepreciationImpairmentPropertyPlantEquipment,At 31 October 2025,False,period_marker,,escalated,
01841889,AccumulatedDepreciationImpairmentPropertyPlantEquipment,At 31 October 2025,False,period_marker,,escalated,
01841889,AccumulatedDepreciationImpairmentPropertyPlantEquipment,At 31 October 2025,False,period_marker,,escalated,
01841889,PropertyPlantEquipment,At 31 October 2025,False,period_marker,,escalated,
01841889,PropertyPlantEquipment,At 31 October 2025,False,period_marker,,escalated,
01841889,PropertyPlantEquipment,At 31 October 2025,False,period_marker,,escalated,
01841889,PropertyPlantEquipment,At 31 October 2025,False,period_marker,,escalated,
01841889,PropertyPlantEquipment,At 31 October 2025,False,period_marker,,escalated,
01841889,PropertyPlantEquipmentGrossCost,At 31 October 2025,False,period_marker,,escalated,
01841889,PropertyPlantEquipmentGrossCost,At 31 October 2025,False,period_marker,,escalated,
01841889,PropertyPlantEquipmentGrossCost,At 31 October 2025,False,period_marker,,escalated,
01841889,AccumulatedDepreciationImpairmentPropertyPlantEquipment,At 31 October 2025,False,period_marker,,escalated,
01841889,AccumulatedDepreciationImpairmentPropertyPlantEquipment,At 31 October 2025,False,period_marker,,escalated,
01841889,AccumulatedDepreciationImpairmentPropertyPlantEquipment,At 31 October 2025,False,period_marker,,escalated,
01841889,PropertyPlantEquipment,At 31 October 2025,False,period_marker,,escalated,
01841889,PropertyPlantEquipment,At 31 October 2025,False,period_marker,,escalated,
01841889,PropertyPlantEquipment,At 31 October 2025,False,period_marker,,escalated,
01841889,InvestmentsInSubsidiaries,At 31 October 2025,False,period_marker,,escalated,
01841889,InvestmentsInAssociates,At 31 October 2025,False,period_marker,,escalated,
01841889,InvestmentsInAssociates,At 31 October 2025,False,period_marker,,escalated,
01841889,FinancialAssets,At 31 October 2025,False,period_marker,,escalated,
01841889,FinancialAssets,At 31 October 2025,False,period_marker,,escalated,
01841889,Provisions,At 31 October 2025,False,period_marker,,escalated,
01841889,Provisions,At 31 October 2025,False,period_marker,,escalated,
01841889,Equity,Called up share capital,True,balance,equity.capital,tier2_keyword,tier2:equity.capital:capital
01841889,Equity,Called up share capital,True,balance,equity.capital,tier2_keyword,tier2:equity.capital:capital
01841889,Equity,Capital redemption reserve,True,balance,equity.capital,tier2_keyword,tier2:equity.capital:capital
01841889,Equity,Capital redemption reserve,True,balance,equity.capital,tier2_keyword,tier2:equity.capital:capital
01841889,Equity,Capital reserve,True,balance,equity.capital,tier2_keyword,tier2:equity.capital:capital
01841889,Equity,Capital reserve,True,balance,equity.capital,tier2_keyword,tier2:equity.capital:capital
01841889,CashCashEquivalentsCashFlowValue,Cash and cash equivalents at 1 November 2024,False,balance,asset.current.cash,tier2_keyword,tier2:asset.current.cash:cash
01841889,CashCashEquivalentsCashFlowValue,Cash and cash equivalents at 1 November 2024,False,balance,asset.current.cash,tier2_keyword,tier2:asset.current.cash:cash
01841889,BalancesWithBanks,Cash at bank,False,balance,asset.current.cash,tier2_keyword,tier2:asset.current.cash:cash
01841889,BalancesWithBanks,Cash at bank,False,balance,asset.current.cash,tier2_keyword,tier2:asset.current.cash:cash
01841889,BalancesWithBanks,Cash at bank,False,balance,asset.current.cash,tier2_keyword,tier2:asset.current.cash:cash
01841889,BalancesWithBanks,Cash at bank,False,balance,asset.current.cash,tier2_keyword,tier2:asset.current.cash:cash
01841889,CashCashEquivalents,Cash at bank,False,balance,asset.current.cash,tier2_keyword,tier2:asset.current.cash:cash
01841889,CashCashEquivalents,Cash at bank,False,balance,asset.current.cash,tier2_keyword,tier2:asset.current.cash:cash
01841889,CashCashEquivalents,Cash at bank,False,balance,asset.current.cash,tier2_keyword,tier2:asset.current.cash:cash
01841889,CashCashEquivalents,Cash at bank,False,balance,asset.current.cash,tier2_keyword,tier2:asset.current.cash:cash
01841889,CashBankOnHand,Cash at bank and in hand,False,balance,asset.current.cash,tier2_keyword,tier2:asset.current.cash:cash
01841889,CashBankOnHand,Cash at bank and in hand,False,balance,asset.current.cash,tier2_keyword,tier2:asset.current.cash:cash
01841889,CurrentAssets,Cash at bank and in hand,True,balance,asset.current.cash,tier2_keyword,tier2:asset.current.cash:cash
01841889,CurrentAssets,Cash at bank and in hand,True,balance,asset.current.cash,tier2_keyword,tier2:asset.current.cash:cash
01841889,CashBankOnHand,Cash at bank and in hand,False,balance,asset.current.cash,tier2_keyword,tier2:asset.current.cash:cash
01841889,CashBankOnHand,Cash at bank and in hand,False,balance,asset.current.cash,tier2_keyword,tier2:asset.current.cash:cash
01841889,CurrentAssets,Cash at bank and in hand,True,balance,asset.current.cash,tier2_keyword,tier2:asset.current.cash:cash
01841889,CurrentAssets,Cash at bank and in hand,True,balance,asset.current.cash,tier2_keyword,tier2:asset.current.cash:cash
01841889,NetCashGeneratedFromOperations,Cash generated from operations,False,balance,asset.current.cash,tier2_keyword,tier2:asset.current.cash:cash
01841889,NetCashGeneratedFromOperations,Cash generated from operations,False,balance,asset.current.cash,tier2_keyword,tier2:asset.current.cash:cash
01841889,CashOnHand,Cash on hand,False,balance,asset.current.cash,tier2_keyword,tier2:asset.current.cash:cash
01841889,CashOnHand,Cash on hand,False,balance,asset.current.cash,tier2_keyword,tier2:asset.current.cash:cash
01841889,CashOnHand,Cash on hand,False,balance,asset.current.cash,tier2_keyword,tier2:asset.current.cash:cash
01841889,CashOnHand,Cash on hand,False,balance,asset.current.cash,tier2_keyword,tier2:asset.current.cash:cash
01841889,IncreaseFromDepreciationChargeForYearPropertyPlantEquipment,Charge for the year,False,movement,,escalated,
01841889,IncreaseFromDepreciationChargeForYearPropertyPlantEquipment,Charge for the year,False,movement,,escalated,
01841889,IncreaseFromDepreciationChargeForYearPropertyPlantEquipment,Charge for the year,False,movement,,escalated,
01841889,IncreaseFromDepreciationChargeForYearPropertyPlantEquipment,Charge for the year,False,movement,,escalated,
01841889,IncreaseFromDepreciationChargeForYearPropertyPlantEquipment,Charge for the year,False,movement,,escalated,
01841889,IncreaseFromDepreciationChargeForYearPropertyPlantEquipment,Charge for the year,False,movement,,escalated,
01841889,IncreaseFromDepreciationChargeForYearPropertyPlantEquipment,Charge for the year,False,movement,,escalated,
01841889,CompanyContributionsToMoneyPurchasePlansDirectors,Company contributions to defined contribution pension plans,False,balance,,escalated,
01841889,CompanyContributionsToMoneyPurchasePlansDirectors,Company contributions to defined contribution pension plans,False,balance,,escalated,
01841889,CompanyContributionsToMoneyPurchasePlansDirectors,Contributions paid to money purchase schemes,False,balance,,escalated,
01841889,CompanyContributionsToMoneyPurchasePlansDirectors,Contributions paid to money purchase schemes,False,balance,,escalated,
01841889,CorporationTaxRecoverable,Corporation tax asset,False,balance,,escalated,
01841889,Debtors,Corporation tax asset,False,balance,,escalated,
01841889,Debtors,Corporation tax asset,False,balance,,escalated,
01841889,Debtors,Corporation tax asset,False,balance,,escalated,
01841889,Debtors,Corporation tax asset,False,balance,,escalated,
01841889,TaxExpenseCreditApplicableTaxRate,Corporation tax at standard rate,False,balance,,escalated,
01841889,TaxExpenseCreditApplicableTaxRate,Corporation tax at standard rate,False,balance,,escalated,
01841889,CostSales,Cost of sales,False,balance,revenue.operating,tier2_keyword,tier2:revenue.operating:sales
01841889,CostSales,Cost of sales,False,balance,revenue.operating,tier2_keyword,tier2:revenue.operating:sales
01841889,Debtors,Debtors,False,balance,asset.current.receivables,tier2_keyword,tier2:asset.current.receivables:debtors
01841889,Debtors,Debtors,False,balance,asset.current.receivables,tier2_keyword,tier2:asset.current.receivables:debtors
01841889,Debtors,Debtors,False,balance,asset.current.receivables,tier2_keyword,tier2:asset.current.receivables:debtors
01841889,Debtors,Debtors,False,balance,asset.current.receivables,tier2_keyword,tier2:asset.current.receivables:debtors
01841889,IncreaseDecreaseInCurrentTaxFromAdjustmentForPriorPeriods,Decrease in UK tax from adjustment for prior periods,False,movement,,escalated,
01841889,IncreaseDecreaseInCurrentTaxFromAdjustmentForPriorPeriods,Decrease in UK tax from adjustment for prior periods,False,movement,,escalated,
01841889,DecreaseInNon-controllingInterestInSubsidiariesDecreaseInEquity,Decrease in ownership interests in subsidiaries that do not result in a loss of control,False,movement,,escalated,
01841889,DecreaseInNon-controllingInterestInSubsidiariesDecreaseInEquity,Decrease in ownership interests in subsidiaries that do not result in a loss of control,False,movement,,escalated,
01841889,GainLossInCashFlowsFromChangeInInventories,Decrease/(increase) in stocks,False,balance,asset.current.inventory,tier2_keyword,tier2:asset.current.inventory:stock
01841889,GainLossInCashFlowsFromChangeInInventories,Decrease/(increase) in stocks,False,balance,asset.current.inventory,tier2_keyword,tier2:asset.current.inventory:stock
01841889,DepreciationAmortisationExpense,Depreciation and amortisation,False,movement,expense.depreciation,tier2_keyword,tier2:expense.depreciation:depreciation
01841889,DepreciationAmortisationExpense,Depreciation and amortisation,False,movement,expense.depreciation,tier2_keyword,tier2:expense.depreciation:depreciation
01841889,DepreciationExpensePropertyPlantEquipment,Depreciation expense,False,balance,expense.depreciation,tier2_keyword,tier2:expense.depreciation:depreciation
01841889,DepreciationExpensePropertyPlantEquipment,Depreciation expense,False,balance,expense.depreciation,tier2_keyword,tier2:expense.depreciation:depreciation
01841889,DisposalsPropertyPlantEquipment,Disposals,False,movement,,escalated,
01841889,DisposalsPropertyPlantEquipment,Disposals,False,movement,,escalated,
01841889,DisposalsPropertyPlantEquipment,Disposals,False,movement,,escalated,
01841889,DisposalsPropertyPlantEquipment,Disposals,False,movement,,escalated,
01841889,DisposalsPropertyPlantEquipment,Disposals,False,movement,,escalated,
01841889,DividendsPaid,Dividends,False,balance,,escalated,
01841889,DividendsPaid,Dividends,False,balance,,escalated,
01841889,DividendsPaid,Dividends,False,balance,,escalated,
01841889,DividendsPaid,Dividends,False,balance,,escalated,
01841889,DividendsPaid,Dividends,False,balance,,escalated,
01841889,DividendsPaid,Dividends,False,balance,,escalated,
01841889,DividendsPaid,Dividends,False,balance,,escalated,
01841889,DividendsPaid,Dividends,False,balance,,escalated,
01841889,DividendsPaid,Dividends,False,balance,,escalated,
01841889,DividendsPaid,Dividends,False,balance,,escalated,
01841889,DividendsPaid,Dividends,False,balance,,escalated,
01841889,DividendsPaid,Dividends,False,balance,,escalated,
01841889,DividendsPaidClassifiedAsFinancingActivities,Dividends paid,False,balance,,escalated,
01841889,DividendsPaidClassifiedAsFinancingActivities,Dividends paid,False,balance,,escalated,
01841889,TaxIncreaseDecreaseFromEffectExpensesNotDeductibleInDeterminingTaxableProfitOrLoss,Effect of expense not deductible in determining taxable profit (tax loss),False,movement,,escalated,
01841889,TaxIncreaseDecreaseFromEffectExpensesNotDeductibleInDeterminingTaxableProfitOrLoss,Effect of expense not deductible in determining taxable profit (tax loss),False,movement,,escalated,
01841889,TaxDecreaseFromUtilisationTaxLosses,Effect of tax losses from previous years,False,movement,,escalated,
01841889,TaxDecreaseFromUtilisationTaxLosses,Effect of tax losses from previous years,False,movement,,escalated,
01841889,DisposalsDecreaseInDepreciationImpairmentPropertyPlantEquipment,Eliminated on disposal,False,movement,,escalated,
01841889,DisposalsDecreaseInDepreciationImpairmentPropertyPlantEquipment,Eliminated on disposal,False,movement,,escalated,
01841889,DisposalsDecreaseInDepreciationImpairmentPropertyPlantEquipment,Eliminated on disposal,False,movement,,escalated,
01841889,DisposalsDecreaseInDepreciationImpairmentPropertyPlantEquipment,Eliminated on disposal,False,movement,,escalated,
01841889,DisposalsDecreaseInDepreciationImpairmentPropertyPlantEquipment,Eliminated on disposal,False,movement,,escalated,
01841889,Equity,Equity attributable to owners of the company,True,balance,,escalated,
01841889,Equity,Equity attributable to owners of the company,True,balance,,escalated,
01841889,TurnoverRevenue,Europe,False,balance,,escalated,
01841889,TurnoverRevenue,Europe,False,balance,,escalated,
01841889,TurnoverRevenue,Europe,False,balance,,escalated,
01841889,TurnoverRevenue,Europe,False,balance,,escalated,
01841889,DeferredTaxLiabilities,Fair value adjustments,False,balance,,escalated,
01841889,DeferredTaxLiabilities,Fair value adjustments,False,balance,,escalated,
01841889,DeferredTaxLiabilities,Fair value adjustments,False,balance,,escalated,
01841889,DeferredTaxLiabilities,Fair value adjustments,False,balance,,escalated,
01841889,InterestPaidClassifiedAsOperatingActivities,Finance costs,False,balance,,escalated,
01841889,InterestPaidClassifiedAsOperatingActivities,Finance costs,False,balance,,escalated,
01841889,InterestReceivedClassifiedAsOperatingActivities,Finance income,False,balance,,escalated,
01841889,InterestReceivedClassifiedAsOperatingActivities,Finance income,False,balance,,escalated,
01841889,GainLossOnDisposalInvestmentsInSubsidiariesAssociatesJointVentures,Gain/(loss) from disposal of subsidiaries,False,balance,,escalated,
01841889,GainLossFromRevaluationPropertyPlantEquipmentRecognisedInProfitOrLoss,"Gain/(loss) on disposal of property, plant and equipment",False,movement,,escalated,
01841889,SellingAverageNumberEmployees,Golf professional shops,False,balance,,escalated,
01841889,SellingAverageNumberEmployees,Golf professional shops,False,balance,,escalated,
01841889,GrossProfitLoss,Gross profit,False,balance,,escalated,
01841889,GrossProfitLoss,Gross profit,False,balance,,escalated,
01841889,TaxTaxCreditOnProfitOrLossOnOrdinaryActivities,Income tax expense,False,balance,,escalated,
01841889,TaxTaxCreditOnProfitOrLossOnOrdinaryActivities,Income tax expense,False,balance,,escalated,
01841889,NetCashInflowOutflowFromOperationsBeforeMovementsInWorkingCapital,Income tax expense,False,balance,,escalated,
01841889,NetCashInflowOutflowFromOperationsBeforeMovementsInWorkingCapital,Income tax expense,False,balance,,escalated,
01841889,IncomeTaxesPaidRefundClassifiedAsOperatingActivities,Income taxes paid,False,balance,,escalated,
01841889,IncomeTaxesPaidRefundClassifiedAsOperatingActivities,Income taxes paid,False,balance,,escalated,
01841889,IncreaseInNon-controllingInterestInSubsidiariesThatDoesNotResultInLossControlIncreaseInTotalEquity,Increase in ownership interests in subsidiaries,True,balance,,escalated,
01841889,IncreaseInNon-controllingInterestInSubsidiariesThatDoesNotResultInLossControlIncreaseInTotalEquity,Increase in ownership interests in subsidiaries,True,balance,,escalated,
01841889,IncreaseInNon-controllingInterestInSubsidiariesThatDoesNotResultInLossControlIncreaseInTotalEquity,Increase in ownership interests in subsidiaries,True,balance,,escalated,
01841889,IncreaseDecreaseInExistingProvisions,Increase in provisions,False,movement,,escalated,
01841889,IncreaseDecreaseInExistingProvisions,Increase in provisions,False,movement,,escalated,
01841889,GainLossInCashFlowsFromChangeInCreditorsTradeOtherPayables,Increase in trade and other creditors,False,balance,,escalated,
01841889,GainLossInCashFlowsFromChangeInCreditorsTradeOtherPayables,Increase in trade and other creditors,False,balance,,escalated,
01841889,GainLossInCashFlowsFromChangeInDebtorsTradeOtherReceivables,Increase in trade and other debtors,False,balance,asset.current.receivables,tier2_keyword,tier2:asset.current.receivables:debtors
01841889,GainLossInCashFlowsFromChangeInDebtorsTradeOtherReceivables,Increase in trade and other debtors,False,balance,asset.current.receivables,tier2_keyword,tier2:asset.current.receivables:debtors
01841889,InterestExpenseOnFinancialLiabilitiesFairValueThroughProfitOrLoss,Interest expense on other finance liabilities,False,balance,expense.interest,tier2_keyword,tier2:expense.interest:interest expense
01841889,InterestExpenseOnFinancialLiabilitiesFairValueThroughProfitOrLoss,Interest expense on other finance liabilities,False,balance,expense.interest,tier2_keyword,tier2:expense.interest:interest expense
01841889,InterestPayableSimilarChargesFinanceCosts,Interest expense on other finance liabilities,False,balance,expense.interest,tier2_keyword,tier2:expense.interest:interest expense
01841889,InterestPayableSimilarChargesFinanceCosts,Interest expense on other finance liabilities,False,balance,expense.interest,tier2_keyword,tier2:expense.interest:interest expense
01841889,InterestIncomeOnBankDeposits,Interest income on bank deposits,False,balance,asset.current.bank,tier2_keyword,tier2:asset.current.bank:bank
01841889,InterestIncomeOnBankDeposits,Interest income on bank deposits,False,balance,asset.current.bank,tier2_keyword,tier2:asset.current.bank:bank
01841889,InterestExpenseOnBankOverdraftsBankLoansSimilarBorrowings,Interest on bank overdrafts and borrowings,False,balance,asset.current.bank,tier2_keyword,tier2:asset.current.bank:bank
01841889,InterestExpenseOnObligationsUnderFinanceLeasesHirePurchaseContracts,Interest on obligations under finance leases and hire purchase contracts,False,balance,,escalated,
01841889,InterestPaidClassifiedAsFinancingActivities,Interest paid,False,balance,,escalated,
01841889,InterestPaidClassifiedAsFinancingActivities,Interest paid,False,balance,,escalated,
01841889,InterestPayableSimilarChargesFinanceCosts,Interest payable and similar expenses,False,balance,liability.current.payables,tier2_keyword,tier2:liability.current.payables:payable
01841889,InterestPayableSimilarChargesFinanceCosts,Interest payable and similar expenses,False,balance,liability.current.payables,tier2_keyword,tier2:liability.current.payables:payable
01841889,InterestReceivedClassifiedAsInvestingActivities,Interest received,False,balance,,escalated,
01841889,InterestReceivedClassifiedAsInvestingActivities,Interest received,False,balance,,escalated,
01841889,InvestmentProperty,Investment property,False,balance,,escalated,
01841889,InvestmentProperty,Investment property,False,balance,,escalated,
01841889,InvestmentsFixedAssets,Investments,False,balance,,escalated,
01841889,InvestmentsFixedAssets,Investments,False,balance,,escalated,
01841889,InvestmentsFixedAssets,Investments,False,balance,,escalated,
01841889,InvestmentsFixedAssets,Investments,False,balance,,escalated,
01841889,FutureMinimumLeasePaymentsUnderNon-cancellableOperatingLeases,Later than one year and not later than five years,False,balance,,escalated,
01841889,FutureMinimumLeasePaymentsUnderNon-cancellableOperatingLeases,Later than one year and not later than five years,False,balance,,escalated,
01841889,FutureMinimumLeasePaymentsUnderNon-cancellableOperatingLeases,Later than one year and not later than five years,False,balance,,escalated,
01841889,ProfitLoss,Loss for the year,False,balance,,escalated,
01841889,ProfitLoss,Loss for the year,False,balance,,escalated,
01841889,ProfitLoss,Loss for the year,False,balance,,escalated,
01841889,ProfitLoss,Loss for the year,False,balance,,escalated,
01841889,GainLossOnDisposalInvestmentsInSubsidiariesAssociatesJointVentures,Loss from disposals of subsidiaries,False,balance,,escalated,
01841889,NetCashFlowsFromUsedInOperatingActivities,Net cash flow from operating activities,False,balance,asset.current.cash,tier2_keyword,tier2:asset.current.cash:cash
01841889,NetCashFlowsFromUsedInOperatingActivities,Net cash flow from operating activities,False,balance,asset.current.cash,tier2_keyword,tier2:asset.current.cash:cash
01841889,NetCashFlowsFromUsedInFinancingActivities,Net cash flows from financing activities,False,balance,asset.current.cash,tier2_keyword,tier2:asset.current.cash:cash
01841889,NetCashFlowsFromUsedInFinancingActivities,Net cash flows from financing activities,False,balance,asset.current.cash,tier2_keyword,tier2:asset.current.cash:cash
01841889,NetCashFlowsFromUsedInInvestingActivities,Net cash flows from investing activities,False,balance,asset.current.cash,tier2_keyword,tier2:asset.current.cash:cash
01841889,NetCashFlowsFromUsedInInvestingActivities,Net cash flows from investing activities,False,balance,asset.current.cash,tier2_keyword,tier2:asset.current.cash:cash
01841889,IncreaseDecreaseInCashCashEquivalentsBeforeForeignExchangeDifferencesChangesInConsolidation,Net increase/(decrease) in cash and cash equivalents,False,movement,asset.current.cash,tier2_keyword,tier2:asset.current.cash:cash
01841889,IncreaseDecreaseInCashCashEquivalentsBeforeForeignExchangeDifferencesChangesInConsolidation,Net increase/(decrease) in cash and cash equivalents,False,movement,asset.current.cash,tier2_keyword,tier2:asset.current.cash:cash
01841889,ComprehensiveIncomeExpenseAttributableToNon-controllingInterests,Non-controlling interests,False,balance,,escalated,
01841889,ComprehensiveIncomeExpenseAttributableToNon-controllingInterests,Non-controlling interests,False,balance,,escalated,
01841889,ComprehensiveIncomeExpense,Non-controlling interests,False,balance,,escalated,
01841889,ComprehensiveIncomeExpense,Non-controlling interests,False,balance,,escalated,
01841889,Equity,Non-controlling interests,True,balance,,escalated,
01841889,Equity,Non-controlling interests,True,balance,,escalated,
01841889,FutureMinimumLeasePaymentsUnderNon-cancellableOperatingLeases,Not later than one year,False,balance,,escalated,
01841889,FutureMinimumLeasePaymentsUnderNon-cancellableOperatingLeases,Not later than one year,False,balance,,escalated,
01841889,TotalOperatingLeasePayments,Operating lease expense - plant and machinery,True,balance,,escalated,
01841889,TotalOperatingLeasePayments,Operating lease expense - plant and machinery,True,balance,,escalated,
01841889,OperatingProfitLoss,Operating profit,False,balance,,escalated,
01841889,OperatingProfitLoss,Operating profit,False,balance,,escalated,
01841889,OwnershipInterestInSubsidiaryPercent,Ordinary,False,balance,,escalated,
01841889,OwnershipInterestInSubsidiaryPercent,Ordinary,False,balance,,escalated,
01841889,OwnershipInterestInSubsidiaryPercent,Ordinary,False,balance,,escalated,
01841889,OwnershipInterestInSubsidiaryPercent,Ordinary,False,balance,,escalated,
01841889,OwnershipInterestInSubsidiaryPercent,Ordinary,False,balance,,escalated,
01841889,OwnershipInterestInSubsidiaryPercent,Ordinary,False,balance,,escalated,
01841889,OwnershipInterestInSubsidiaryPercent,Ordinary,False,balance,,escalated,
01841889,OwnershipInterestInSubsidiaryPercent,Ordinary,False,balance,,escalated,
01841889,OwnershipInterestInSubsidiaryPercent,Ordinary,False,balance,,escalated,
01841889,OwnershipInterestInSubsidiaryPercent,Ordinary,False,balance,,escalated,
01841889,OwnershipInterestInAssociatePercent,Ordinary,False,balance,,escalated,
01841889,OtherCreditors,Other creditors,False,balance,,escalated,
01841889,OtherCreditors,Other creditors,False,balance,,escalated,
01841889,OtherCreditors,Other creditors,False,balance,,escalated,
01841889,OtherCreditors,Other creditors,False,balance,,escalated,
01841889,FinancialLiabilities,Other creditors,False,balance,,escalated,
01841889,FinancialLiabilities,Other creditors,False,balance,,escalated,
01841889,OtherDebtors,Other debtors,False,balance,asset.current.receivables,tier2_keyword,tier2:asset.current.receivables:debtors
01841889,OtherDebtors,Other debtors,False,balance,asset.current.receivables,tier2_keyword,tier2:asset.current.receivables:debtors
01841889,OtherDebtors,Other debtors,False,balance,asset.current.receivables,tier2_keyword,tier2:asset.current.receivables:debtors
01841889,OtherDepartmentsAverageNumberEmployees,Other departments,False,balance,,escalated,
01841889,OtherDepartmentsAverageNumberEmployees,Other departments,False,balance,,escalated,
01841889,AverageNumberEmployeesDuringPeriod,Other departments,False,balance,,escalated,
01841889,AverageNumberEmployeesDuringPeriod,Other departments,False,balance,,escalated,
01841889,OtherEmployeeExpense,Other employee expense,False,balance,,escalated,
01841889,OtherEmployeeExpense,Other employee expense,False,balance,,escalated,
01841889,StaffCostsEmployeeBenefitsExpense,Other employee expense,False,balance,,escalated,
01841889,StaffCostsEmployeeBenefitsExpense,Other employee expense,False,balance,,escalated,
01841889,OtherFinanceIncome,Other finance income,False,balance,,escalated,
01841889,OtherFinanceIncome,Other finance income,False,balance,,escalated,
01841889,OtherInterestReceivableSimilarIncomeFinanceIncome,Other finance income,False,balance,,escalated,
01841889,OtherInterestReceivableSimilarIncomeFinanceIncome,Other finance income,False,balance,,escalated,
01841889,OtherInterestReceivableSimilarIncomeFinanceIncome,Other interest receivable and similar income,False,balance,asset.current.receivables,tier2_keyword,tier2:asset.current.receivables:receivable
01841889,OtherInterestReceivableSimilarIncomeFinanceIncome,Other interest receivable and similar income,False,balance,asset.current.receivables,tier2_keyword,tier2:asset.current.receivables:receivable
01841889,OtherOperatingIncomeFormat1,Other operating income,False,balance,,escalated,
01841889,OtherOperatingIncomeFormat1,Other operating income,False,balance,,escalated,
01841889,ComprehensiveIncomeExpenseAttributableToOwnersParent,Owners of the company,False,balance,,escalated,
01841889,ComprehensiveIncomeExpenseAttributableToOwnersParent,Owners of the company,False,balance,,escalated,
01841889,PaymentsFinanceLeaseLiabilitiesClassifiedAsFinancingActivities,Payments to finance lease creditors,False,balance,,escalated,
01841889,PensionCostsDefinedContributionPlan,"Pension costs, defined contribution scheme",False,balance,,escalated,
01841889,PensionCostsDefinedContributionPlan,"Pension costs, defined contribution scheme",False,balance,,escalated,
01841889,Prepayments,Prepayments,False,balance,,escalated,
01841889,Prepayments,Prepayments,False,balance,,escalated,
01841889,Prepayments,Prepayments,False,balance,,escalated,
01841889,Prepayments,Prepayments,False,balance,,escalated,
01841889,ProceedsFromSalesIntangibleAssets,Proceeds from sale of intangible assets,False,balance,asset.noncurrent.intangibles,tier2_keyword,tier2:asset.noncurrent.intangibles:intangible
01841889,ProceedsFromSalesPropertyPlantEquipment,Proceeds from sale of tangible assets,False,balance,,escalated,
01841889,Equity,Profit and loss account,True,balance,,escalated,
01841889,Equity,Profit and loss account,True,balance,,escalated,
01841889,ProfitLossOnOrdinaryActivitiesBeforeTax,Profit before tax,False,balance,,escalated,
01841889,ProfitLossOnOrdinaryActivitiesBeforeTax,Profit before tax,False,balance,,escalated,
01841889,ProfitLossOnOrdinaryActivitiesBeforeTax,Profit before tax,False,balance,,escalated,
01841889,ProfitLossOnOrdinaryActivitiesBeforeTax,Profit before tax,False,balance,,escalated,
01841889,ProfitLoss,Profit for the financial year,False,balance,,escalated,
01841889,ProfitLoss,Profit for the financial year,False,balance,,escalated,
01841889,ProfitLoss,Profit for the year,False,balance,,escalated,
01841889,ProfitLoss,Profit for the year,False,balance,,escalated,
01841889,ProfitLoss,Profit for the year,False,balance,,escalated,
01841889,ProfitLoss,Profit for the year,False,balance,,escalated,
01841889,ProfitLoss,Profit for the year,False,balance,,escalated,
01841889,ProfitLoss,Profit for the year,False,balance,,escalated,
01841889,ProfitLoss,Profit for the year,False,balance,,escalated,
01841889,ProfitLoss,Profit for the year,False,balance,,escalated,
01841889,ProfitLoss,Profit for the year,False,balance,,escalated,
01841889,ProfitLoss,Profit for the year,False,balance,,escalated,
01841889,ProfitLoss,Profit for the year,False,balance,,escalated,
01841889,ProfitLoss,Profit for the year,False,balance,,escalated,
01841889,GainLossOnDisposalsPropertyPlantEquipment,Profit on disposal of tangible assets,False,movement,,escalated,
01841889,ProvisionsForLiabilitiesBalanceSheetSubtotal,Provisions for liabilities,False,balance,,escalated,
01841889,ProvisionsForLiabilitiesBalanceSheetSubtotal,Provisions for liabilities,False,balance,,escalated,
01841889,DirectorRemuneration,Remuneration,False,balance,,escalated,
01841889,DirectorRemuneration,Remuneration,False,balance,,escalated,
01841889,DirectorRemuneration,Remuneration,False,balance,,escalated,
01841889,DirectorRemuneration,Remuneration,False,balance,,escalated,
01841889,RevenueFromRenderingServices,Rendering of services,False,balance,,escalated,
01841889,RevenueFromRenderingServices,Rendering of services,False,balance,,escalated,
01841889,RentalIncomeFromInvestmentProperty,Rental income,False,balance,,escalated,
01841889,RentalIncomeFromInvestmentProperty,Rental income,False,balance,,escalated,
01841889,TurnoverRevenue,Rental income,False,balance,,escalated,
01841889,TurnoverRevenue,Rental income,False,balance,,escalated,
01841889,FurtherItemCashFlowFromUsedInFinancingActivitiesComponentNetCashFlowsFromUsedInFinancingActivities,Repayment of other borrowing,False,balance,,escalated,
01841889,RevenueFromSaleGoods,Sale of goods,False,balance,,escalated,
01841889,RevenueFromSaleGoods,Sale of goods,False,balance,,escalated,
01841889,ShareProfitLossAssociatesJointVenturesAccountedForUsingEquityMethod,Share of profit/(loss) of equity accounted investees,False,balance,,escalated,
01841889,ShareProfitLossAssociatesJointVenturesAccountedForUsingEquityMethod,Share of profit/(loss) of equity accounted investees,False,balance,,escalated,
01841889,ShareProfitLossAssociatesAccountedForByEquityMethod,Share of profit/loss of equity accounted investees,False,balance,,escalated,
01841889,ShareProfitLossAssociatesAccountedForByEquityMethod,Share of profit/loss of equity accounted investees,False,balance,,escalated,
01841889,TaxationSocialSecurityPayable,Social security and other taxes,False,balance,,escalated,
01841889,TaxationSocialSecurityPayable,Social security and other taxes,False,balance,,escalated,
01841889,TaxationSocialSecurityPayable,Social security and other taxes,False,balance,,escalated,
01841889,TaxationSocialSecurityPayable,Social security and other taxes,False,balance,,escalated,
01841889,SocialSecurityCosts,Social security costs,False,balance,,escalated,
01841889,SocialSecurityCosts,Social security costs,False,balance,,escalated,
01841889,DistributionAverageNumberEmployees,Sports complexes and associated activities,False,balance,,escalated,
01841889,DistributionAverageNumberEmployees,Sports complexes and associated activities,False,balance,,escalated,
01841889,TotalInventories,Stocks,True,balance,asset.current.inventory,tier2_keyword,tier2:asset.current.inventory:stock
01841889,TotalInventories,Stocks,True,balance,asset.current.inventory,tier2_keyword,tier2:asset.current.inventory:stock
01841889,PropertyPlantEquipment,Tangible assets,False,balance,,escalated,
01841889,PropertyPlantEquipment,Tangible assets,False,balance,,escalated,
01841889,PropertyPlantEquipment,Tangible assets,False,balance,,escalated,
01841889,PropertyPlantEquipment,Tangible assets,False,balance,,escalated,
01841889,TaxIncreaseDecreaseFromOtherTaxEffectsTaxReconciliation,Tax (decrease)/increase from other tax effects,False,movement,,escalated,
01841889,TaxIncreaseDecreaseFromOtherTaxEffectsTaxReconciliation,Tax (decrease)/increase from other tax effects,False,movement,,escalated,
01841889,TaxTaxCreditOnProfitOrLossOnOrdinaryActivities,Tax expense in the income statement,False,balance,,escalated,
01841889,TaxTaxCreditOnProfitOrLossOnOrdinaryActivities,Tax expense in the income statement,False,balance,,escalated,
01841889,TaxIncreaseDecreaseFromEffectUnrelievedTaxLossesCarriedForward,Tax increase from effect of unrelieved tax losses carried forward,False,movement,,escalated,
01841889,TaxIncreaseDecreaseFromOtherShort-termTimingDifferences,Tax increase from other short-term timing differences,False,movement,,escalated,
01841889,TaxIncreaseDecreaseFromOtherShort-termTimingDifferences,Tax increase from other short-term timing differences,False,movement,,escalated,
01841889,TaxTaxCreditOnProfitOrLossOnOrdinaryActivities,Tax on profit,False,balance,,escalated,
01841889,TaxTaxCreditOnProfitOrLossOnOrdinaryActivities,Tax on profit,False,balance,,escalated,
01841889,TaxationComplianceServicesFees,Taxation compliance services,False,balance,,escalated,
01841889,TaxationComplianceServicesFees,Taxation compliance services,False,balance,,escalated,
01841889,ApplicableTaxRate,The tax on profit before tax for the year is lower than the standard rate of corporation tax in the UK (2024 - higher than the standard rate of corporation tax in the UK) of,False,balance,,escalated,
01841889,TotalAssetsLessCurrentLiabilities,Total assets less current liabilities,True,balance,,escalated,
01841889,TotalAssetsLessCurrentLiabilities,Total assets less current liabilities,True,balance,,escalated,
01841889,ComprehensiveIncomeExpense,Total comprehensive income,False,balance,,escalated,
01841889,ComprehensiveIncomeExpense,Total comprehensive income,False,balance,,escalated,
01841889,ComprehensiveIncomeExpense,Total comprehensive income,False,balance,,escalated,
01841889,ComprehensiveIncomeExpense,Total comprehensive income,False,balance,,escalated,
01841889,ComprehensiveIncomeExpense,Total comprehensive income,False,balance,,escalated,
01841889,ComprehensiveIncomeExpense,Total comprehensive income,False,balance,,escalated,
01841889,ComprehensiveIncomeExpense,Total comprehensive income,False,balance,,escalated,
01841889,ComprehensiveIncomeExpense,Total comprehensive income,False,balance,,escalated,
01841889,ComprehensiveIncomeExpense,Total comprehensive income,False,balance,,escalated,
01841889,ComprehensiveIncomeExpense,Total comprehensive income,False,balance,,escalated,
01841889,ComprehensiveIncomeExpense,Total comprehensive income for the year,False,balance,,escalated,
01841889,ComprehensiveIncomeExpense,Total comprehensive income for the year,False,balance,,escalated,
01841889,Equity,Total equity,True,balance,,escalated,
01841889,Equity,Total equity,True,balance,,escalated,
01841889,TaxTaxCreditOnProfitOrLossOnOrdinaryActivities,Total tax charge,False,balance,,escalated,
01841889,TaxTaxCreditOnProfitOrLossOnOrdinaryActivities,Total tax charge,False,balance,,escalated,
01841889,TradeCreditorsTradePayables,Trade creditors,False,balance,,escalated,
01841889,TradeCreditorsTradePayables,Trade creditors,False,balance,,escalated,
01841889,TradeCreditorsTradePayables,Trade creditors,False,balance,,escalated,
01841889,TradeCreditorsTradePayables,Trade creditors,False,balance,,escalated,
01841889,TradeDebtorsTradeReceivables,Trade debtors,False,balance,asset.current.receivables,tier2_keyword,tier2:asset.current.receivables:debtors
01841889,TradeDebtorsTradeReceivables,Trade debtors,False,balance,asset.current.receivables,tier2_keyword,tier2:asset.current.receivables:debtors
01841889,TradeDebtorsTradeReceivables,Trade debtors,False,balance,asset.current.receivables,tier2_keyword,tier2:asset.current.receivables:debtors
01841889,TradeDebtorsTradeReceivables,Trade debtors,False,balance,asset.current.receivables,tier2_keyword,tier2:asset.current.receivables:debtors
01841889,TurnoverRevenue,Turnover,False,balance,,escalated,
01841889,TurnoverRevenue,Turnover,False,balance,,escalated,
01841889,TurnoverRevenue,UK,False,balance,,escalated,
01841889,TurnoverRevenue,UK,False,balance,,escalated,
01841889,CurrentTaxForPeriod,UK corporation tax,False,balance,,escalated,
01841889,CurrentTaxForPeriod,UK corporation tax,False,balance,,escalated,
01841889,IncreaseDecreaseInCurrentTaxFromAdjustmentForPriorPeriods,UK corporation tax adjustment to prior periods,False,movement,,escalated,
01841889,IncreaseDecreaseInCurrentTaxFromAdjustmentForPriorPeriods,UK corporation tax adjustment to prior periods,False,movement,,escalated,
01841889,WagesSalaries,Wages and salaries,False,balance,,escalated,
01841889,WagesSalaries,Wages and salaries,False,balance,,escalated,
01841889,NetCurrentAssetsLiabilities,assets,True,balance,,escalated,
01841889,NetCurrentAssetsLiabilities,assets,True,balance,,escalated,
01841889,NetAssetsLiabilities,assets,True,balance,,escalated,
01841889,NetAssetsLiabilities,assets,True,balance,,escalated,
01841889,NetAssetsLiabilities,assets,True,balance,,escalated,
01841889,NetAssetsLiabilities,assets,True,balance,,escalated,
01841889,NumberSharesIssuedFullyPaid,each,False,balance,,escalated,
01841889,NetCurrentAssetsLiabilities,liabilities,True,balance,,escalated,
01841889,NetCurrentAssetsLiabilities,liabilities,True,balance,,escalated,
01841889,ParValueShare,of £,False,balance,,escalated,
02299747,UnusedProvisionReversed,(0.1),False,balance,,escalated,
02299747,ProvisionsUsed,(8.9),False,balance,,escalated,
02299747,GainLossDueToForeignExchangeDifferencesRecognisedInProfitOrLoss,(Income)/expense from foreign exchange differences,False,movement,,escalated,
02299747,GainLossDueToForeignExchangeDifferencesRecognisedInProfitOrLoss,(Income)/expense from foreign exchange differences,False,movement,,escalated,
02299747,Equity,0.0,True,balance,,escalated,
02299747,Equity,0.0,True,balance,,escalated,
02299747,Equity,0.0,True,balance,,escalated,
02299747,Equity,0.0,True,balance,,escalated,
02299747,Equity,0.0,True,balance,,escalated,
02299747,Equity,0.0,True,balance,,escalated,
02299747,Equity,0.0,True,balance,,escalated,
02299747,Equity,0.0,True,balance,,escalated,
02299747,Equity,0.0,True,balance,,escalated,
02299747,Equity,0.0,True,balance,,escalated,
02299747,Equity,0.0,True,balance,,escalated,
02299747,Equity,0.0,True,balance,,escalated,
02299747,DirectorRemunerationBenefitsIncludingPaymentsToThirdParties,0.1,False,balance,,escalated,
02299747,DirectorRemunerationBenefitsIncludingPaymentsToThirdParties,0.1,False,balance,,escalated,
02299747,AdditionalProvisionsIncreaseFromNewProvisionsRecognisedInProfitOrLoss,0.2,False,movement,,escalated,
02299747,Provisions,0.4,False,balance,,escalated,
02299747,Provisions,0.5,False,balance,,escalated,
02299747,OtherOperatingIncomeFormat1,230.3,False,balance,,escalated,
02299747,OtherOperatingIncomeFormat1,230.3,False,balance,,escalated,
02299747,Provisions,5.8,False,balance,,escalated,
02299747,Provisions,5.8,False,balance,,escalated,
02299747,AdditionsOtherThanThroughBusinessCombinationsIntangibleAssets,6.8,False,movement,,escalated,
02299747,AccruedLiabilities,Accruals,False,balance,,escalated,
02299747,AccruedLiabilities,Accruals,False,balance,,escalated,
02299747,AccruedIncome,Accrued income,False,balance,,escalated,
02299747,AccruedIncome,Accrued income,False,balance,,escalated,
02299747,IncreaseDecreaseInDeferredTaxAssetsRecognisedInOtherComprehensiveIncome,Actuarial differences recognised as other comprehensive income,False,movement,,escalated,
02299747,IncreaseDecreaseInDeferredTaxAssetsRecognisedInOtherComprehensiveIncome,Actuarial differences recognised as other comprehensive income,False,movement,,escalated,
02299747,GainLossOnRemeasurementDefinedBenefitPlansBeforeTaxInOtherComprehensiveIncome,Actuarial loss on defined benefit pension schemes,False,balance,,escalated,
02299747,GainLossOnRemeasurementDefinedBenefitPlansBeforeTaxInOtherComprehensiveIncome,Actuarial loss on defined benefit pension schemes,False,balance,,escalated,
02299747,AdditionsOtherThanThroughBusinessCombinationsPropertyPlantEquipment,Additions,False,movement,,escalated,
02299747,AdditionsOtherThanThroughBusinessCombinationsPropertyPlantEquipment,Additions,False,movement,,escalated,
02299747,AdditionsOtherThanThroughBusinessCombinationsPropertyPlantEquipment,Additions,False,movement,,escalated,
02299747,AdditionsOtherThanThroughBusinessCombinationsPropertyPlantEquipment,Additions,False,movement,,escalated,
02299747,AdditionsOtherThanThroughBusinessCombinationsPropertyPlantEquipment,Additions,False,movement,,escalated,
02299747,AdditionsOtherThanThroughBusinessCombinationsPropertyPlantEquipment,Additions,False,movement,,escalated,
02299747,AdditionsOtherThanThroughBusinessCombinationsPropertyPlantEquipment,Additions,False,movement,,escalated,
02299747,AdditionsOtherThanThroughBusinessCombinationsPropertyPlantEquipment,Additions,False,movement,,escalated,
02299747,AdditionsOtherThanThroughBusinessCombinationsPropertyPlantEquipment,Additions,False,movement,,escalated,
02299747,AdditionsOtherThanThroughBusinessCombinationsIntangibleAssets,Additions,False,movement,,escalated,
02299747,TotalAdditionsIncludingFromBusinessCombinationsContractAssets,Additions,True,movement,,escalated,
02299747,TotalAdditionsIncludingFromBusinessCombinationsContractAssets,Additions,True,movement,,escalated,
02299747,IncreaseDecreaseInCurrentTaxFromAdjustmentForPriorPeriods,Adjustment in respect of current income tax of prior periods,False,movement,,escalated,
02299747,IncreaseDecreaseInCurrentTaxFromAdjustmentForPriorPeriods,Adjustment in respect of current income tax of prior periods,False,movement,,escalated,
02299747,IncreaseDecreaseInCurrentTaxFromAdjustmentForPriorPeriods,Adjustments in respect of prior periods,False,movement,,escalated,
02299747,IncreaseDecreaseInCurrentTaxFromAdjustmentForPriorPeriods,Adjustments in respect of prior periods,False,movement,,escalated,
02299747,TotalCurrentTaxExpenseCredit,Adjustments in respect of prior periods,True,balance,,escalated,
02299747,TotalCurrentTaxExpenseCredit,Adjustments in respect of prior periods,True,balance,,escalated,
02299747,AdministrativeExpenses,Administrative expenses,False,balance,expense.admin,tier2_keyword,tier2:expense.admin:administrative
02299747,AdministrativeExpenses,Administrative expenses,False,balance,expense.admin,tier2_keyword,tier2:expense.admin:administrative
02299747,AmountsOwedByParentEntities,Amount due from Group companies,False,balance,,escalated,
02299747,AmountsOwedByParentEntities,Amount due from Group companies,False,balance,,escalated,
02299747,AmountsOwedToParentEntities,Amount due to Group companies,False,balance,,escalated,
02299747,AmountsOwedToParentEntities,Amount due to Group companies,False,balance,,escalated,
02299747,AmountsOwedByParentEntities,Amounts due from Group companies,False,balance,,escalated,
02299747,AmountsOwedByParentEntities,Amounts due from Group companies,False,balance,,escalated,
02299747,RetirementsPropertyPlantEquipment,Asset retirement,False,balance,,escalated,
02299747,RetirementsPropertyPlantEquipment,Asset retirement,False,balance,,escalated,
02299747,RetirementsPropertyPlantEquipment,Asset retirement,False,balance,,escalated,
02299747,RetirementsPropertyPlantEquipment,Asset retirement,False,balance,,escalated,
02299747,RetirementsPropertyPlantEquipment,Asset retirement,False,balance,,escalated,
02299747,RetirementsDecreaseInDepreciationImpairmentPropertyPlantEquipment,Asset retirement,False,movement,,escalated,
02299747,RetirementsDecreaseInDepreciationImpairmentPropertyPlantEquipment,Asset retirement,False,movement,,escalated,
02299747,RetirementsDecreaseInDepreciationImpairmentPropertyPlantEquipment,Asset retirement,False,movement,,escalated,
02299747,RetirementsDecreaseInDepreciationImpairmentPropertyPlantEquipment,Asset retirement,False,movement,,escalated,
02299747,RetirementsDecreaseInDepreciationImpairmentPropertyPlantEquipment,Asset retirement,False,movement,,escalated,
02299747,RetirementsIntangibleAssets,Asset retirement,False,balance,,escalated,
02299747,RetirementsIntangibleAssets,Asset retirement,False,balance,,escalated,
02299747,RetirementsDecreaseInAmortisationImpairmentIntangibleAssets,Asset retirement,False,movement,,escalated,
02299747,RetirementsDecreaseInAmortisationImpairmentIntangibleAssets,Asset retirement,False,movement,,escalated,
02299747,RetirementsDecreaseInAmortisationImpairmentIntangibleAssets,Asset retirement,False,movement,,escalated,
02299747,ContractAssets,At 1 January 2024,False,period_marker,,escalated,
02299747,PropertyPlantEquipmentGrossCost,At 1 January 2025,False,period_marker,,escalated,
02299747,PropertyPlantEquipmentGrossCost,At 1 January 2025,False,period_marker,,escalated,
02299747,PropertyPlantEquipmentGrossCost,At 1 January 2025,False,period_marker,,escalated,
02299747,PropertyPlantEquipmentGrossCost,At 1 January 2025,False,period_marker,,escalated,
02299747,PropertyPlantEquipmentGrossCost,At 1 January 2025,False,period_marker,,escalated,
02299747,AccumulatedDepreciationImpairmentPropertyPlantEquipment,At 1 January 2025,False,period_marker,,escalated,
02299747,AccumulatedDepreciationImpairmentPropertyPlantEquipment,At 1 January 2025,False,period_marker,,escalated,
02299747,AccumulatedDepreciationImpairmentPropertyPlantEquipment,At 1 January 2025,False,period_marker,,escalated,
02299747,AccumulatedDepreciationImpairmentPropertyPlantEquipment,At 1 January 2025,False,period_marker,,escalated,
02299747,AccumulatedDepreciationImpairmentPropertyPlantEquipment,At 1 January 2025,False,period_marker,,escalated,
02299747,IntangibleAssetsGrossCost,At 1 January 2025,False,period_marker,,escalated,
02299747,IntangibleAssetsGrossCost,At 1 January 2025,False,period_marker,,escalated,
02299747,IntangibleAssetsGrossCost,At 1 January 2025,False,period_marker,,escalated,
02299747,AccumulatedAmortisationImpairmentIntangibleAssets,At 1 January 2025,False,period_marker,,escalated,
02299747,AccumulatedAmortisationImpairmentIntangibleAssets,At 1 January 2025,False,period_marker,,escalated,
02299747,AccumulatedAmortisationImpairmentIntangibleAssets,At 1 January 2025,False,period_marker,,escalated,
02299747,InvestmentsInSubsidiaries,At 1 January 2025,False,period_marker,,escalated,
02299747,Provisions,At 1 January 2025,False,period_marker,,escalated,
02299747,Provisions,At 1 January 2025,False,period_marker,,escalated,
02299747,Provisions,At 1 January 2025,False,period_marker,,escalated,
02299747,Provisions,At 1 January 2025,False,period_marker,,escalated,
02299747,InvestmentsInSubsidiaries,At 1 January 2025 & 31 December 2025,False,period_marker,,escalated,
02299747,NumberSharesIssuedFullyPaid,At 1 January and 31 December,False,period_marker,,escalated,
02299747,NumberSharesIssuedFullyPaid,At 1 January and 31 December,False,period_marker,,escalated,
02299747,Equity,At 1 January and 31 December,True,period_marker,,escalated,
02299747,Equity,At 1 January and 31 December,True,period_marker,,escalated,
02299747,Equity,At 1 January and At 31 December,True,period_marker,,escalated,
02299747,Equity,At 1 January and At 31 December,True,period_marker,,escalated,
02299747,PropertyPlantEquipmentExcludingRight-of-useAssets,At 31 December 2024,False,period_marker,,escalated,
02299747,PropertyPlantEquipmentExcludingRight-of-useAssets,At 31 December 2024,False,period_marker,,escalated,
02299747,PropertyPlantEquipmentExcludingRight-of-useAssets,At 31 December 2024,False,period_marker,,escalated,
02299747,PropertyPlantEquipmentExcludingRight-of-useAssets,At 31 December 2024,False,period_marker,,escalated,
02299747,PropertyPlantEquipmentExcludingRight-of-useAssets,At 31 December 2024,False,period_marker,,escalated,
02299747,IntangibleAssetsIncludingRight-of-useAssets,At 31 December 2024,False,period_marker,,escalated,
02299747,IntangibleAssetsIncludingRight-of-useAssets,At 31 December 2024,False,period_marker,,escalated,
02299747,IntangibleAssetsIncludingRight-of-useAssets,At 31 December 2024,False,period_marker,,escalated,
02299747,InvestmentsInSubsidiaries,At 31 December 2024,False,period_marker,,escalated,
02299747,ContractAssets,At 31 December 2024,False,period_marker,,escalated,
02299747,PropertyPlantEquipmentGrossCost,At 31 December 2025,False,period_marker,,escalated,
02299747,PropertyPlantEquipmentGrossCost,At 31 December 2025,False,period_marker,,escalated,
02299747,PropertyPlantEquipmentGrossCost,At 31 December 2025,False,period_marker,,escalated,
02299747,PropertyPlantEquipmentGrossCost,At 31 December 2025,False,period_marker,,escalated,
02299747,PropertyPlantEquipmentGrossCost,At 31 December 2025,False,period_marker,,escalated,
02299747,AccumulatedDepreciationImpairmentPropertyPlantEquipment,At 31 December 2025,False,period_marker,,escalated,
02299747,AccumulatedDepreciationImpairmentPropertyPlantEquipment,At 31 December 2025,False,period_marker,,escalated,
02299747,AccumulatedDepreciationImpairmentPropertyPlantEquipment,At 31 December 2025,False,period_marker,,escalated,
02299747,AccumulatedDepreciationImpairmentPropertyPlantEquipment,At 31 December 2025,False,period_marker,,escalated,
02299747,AccumulatedDepreciationImpairmentPropertyPlantEquipment,At 31 December 2025,False,period_marker,,escalated,
02299747,PropertyPlantEquipmentExcludingRight-of-useAssets,At 31 December 2025,False,period_marker,,escalated,
02299747,PropertyPlantEquipmentExcludingRight-of-useAssets,At 31 December 2025,False,period_marker,,escalated,
02299747,PropertyPlantEquipmentExcludingRight-of-useAssets,At 31 December 2025,False,period_marker,,escalated,
02299747,PropertyPlantEquipmentExcludingRight-of-useAssets,At 31 December 2025,False,period_marker,,escalated,
02299747,PropertyPlantEquipmentExcludingRight-of-useAssets,At 31 December 2025,False,period_marker,,escalated,
02299747,IntangibleAssetsGrossCost,At 31 December 2025,False,period_marker,,escalated,
02299747,IntangibleAssetsGrossCost,At 31 December 2025,False,period_marker,,escalated,
02299747,IntangibleAssetsGrossCost,At 31 December 2025,False,period_marker,,escalated,
02299747,AccumulatedAmortisationImpairmentIntangibleAssets,At 31 December 2025,False,period_marker,,escalated,
02299747,AccumulatedAmortisationImpairmentIntangibleAssets,At 31 December 2025,False,period_marker,,escalated,
02299747,AccumulatedAmortisationImpairmentIntangibleAssets,At 31 December 2025,False,period_marker,,escalated,
02299747,IntangibleAssetsIncludingRight-of-useAssets,At 31 December 2025,False,period_marker,,escalated,
02299747,IntangibleAssetsIncludingRight-of-useAssets,At 31 December 2025,False,period_marker,,escalated,
02299747,IntangibleAssetsIncludingRight-of-useAssets,At 31 December 2025,False,period_marker,,escalated,
02299747,InvestmentsInSubsidiaries,At 31 December 2025,False,period_marker,,escalated,
02299747,InvestmentsInSubsidiaries,At 31 December 2025,False,period_marker,,escalated,
02299747,ContractAssets,At 31 December 2025,False,period_marker,,escalated,
02299747,Provisions,At 31 December 2025,False,period_marker,,escalated,
02299747,Provisions,At 31 December 2025,False,period_marker,,escalated,
02299747,Provisions,At 31 December 2025,False,period_marker,,escalated,
02299747,Provisions,At 31 December 2025,False,period_marker,,escalated,
02299747,CapitalCommitments,"At 31 December 2025, the Company had amounts contracted for but not provided in the financial statements for the acquisition of property, plant and equipment amounting to £",False,period_marker,,escalated,
02299747,BankOverdrafts,Bank overdrafts,False,balance,asset.current.bank,tier2_keyword,tier2:asset.current.bank:bank
02299747,BankOverdrafts,Bank overdrafts,False,balance,asset.current.bank,tier2_keyword,tier2:asset.current.bank:bank
02299747,FinancialLiabilities,Bank overdrafts,False,balance,asset.current.bank,tier2_keyword,tier2:asset.current.bank:bank
02299747,FinancialLiabilities,Bank overdrafts,False,balance,asset.current.bank,tier2_keyword,tier2:asset.current.bank:bank
02299747,Equity,Capital redemption reserve,True,balance,equity.capital,tier2_keyword,tier2:equity.capital:capital
02299747,Equity,Capital redemption reserve,True,balance,equity.capital,tier2_keyword,tier2:equity.capital:capital
02299747,CashCashEquivalents,Cash and cash equivalents,False,balance,asset.current.cash,tier2_keyword,tier2:asset.current.cash:cash
02299747,CashCashEquivalents,Cash and cash equivalents,False,balance,asset.current.cash,tier2_keyword,tier2:asset.current.cash:cash
02299747,CashBankOnHand,Cash at bank and in hand,False,balance,asset.current.cash,tier2_keyword,tier2:asset.current.cash:cash
02299747,CashBankOnHand,Cash at bank and in hand,False,balance,asset.current.cash,tier2_keyword,tier2:asset.current.cash:cash
02299747,CashCashEquivalents,Cash at bank and in hand,False,balance,asset.current.cash,tier2_keyword,tier2:asset.current.cash:cash
02299747,CashCashEquivalents,Cash at bank and in hand,False,balance,asset.current.cash,tier2_keyword,tier2:asset.current.cash:cash
02299747,DeferredTaxExpenseCreditFromUnrecognisedTaxLossOrCredit,Change in unrecognised deferred tax assets,False,balance,,escalated,
02299747,DeferredTaxExpenseCreditFromUnrecognisedTaxLossOrCredit,Change in unrecognised deferred tax assets,False,balance,,escalated,
02299747,IncreaseFromDepreciationChargeForYearPropertyPlantEquipment,Charge for the year,False,movement,,escalated,
02299747,IncreaseFromDepreciationChargeForYearPropertyPlantEquipment,Charge for the year,False,movement,,escalated,
02299747,IncreaseFromDepreciationChargeForYearPropertyPlantEquipment,Charge for the year,False,movement,,escalated,
02299747,IncreaseFromDepreciationChargeForYearPropertyPlantEquipment,Charge for the year,False,movement,,escalated,
02299747,IncreaseFromDepreciationChargeForYearPropertyPlantEquipment,Charge for the year,False,movement,,escalated,
02299747,IncreaseFromAmortisationChargeForYearIntangibleAssets,Charge for the year,False,movement,,escalated,
02299747,IncreaseFromAmortisationChargeForYearIntangibleAssets,Charge for the year,False,movement,,escalated,
02299747,IncreaseFromAmortisationChargeForYearIntangibleAssets,Charge for the year,False,movement,,escalated,
02299747,ContractAssetsNon-current,Contract fulfilment assets,False,balance,,escalated,
02299747,ContractAssetsNon-current,Contract fulfilment assets,False,balance,,escalated,
02299747,DeferredTaxAssets,Contract fulfilment assets,False,balance,,escalated,
02299747,DeferredTaxAssets,Contract fulfilment assets,False,balance,,escalated,
02299747,IncreaseDecreaseInDeferredTaxAssetsRecognisedInProfitOrLoss,Contract fulfilment assets,False,movement,,escalated,
02299747,IncreaseDecreaseInDeferredTaxAssetsRecognisedInProfitOrLoss,Contract fulfilment assets,False,movement,,escalated,
02299747,FurtherItemDebtorsComponentTotalDebtors,Contract fulfilment assets,True,balance,,escalated,
02299747,FurtherItemDebtorsComponentTotalDebtors,Contract fulfilment assets,True,balance,,escalated,
02299747,PerformanceObligationsCostToFulfilContractsExpense,"Contract fulfilment assets - impairment, derecognition and utilisation",False,balance,,escalated,
02299747,PerformanceObligationsCostToFulfilContractsExpense,"Contract fulfilment assets - impairment, derecognition and utilisation",False,balance,,escalated,
02299747,Share-basedPaymentsArrangementsTransferredFromToLiabilitiesIncreaseDecreaseInEquity,Contribution in respect of share based payment charge,False,movement,,escalated,
02299747,Share-basedPaymentsArrangementsTransferredFromToLiabilitiesIncreaseDecreaseInEquity,Contribution in respect of share based payment charge,False,movement,,escalated,
02299747,Share-basedPaymentsArrangementsTransferredFromToLiabilitiesIncreaseDecreaseInEquity,Contribution in respect of share based payment charge,False,movement,,escalated,
02299747,Share-basedPaymentsArrangementsTransferredFromToLiabilitiesIncreaseDecreaseInEquity,Contribution in respect of share based payment charge,False,movement,,escalated,
02299747,CostSales,Cost of sales,False,balance,revenue.operating,tier2_keyword,tier2:revenue.operating:sales
02299747,CostSales,Cost of sales,False,balance,revenue.operating,tier2_keyword,tier2:revenue.operating:sales
02299747,OtherCurrentTaxExpense,Current income tax credit,False,balance,,escalated,
02299747,OtherCurrentTaxExpense,Current income tax credit,False,balance,,escalated,
02299747,LeaseLiabilities,Current liabilities,False,balance,,escalated,
02299747,LeaseLiabilities,Current liabilities,False,balance,,escalated,
02299747,DeferredTaxAssets,Decelerated capital allowances,False,balance,equity.capital,tier2_keyword,tier2:equity.capital:capital
02299747,DeferredTaxAssets,Decelerated capital allowances,False,balance,equity.capital,tier2_keyword,tier2:equity.capital:capital
02299747,IncreaseDecreaseInDeferredTaxAssetsRecognisedInProfitOrLoss,Decelerated capital allowances,False,movement,equity.capital,tier2_keyword,tier2:equity.capital:capital
02299747,IncreaseDecreaseInDeferredTaxAssetsRecognisedInProfitOrLoss,Decelerated capital allowances,False,movement,equity.capital,tier2_keyword,tier2:equity.capital:capital
02299747,DeferredIncome,Deferred income,False,balance,,escalated,
02299747,DeferredIncome,Deferred income,False,balance,,escalated,
02299747,DeferredIncome,Deferred income,False,balance,,escalated,
02299747,DeferredIncome,Deferred income,False,balance,,escalated,
02299747,DeferredIncome,Deferred income,False,balance,,escalated,
02299747,DeferredIncome,Deferred income,False,balance,,escalated,
02299747,DeferredIncome,Deferred income,False,balance,,escalated,
02299747,DeferredIncome,Deferred income,False,balance,,escalated,
02299747,DeferredIncome,Deferred income,False,balance,,escalated,
02299747,DeferredIncome,Deferred income,False,balance,,escalated,
02299747,DeferredIncome,Deferred income,False,balance,,escalated,
02299747,DeferredIncome,Deferred income,False,balance,,escalated,
02299747,IncreaseDecreaseInDeferredTaxAssetsRecognisedInProfitOrLoss,Deferred tax (credit)/charge to income statement,False,movement,,escalated,
02299747,IncreaseDecreaseInDeferredTaxAssetsRecognisedInProfitOrLoss,Deferred tax (credit)/charge to income statement,False,movement,,escalated,
02299747,DeferredTaxAssetDebtors,Deferred tax assets,False,balance,,escalated,
02299747,DeferredTaxAssetDebtors,Deferred tax assets,False,balance,,escalated,
02299747,DeferredTaxAssets,Deferred tax assets,False,balance,,escalated,
02299747,DeferredTaxAssets,Deferred tax assets,False,balance,,escalated,
02299747,IncreaseFromDepreciationChargeForYearPropertyPlantEquipment,Depreciation charge,False,movement,expense.depreciation,tier2_keyword,tier2:expense.depreciation:depreciation
02299747,IncreaseFromDepreciationChargeForYearPropertyPlantEquipment,Depreciation charge,False,movement,expense.depreciation,tier2_keyword,tier2:expense.depreciation:depreciation
02299747,IncreaseFromDepreciationChargeForYearPropertyPlantEquipment,Depreciation charge,False,movement,expense.depreciation,tier2_keyword,tier2:expense.depreciation:depreciation
02299747,IncreaseFromDepreciationChargeForYearPropertyPlantEquipment,Depreciation charge,False,movement,expense.depreciation,tier2_keyword,tier2:expense.depreciation:depreciation
02299747,OtherDisposalsDerecognitionContractAssets,Derecognition,False,movement,,escalated,
02299747,OtherDisposalsDerecognitionContractAssets,Derecognition,False,movement,,escalated,
02299747,OtherDisposalsPropertyPlantEquipment,Disposals,False,movement,,escalated,
02299747,OtherDisposalsPropertyPlantEquipment,Disposals,False,movement,,escalated,
02299747,OtherDisposalsPropertyPlantEquipment,Disposals,False,movement,,escalated,
02299747,OtherDisposalsPropertyPlantEquipment,Disposals,False,movement,,escalated,
02299747,OtherDisposalsPropertyPlantEquipment,Disposals,False,movement,,escalated,
02299747,OtherDisposalsDecreaseInDepreciationImpairmentPropertyPlantEquipment,Disposals,False,movement,,escalated,
02299747,OtherDisposalsDecreaseInDepreciationImpairmentPropertyPlantEquipment,Disposals,False,movement,,escalated,
02299747,OtherDisposalsDecreaseInDepreciationImpairmentPropertyPlantEquipment,Disposals,False,movement,,escalated,
02299747,OtherDisposalsDecreaseInDepreciationImpairmentPropertyPlantEquipment,Disposals,False,movement,,escalated,
02299747,OtherDisposalsDecreaseInDepreciationImpairmentPropertyPlantEquipment,Disposals,False,movement,,escalated,
02299747,DividendIncomeFromGroupUndertakings,Dividend income from shares in subsidiary companies,False,balance,,escalated,
02299747,DividendIncomeFromGroupUndertakings,Dividend income from shares in subsidiary companies,False,balance,,escalated,
02299747,DividendIncome,Dividend income from shares in subsidiary companies,False,balance,,escalated,
02299747,DividendIncome,Dividend income from shares in subsidiary companies,False,balance,,escalated,
02299747,RetirementBenefitObligationsSurplus,Employee benefits,False,balance,,escalated,
02299747,RetirementBenefitObligationsSurplus,Employee benefits,False,balance,,escalated,
02299747,TaxExpenseCreditApplicableTaxRate,Expected tax charge based on the weighted average Corporation Tax rate of 25.00% (2024: 25.00%),False,balance,,escalated,
02299747,TaxExpenseCreditApplicableTaxRate,Expected tax charge based on the weighted average Corporation Tax rate of 25.00% (2024: 25.00%),False,balance,,escalated,
02299747,TaxIncreaseDecreaseFromEffectExpensesNotDeductibleInDeterminingTaxableProfitOrLoss,Expenses not deductible for tax purpose,False,movement,,escalated,
02299747,TaxIncreaseDecreaseFromEffectExpensesNotDeductibleInDeterminingTaxableProfitOrLoss,Expenses not deductible for tax purpose,False,movement,,escalated,
02299747,TotalFinanceLeaseReceivablesLessor,Finance lease receivable,True,balance,asset.current.receivables,tier2_keyword,tier2:asset.current.receivables:receivable
02299747,TotalFinanceLeaseReceivablesLessor,Finance lease receivable,True,balance,asset.current.receivables,tier2_keyword,tier2:asset.current.receivables:receivable
02299747,TotalFinanceLeaseReceivablesLessor,Finance lease receivable,True,balance,asset.current.receivables,tier2_keyword,tier2:asset.current.receivables:receivable
02299747,TotalFinanceLeaseReceivablesLessor,Finance lease receivable,True,balance,asset.current.receivables,tier2_keyword,tier2:asset.current.receivables:receivable
02299747,FinancialAssets,Financial assets,False,balance,,escalated,
02299747,FinancialAssets,Financial assets,False,balance,,escalated,
02299747,FinancialAssets,Financial assets,False,balance,,escalated,
02299747,FinancialAssets,Financial assets,False,balance,,escalated,
02299747,BankBorrowingsOverdrafts,Financial liabilities,False,balance,,escalated,
02299747,BankBorrowingsOverdrafts,Financial liabilities,False,balance,,escalated,
02299747,IncreaseFromImpairmentLossRecognisedInProfitOrLossPropertyPlantEquipment,Impairment,False,movement,,escalated,
02299747,IncreaseFromImpairmentLossRecognisedInProfitOrLossPropertyPlantEquipment,Impairment,False,movement,,escalated,
02299747,IncreaseFromImpairmentLossRecognisedInProfitOrLossPropertyPlantEquipment,Impairment,False,movement,,escalated,
02299747,IncreaseFromImpairmentLossRecognisedInProfitOrLossPropertyPlantEquipment,Impairment,False,movement,,escalated,
02299747,DecreaseFromReversalImpairmentLossRecognisedInProfitOrLossPropertyPlantEquipment,Impairment,False,movement,,escalated,
02299747,IncreaseDecreaseFromTotalImpairmentLossRecognisedOrReversedPropertyPlantEquipment,Impairment,True,movement,,escalated,
02299747,IncreaseDecreaseFromTotalImpairmentLossRecognisedOrReversedPropertyPlantEquipment,Impairment,True,movement,,escalated,
02299747,IncreaseDecreaseFromTotalImpairmentLossRecognisedOrReversedPropertyPlantEquipment,Impairment,True,movement,,escalated,
02299747,IncreaseDecreaseFromTotalImpairmentLossRecognisedOrReversedPropertyPlantEquipment,Impairment,True,movement,,escalated,
02299747,IncreaseFromImpairmentLossRecognisedInProfitOrLossIntangibleAssets,Impairment,False,movement,,escalated,
02299747,IncreaseFromImpairmentLossRecognisedInProfitOrLossIntangibleAssets,Impairment,False,movement,,escalated,
02299747,IncreaseFromImpairmentLossRecognisedInProfitOrLossIntangibleAssets,Impairment,False,movement,,escalated,
02299747,DecreaseIncreaseFromTotalImpairmentLossRecognisedOrReversedInProfitOrLossContractAssets,Impairment,True,movement,,escalated,
02299747,InvestmentsInSubsidiaries,Impairment charges ◙,False,balance,,escalated,
02299747,ImpairmentLossIntangibleAssets,Impairment of intangible assets (refer to note 11),False,movement,asset.noncurrent.intangibles,tier2_keyword,tier2:asset.noncurrent.intangibles:intangible
02299747,ImpairmentLossIntangibleAssets,Impairment of intangible assets (refer to note 11),False,movement,asset.noncurrent.intangibles,tier2_keyword,tier2:asset.noncurrent.intangibles:intangible
02299747,ImpairmentLossInvestmentInSubsidiaries,Impairment of investments in subsidiaries (refer to note 12),False,movement,,escalated,
02299747,ImpairmentLossInvestmentInSubsidiaries,Impairment of investments in subsidiaries (refer to note 12),False,movement,,escalated,
02299747,ImpairmentLossPropertyPlantEquipment,"Impairment of property, plant and equipment (refer to note 10)",False,movement,,escalated,
02299747,ImpairmentLossPropertyPlantEquipment,"Impairment of property, plant and equipment (refer to note 10)",False,movement,,escalated,
02299747,FurtherItemNon-operatingGainLossBeforeTaxIncomeStatementItemComponentProfitOrLossBeforeTax,Impairments,False,balance,,escalated,
02299747,FurtherItemNon-operatingGainLossBeforeTaxIncomeStatementItemComponentProfitOrLossBeforeTax,Impairments,False,balance,,escalated,
02299747,TaxTaxCreditOnProfitOrLossOnOrdinaryActivities,Income tax charge,False,balance,,escalated,
02299747,TaxTaxCreditOnProfitOrLossOnOrdinaryActivities,Income tax charge,False,balance,,escalated,
02299747,TaxExpenseCreditOnItemsInOtherComprehensiveIncomeThatWillNotBeReclassifiedToProfitOrLoss,Income tax effect,False,balance,,escalated,
02299747,TaxExpenseCreditOnItemsInOtherComprehensiveIncomeThatWillNotBeReclassifiedToProfitOrLoss,Income tax effect,False,balance,,escalated,
02299747,CorporationTaxPayable,Income tax payable,False,balance,liability.current.payables,tier2_keyword,tier2:liability.current.payables:payable
02299747,CorporationTaxPayable,Income tax payable,False,balance,liability.current.payables,tier2_keyword,tier2:liability.current.payables:payable
02299747,PercentageClassShareHeldInSubsidiary,Indirect,False,balance,,escalated,
02299747,PercentageClassShareHeldInSubsidiary,Indirect,False,balance,,escalated,
02299747,PercentageClassShareHeldInSubsidiary,Indirect,False,balance,,escalated,
02299747,PercentageClassShareHeldInSubsidiary,Indirect,False,balance,,escalated,
02299747,PercentageClassShareHeldInSubsidiary,Indirect,False,balance,,escalated,
02299747,PercentageClassShareHeldInSubsidiary,Indirect,False,balance,,escalated,
02299747,PercentageClassShareHeldInSubsidiary,Indirect,False,balance,,escalated,
02299747,PercentageClassShareHeldInSubsidiary,Indirect,False,balance,,escalated,
02299747,PercentageClassShareHeldInSubsidiary,Indirect,False,balance,,escalated,
02299747,PercentageClassShareHeldInSubsidiary,Indirect,False,balance,,escalated,
02299747,PercentageClassShareHeldInSubsidiary,Indirect,False,balance,,escalated,
02299747,PercentageClassShareHeldInSubsidiary,Indirect,False,balance,,escalated,
02299747,PercentageClassShareHeldInSubsidiary,Indirect,False,balance,,escalated,
02299747,PercentageClassShareHeldInSubsidiary,Indirect,False,balance,,escalated,
02299747,PercentageClassShareHeldInSubsidiary,Indirect,False,balance,,escalated,
02299747,PercentageClassShareHeldInSubsidiary,Indirect,False,balance,,escalated,
02299747,PercentageClassShareHeldInSubsidiary,Indirect,False,balance,,escalated,
02299747,PercentageClassShareHeldInSubsidiary,Indirect,False,balance,,escalated,
02299747,PercentageClassShareHeldInSubsidiary,Indirect,False,balance,,escalated,
02299747,PercentageClassShareHeldInSubsidiary,Indirect,False,balance,,escalated,
02299747,PercentageClassShareHeldInSubsidiary,Indirect,False,balance,,escalated,
02299747,PercentageClassShareHeldInSubsidiary,Indirect,False,balance,,escalated,
02299747,PercentageClassShareHeldInSubsidiary,Indirect,False,balance,,escalated,
02299747,PercentageClassShareHeldInSubsidiary,Indirect,False,balance,,escalated,
02299747,PercentageClassShareHeldInSubsidiary,Indirect,False,balance,,escalated,
02299747,PercentageClassShareHeldInSubsidiary,Indirect,False,balance,,escalated,
02299747,PercentageClassShareHeldInSubsidiary,Indirect,False,balance,,escalated,
02299747,PercentageClassShareHeldInSubsidiary,Indirect,False,balance,,escalated,
02299747,PercentageClassShareHeldInSubsidiary,Indirect,False,balance,,escalated,
02299747,PercentageClassShareHeldInSubsidiary,Indirect,False,balance,,escalated,
02299747,IntangibleAssetsIncludingRight-of-useAssets,Intangible assets,False,balance,asset.noncurrent.intangibles,tier2_keyword,tier2:asset.noncurrent.intangibles:intangible
02299747,IntangibleAssetsIncludingRight-of-useAssets,Intangible assets,False,balance,asset.noncurrent.intangibles,tier2_keyword,tier2:asset.noncurrent.intangibles:intangible
02299747,InterestExpenseOnBankOverdrafts,Interest expense on bank overdrafts and loans,False,balance,asset.current.bank,tier2_keyword,tier2:asset.current.bank:bank
02299747,InterestExpenseOnBankOverdrafts,Interest expense on bank overdrafts and loans,False,balance,asset.current.bank,tier2_keyword,tier2:asset.current.bank:bank
02299747,InterestExpenseOnBankLoansSimilarBorrowings,Interest expense on non-recourse trade receivables facility,False,balance,asset.current.receivables,tier2_keyword,tier2:asset.current.receivables:receivable
02299747,InterestExpenseOnBankLoansSimilarBorrowings,Interest expense on non-recourse trade receivables facility,False,balance,asset.current.receivables,tier2_keyword,tier2:asset.current.receivables:receivable
02299747,InterestPayableSimilarChargesFinanceCosts,Interest expense on non-recourse trade receivables facility,False,balance,asset.current.receivables,tier2_keyword,tier2:asset.current.receivables:receivable
02299747,InterestPayableSimilarChargesFinanceCosts,Interest expense on non-recourse trade receivables facility,False,balance,asset.current.receivables,tier2_keyword,tier2:asset.current.receivables:receivable
02299747,InterestIncomeOnFinanceLeasesLessor,Interest income on finance lease assets,False,balance,,escalated,
02299747,InterestIncomeOnFinanceLeasesLessor,Interest income on finance lease assets,False,balance,,escalated,
02299747,InterestIncomeFromGroupUndertakings,Interest receivable from Group companies,False,balance,asset.current.receivables,tier2_keyword,tier2:asset.current.receivables:receivable
02299747,InterestIncomeFromGroupUndertakings,Interest receivable from Group companies,False,balance,asset.current.receivables,tier2_keyword,tier2:asset.current.receivables:receivable
02299747,IncreaseDecreaseThroughOtherChangesPropertyPlantEquipment,Intragroup transfer,False,balance,,escalated,
02299747,IncreaseDecreaseThroughOtherChangesPropertyPlantEquipment,Intragroup transfer,False,balance,,escalated,
02299747,IncreaseDecreaseThroughOtherChangesPropertyPlantEquipment,Intragroup transfer,False,balance,,escalated,
02299747,IncreaseDecreaseThroughOtherChangesPropertyPlantEquipment,Intragroup transfer,False,balance,,escalated,
02299747,IncreaseDecreaseThroughOtherChangesPropertyPlantEquipment,Intragroup transfer,False,balance,,escalated,
02299747,OtherIncreaseDecreaseInDepreciationImpairmentPropertyPlantEquipment,Intragroup transfer,False,movement,,escalated,
02299747,OtherIncreaseDecreaseInDepreciationImpairmentPropertyPlantEquipment,Intragroup transfer,False,movement,,escalated,
02299747,OtherIncreaseDecreaseInDepreciationImpairmentPropertyPlantEquipment,Intragroup transfer,False,movement,,escalated,
02299747,OtherIncreaseDecreaseInDepreciationImpairmentPropertyPlantEquipment,Intragroup transfer,False,movement,,escalated,
02299747,OtherIncreaseDecreaseInDepreciationImpairmentPropertyPlantEquipment,Intragroup transfer,False,movement,,escalated,
02299747,DecreaseIncreaseDueToTransfersIntoOrOutContractAssets,Intragroup transfer,False,movement,,escalated,
02299747,DividendIncome,Investment income,False,balance,,escalated,
02299747,DividendIncome,Investment income,False,balance,,escalated,
02299747,InvestmentsInGroupUndertakings,Investments in subsidiaries,False,balance,,escalated,
02299747,InvestmentsInGroupUndertakings,Investments in subsidiaries,False,balance,,escalated,
02299747,LeaseLiabilities,Lease liabilities,False,balance,,escalated,
02299747,LeaseLiabilities,Lease liabilities,False,balance,,escalated,
02299747,LeaseLiabilities,Lease liabilities,False,balance,,escalated,
02299747,LeaseLiabilities,Lease liabilities,False,balance,,escalated,
02299747,PresentValueFinanceLeaseReceivablesLessor,Less than one year,False,balance,,escalated,
02299747,PresentValueFinanceLeaseReceivablesLessor,Less than one year,False,balance,,escalated,
02299747,LeaseLiabilities,Less than one year,False,balance,,escalated,
02299747,LeaseLiabilities,Less than one year,False,balance,,escalated,
02299747,PresentValueFinanceLeaseReceivablesLessor,More than two years,False,balance,,escalated,
02299747,PresentValueFinanceLeaseReceivablesLessor,More than two years,False,balance,,escalated,
02299747,LeaseLiabilities,More than two years,False,balance,,escalated,
02299747,LeaseLiabilities,More than two years,False,balance,,escalated,
02299747,NetAssetsLiabilities,Net assets,True,balance,,escalated,
02299747,NetAssetsLiabilities,Net assets,True,balance,,escalated,
02299747,PropertyPlantEquipmentRight-of-useAssets,Net book value at 1 January 2025,False,balance,,escalated,
02299747,PropertyPlantEquipmentRight-of-useAssets,Net book value at 1 January 2025,False,balance,,escalated,
02299747,PropertyPlantEquipmentRight-of-useAssets,Net book value at 1 January 2025,False,balance,,escalated,
02299747,PropertyPlantEquipmentRight-of-useAssets,Net book value at 1 January 2025,False,balance,,escalated,
02299747,PropertyPlantEquipmentRight-of-useAssets,Net book value at 31 December 2025,False,balance,,escalated,
02299747,PropertyPlantEquipmentRight-of-useAssets,Net book value at 31 December 2025,False,balance,,escalated,
02299747,PropertyPlantEquipmentRight-of-useAssets,Net book value at 31 December 2025,False,balance,,escalated,
02299747,PropertyPlantEquipmentRight-of-useAssets,Net book value at 31 December 2025,False,balance,,escalated,
02299747,NetFinanceIncomeCosts,Net finance income,False,balance,,escalated,
02299747,NetFinanceIncomeCosts,Net finance income,False,balance,,escalated,
02299747,InterestIncomeOnAssetsDefinedBenefitPlan,Net interest income on the net defined pension schemes,False,balance,,escalated,
02299747,InterestIncomeOnAssetsDefinedBenefitPlan,Net interest income on the net defined pension schemes,False,balance,,escalated,
02299747,OtherInterestReceivableSimilarIncomeFinanceIncome,Net interest income on the net defined pension schemes,False,balance,,escalated,
02299747,OtherInterestReceivableSimilarIncomeFinanceIncome,Net interest income on the net defined pension schemes,False,balance,,escalated,
02299747,PresentValueFinanceLeaseReceivablesLessor,Net investment,False,balance,,escalated,
02299747,PresentValueFinanceLeaseReceivablesLessor,Net investment,False,balance,,escalated,
02299747,LeaseLiabilities,Non-current liabilities,False,balance,,escalated,
02299747,LeaseLiabilities,Non-current liabilities,False,balance,,escalated,
02299747,LeaseLiabilities,Non-current liabilities,False,balance,,escalated,
02299747,LeaseLiabilities,Non-current liabilities,False,balance,,escalated,
02299747,TaxDecreaseIncreaseFromEffectRevenueExemptFromTaxation,Non-taxable income,False,movement,,escalated,
02299747,TaxDecreaseIncreaseFromEffectRevenueExemptFromTaxation,Non-taxable income,False,movement,,escalated,
02299747,PresentValueFinanceLeaseReceivablesLessor,One to two years,False,balance,,escalated,
02299747,PresentValueFinanceLeaseReceivablesLessor,One to two years,False,balance,,escalated,
02299747,LeaseLiabilities,One to two years,False,balance,,escalated,
02299747,LeaseLiabilities,One to two years,False,balance,,escalated,
02299747,SalesMarketingDistributionAverageNumberEmployees,Operations,False,balance,,escalated,
02299747,SalesMarketingDistributionAverageNumberEmployees,Operations,False,balance,,escalated,
02299747,DeferredTaxExpenseCreditRelatingToOriginationReversalTemporaryDifferences,Origination and reversal of temporary differences,False,balance,,escalated,
02299747,DeferredTaxExpenseCreditRelatingToOriginationReversalTemporaryDifferences,Origination and reversal of temporary differences,False,balance,,escalated,
02299747,OtherDeferredTaxExpenseCredit,Origination and reversal of temporary differences,False,balance,,escalated,
02299747,OtherDeferredTaxExpenseCredit,Origination and reversal of temporary differences,False,balance,,escalated,
02299747,OtherComprehensiveIncomeExpenseNetTax,Other comprehensive expense for the year,False,balance,,escalated,
02299747,OtherComprehensiveIncomeExpenseNetTax,Other comprehensive expense for the year,False,balance,,escalated,
02299747,OtherComprehensiveIncomeExpenseNetTax,Other comprehensive expense for the year,False,balance,,escalated,
02299747,OtherComprehensiveIncomeExpenseNetTax,Other comprehensive expense for the year,False,balance,,escalated,
02299747,ItemsInOtherComprehensiveIncomeThatWillNotBeReclassifiedToProfitOrLossNetTax,"Other comprehensive expense for the year, net of tax",False,balance,,escalated,
02299747,ItemsInOtherComprehensiveIncomeThatWillNotBeReclassifiedToProfitOrLossNetTax,"Other comprehensive expense for the year, net of tax",False,balance,,escalated,
02299747,OtherOperatingIncomeFormat1,Other income,False,balance,revenue.other,tier2_keyword,tier2:revenue.other:other income
02299747,OtherOperatingIncomeFormat1,Other income,False,balance,revenue.other,tier2_keyword,tier2:revenue.other:other income
02299747,IncreaseDecreaseThroughOtherChangesPropertyPlantEquipment,Other movements,False,balance,,escalated,
02299747,IncreaseDecreaseThroughOtherChangesPropertyPlantEquipment,Other movements,False,balance,,escalated,
02299747,IncreaseDecreaseThroughOtherChangesPropertyPlantEquipment,Other movements,False,balance,,escalated,
02299747,IncreaseDecreaseThroughOtherChangesPropertyPlantEquipment,Other movements,False,balance,,escalated,
02299747,OtherCreditors,Other payables,False,balance,liability.current.payables,tier2_keyword,tier2:liability.current.payables:payable
02299747,OtherCreditors,Other payables,False,balance,liability.current.payables,tier2_keyword,tier2:liability.current.payables:payable
02299747,Creditors,Other payables,False,balance,liability.current.payables,tier2_keyword,tier2:liability.current.payables:payable
02299747,Creditors,Other payables,False,balance,liability.current.payables,tier2_keyword,tier2:liability.current.payables:payable
02299747,OtherDebtors,Other receivables,False,balance,asset.current.receivables,tier2_keyword,tier2:asset.current.receivables:receivable
02299747,OtherDebtors,Other receivables,False,balance,asset.current.receivables,tier2_keyword,tier2:asset.current.receivables:receivable
02299747,OtherTaxationSocialSecurityPayable,Other taxes and social security,False,balance,,escalated,
02299747,OtherTaxationSocialSecurityPayable,Other taxes and social security,False,balance,,escalated,
02299747,DeferredTaxAssets,Other timing differences,False,balance,,escalated,
02299747,DeferredTaxAssets,Other timing differences,False,balance,,escalated,
02299747,IncreaseDecreaseInDeferredTaxAssetsRecognisedInProfitOrLoss,Other timing differences,False,movement,,escalated,
02299747,IncreaseDecreaseInDeferredTaxAssetsRecognisedInProfitOrLoss,Other timing differences,False,movement,,escalated,
02299747,PensionOtherPost-employmentBenefitCostsOtherPensionCosts,Pension costs,False,balance,,escalated,
02299747,PensionOtherPost-employmentBenefitCostsOtherPensionCosts,Pension costs,False,balance,,escalated,
02299747,DeferredTaxAssets,Pension schemes' asset,False,balance,,escalated,
02299747,DeferredTaxAssets,Pension schemes' asset,False,balance,,escalated,
02299747,IncreaseDecreaseInDeferredTaxAssetsRecognisedInProfitOrLoss,Pension schemes' asset,False,movement,,escalated,
02299747,IncreaseDecreaseInDeferredTaxAssetsRecognisedInProfitOrLoss,Pension schemes' asset,False,movement,,escalated,
02299747,Prepayments,Prepayments,False,balance,,escalated,
02299747,Prepayments,Prepayments,False,balance,,escalated,
02299747,Debtors,Prepayments,False,balance,,escalated,
02299747,Debtors,Prepayments,False,balance,,escalated,
02299747,Prepayments,Prepayments,False,balance,,escalated,
02299747,Prepayments,Prepayments,False,balance,,escalated,
02299747,Debtors,Prepayments,False,balance,,escalated,
02299747,Debtors,Prepayments,False,balance,,escalated,
02299747,ProfitLossOnOrdinaryActivitiesBeforeTax,Profit before tax,False,balance,,escalated,
02299747,ProfitLossOnOrdinaryActivitiesBeforeTax,Profit before tax,False,balance,,escalated,
02299747,ProfitLossOnOrdinaryActivitiesBeforeTax,Profit before taxation,False,balance,,escalated,
02299747,ProfitLossOnOrdinaryActivitiesBeforeTax,Profit before taxation,False,balance,,escalated,
02299747,ProfitLoss,Profit for the year,False,balance,,escalated,
02299747,ProfitLoss,Profit for the year,False,balance,,escalated,
02299747,ProfitLoss,Profit for the year,False,balance,,escalated,
02299747,ProfitLoss,Profit for the year,False,balance,,escalated,
02299747,ProfitLoss,Profit for the year,False,balance,,escalated,
02299747,ProfitLoss,Profit for the year,False,balance,,escalated,
02299747,ProfitLoss,Profit for the year,False,balance,,escalated,
02299747,ProfitLoss,Profit for the year,False,balance,,escalated,
02299747,PropertyPlantEquipmentIncludingRight-of-useAssets,"Property, plant and equipment",False,balance,,escalated,
02299747,PropertyPlantEquipmentIncludingRight-of-useAssets,"Property, plant and equipment",False,balance,,escalated,
02299747,ProvisionsForLiabilitiesBalanceSheetSubtotal,Provisions,False,balance,,escalated,
02299747,ProvisionsForLiabilitiesBalanceSheetSubtotal,Provisions,False,balance,,escalated,
02299747,AdditionalProvisionsIncreaseFromNewProvisionsRecognisedInProfitOrLoss,Provisions in the year,False,movement,,escalated,
02299747,AdditionalProvisionsIncreaseFromNewProvisionsRecognisedInProfitOrLoss,Provisions in the year,False,movement,,escalated,
02299747,AdditionalProvisionsIncreaseFromNewProvisionsRecognisedInProfitOrLoss,Provisions in the year,False,movement,,escalated,
02299747,AdditionalProvisionsIncreaseFromNewProvisionsRecognisedInProfitOrLoss,Provisions in the year,False,movement,,escalated,
02299747,UnusedProvisionReversed,Releases in the year,False,balance,,escalated,
02299747,UnusedProvisionReversed,Releases in the year,False,balance,,escalated,
02299747,UnusedProvisionReversed,Releases in the year,False,balance,,escalated,
02299747,UnusedProvisionReversed,Releases in the year,False,balance,,escalated,
02299747,DirectorRemuneration,Remuneration for qualifying services,False,balance,,escalated,
02299747,DirectorRemuneration,Remuneration for qualifying services,False,balance,,escalated,
02299747,DirectorRemuneration,Remuneration for qualifying services,False,balance,,escalated,
02299747,DirectorRemuneration,Remuneration for qualifying services,False,balance,,escalated,
02299747,DirectorRemuneration,Remuneration for qualifying services,False,balance,,escalated,
02299747,DirectorRemuneration,Remuneration for qualifying services,False,balance,,escalated,
02299747,Equity,Retained earnings,True,balance,equity.retained,tier2_keyword,tier2:equity.retained:retained
02299747,Equity,Retained earnings,True,balance,equity.retained,tier2_keyword,tier2:equity.retained:retained
02299747,Right-of-useAssetsBalanceSheetSubtotal,Right-of-use assets,False,balance,,escalated,
02299747,Right-of-useAssetsBalanceSheetSubtotal,Right-of-use assets,False,balance,,escalated,
02299747,OtherDepartmentsAverageNumberEmployees,Sales and administration,False,balance,revenue.operating,tier2_keyword,tier2:revenue.operating:sales
02299747,OtherDepartmentsAverageNumberEmployees,Sales and administration,False,balance,revenue.operating,tier2_keyword,tier2:revenue.operating:sales
02299747,EquitySettledShare-basedPaymentsIncreaseDecreaseInEquity,Settlement of share based payment charged by intercompany,False,movement,,escalated,
02299747,EquitySettledShare-basedPaymentsIncreaseDecreaseInEquity,Settlement of share based payment charged by intercompany,False,movement,,escalated,
02299747,EquitySettledShare-basedPaymentsIncreaseDecreaseInEquity,Settlement of share based payment charged by intercompany,False,movement,,escalated,
02299747,EquitySettledShare-basedPaymentsIncreaseDecreaseInEquity,Settlement of share based payment charged by intercompany,False,movement,,escalated,
02299747,EquitySettledShare-basedPaymentsIncreaseDecreaseInEquity,Share based payments,False,movement,,escalated,
02299747,EquitySettledShare-basedPaymentsIncreaseDecreaseInEquity,Share based payments,False,movement,,escalated,
02299747,StaffCostsEmployeeBenefitsExpense,Share based payments,False,balance,,escalated,
02299747,StaffCostsEmployeeBenefitsExpense,Share based payments,False,balance,,escalated,
02299747,Equity,Share premium,True,balance,,escalated,
02299747,Equity,Share premium,True,balance,,escalated,
02299747,DeferredTaxAssets,Tax losses,False,balance,,escalated,
02299747,DeferredTaxAssets,Tax losses,False,balance,,escalated,
02299747,IncreaseDecreaseInDeferredTaxAssetsRecognisedInProfitOrLoss,Tax losses,False,movement,,escalated,
02299747,IncreaseDecreaseInDeferredTaxAssetsRecognisedInProfitOrLoss,Tax losses,False,movement,,escalated,
02299747,AverageNumberEmployeesDuringPeriod,Total,False,balance,,escalated,
02299747,AverageNumberEmployeesDuringPeriod,Total,False,balance,,escalated,
02299747,TotalAssets,Total assets,True,balance,,escalated,
02299747,TotalAssets,Total assets,True,balance,,escalated,
02299747,ComprehensiveIncomeExpense,Total comprehensive income,False,balance,,escalated,
02299747,ComprehensiveIncomeExpense,Total comprehensive income,False,balance,,escalated,
02299747,ComprehensiveIncomeExpense,Total comprehensive income,False,balance,,escalated,
02299747,ComprehensiveIncomeExpense,Total comprehensive income,False,balance,,escalated,
02299747,ComprehensiveIncomeExpense,Total comprehensive income for the year,False,balance,,escalated,
02299747,ComprehensiveIncomeExpense,Total comprehensive income for the year,False,balance,,escalated,
02299747,Equity,Total equity,True,balance,,escalated,
02299747,Equity,Total equity,True,balance,,escalated,
02299747,NetFinanceIncomeCosts,Total net finance income,False,balance,,escalated,
02299747,NetFinanceIncomeCosts,Total net finance income,False,balance,,escalated,
02299747,TaxTaxCreditOnProfitOrLossOnOrdinaryActivities,Total tax charge,False,balance,,escalated,
02299747,TaxTaxCreditOnProfitOrLossOnOrdinaryActivities,Total tax charge,False,balance,,escalated,
02299747,TaxTaxCreditOnProfitOrLossOnOrdinaryActivities,Total tax charge reported in the income statement,False,balance,,escalated,
02299747,TaxTaxCreditOnProfitOrLossOnOrdinaryActivities,Total tax charge reported in the income statement,False,balance,,escalated,
02299747,IncomeTaxExpenseCreditOnComponentsOtherComprehensiveIncome,Total tax credit reported in other comprehensive income statement,False,balance,,escalated,
02299747,IncomeTaxExpenseCreditOnComponentsOtherComprehensiveIncome,Total tax credit reported in other comprehensive income statement,False,balance,,escalated,
02299747,PresentValueFinanceLeaseReceivablesLessor,Total undiscounted lease payments receivable,False,balance,asset.current.receivables,tier2_keyword,tier2:asset.current.receivables:receivable
02299747,PresentValueFinanceLeaseReceivablesLessor,Total undiscounted lease payments receivable,False,balance,asset.current.receivables,tier2_keyword,tier2:asset.current.receivables:receivable
02299747,Debtors,Trade and other receivables,False,balance,asset.current.receivables,tier2_keyword,tier2:asset.current.receivables:receivable
02299747,Debtors,Trade and other receivables,False,balance,asset.current.receivables,tier2_keyword,tier2:asset.current.receivables:receivable
02299747,Debtors,Trade and other receivables,False,balance,asset.current.receivables,tier2_keyword,tier2:asset.current.receivables:receivable
02299747,Debtors,Trade and other receivables,False,balance,asset.current.receivables,tier2_keyword,tier2:asset.current.receivables:receivable
02299747,TradeCreditorsTradePayables,Trade payables,False,balance,liability.current.payables,tier2_keyword,tier2:liability.current.payables:payable
02299747,TradeCreditorsTradePayables,Trade payables,False,balance,liability.current.payables,tier2_keyword,tier2:liability.current.payables:payable
02299747,TradeDebtorsTradeReceivables,Trade receivables,False,balance,asset.current.receivables,tier2_keyword,tier2:asset.current.receivables:receivable
02299747,TradeDebtorsTradeReceivables,Trade receivables,False,balance,asset.current.receivables,tier2_keyword,tier2:asset.current.receivables:receivable
02299747,CurrentTaxForPeriod,UK corporation tax,False,balance,,escalated,
02299747,CurrentTaxForPeriod,UK corporation tax,False,balance,,escalated,
02299747,UnearnedFinanceIncomeOnFinanceLeasesLessor,Unearned finance income,False,balance,,escalated,
02299747,UnearnedFinanceIncomeOnFinanceLeasesLessor,Unearned finance income,False,balance,,escalated,
02299747,ProvisionsUsed,Utilisation,False,balance,,escalated,
02299747,ProvisionsUsed,Utilisation,False,balance,,escalated,
02299747,ProvisionsUsed,Utilisation,False,balance,,escalated,
02299747,ProvisionsUsed,Utilisation,False,balance,,escalated,
02299747,OtherIncreaseDecreaseInContractAssets,Utilised during the year,False,movement,,escalated,
02299747,OtherIncreaseDecreaseInContractAssets,Utilised during the year,False,movement,,escalated,
02299747,WagesSalaries,Wages and salaries,False,balance,,escalated,
02299747,WagesSalaries,Wages and salaries,False,balance,,escalated,
02299747,CapitalCommitments,"m, relating to building improvement on a leased property (2024: £",False,balance,,escalated,
02497396,OwnershipInterestInSubsidiaryPercent,%,False,balance,,escalated,
02497396,OwnershipInterestInSubsidiaryPercent,%,False,balance,,escalated,
02497396,OwnershipInterestInSubsidiaryPercent,%,False,balance,,escalated,
02497396,OwnershipInterestInSubsidiaryPercent,%,False,balance,,escalated,
02497396,ApplicableTaxRate,(2024 -,False,balance,,escalated,
02497396,PensionCostsDefinedContributionPlan,(2024 -,False,balance,,escalated,
02497396,CarryingAmountInvestmentPropertyRentedToAnotherGroupEntity,(2024 - £,False,balance,,escalated,
02497396,OutstandingPre-paidContributionsToDefinedContributionPlanReportingDate,(2024 - £,False,balance,,escalated,
02497396,MinimumOperatingLeasePaymentsRecognisedAsExpense,(2024 - £,False,balance,,escalated,
02497396,CapitalCommitments,(2024 - £,False,balance,,escalated,
02497396,GainLossInCashFlowsFromChangeInDeferredItems,"(Decrease)/increase in deferred income, including government grants",False,balance,,escalated,
02497396,GainLossInCashFlowsFromChangeInDeferredItems,"(Decrease)/increase in deferred income, including government grants",False,balance,,escalated,
02497396,NumberSharesIssuedFullyPaid,"20,000",False,balance,,escalated,
02497396,Creditors,: Amounts falling due within one year,False,balance,,escalated,
02497396,Creditors,: Amounts falling due within one year,False,balance,,escalated,
02497396,Creditors,: Amounts falling due within one year,False,balance,,escalated,
02497396,Creditors,: Amounts falling due within one year,False,balance,,escalated,
02497396,DeferredTaxLiabilities,Accelerated tax depreciation,False,balance,expense.depreciation,tier2_keyword,tier2:expense.depreciation:depreciation
02497396,DeferredTaxLiabilities,Accelerated tax depreciation,False,balance,expense.depreciation,tier2_keyword,tier2:expense.depreciation:depreciation
02497396,DeferredTaxLiabilities,Accelerated tax depreciation,False,balance,expense.depreciation,tier2_keyword,tier2:expense.depreciation:depreciation
02497396,DeferredTaxLiabilities,Accelerated tax depreciation,False,balance,expense.depreciation,tier2_keyword,tier2:expense.depreciation:depreciation
02497396,OtherPayablesAccruedExpenses,Accrued expenses,False,balance,,escalated,
02497396,OtherPayablesAccruedExpenses,Accrued expenses,False,balance,,escalated,
02497396,OtherPayablesAccruedExpenses,Accrued expenses,False,balance,,escalated,
02497396,OtherPayablesAccruedExpenses,Accrued expenses,False,balance,,escalated,
02497396,AccruedIncome,Accrued income,False,balance,,escalated,
02497396,AccruedIncome,Accrued income,False,balance,,escalated,
02497396,NumberDirectorsAccruingBenefitsUnderMoneyPurchaseScheme,Accruing benefits under money purchase pension scheme,False,balance,,escalated,
02497396,NumberDirectorsAccruingBenefitsUnderMoneyPurchaseScheme,Accruing benefits under money purchase pension scheme,False,balance,,escalated,
02497396,PurchasePropertyPlantEquipment,Acquisitions of tangible assets,False,balance,,escalated,
02497396,PurchasePropertyPlantEquipment,Acquisitions of tangible assets,False,balance,,escalated,
02497396,AdditionsOtherThanThroughBusinessCombinationsPropertyPlantEquipment,Additions,False,movement,,escalated,
02497396,AdditionsOtherThanThroughBusinessCombinationsPropertyPlantEquipment,Additions,False,movement,,escalated,
02497396,AdditionsOtherThanThroughBusinessCombinationsPropertyPlantEquipment,Additions,False,movement,,escalated,
02497396,AdditionsOtherThanThroughBusinessCombinationsPropertyPlantEquipment,Additions,False,movement,,escalated,
02497396,AdditionsOtherThanThroughBusinessCombinationsPropertyPlantEquipment,Additions,False,movement,,escalated,
02497396,AdditionsOtherThanThroughBusinessCombinationsInvestmentPropertyFairValueModel,Additions,False,movement,,escalated,
02497396,AdministrationSupportAverageNumberEmployees,Administration and support,False,balance,,escalated,
02497396,AdministrationSupportAverageNumberEmployees,Administration and support,False,balance,,escalated,
02497396,AverageNumberEmployeesDuringPeriod,Administration and support,False,balance,,escalated,
02497396,AverageNumberEmployeesDuringPeriod,Administration and support,False,balance,,escalated,
02497396,AdministrativeExpenses,Administrative expenses,False,balance,expense.admin,tier2_keyword,tier2:expense.admin:administrative
02497396,AdministrativeExpenses,Administrative expenses,False,balance,expense.admin,tier2_keyword,tier2:expense.admin:administrative
02497396,AdministrativeExpenses,Administrative expenses,False,balance,expense.admin,tier2_keyword,tier2:expense.admin:administrative
02497396,AdministrativeExpenses,Administrative expenses,False,balance,expense.admin,tier2_keyword,tier2:expense.admin:administrative
02497396,AmountsOwedByRelatedParties,Amounts owed by related parties,False,balance,,escalated,
02497396,AmountsOwedByRelatedParties,Amounts owed by related parties,False,balance,,escalated,
02497396,DeferredTaxExpenseCreditRelatingToOriginationReversalTimingDifferences,Arising from origination and reversal of timing differences,False,balance,,escalated,
02497396,DeferredTaxExpenseCreditRelatingToOriginationReversalTimingDifferences,Arising from origination and reversal of timing differences,False,balance,,escalated,
02497396,Equity,At 1 January 2024,True,period_marker,,escalated,
02497396,Equity,At 1 January 2024,True,period_marker,,escalated,
02497396,Equity,At 1 January 2024,True,period_marker,,escalated,
02497396,Equity,At 1 January 2024,True,period_marker,,escalated,
02497396,Equity,At 1 January 2024,True,period_marker,,escalated,
02497396,Equity,At 1 January 2024,True,period_marker,,escalated,
02497396,Equity,At 1 January 2024,True,period_marker,,escalated,
02497396,Equity,At 1 January 2025,True,period_marker,,escalated,
02497396,Equity,At 1 January 2025,True,period_marker,,escalated,
02497396,Equity,At 1 January 2025,True,period_marker,,escalated,
02497396,Equity,At 1 January 2025,True,period_marker,,escalated,
02497396,Equity,At 1 January 2025,True,period_marker,,escalated,
02497396,Equity,At 1 January 2025,True,period_marker,,escalated,
02497396,Equity,At 1 January 2025,True,period_marker,,escalated,
02497396,PropertyPlantEquipmentGrossCost,At 1 January 2025,False,period_marker,,escalated,
02497396,PropertyPlantEquipmentGrossCost,At 1 January 2025,False,period_marker,,escalated,
02497396,PropertyPlantEquipmentGrossCost,At 1 January 2025,False,period_marker,,escalated,
02497396,PropertyPlantEquipmentGrossCost,At 1 January 2025,False,period_marker,,escalated,
02497396,PropertyPlantEquipmentGrossCost,At 1 January 2025,False,period_marker,,escalated,
02497396,AccumulatedDepreciationImpairmentPropertyPlantEquipment,At 1 January 2025,False,period_marker,,escalated,
02497396,AccumulatedDepreciationImpairmentPropertyPlantEquipment,At 1 January 2025,False,period_marker,,escalated,
02497396,AccumulatedDepreciationImpairmentPropertyPlantEquipment,At 1 January 2025,False,period_marker,,escalated,
02497396,AccumulatedDepreciationImpairmentPropertyPlantEquipment,At 1 January 2025,False,period_marker,,escalated,
02497396,AccumulatedDepreciationImpairmentPropertyPlantEquipment,At 1 January 2025,False,period_marker,,escalated,
02497396,InvestmentPropertyFairValueModel,At 1 January 2025,False,period_marker,,escalated,
02497396,InvestmentsInSubsidiaries,At 1 January 2025,False,period_marker,,escalated,
02497396,Provisions,At 1 January 2025,False,period_marker,,escalated,
02497396,Provisions,At 1 January 2025,False,period_marker,,escalated,
02497396,PropertyPlantEquipment,At 31 December 2024,False,period_marker,,escalated,
02497396,PropertyPlantEquipment,At 31 December 2024,False,period_marker,,escalated,
02497396,PropertyPlantEquipment,At 31 December 2024,False,period_marker,,escalated,
02497396,PropertyPlantEquipment,At 31 December 2024,False,period_marker,,escalated,
02497396,PropertyPlantEquipment,At 31 December 2024,False,period_marker,,escalated,
02497396,InvestmentsInSubsidiaries,At 31 December 2024,False,period_marker,,escalated,
02497396,Equity,At 31 December 2025,True,period_marker,,escalated,
02497396,Equity,At 31 December 2025,True,period_marker,,escalated,
02497396,Equity,At 31 December 2025,True,period_marker,,escalated,
02497396,Equity,At 31 December 2025,True,period_marker,,escalated,
02497396,Equity,At 31 December 2025,True,period_marker,,escalated,
02497396,Equity,At 31 December 2025,True,period_marker,,escalated,
02497396,Equity,At 31 December 2025,True,period_marker,,escalated,
02497396,PropertyPlantEquipmentGrossCost,At 31 December 2025,False,period_marker,,escalated,
02497396,PropertyPlantEquipmentGrossCost,At 31 December 2025,False,period_marker,,escalated,
02497396,PropertyPlantEquipmentGrossCost,At 31 December 2025,False,period_marker,,escalated,
02497396,PropertyPlantEquipmentGrossCost,At 31 December 2025,False,period_marker,,escalated,
02497396,PropertyPlantEquipmentGrossCost,At 31 December 2025,False,period_marker,,escalated,
02497396,AccumulatedDepreciationImpairmentPropertyPlantEquipment,At 31 December 2025,False,period_marker,,escalated,
02497396,AccumulatedDepreciationImpairmentPropertyPlantEquipment,At 31 December 2025,False,period_marker,,escalated,
02497396,AccumulatedDepreciationImpairmentPropertyPlantEquipment,At 31 December 2025,False,period_marker,,escalated,
02497396,AccumulatedDepreciationImpairmentPropertyPlantEquipment,At 31 December 2025,False,period_marker,,escalated,
02497396,AccumulatedDepreciationImpairmentPropertyPlantEquipment,At 31 December 2025,False,period_marker,,escalated,
02497396,PropertyPlantEquipment,At 31 December 2025,False,period_marker,,escalated,
02497396,PropertyPlantEquipment,At 31 December 2025,False,period_marker,,escalated,
02497396,PropertyPlantEquipment,At 31 December 2025,False,period_marker,,escalated,
02497396,PropertyPlantEquipment,At 31 December 2025,False,period_marker,,escalated,
02497396,PropertyPlantEquipment,At 31 December 2025,False,period_marker,,escalated,
02497396,InvestmentPropertyFairValueModel,At 31 December 2025,False,period_marker,,escalated,
02497396,InvestmentsInSubsidiaries,At 31 December 2025,False,period_marker,,escalated,
02497396,Provisions,At 31 December 2025,False,period_marker,,escalated,
02497396,Provisions,At 31 December 2025,False,period_marker,,escalated,
02497396,Equity,Called up share capital,True,balance,equity.capital,tier2_keyword,tier2:equity.capital:capital
02497396,Equity,Called up share capital,True,balance,equity.capital,tier2_keyword,tier2:equity.capital:capital
02497396,Equity,Called up share capital,True,balance,equity.capital,tier2_keyword,tier2:equity.capital:capital
02497396,Equity,Called up share capital,True,balance,equity.capital,tier2_keyword,tier2:equity.capital:capital
02497396,CashCashEquivalentsCashFlowValue,Cash and cash equivalents at 1 January,False,balance,asset.current.cash,tier2_keyword,tier2:asset.current.cash:cash
02497396,CashCashEquivalentsCashFlowValue,Cash and cash equivalents at 1 January,False,balance,asset.current.cash,tier2_keyword,tier2:asset.current.cash:cash
02497396,BalancesWithBanks,Cash at bank,False,balance,asset.current.cash,tier2_keyword,tier2:asset.current.cash:cash
02497396,BalancesWithBanks,Cash at bank,False,balance,asset.current.cash,tier2_keyword,tier2:asset.current.cash:cash
02497396,BalancesWithBanks,Cash at bank,False,balance,asset.current.cash,tier2_keyword,tier2:asset.current.cash:cash
02497396,BalancesWithBanks,Cash at bank,False,balance,asset.current.cash,tier2_keyword,tier2:asset.current.cash:cash
02497396,CashCashEquivalents,Cash at bank,False,balance,asset.current.cash,tier2_keyword,tier2:asset.current.cash:cash
02497396,CashCashEquivalents,Cash at bank,False,balance,asset.current.cash,tier2_keyword,tier2:asset.current.cash:cash
02497396,CashCashEquivalents,Cash at bank,False,balance,asset.current.cash,tier2_keyword,tier2:asset.current.cash:cash
02497396,CashCashEquivalents,Cash at bank,False,balance,asset.current.cash,tier2_keyword,tier2:asset.current.cash:cash
02497396,CashBankOnHand,Cash at bank and in hand,False,balance,asset.current.cash,tier2_keyword,tier2:asset.current.cash:cash
02497396,CashBankOnHand,Cash at bank and in hand,False,balance,asset.current.cash,tier2_keyword,tier2:asset.current.cash:cash
02497396,CurrentAssets,Cash at bank and in hand,True,balance,asset.current.cash,tier2_keyword,tier2:asset.current.cash:cash
02497396,CurrentAssets,Cash at bank and in hand,True,balance,asset.current.cash,tier2_keyword,tier2:asset.current.cash:cash
02497396,CashBankOnHand,Cash at bank and in hand,False,balance,asset.current.cash,tier2_keyword,tier2:asset.current.cash:cash
02497396,CashBankOnHand,Cash at bank and in hand,False,balance,asset.current.cash,tier2_keyword,tier2:asset.current.cash:cash
02497396,CurrentAssets,Cash at bank and in hand,True,balance,asset.current.cash,tier2_keyword,tier2:asset.current.cash:cash
02497396,CurrentAssets,Cash at bank and in hand,True,balance,asset.current.cash,tier2_keyword,tier2:asset.current.cash:cash
02497396,NetCashGeneratedFromOperations,Cash generated from operations,False,balance,asset.current.cash,tier2_keyword,tier2:asset.current.cash:cash
02497396,NetCashGeneratedFromOperations,Cash generated from operations,False,balance,asset.current.cash,tier2_keyword,tier2:asset.current.cash:cash
02497396,CashOnHand,Cash on hand,False,balance,asset.current.cash,tier2_keyword,tier2:asset.current.cash:cash
02497396,CashOnHand,Cash on hand,False,balance,asset.current.cash,tier2_keyword,tier2:asset.current.cash:cash
02497396,IncreaseFromDepreciationChargeForYearPropertyPlantEquipment,Charge for the year,False,movement,,escalated,
02497396,IncreaseFromDepreciationChargeForYearPropertyPlantEquipment,Charge for the year,False,movement,,escalated,
02497396,IncreaseFromDepreciationChargeForYearPropertyPlantEquipment,Charge for the year,False,movement,,escalated,
02497396,IncreaseFromDepreciationChargeForYearPropertyPlantEquipment,Charge for the year,False,movement,,escalated,
02497396,IncreaseFromDepreciationChargeForYearPropertyPlantEquipment,Charge for the year,False,movement,,escalated,
02497396,RevenueFromRenderingServices,Construction contracts,False,balance,,escalated,
02497396,RevenueFromRenderingServices,Construction contracts,False,balance,,escalated,
02497396,CompanyContributionsToMoneyPurchasePlansDirectors,Contributions paid to money purchase schemes,False,balance,,escalated,
02497396,OutstandingPre-paidContributionsToDefinedContributionPlanReportingDate,Contributions totalling,False,balance,,escalated,
02497396,FurtherItemDebtorsComponentTotalDebtors,Corporation tax,True,balance,,escalated,
02497396,FurtherItemDebtorsComponentTotalDebtors,Corporation tax,True,balance,,escalated,
02497396,Debtors,Corporation tax,False,balance,,escalated,
02497396,Debtors,Corporation tax,False,balance,,escalated,
02497396,Debtors,Corporation tax,False,balance,,escalated,
02497396,Debtors,Corporation tax,False,balance,,escalated,
02497396,TaxExpenseCreditApplicableTaxRate,Corporation tax at standard rate,False,balance,,escalated,
02497396,TaxExpenseCreditApplicableTaxRate,Corporation tax at standard rate,False,balance,,escalated,
02497396,CostSales,Cost of sales,False,balance,revenue.operating,tier2_keyword,tier2:revenue.operating:sales
02497396,CostSales,Cost of sales,False,balance,revenue.operating,tier2_keyword,tier2:revenue.operating:sales
02497396,Debtors,Debtors,False,balance,asset.current.receivables,tier2_keyword,tier2:asset.current.receivables:debtors
02497396,Debtors,Debtors,False,balance,asset.current.receivables,tier2_keyword,tier2:asset.current.receivables:debtors
02497396,Debtors,Debtors,False,balance,asset.current.receivables,tier2_keyword,tier2:asset.current.receivables:debtors
02497396,Debtors,Debtors,False,balance,asset.current.receivables,tier2_keyword,tier2:asset.current.receivables:debtors
02497396,IncreaseDecreaseInCurrentTaxFromUnrecognisedTimingDifferenceFromPriorPeriod,Decrease in UK and foreign current tax from unrecognised temporary difference from a prior period,False,movement,,escalated,
02497396,IncreaseDecreaseInCurrentTaxFromUnrecognisedTimingDifferenceFromPriorPeriod,Decrease in UK and foreign current tax from unrecognised temporary difference from a prior period,False,movement,,escalated,
02497396,GainLossInCashFlowsFromChangeInDebtorsTradeOtherReceivables,Decrease/(increase) in trade debtors,False,balance,asset.current.receivables,tier2_keyword,tier2:asset.current.receivables:debtors
02497396,GainLossInCashFlowsFromChangeInDebtorsTradeOtherReceivables,Decrease/(increase) in trade debtors,False,balance,asset.current.receivables,tier2_keyword,tier2:asset.current.receivables:debtors
02497396,DeferredIncome,Deferred income,False,balance,,escalated,
02497396,Creditors,Deferred income,False,balance,,escalated,
02497396,Creditors,Deferred income,False,balance,,escalated,
02497396,Creditors,Deferred income,False,balance,,escalated,
02497396,Creditors,Deferred income,False,balance,,escalated,
02497396,DeferredTaxAssetDebtors,Deferred tax,False,balance,,escalated,
02497396,DeferredTaxAssetDebtors,Deferred tax,False,balance,,escalated,
02497396,DeferredTaxExpenseCreditRelatingToChangesInTaxRatesOrLaws,Deferred tax expense relating to changes in tax rates or laws,False,balance,,escalated,
02497396,DeferredTaxExpenseCreditRelatingToChangesInTaxRatesOrLaws,Deferred tax expense relating to changes in tax rates or laws,False,balance,,escalated,
02497396,DepreciationAmortisationExpense,Depreciation and amortisation,False,movement,expense.depreciation,tier2_keyword,tier2:expense.depreciation:depreciation
02497396,DepreciationAmortisationExpense,Depreciation and amortisation,False,movement,expense.depreciation,tier2_keyword,tier2:expense.depreciation:depreciation
02497396,DepreciationExpensePropertyPlantEquipment,Depreciation expense,False,balance,expense.depreciation,tier2_keyword,tier2:expense.depreciation:depreciation
02497396,DepreciationExpensePropertyPlantEquipment,Depreciation expense,False,balance,expense.depreciation,tier2_keyword,tier2:expense.depreciation:depreciation
02497396,DisposalsPropertyPlantEquipment,Disposals,False,movement,,escalated,
02497396,DisposalsPropertyPlantEquipment,Disposals,False,movement,,escalated,
02497396,DisposalsPropertyPlantEquipment,Disposals,False,movement,,escalated,
02497396,DisposalsPropertyPlantEquipment,Disposals,False,movement,,escalated,
02497396,DividendsPaid,Dividends,False,balance,,escalated,
02497396,DividendsPaid,Dividends,False,balance,,escalated,
02497396,DividendsPaid,Dividends,False,balance,,escalated,
02497396,DividendsPaid,Dividends,False,balance,,escalated,
02497396,DividendsPaid,Dividends,False,balance,,escalated,
02497396,DividendsPaid,Dividends,False,balance,,escalated,
02497396,DividendsPaid,Dividends,False,balance,,escalated,
02497396,DividendsPaid,Dividends,False,balance,,escalated,
02497396,DividendsPaid,Dividends,False,balance,,escalated,
02497396,DividendsPaid,Dividends,False,balance,,escalated,
02497396,DividendsPaidClassifiedAsFinancingActivities,Dividends paid,False,balance,,escalated,
02497396,DividendsPaidClassifiedAsFinancingActivities,Dividends paid,False,balance,,escalated,
02497396,TaxIncreaseDecreaseFromEffectExpensesNotDeductibleInDeterminingTaxableProfitOrLoss,Effect of expense not deductible in determining taxable profit (tax loss),False,movement,,escalated,
02497396,TaxIncreaseDecreaseFromEffectExpensesNotDeductibleInDeterminingTaxableProfitOrLoss,Effect of expense not deductible in determining taxable profit (tax loss),False,movement,,escalated,
02497396,TaxDecreaseFromUtilisationTaxLosses,Effect of tax losses,False,movement,,escalated,
02497396,TaxDecreaseFromUtilisationTaxLosses,Effect of tax losses,False,movement,,escalated,
02497396,DisposalsDecreaseInDepreciationImpairmentPropertyPlantEquipment,Eliminated on disposal,False,movement,,escalated,
02497396,DisposalsDecreaseInDepreciationImpairmentPropertyPlantEquipment,Eliminated on disposal,False,movement,,escalated,
02497396,DisposalsDecreaseInDepreciationImpairmentPropertyPlantEquipment,Eliminated on disposal,False,movement,,escalated,
02497396,DisposalsDecreaseInDepreciationImpairmentPropertyPlantEquipment,Eliminated on disposal,False,movement,,escalated,
02497396,Equity,Equity attributable to owners of the company,True,balance,,escalated,
02497396,Equity,Equity attributable to owners of the company,True,balance,,escalated,
02497396,InterestPaidClassifiedAsOperatingActivities,Finance costs,False,balance,,escalated,
02497396,InterestPaidClassifiedAsOperatingActivities,Finance costs,False,balance,,escalated,
02497396,InterestReceivedClassifiedAsOperatingActivities,Finance income,False,balance,,escalated,
02497396,InterestReceivedClassifiedAsOperatingActivities,Finance income,False,balance,,escalated,
02497396,LossOnFinancingActivitiesDueToForeignExchangeDifferences,Foreign exchange gains/(losses),False,movement,,escalated,
02497396,LossOnFinancingActivitiesDueToForeignExchangeDifferences,Foreign exchange gains/(losses),False,movement,,escalated,
02497396,InterestPayableSimilarChargesFinanceCosts,Foreign exchange gains/(losses),False,balance,,escalated,
02497396,InterestPayableSimilarChargesFinanceCosts,Foreign exchange gains/(losses),False,balance,,escalated,
02497396,GrossAmountDueFromCustomersForConstructionContractWorkAsAsset,Gross amount due from customers for contract work,False,balance,expense.cogs,tier2_keyword,tier2:expense.cogs:custo
02497396,GrossAmountDueFromCustomersForConstructionContractWorkAsAsset,Gross amount due from customers for contract work,False,balance,expense.cogs,tier2_keyword,tier2:expense.cogs:custo
02497396,GrossProfitLoss,Gross profit,False,balance,,escalated,
02497396,GrossProfitLoss,Gross profit,False,balance,,escalated,
02497396,TaxTaxCreditOnProfitOrLossOnOrdinaryActivities,Income tax expense,False,balance,,escalated,
02497396,TaxTaxCreditOnProfitOrLossOnOrdinaryActivities,Income tax expense,False,balance,,escalated,
02497396,NetCashInflowOutflowFromOperationsBeforeMovementsInWorkingCapital,Income tax expense,False,balance,,escalated,
02497396,NetCashInflowOutflowFromOperationsBeforeMovementsInWorkingCapital,Income tax expense,False,balance,,escalated,
02497396,IncomeTaxesPaidRefundClassifiedAsOperatingActivities,Income taxes paid,False,balance,,escalated,
02497396,IncomeTaxesPaidRefundClassifiedAsOperatingActivities,Income taxes paid,False,balance,,escalated,
02497396,IncreaseDecreaseInExistingProvisions,Increase (decrease) in existing provisions,False,movement,,escalated,
02497396,IncreaseDecreaseInExistingProvisions,Increase (decrease) in existing provisions,False,movement,,escalated,
02497396,GainLossInCashFlowsFromChangeInInventories,Increase in stocks,False,balance,asset.current.inventory,tier2_keyword,tier2:asset.current.inventory:stock
02497396,GainLossInCashFlowsFromChangeInInventories,Increase in stocks,False,balance,asset.current.inventory,tier2_keyword,tier2:asset.current.inventory:stock
02497396,GainLossInCashFlowsFromChangeInCreditorsTradeOtherPayables,Increase in trade creditors,False,balance,,escalated,
02497396,GainLossInCashFlowsFromChangeInCreditorsTradeOtherPayables,Increase in trade creditors,False,balance,,escalated,
02497396,InterestExpenseOnFinancialLiabilitiesFairValueThroughProfitOrLoss,Interest expense on other finance liabilities,False,balance,expense.interest,tier2_keyword,tier2:expense.interest:interest expense
02497396,InterestExpenseOnFinancialLiabilitiesFairValueThroughProfitOrLoss,Interest expense on other finance liabilities,False,balance,expense.interest,tier2_keyword,tier2:expense.interest:interest expense
02497396,InterestIncomeOnBankDeposits,Interest income on bank deposits,False,balance,asset.current.bank,tier2_keyword,tier2:asset.current.bank:bank
02497396,InterestIncomeOnBankDeposits,Interest income on bank deposits,False,balance,asset.current.bank,tier2_keyword,tier2:asset.current.bank:bank
02497396,InterestPaidClassifiedAsFinancingActivities,Interest paid,False,balance,,escalated,
02497396,InterestPaidClassifiedAsFinancingActivities,Interest paid,False,balance,,escalated,
02497396,InterestPayableSimilarChargesFinanceCosts,Interest payable and similar charges,False,balance,liability.current.payables,tier2_keyword,tier2:liability.current.payables:payable
02497396,InterestPayableSimilarChargesFinanceCosts,Interest payable and similar charges,False,balance,liability.current.payables,tier2_keyword,tier2:liability.current.payables:payable
02497396,InterestReceivedClassifiedAsInvestingActivities,Interest received,False,balance,,escalated,
02497396,InterestReceivedClassifiedAsInvestingActivities,Interest received,False,balance,,escalated,
02497396,InvestmentProperty,Investment property,False,balance,,escalated,
02497396,InvestmentProperty,Investment property,False,balance,,escalated,
02497396,InvestmentsFixedAssets,Investments,False,balance,,escalated,
02497396,InvestmentsFixedAssets,Investments,False,balance,,escalated,
02497396,FixedAssets,Investments,True,balance,,escalated,
02497396,FixedAssets,Investments,True,balance,,escalated,
02497396,InvestmentsInSubsidiaries,Investments in subsidiaries,False,balance,,escalated,
02497396,InvestmentsInSubsidiaries,Investments in subsidiaries,False,balance,,escalated,
02497396,FutureMinimumLeasePaymentsUnderNon-cancellableOperatingLeases,Later than one year and not later than five years,False,balance,,escalated,
02497396,FutureMinimumLeasePaymentsUnderNon-cancellableOperatingLeases,Later than one year and not later than five years,False,balance,,escalated,
02497396,FutureMinimumLeasePaymentsUnderNon-cancellableOperatingLeases,Later than one year and not later than five years,False,balance,,escalated,
02497396,FutureMinimumLeasePaymentsUnderNon-cancellableOperatingLeases,Later than one year and not later than five years,False,balance,,escalated,
02497396,MinimumLeasePaymentsReceivableUnderNon-cancellableOperatingLeases,Later than one year and not later than five years,False,balance,,escalated,
02497396,MinimumLeasePaymentsReceivableUnderNon-cancellableOperatingLeases,Later than one year and not later than five years,False,balance,,escalated,
02497396,MinimumLeasePaymentsReceivableUnderNon-cancellableOperatingLeases,Later than one year and not later than five years,False,balance,,escalated,
02497396,MinimumLeasePaymentsReceivableUnderNon-cancellableOperatingLeases,Later than one year and not later than five years,False,balance,,escalated,
02497396,NetCashFlowsFromUsedInOperatingActivities,Net cash flow from operating activities,False,balance,asset.current.cash,tier2_keyword,tier2:asset.current.cash:cash
02497396,NetCashFlowsFromUsedInOperatingActivities,Net cash flow from operating activities,False,balance,asset.current.cash,tier2_keyword,tier2:asset.current.cash:cash
02497396,NetCashFlowsFromUsedInFinancingActivities,Net cash flows from financing activities,False,balance,asset.current.cash,tier2_keyword,tier2:asset.current.cash:cash
02497396,NetCashFlowsFromUsedInFinancingActivities,Net cash flows from financing activities,False,balance,asset.current.cash,tier2_keyword,tier2:asset.current.cash:cash
02497396,NetCashFlowsFromUsedInInvestingActivities,Net cash flows from investing activities,False,balance,asset.current.cash,tier2_keyword,tier2:asset.current.cash:cash
02497396,NetCashFlowsFromUsedInInvestingActivities,Net cash flows from investing activities,False,balance,asset.current.cash,tier2_keyword,tier2:asset.current.cash:cash
02497396,IncreaseDecreaseInCashCashEquivalentsBeforeForeignExchangeDifferencesChangesInConsolidation,Net increase/(decrease) in cash and cash equivalents,False,movement,asset.current.cash,tier2_keyword,tier2:asset.current.cash:cash
02497396,IncreaseDecreaseInCashCashEquivalentsBeforeForeignExchangeDifferencesChangesInConsolidation,Net increase/(decrease) in cash and cash equivalents,False,movement,asset.current.cash,tier2_keyword,tier2:asset.current.cash:cash
02497396,FutureMinimumLeasePaymentsUnderNon-cancellableOperatingLeases,Not later than one year,False,balance,,escalated,
02497396,FutureMinimumLeasePaymentsUnderNon-cancellableOperatingLeases,Not later than one year,False,balance,,escalated,
02497396,MinimumLeasePaymentsReceivableUnderNon-cancellableOperatingLeases,Not later than one year,False,balance,,escalated,
02497396,MinimumLeasePaymentsReceivableUnderNon-cancellableOperatingLeases,Not later than one year,False,balance,,escalated,
02497396,OperatingProfitLoss,Operating profit,False,balance,,escalated,
02497396,OperatingProfitLoss,Operating profit,False,balance,,escalated,
02497396,OperatingProfitLoss,Operating profit,False,balance,,escalated,
02497396,OperatingProfitLoss,Operating profit,False,balance,,escalated,
02497396,OwnershipInterestInSubsidiaryPercent,Ordinary A,False,balance,,escalated,
02497396,OwnershipInterestInSubsidiaryPercent,Ordinary A,False,balance,,escalated,
02497396,OwnershipInterestInSubsidiaryPercent,Ordinary A,False,balance,,escalated,
02497396,OwnershipInterestInSubsidiaryPercent,Ordinary A,False,balance,,escalated,
02497396,OtherCreditors,Other creditors,False,balance,,escalated,
02497396,OtherCreditors,Other creditors,False,balance,,escalated,
02497396,OtherDebtors,Other debtors,False,balance,asset.current.receivables,tier2_keyword,tier2:asset.current.receivables:debtors
02497396,OtherDebtors,Other debtors,False,balance,asset.current.receivables,tier2_keyword,tier2:asset.current.receivables:debtors
02497396,OtherDebtors,Other debtors,False,balance,asset.current.receivables,tier2_keyword,tier2:asset.current.receivables:debtors
02497396,OtherEmployeeExpense,Other employee expense,False,balance,,escalated,
02497396,OtherEmployeeExpense,Other employee expense,False,balance,,escalated,
02497396,StaffCostsEmployeeBenefitsExpense,Other employee expense,False,balance,,escalated,
02497396,StaffCostsEmployeeBenefitsExpense,Other employee expense,False,balance,,escalated,
02497396,OtherInterestReceivableSimilarIncomeFinanceIncome,Other interest receivable and similar income,False,balance,asset.current.receivables,tier2_keyword,tier2:asset.current.receivables:receivable
02497396,OtherInterestReceivableSimilarIncomeFinanceIncome,Other interest receivable and similar income,False,balance,asset.current.receivables,tier2_keyword,tier2:asset.current.receivables:receivable
02497396,OtherInterestReceivableSimilarIncomeFinanceIncome,Other interest receivable and similar income,False,balance,asset.current.receivables,tier2_keyword,tier2:asset.current.receivables:receivable
02497396,OtherInterestReceivableSimilarIncomeFinanceIncome,Other interest receivable and similar income,False,balance,asset.current.receivables,tier2_keyword,tier2:asset.current.receivables:receivable
02497396,OtherOperatingIncomeFormat1,Other operating income,False,balance,,escalated,
02497396,OtherOperatingIncomeFormat1,Other operating income,False,balance,,escalated,
02497396,OtherOperatingIncomeFormat1,Other operating income,False,balance,,escalated,
02497396,OtherInventories,Other stocks,False,balance,asset.current.inventory,tier2_keyword,tier2:asset.current.inventory:stock
02497396,OtherInventories,Other stocks,False,balance,asset.current.inventory,tier2_keyword,tier2:asset.current.inventory:stock
02497396,TotalInventories,Other stocks,True,balance,asset.current.inventory,tier2_keyword,tier2:asset.current.inventory:stock
02497396,TotalInventories,Other stocks,True,balance,asset.current.inventory,tier2_keyword,tier2:asset.current.inventory:stock
02497396,UnpaidContributionsToPensionSchemes,Outstanding defined contribution pension costs,False,balance,,escalated,
02497396,UnpaidContributionsToPensionSchemes,Outstanding defined contribution pension costs,False,balance,,escalated,
02497396,ProfitLossAttributableToOwnersParent,Owners of the company,False,balance,,escalated,
02497396,ProfitLossAttributableToOwnersParent,Owners of the company,False,balance,,escalated,
02497396,PensionCostsDefinedContributionPlan,"Pension costs, defined contribution scheme",False,balance,,escalated,
02497396,PensionCostsDefinedContributionPlan,"Pension costs, defined contribution scheme",False,balance,,escalated,
02497396,KeyManagementPersonnelCompensationPost-employmentBenefits,Post-employment benefits,False,balance,,escalated,
02497396,KeyManagementPersonnelCompensationPost-employmentBenefits,Post-employment benefits,False,balance,,escalated,
02497396,KeyManagementPersonnelCompensationTotal,Post-employment benefits,True,balance,,escalated,
02497396,KeyManagementPersonnelCompensationTotal,Post-employment benefits,True,balance,,escalated,
02497396,Prepayments,Prepayments,False,balance,,escalated,
02497396,Prepayments,Prepayments,False,balance,,escalated,
02497396,Prepayments,Prepayments,False,balance,,escalated,
02497396,Prepayments,Prepayments,False,balance,,escalated,
02497396,ProceedsFromSalesPropertyPlantEquipment,Proceeds from sale of tangible assets,False,balance,,escalated,
02497396,ProceedsFromSalesPropertyPlantEquipment,Proceeds from sale of tangible assets,False,balance,,escalated,
02497396,ProductionAverageNumberEmployees,Production,False,balance,,escalated,
02497396,ProductionAverageNumberEmployees,Production,False,balance,,escalated,
02497396,ProfitLossOnOrdinaryActivitiesBeforeTax,Profit before tax,False,balance,,escalated,
02497396,ProfitLossOnOrdinaryActivitiesBeforeTax,Profit before tax,False,balance,,escalated,
02497396,ProfitLossOnOrdinaryActivitiesBeforeTax,Profit before tax,False,balance,,escalated,
02497396,ProfitLossOnOrdinaryActivitiesBeforeTax,Profit before tax,False,balance,,escalated,
02497396,ProfitLossOnOrdinaryActivitiesBeforeTax,Profit before tax,False,balance,,escalated,
02497396,ProfitLossOnOrdinaryActivitiesBeforeTax,Profit before tax,False,balance,,escalated,
02497396,ProfitLoss,Profit for the financial year,False,balance,,escalated,
02497396,ProfitLoss,Profit for the financial year,False,balance,,escalated,
02497396,ProfitLoss,Profit for the financial year,False,balance,,escalated,
02497396,ProfitLoss,Profit for the financial year,False,balance,,escalated,
02497396,ProfitLoss,Profit for the year,False,balance,,escalated,
02497396,ProfitLoss,Profit for the year,False,balance,,escalated,
02497396,ProfitLoss,Profit for the year,False,balance,,escalated,
02497396,ProfitLoss,Profit for the year,False,balance,,escalated,
02497396,ProfitLoss,Profit for the year,False,balance,,escalated,
02497396,ProfitLoss,Profit for the year,False,balance,,escalated,
02497396,ProfitLoss,Profit for the year,False,balance,,escalated,
02497396,ProfitLoss,Profit for the year,False,balance,,escalated,
02497396,ProfitLoss,Profit for the year,False,balance,,escalated,
02497396,ProfitLoss,Profit for the year,False,balance,,escalated,
02497396,GainLossOnDisposalsPropertyPlantEquipment,"Profit on disposal of property, plant and equipment",False,movement,,escalated,
02497396,GainLossOnDisposalsPropertyPlantEquipment,"Profit on disposal of property, plant and equipment",False,movement,,escalated,
02497396,GainLossOnDisposalsPropertyPlantEquipment,Profit on disposal of tangible assets,False,movement,,escalated,
02497396,ProvisionsForLiabilitiesBalanceSheetSubtotal,Provisions for liabilities,False,balance,,escalated,
02497396,ProvisionsForLiabilitiesBalanceSheetSubtotal,Provisions for liabilities,False,balance,,escalated,
02497396,RawMaterialsConsumables,Raw materials and consumables,False,balance,,escalated,
02497396,RawMaterialsConsumables,Raw materials and consumables,False,balance,,escalated,
02497396,DirectorRemuneration,Remuneration,False,balance,,escalated,
02497396,DirectorRemuneration,Remuneration,False,balance,,escalated,
02497396,DirectorRemuneration,Remuneration,False,balance,,escalated,
02497396,DirectorRemuneration,Remuneration,False,balance,,escalated,
02497396,RentalIncomeFromInvestmentProperty,Rental income from investment property,False,balance,,escalated,
02497396,RentalIncomeFromInvestmentProperty,Rental income from investment property,False,balance,,escalated,
02497396,TurnoverRevenue,Rental income from investment property,False,balance,,escalated,
02497396,TurnoverRevenue,Rental income from investment property,False,balance,,escalated,
02497396,OtherRemainingOperatingIncome,Research and Development Expenditure Credit,False,balance,,escalated,
02497396,Equity,Retained earnings,True,balance,equity.retained,tier2_keyword,tier2:equity.retained:retained
02497396,Equity,Retained earnings,True,balance,equity.retained,tier2_keyword,tier2:equity.retained:retained
02497396,Equity,Retained earnings,True,balance,equity.retained,tier2_keyword,tier2:equity.retained:retained
02497396,Equity,Retained earnings,True,balance,equity.retained,tier2_keyword,tier2:equity.retained:retained
02497396,KeyManagementPersonnelCompensationShort-termEmployeeBenefits,Salaries and other short term employee benefits,False,balance,,escalated,
02497396,KeyManagementPersonnelCompensationShort-termEmployeeBenefits,Salaries and other short term employee benefits,False,balance,,escalated,
02497396,RevenueFromSaleGoods,Sale of goods,False,balance,,escalated,
02497396,RevenueFromSaleGoods,Sale of goods,False,balance,,escalated,
02497396,Equity,Shareholders' funds,True,balance,,escalated,
02497396,Equity,Shareholders' funds,True,balance,,escalated,
02497396,Equity,Shareholders' funds,True,balance,,escalated,
02497396,Equity,Shareholders' funds,True,balance,,escalated,
02497396,TaxationSocialSecurityPayable,Social security and other taxes,False,balance,,escalated,
02497396,TaxationSocialSecurityPayable,Social security and other taxes,False,balance,,escalated,
02497396,TaxationSocialSecurityPayable,Social security and other taxes,False,balance,,escalated,
02497396,TaxationSocialSecurityPayable,Social security and other taxes,False,balance,,escalated,
02497396,SocialSecurityCosts,Social security costs,False,balance,,escalated,
02497396,SocialSecurityCosts,Social security costs,False,balance,,escalated,
02497396,TotalInventories,Stocks,True,balance,asset.current.inventory,tier2_keyword,tier2:asset.current.inventory:stock
02497396,TotalInventories,Stocks,True,balance,asset.current.inventory,tier2_keyword,tier2:asset.current.inventory:stock
02497396,PropertyPlantEquipment,Tangible assets,False,balance,,escalated,
02497396,PropertyPlantEquipment,Tangible assets,False,balance,,escalated,
02497396,TaxIncreaseDecreaseFromEffectAdjustmentInResearchDevelopmentTaxCredit,Tax decrease from effect of adjustment in research and development tax credit,False,movement,,escalated,
02497396,TaxIncreaseDecreaseFromEffectCapitalAllowancesDepreciation,Tax decrease from effect of capital allowances and depreciation,False,movement,equity.capital,tier2_keyword,tier2:equity.capital:capital
02497396,TaxIncreaseDecreaseFromEffectCapitalAllowancesDepreciation,Tax decrease from effect of capital allowances and depreciation,False,movement,equity.capital,tier2_keyword,tier2:equity.capital:capital
02497396,TaxIncreaseDecreaseFromEffectDividendsFromCompanies,Tax decrease from other tax affects,False,movement,,escalated,
02497396,TaxIncreaseDecreaseFromEffectDividendsFromCompanies,Tax decrease from other tax affects,False,movement,,escalated,
02497396,TaxTaxCreditOnProfitOrLossOnOrdinaryActivities,Tax expense in the income statement,False,balance,,escalated,
02497396,TaxTaxCreditOnProfitOrLossOnOrdinaryActivities,Tax expense in the income statement,False,balance,,escalated,
02497396,TaxIncreaseDecreaseFromOtherShort-termTimingDifferences,Tax increase from other short-term timing differences,False,movement,,escalated,
02497396,TaxIncreaseDecreaseFromOtherShort-termTimingDifferences,Tax increase from other short-term timing differences,False,movement,,escalated,
02497396,TaxTaxCreditOnProfitOrLossOnOrdinaryActivities,Taxation,False,balance,,escalated,
02497396,TaxTaxCreditOnProfitOrLossOnOrdinaryActivities,Taxation,False,balance,,escalated,
02497396,TaxTaxCreditOnProfitOrLossOnOrdinaryActivities,Taxation,False,balance,,escalated,
02497396,TaxTaxCreditOnProfitOrLossOnOrdinaryActivities,Taxation,False,balance,,escalated,
02497396,MinimumOperatingLeasePaymentsRecognisedAsExpense,The amount of non-cancellable operating lease payments recognised as an expense during the year was £,False,balance,,escalated,
02497396,CarryingAmountInvestmentPropertyRentedToAnotherGroupEntity,The carrying amount of investment property rented to another group entity was,False,balance,,escalated,
02497396,PensionCostsDefinedContributionPlan,The group operates a defined contribution pension scheme. The pension cost charge for the year represents contributions payable by the group to the scheme and amounted to,False,balance,liability.current.payables,tier2_keyword,tier2:liability.current.payables:payable
02497396,ApplicableTaxRate,The tax on profit before tax for the year is higher than the standard rate of corporation tax in the UK (2024 - higher than the standard rate of corporation tax in the UK) of,False,balance,,escalated,
02497396,TotalAssetsLessCurrentLiabilities,Total assets less current liabilities,True,balance,,escalated,
02497396,TotalAssetsLessCurrentLiabilities,Total assets less current liabilities,True,balance,,escalated,
02497396,TaxTaxCreditOnProfitOrLossOnOrdinaryActivities,Total tax charge,False,balance,,escalated,
02497396,TaxTaxCreditOnProfitOrLossOnOrdinaryActivities,Total tax charge,False,balance,,escalated,
02497396,TradeCreditorsTradePayables,Trade creditors,False,balance,,escalated,
02497396,TradeCreditorsTradePayables,Trade creditors,False,balance,,escalated,
02497396,TradeCreditorsTradePayables,Trade creditors,False,balance,,escalated,
02497396,TradeCreditorsTradePayables,Trade creditors,False,balance,,escalated,
02497396,TradeDebtorsTradeReceivables,Trade debtors,False,balance,asset.current.receivables,tier2_keyword,tier2:asset.current.receivables:debtors
02497396,TradeDebtorsTradeReceivables,Trade debtors,False,balance,asset.current.receivables,tier2_keyword,tier2:asset.current.receivables:debtors
02497396,TradeDebtorsTradeReceivables,Trade debtors,False,balance,asset.current.receivables,tier2_keyword,tier2:asset.current.receivables:debtors
02497396,TurnoverRevenue,Turnover,False,balance,,escalated,
02497396,TurnoverRevenue,Turnover,False,balance,,escalated,
02497396,TurnoverRevenue,Turnover,False,balance,,escalated,
02497396,TurnoverRevenue,Turnover,False,balance,,escalated,
02497396,CurrentTaxForPeriod,UK corporation tax,False,balance,,escalated,
02497396,CurrentTaxForPeriod,UK corporation tax,False,balance,,escalated,
02497396,IncreaseDecreaseInCurrentTaxFromAdjustmentForPriorPeriods,UK corporation tax adjustment to prior periods,False,movement,,escalated,
02497396,IncreaseDecreaseInCurrentTaxFromAdjustmentForPriorPeriods,UK corporation tax adjustment to prior periods,False,movement,,escalated,
02497396,WagesSalaries,Wages and salaries,False,balance,,escalated,
02497396,WagesSalaries,Wages and salaries,False,balance,,escalated,
02497396,WorkInProgress,Work in progress,False,balance,,escalated,
02497396,WorkInProgress,Work in progress,False,balance,,escalated,
02497396,NetCurrentAssetsLiabilities,assets,True,balance,,escalated,
02497396,NetCurrentAssetsLiabilities,assets,True,balance,,escalated,
02497396,NetAssetsLiabilities,assets,True,balance,,escalated,
02497396,NetAssetsLiabilities,assets,True,balance,,escalated,
02497396,NetCurrentAssetsLiabilities,assets,True,balance,,escalated,
02497396,NetCurrentAssetsLiabilities,assets,True,balance,,escalated,
02497396,NetAssetsLiabilities,assets,True,balance,,escalated,
02497396,NetAssetsLiabilities,assets,True,balance,,escalated,
02497396,NumberSharesIssuedFullyPaid,each,False,balance,,escalated,
02497396,ParValueShare,of £,False,balance,,escalated,
02812527,PercentageClassShareHeldInSubsidiary,%,False,balance,,escalated,
02812527,PercentageClassShareHeldInSubsidiary,%,False,balance,,escalated,
02812527,PercentageClassShareHeldInSubsidiary,%,False,balance,,escalated,
02812527,ApplicableTaxRate,(2024 -,False,balance,,escalated,
02812527,PensionCostsDefinedContributionPlan,(2024 - £,False,balance,,escalated,
02812527,OutstandingPre-paidContributionsToDefinedContributionPlanReportingDate,(2024 - £,False,balance,,escalated,
02812527,MinimumOperatingLeasePaymentsRecognisedAsExpense,(2024 - £,False,balance,,escalated,
02812527,GainLossInCashFlowsFromChangeInDebtorsTradeOtherReceivables,(Increase)/decrease in trade debtors,False,balance,asset.current.receivables,tier2_keyword,tier2:asset.current.receivables:debtors
02812527,GainLossInCashFlowsFromChangeInDebtorsTradeOtherReceivables,(Increase)/decrease in trade debtors,False,balance,asset.current.receivables,tier2_keyword,tier2:asset.current.receivables:debtors
02812527,ProfitLossOnOrdinaryActivitiesBeforeTax,(Loss)/profit before tax,False,balance,,escalated,
02812527,ProfitLossOnOrdinaryActivitiesBeforeTax,(Loss)/profit before tax,False,balance,,escalated,
02812527,ProfitLossOnOrdinaryActivitiesBeforeTax,(Loss)/profit before tax,False,balance,,escalated,
02812527,ProfitLossOnOrdinaryActivitiesBeforeTax,(Loss)/profit before tax,False,balance,,escalated,
02812527,ProfitLoss,(Loss)/profit for the financial year,False,balance,,escalated,
02812527,ProfitLoss,(Loss)/profit for the financial year,False,balance,,escalated,
02812527,ProfitLoss,(Loss)/profit for the year,False,balance,,escalated,
02812527,ProfitLoss,(Loss)/profit for the year,False,balance,,escalated,
02812527,NumberSharesIssuedFullyPaid,"15,475",False,balance,,escalated,
02812527,AuditFeesExpenses,"23,063",False,balance,,escalated,
02812527,AuditFeesExpenses,"23,063",False,balance,,escalated,
02812527,NetCashInflowOutflowFromOperationsBeforeMovementsInWorkingCapital,"3,005",False,balance,,escalated,
02812527,NetCashInflowOutflowFromOperationsBeforeMovementsInWorkingCapital,"3,005",False,balance,,escalated,
02812527,Creditors,"8,253",False,balance,,escalated,
02812527,Creditors,"8,253",False,balance,,escalated,
02812527,Creditors,"8,253",False,balance,,escalated,
02812527,Creditors,"8,253",False,balance,,escalated,
02812527,Creditors,: Amounts falling due after more than one year,False,balance,,escalated,
02812527,Creditors,: Amounts falling due after more than one year,False,balance,,escalated,
02812527,Creditors,: Amounts falling due after more than one year,False,balance,,escalated,
02812527,Creditors,: Amounts falling due after more than one year,False,balance,,escalated,
02812527,Creditors,: Amounts falling due within one year,False,balance,,escalated,
02812527,Creditors,: Amounts falling due within one year,False,balance,,escalated,
02812527,Creditors,: Amounts falling due within one year,False,balance,,escalated,
02812527,Creditors,: Amounts falling due within one year,False,balance,,escalated,
02812527,OtherPayablesAccruedExpenses,Accrued expenses,False,balance,,escalated,
02812527,OtherPayablesAccruedExpenses,Accrued expenses,False,balance,,escalated,
02812527,OtherPayablesAccruedExpenses,Accrued expenses,False,balance,,escalated,
02812527,OtherPayablesAccruedExpenses,Accrued expenses,False,balance,,escalated,
02812527,AccruedIncome,Accrued income,False,balance,,escalated,
02812527,AccruedIncome,Accrued income,False,balance,,escalated,
02812527,AccruedIncome,Accrued income,False,balance,,escalated,
02812527,NumberDirectorsAccruingBenefitsUnderMoneyPurchaseScheme,Accruing benefits under defined contribution pension scheme,False,balance,,escalated,
02812527,NumberDirectorsAccruingBenefitsUnderMoneyPurchaseScheme,Accruing benefits under defined contribution pension scheme,False,balance,,escalated,
02812527,PurchaseIntangibleAssets,Acquisition of intangible assets,False,balance,asset.noncurrent.intangibles,tier2_keyword,tier2:asset.noncurrent.intangibles:intangible
02812527,PurchaseIntangibleAssets,Acquisition of intangible assets,False,balance,asset.noncurrent.intangibles,tier2_keyword,tier2:asset.noncurrent.intangibles:intangible
02812527,PurchaseInvestmentProperties,Acquisition of investment properties,False,balance,,escalated,
02812527,PurchasePropertyPlantEquipment,Acquisitions of tangible assets,False,balance,,escalated,
02812527,PurchasePropertyPlantEquipment,Acquisitions of tangible assets,False,balance,,escalated,
02812527,AdditionsOtherThanThroughBusinessCombinationsIntangibleAssets,Additions,False,movement,,escalated,
02812527,AdditionsOtherThanThroughBusinessCombinationsIntangibleAssets,Additions,False,movement,,escalated,
02812527,AdditionsOtherThanThroughBusinessCombinationsIntangibleAssets,Additions,False,movement,,escalated,
02812527,AdditionsOtherThanThroughBusinessCombinationsIntangibleAssets,Additions,False,movement,,escalated,
02812527,AdditionsOtherThanThroughBusinessCombinationsPropertyPlantEquipment,Additions,False,movement,,escalated,
02812527,AdditionsOtherThanThroughBusinessCombinationsPropertyPlantEquipment,Additions,False,movement,,escalated,
02812527,AdditionsOtherThanThroughBusinessCombinationsInvestmentPropertyFairValueModel,Additions,False,movement,,escalated,
02812527,AdministrativeExpenses,Administrative expenses,False,balance,expense.admin,tier2_keyword,tier2:expense.admin:administrative
02812527,AdministrativeExpenses,Administrative expenses,False,balance,expense.admin,tier2_keyword,tier2:expense.admin:administrative
02812527,IncreaseFromAmortisationChargeForYearIntangibleAssets,Amortisation charge,False,movement,,escalated,
02812527,IncreaseFromAmortisationChargeForYearIntangibleAssets,Amortisation charge,False,movement,,escalated,
02812527,IncreaseFromAmortisationChargeForYearIntangibleAssets,Amortisation charge,False,movement,,escalated,
02812527,AmortisationExpenseIntangibleAssets,Amortisation expense (included within administrative expenses),False,movement,expense.admin,tier2_keyword,tier2:expense.admin:administrative
02812527,AmortisationExpenseIntangibleAssets,Amortisation expense (included within administrative expenses),False,movement,expense.admin,tier2_keyword,tier2:expense.admin:administrative
02812527,AmountsOwedByRelatedParties,Amounts owed by related parties,False,balance,,escalated,
02812527,AmountsOwedByRelatedParties,Amounts owed by related parties,False,balance,,escalated,
02812527,AmountsOwedByRelatedParties,Amounts owed by related parties,False,balance,,escalated,
02812527,AmountsOwedByRelatedParties,Amounts owed by related parties,False,balance,,escalated,
02812527,DeferredTaxExpenseCreditRelatingToOriginationReversalTimingDifferences,Arising from origination and reversal of timing differences,False,balance,,escalated,
02812527,DeferredTaxExpenseCreditRelatingToOriginationReversalTimingDifferences,Arising from origination and reversal of timing differences,False,balance,,escalated,
02812527,Equity,At 1 January 2024,True,period_marker,,escalated,
02812527,Equity,At 1 January 2024,True,period_marker,,escalated,
02812527,Equity,At 1 January 2024,True,period_marker,,escalated,
02812527,Equity,At 1 January 2024,True,period_marker,,escalated,
02812527,Equity,At 1 January 2024,True,period_marker,,escalated,
02812527,Equity,At 1 January 2024,True,period_marker,,escalated,
02812527,Equity,At 1 January 2024,True,period_marker,,escalated,
02812527,Equity,At 1 January 2024,True,period_marker,,escalated,
02812527,Equity,At 1 January 2025,True,period_marker,,escalated,
02812527,Equity,At 1 January 2025,True,period_marker,,escalated,
02812527,Equity,At 1 January 2025,True,period_marker,,escalated,
02812527,Equity,At 1 January 2025,True,period_marker,,escalated,
02812527,Equity,At 1 January 2025,True,period_marker,,escalated,
02812527,Equity,At 1 January 2025,True,period_marker,,escalated,
02812527,Equity,At 1 January 2025,True,period_marker,,escalated,
02812527,Equity,At 1 January 2025,True,period_marker,,escalated,
02812527,IntangibleAssetsGrossCost,At 1 January 2025,False,period_marker,,escalated,
02812527,IntangibleAssetsGrossCost,At 1 January 2025,False,period_marker,,escalated,
02812527,IntangibleAssetsGrossCost,At 1 January 2025,False,period_marker,,escalated,
02812527,IntangibleAssetsGrossCost,At 1 January 2025,False,period_marker,,escalated,
02812527,IntangibleAssetsGrossCost,At 1 January 2025,False,period_marker,,escalated,
02812527,AccumulatedAmortisationImpairmentIntangibleAssets,At 1 January 2025,False,period_marker,,escalated,
02812527,AccumulatedAmortisationImpairmentIntangibleAssets,At 1 January 2025,False,period_marker,,escalated,
02812527,AccumulatedAmortisationImpairmentIntangibleAssets,At 1 January 2025,False,period_marker,,escalated,
02812527,AccumulatedAmortisationImpairmentIntangibleAssets,At 1 January 2025,False,period_marker,,escalated,
02812527,IntangibleAssetsGrossCost,At 1 January 2025,False,period_marker,,escalated,
02812527,IntangibleAssetsGrossCost,At 1 January 2025,False,period_marker,,escalated,
02812527,IntangibleAssetsGrossCost,At 1 January 2025,False,period_marker,,escalated,
02812527,IntangibleAssetsGrossCost,At 1 January 2025,False,period_marker,,escalated,
02812527,AccumulatedAmortisationImpairmentIntangibleAssets,At 1 January 2025,False,period_marker,,escalated,
02812527,AccumulatedAmortisationImpairmentIntangibleAssets,At 1 January 2025,False,period_marker,,escalated,
02812527,AccumulatedAmortisationImpairmentIntangibleAssets,At 1 January 2025,False,period_marker,,escalated,
02812527,AccumulatedAmortisationImpairmentIntangibleAssets,At 1 January 2025,False,period_marker,,escalated,
02812527,PropertyPlantEquipmentGrossCost,At 1 January 2025,False,period_marker,,escalated,
02812527,AccumulatedDepreciationImpairmentPropertyPlantEquipment,At 1 January 2025,False,period_marker,,escalated,
02812527,PropertyPlantEquipmentGrossCost,At 1 January 2025,False,period_marker,,escalated,
02812527,AccumulatedDepreciationImpairmentPropertyPlantEquipment,At 1 January 2025,False,period_marker,,escalated,
02812527,Provisions,At 1 January 2025,False,period_marker,,escalated,
02812527,Provisions,At 1 January 2025,False,period_marker,,escalated,
02812527,Provisions,At 1 January 2025,False,period_marker,,escalated,
02812527,Provisions,At 1 January 2025,False,period_marker,,escalated,
02812527,Provisions,At 1 January 2025,False,period_marker,,escalated,
02812527,InvestmentsInSubsidiaries,At 1 January 2025 and 31 December 2025,False,period_marker,,escalated,
02812527,InvestmentPropertyFairValueModel,At 31 December,False,period_marker,,escalated,
02812527,IntangibleAssets,At 31 December 2024,False,period_marker,,escalated,
02812527,IntangibleAssets,At 31 December 2024,False,period_marker,,escalated,
02812527,IntangibleAssets,At 31 December 2024,False,period_marker,,escalated,
02812527,IntangibleAssets,At 31 December 2024,False,period_marker,,escalated,
02812527,PropertyPlantEquipment,At 31 December 2024,False,period_marker,,escalated,
02812527,PropertyPlantEquipment,At 31 December 2024,False,period_marker,,escalated,
02812527,InvestmentsInSubsidiaries,At 31 December 2024,False,period_marker,,escalated,
02812527,Equity,At 31 December 2025,True,period_marker,,escalated,
02812527,Equity,At 31 December 2025,True,period_marker,,escalated,
02812527,Equity,At 31 December 2025,True,period_marker,,escalated,
02812527,Equity,At 31 December 2025,True,period_marker,,escalated,
02812527,Equity,At 31 December 2025,True,period_marker,,escalated,
02812527,Equity,At 31 December 2025,True,period_marker,,escalated,
02812527,Equity,At 31 December 2025,True,period_marker,,escalated,
02812527,Equity,At 31 December 2025,True,period_marker,,escalated,
02812527,IntangibleAssetsGrossCost,At 31 December 2025,False,period_marker,,escalated,
02812527,IntangibleAssetsGrossCost,At 31 December 2025,False,period_marker,,escalated,
02812527,IntangibleAssetsGrossCost,At 31 December 2025,False,period_marker,,escalated,
02812527,IntangibleAssetsGrossCost,At 31 December 2025,False,period_marker,,escalated,
02812527,IntangibleAssetsGrossCost,At 31 December 2025,False,period_marker,,escalated,
02812527,AccumulatedAmortisationImpairmentIntangibleAssets,At 31 December 2025,False,period_marker,,escalated,
02812527,AccumulatedAmortisationImpairmentIntangibleAssets,At 31 December 2025,False,period_marker,,escalated,
02812527,AccumulatedAmortisationImpairmentIntangibleAssets,At 31 December 2025,False,period_marker,,escalated,
02812527,AccumulatedAmortisationImpairmentIntangibleAssets,At 31 December 2025,False,period_marker,,escalated,
02812527,AccumulatedAmortisationImpairmentIntangibleAssets,At 31 December 2025,False,period_marker,,escalated,
02812527,IntangibleAssets,At 31 December 2025,False,period_marker,,escalated,
02812527,IntangibleAssets,At 31 December 2025,False,period_marker,,escalated,
02812527,IntangibleAssets,At 31 December 2025,False,period_marker,,escalated,
02812527,IntangibleAssets,At 31 December 2025,False,period_marker,,escalated,
02812527,IntangibleAssetsGrossCost,At 31 December 2025,False,period_marker,,escalated,
02812527,IntangibleAssetsGrossCost,At 31 December 2025,False,period_marker,,escalated,
02812527,IntangibleAssetsGrossCost,At 31 December 2025,False,period_marker,,escalated,
02812527,IntangibleAssetsGrossCost,At 31 December 2025,False,period_marker,,escalated,
02812527,AccumulatedAmortisationImpairmentIntangibleAssets,At 31 December 2025,False,period_marker,,escalated,
02812527,AccumulatedAmortisationImpairmentIntangibleAssets,At 31 December 2025,False,period_marker,,escalated,
02812527,AccumulatedAmortisationImpairmentIntangibleAssets,At 31 December 2025,False,period_marker,,escalated,
02812527,AccumulatedAmortisationImpairmentIntangibleAssets,At 31 December 2025,False,period_marker,,escalated,
02812527,IntangibleAssets,At 31 December 2025,False,period_marker,,escalated,
02812527,IntangibleAssets,At 31 December 2025,False,period_marker,,escalated,
02812527,PropertyPlantEquipmentGrossCost,At 31 December 2025,False,period_marker,,escalated,
02812527,AccumulatedDepreciationImpairmentPropertyPlantEquipment,At 31 December 2025,False,period_marker,,escalated,
02812527,PropertyPlantEquipment,At 31 December 2025,False,period_marker,,escalated,
02812527,PropertyPlantEquipmentGrossCost,At 31 December 2025,False,period_marker,,escalated,
02812527,AccumulatedDepreciationImpairmentPropertyPlantEquipment,At 31 December 2025,False,period_marker,,escalated,
02812527,PropertyPlantEquipment,At 31 December 2025,False,period_marker,,escalated,
02812527,InvestmentsInSubsidiaries,At 31 December 2025,False,period_marker,,escalated,
02812527,Provisions,At 31 December 2025,False,period_marker,,escalated,
02812527,Provisions,At 31 December 2025,False,period_marker,,escalated,
02812527,Provisions,At 31 December 2025,False,period_marker,,escalated,
02812527,Provisions,At 31 December 2025,False,period_marker,,escalated,
02812527,BankBorrowings,Bank borrowings,False,balance,asset.current.bank,tier2_keyword,tier2:asset.current.bank:bank
02812527,BankBorrowings,Bank borrowings,False,balance,asset.current.bank,tier2_keyword,tier2:asset.current.bank:bank
02812527,PercentageClassShareHeldInSubsidiary,"Bristol, BS1 4RW",False,balance,,escalated,
02812527,PercentageClassShareHeldInSubsidiary,"Bristol, BS1 4RW",False,balance,,escalated,
02812527,PercentageClassShareHeldInSubsidiary,"Bristol, BS1 4RW",False,balance,,escalated,
02812527,CashCashEquivalentsCashFlowValue,Cash and cash equivalents at 1 January,False,balance,asset.current.cash,tier2_keyword,tier2:asset.current.cash:cash
02812527,CashCashEquivalentsCashFlowValue,Cash and cash equivalents at 1 January,False,balance,asset.current.cash,tier2_keyword,tier2:asset.current.cash:cash
02812527,CashBankOnHand,Cash at bank and in hand,False,balance,asset.current.cash,tier2_keyword,tier2:asset.current.cash:cash
02812527,CashBankOnHand,Cash at bank and in hand,False,balance,asset.current.cash,tier2_keyword,tier2:asset.current.cash:cash
02812527,CurrentAssets,Cash at bank and in hand,True,balance,asset.current.cash,tier2_keyword,tier2:asset.current.cash:cash
02812527,CurrentAssets,Cash at bank and in hand,True,balance,asset.current.cash,tier2_keyword,tier2:asset.current.cash:cash
02812527,CashBankOnHand,Cash at bank and in hand,False,balance,asset.current.cash,tier2_keyword,tier2:asset.current.cash:cash
02812527,CashBankOnHand,Cash at bank and in hand,False,balance,asset.current.cash,tier2_keyword,tier2:asset.current.cash:cash
02812527,CurrentAssets,Cash at bank and in hand,True,balance,asset.current.cash,tier2_keyword,tier2:asset.current.cash:cash
02812527,CurrentAssets,Cash at bank and in hand,True,balance,asset.current.cash,tier2_keyword,tier2:asset.current.cash:cash
02812527,NetCashGeneratedFromOperations,Cash generated from operations,False,balance,asset.current.cash,tier2_keyword,tier2:asset.current.cash:cash
02812527,NetCashGeneratedFromOperations,Cash generated from operations,False,balance,asset.current.cash,tier2_keyword,tier2:asset.current.cash:cash
02812527,IncreaseFromDepreciationChargeForYearPropertyPlantEquipment,Charge for the year,False,movement,,escalated,
02812527,IncreaseFromDepreciationChargeForYearPropertyPlantEquipment,Charge for the year,False,movement,,escalated,
02812527,RevenueFromCommissions,Commission,False,balance,,escalated,
02812527,RevenueFromCommissions,Commission,False,balance,,escalated,
02812527,CompanyContributionsToMoneyPurchasePlansDirectors,Company contributions to defined contribution pension schemes,False,balance,,escalated,
02812527,CompanyContributionsToMoneyPurchasePlansDirectors,Company contributions to defined contribution pension schemes,False,balance,,escalated,
02812527,TaxExpenseCreditApplicableTaxRate,Corporation tax at standard rate,False,balance,,escalated,
02812527,TaxExpenseCreditApplicableTaxRate,Corporation tax at standard rate,False,balance,,escalated,
02812527,CostSales,Cost of sales,False,balance,revenue.operating,tier2_keyword,tier2:revenue.operating:sales
02812527,CostSales,Cost of sales,False,balance,revenue.operating,tier2_keyword,tier2:revenue.operating:sales
02812527,Debtors,Debtors,False,balance,asset.current.receivables,tier2_keyword,tier2:asset.current.receivables:debtors
02812527,Debtors,Debtors,False,balance,asset.current.receivables,tier2_keyword,tier2:asset.current.receivables:debtors
02812527,Debtors,Debtors,False,balance,asset.current.receivables,tier2_keyword,tier2:asset.current.receivables:debtors
02812527,Debtors,Debtors,False,balance,asset.current.receivables,tier2_keyword,tier2:asset.current.receivables:debtors
02812527,IncreaseDecreaseInCurrentTaxFromAdjustmentForPriorPeriods,Decrease in UK and foreign current tax from adjustment for prior periods,False,movement,,escalated,
02812527,IncreaseDecreaseInCurrentTaxFromAdjustmentForPriorPeriods,Decrease in UK and foreign current tax from adjustment for prior periods,False,movement,,escalated,
02812527,GainLossInCashFlowsFromChangeInCreditorsTradeOtherPayables,Decrease in trade creditors,False,balance,,escalated,
02812527,GainLossInCashFlowsFromChangeInCreditorsTradeOtherPayables,Decrease in trade creditors,False,balance,,escalated,
02812527,GainLossInCashFlowsFromChangeInInventories,Decrease/(increase) in stocks,False,balance,asset.current.inventory,tier2_keyword,tier2:asset.current.inventory:stock
02812527,GainLossInCashFlowsFromChangeInInventories,Decrease/(increase) in stocks,False,balance,asset.current.inventory,tier2_keyword,tier2:asset.current.inventory:stock
02812527,DeferredIncome,Deferred income,False,balance,,escalated,
02812527,DeferredIncome,Deferred income,False,balance,,escalated,
02812527,DeferredIncome,Deferred income,False,balance,,escalated,
02812527,DeferredIncome,Deferred income,False,balance,,escalated,
02812527,DeferredTaxAssetDebtors,Deferred tax assets,False,balance,,escalated,
02812527,DeferredTaxAssetDebtors,Deferred tax assets,False,balance,,escalated,
02812527,Debtors,Deferred tax assets,False,balance,,escalated,
02812527,Debtors,Deferred tax assets,False,balance,,escalated,
02812527,Debtors,Deferred tax assets,False,balance,,escalated,
02812527,Debtors,Deferred tax assets,False,balance,,escalated,
02812527,DeferredTaxExpenseCreditFromUnrecognisedTimingDifferenceFromPriorPeriod,Deferred tax expense from unrecognised temporary difference from a prior period,False,balance,,escalated,
02812527,DepreciationAmortisationExpense,Depreciation and amortisation,False,movement,expense.depreciation,tier2_keyword,tier2:expense.depreciation:depreciation
02812527,DepreciationAmortisationExpense,Depreciation and amortisation,False,movement,expense.depreciation,tier2_keyword,tier2:expense.depreciation:depreciation
02812527,DepreciationExpensePropertyPlantEquipment,Depreciation expense,False,balance,expense.depreciation,tier2_keyword,tier2:expense.depreciation:depreciation
02812527,DepreciationExpensePropertyPlantEquipment,Depreciation expense,False,balance,expense.depreciation,tier2_keyword,tier2:expense.depreciation:depreciation
02812527,DisposalsPropertyPlantEquipment,Disposals,False,movement,,escalated,
02812527,DisposalsPropertyPlantEquipment,Disposals,False,movement,,escalated,
02812527,DividendsPaid,Dividends,False,balance,,escalated,
02812527,DividendsPaid,Dividends,False,balance,,escalated,
02812527,DividendsPaid,Dividends,False,balance,,escalated,
02812527,DividendsPaid,Dividends,False,balance,,escalated,
02812527,DividendsPaid,Dividends,False,balance,,escalated,
02812527,DividendsPaid,Dividends,False,balance,,escalated,
02812527,DividendsPaid,Dividends,False,balance,,escalated,
02812527,DividendsPaid,Dividends,False,balance,,escalated,
02812527,DividendsPaidClassifiedAsFinancingActivities,Dividends paid,False,balance,,escalated,
02812527,DividendsPaidClassifiedAsFinancingActivities,Dividends paid,False,balance,,escalated,
02812527,TaxIncreaseDecreaseFromEffectExpensesNotDeductibleInDeterminingTaxableProfitOrLoss,Effect of expense not deductible in determining taxable profit (tax loss),False,movement,,escalated,
02812527,TaxIncreaseDecreaseFromEffectExpensesNotDeductibleInDeterminingTaxableProfitOrLoss,Effect of expense not deductible in determining taxable profit (tax loss),False,movement,,escalated,
02812527,DisposalsDecreaseInDepreciationImpairmentPropertyPlantEquipment,Eliminated on disposal,False,movement,,escalated,
02812527,DisposalsDecreaseInDepreciationImpairmentPropertyPlantEquipment,Eliminated on disposal,False,movement,,escalated,
02812527,TurnoverRevenue,Europe,False,balance,,escalated,
02812527,TurnoverRevenue,Europe,False,balance,,escalated,
02812527,TurnoverRevenue,Europe,False,balance,,escalated,
02812527,TurnoverRevenue,Europe,False,balance,,escalated,
02812527,InterestPaidClassifiedAsOperatingActivities,Finance costs,False,balance,,escalated,
02812527,InterestPaidClassifiedAsOperatingActivities,Finance costs,False,balance,,escalated,
02812527,InterestReceivedClassifiedAsOperatingActivities,Finance income,False,balance,,escalated,
02812527,InterestReceivedClassifiedAsOperatingActivities,Finance income,False,balance,,escalated,
02812527,DeferredTaxAssets,Fixed asset timing differences,False,balance,,escalated,
02812527,DeferredTaxAssets,Fixed asset timing differences,False,balance,,escalated,
02812527,DeferredTaxLiabilities,Fixed asset timing differences,False,balance,,escalated,
02812527,DeferredTaxLiabilities,Fixed asset timing differences,False,balance,,escalated,
02812527,DeferredTaxAssets,Fixed asset timing differences,False,balance,,escalated,
02812527,DeferredTaxAssets,Fixed asset timing differences,False,balance,,escalated,
02812527,DeferredTaxLiabilities,Fixed asset timing differences,False,balance,,escalated,
02812527,GainLossOnNon-financingActivitiesDueToForeignExchangeDifferencesRecognisedInProfitOrLoss,Foreign exchange (gains)/losses,False,movement,,escalated,
02812527,GainLossOnNon-financingActivitiesDueToForeignExchangeDifferencesRecognisedInProfitOrLoss,Foreign exchange (gains)/losses,False,movement,,escalated,
02812527,GrossProfitLoss,Gross profit,False,balance,,escalated,
02812527,GrossProfitLoss,Gross profit,False,balance,,escalated,
02812527,IncreaseFromImpairmentLossRecognisedInOtherComprehensiveIncomeIntangibleAssets,Impairment,False,movement,,escalated,
02812527,IncreaseFromImpairmentLossRecognisedInOtherComprehensiveIncomeIntangibleAssets,Impairment,False,movement,,escalated,
02812527,ImpairmentLossReversal,Impairment loss on assets under construction (included within administrative expenses),False,movement,expense.admin,tier2_keyword,tier2:expense.admin:administrative
02812527,TaxTaxCreditOnProfitOrLossOnOrdinaryActivities,Income tax expense,False,balance,,escalated,
02812527,TaxTaxCreditOnProfitOrLossOnOrdinaryActivities,Income tax expense,False,balance,,escalated,
02812527,IncomeTaxesPaidRefundClassifiedAsOperatingActivities,Income taxes received/(paid),False,balance,,escalated,
02812527,IncomeTaxesPaidRefundClassifiedAsOperatingActivities,Income taxes received/(paid),False,balance,,escalated,
02812527,TaxDecreaseFromTaxLossesForWhichNoDeferredTaxAssetWasRecognised,Increase from tax losses for which no deferred tax asset was recognised,False,movement,,escalated,
02812527,TaxDecreaseFromTaxLossesForWhichNoDeferredTaxAssetWasRecognised,Increase from tax losses for which no deferred tax asset was recognised,False,movement,,escalated,
02812527,IncreaseDecreaseInExistingProvisions,Increase in existing provisions,False,movement,,escalated,
02812527,IncreaseDecreaseInExistingProvisions,Increase in existing provisions,False,movement,,escalated,
02812527,GainLossInCashFlowsFromChangeInProvisions,Increase in provisions,False,balance,,escalated,
02812527,GainLossInCashFlowsFromChangeInProvisions,Increase in provisions,False,balance,,escalated,
02812527,IncreaseDecreaseInExistingProvisions,Increase/(decrease) in existing provisions,False,movement,,escalated,
02812527,IncreaseDecreaseInExistingProvisions,Increase/(decrease) in existing provisions,False,movement,,escalated,
02812527,IncreaseDecreaseInExistingProvisions,Increase/(decrease) in existing provisions,False,movement,,escalated,
02812527,IntangibleAssets,Intangible assets,False,balance,asset.noncurrent.intangibles,tier2_keyword,tier2:asset.noncurrent.intangibles:intangible
02812527,IntangibleAssets,Intangible assets,False,balance,asset.noncurrent.intangibles,tier2_keyword,tier2:asset.noncurrent.intangibles:intangible
02812527,IntangibleAssets,Intangible assets,False,balance,asset.noncurrent.intangibles,tier2_keyword,tier2:asset.noncurrent.intangibles:intangible
02812527,InterestIncomeOnBankDeposits,Interest income on bank deposits,False,balance,asset.current.bank,tier2_keyword,tier2:asset.current.bank:bank
02812527,InterestIncomeOnBankDeposits,Interest income on bank deposits,False,balance,asset.current.bank,tier2_keyword,tier2:asset.current.bank:bank
02812527,OtherInterestReceivableSimilarIncomeFinanceIncome,Interest income on bank deposits,False,balance,asset.current.bank,tier2_keyword,tier2:asset.current.bank:bank
02812527,OtherInterestReceivableSimilarIncomeFinanceIncome,Interest income on bank deposits,False,balance,asset.current.bank,tier2_keyword,tier2:asset.current.bank:bank
02812527,InterestExpenseOnBankOverdraftsBankLoansSimilarBorrowings,Interest on bank overdrafts and borrowings,False,balance,asset.current.bank,tier2_keyword,tier2:asset.current.bank:bank
02812527,InterestExpenseOnBankOverdraftsBankLoansSimilarBorrowings,Interest on bank overdrafts and borrowings,False,balance,asset.current.bank,tier2_keyword,tier2:asset.current.bank:bank
02812527,InterestPaidClassifiedAsFinancingActivities,Interest paid,False,balance,,escalated,
02812527,InterestPaidClassifiedAsFinancingActivities,Interest paid,False,balance,,escalated,
02812527,InterestPayableSimilarChargesFinanceCosts,Interest payable and similar expenses,False,balance,liability.current.payables,tier2_keyword,tier2:liability.current.payables:payable
02812527,InterestPayableSimilarChargesFinanceCosts,Interest payable and similar expenses,False,balance,liability.current.payables,tier2_keyword,tier2:liability.current.payables:payable
02812527,InterestReceivedClassifiedAsInvestingActivities,Interest received,False,balance,,escalated,
02812527,InterestReceivedClassifiedAsInvestingActivities,Interest received,False,balance,,escalated,
02812527,InvestmentProperty,Investment property,False,balance,,escalated,
02812527,FixedAssets,Investment property,True,balance,,escalated,
02812527,FixedAssets,Investment property,True,balance,,escalated,
02812527,InvestmentsFixedAssets,Investments,False,balance,,escalated,
02812527,InvestmentsFixedAssets,Investments,False,balance,,escalated,
02812527,FixedAssets,Investments,True,balance,,escalated,
02812527,FixedAssets,Investments,True,balance,,escalated,
02812527,InvestmentsInSubsidiaries,Investments in subsidiaries,False,balance,,escalated,
02812527,InvestmentsInSubsidiaries,Investments in subsidiaries,False,balance,,escalated,
02812527,FutureMinimumLeasePaymentsUnderNon-cancellableOperatingLeases,Later than five years,False,balance,,escalated,
02812527,FutureMinimumLeasePaymentsUnderNon-cancellableOperatingLeases,Later than five years,False,balance,,escalated,
02812527,FutureMinimumLeasePaymentsUnderNon-cancellableOperatingLeases,Later than five years,False,balance,,escalated,
02812527,FutureMinimumLeasePaymentsUnderNon-cancellableOperatingLeases,Later than one year and not later than five years,False,balance,,escalated,
02812527,FutureMinimumLeasePaymentsUnderNon-cancellableOperatingLeases,Later than one year and not later than five years,False,balance,,escalated,
02812527,TotalBorrowings,Loans and borrowings,True,balance,,escalated,
02812527,TotalBorrowings,Loans and borrowings,True,balance,,escalated,
02812527,TotalBorrowings,Loans and borrowings,True,balance,,escalated,
02812527,TotalBorrowings,Loans and borrowings,True,balance,,escalated,
02812527,TotalBorrowings,Loans and borrowings,True,balance,,escalated,
02812527,TotalBorrowings,Loans and borrowings,True,balance,,escalated,
02812527,ProfitLoss,Loss for the year,False,balance,,escalated,
02812527,ProfitLoss,Loss for the year,False,balance,,escalated,
02812527,GainLossOnDisposalsPropertyPlantEquipment,Loss on disposal of tangible assets,False,movement,,escalated,
02812527,GainLossOnDisposalsPropertyPlantEquipment,Loss on disposal of tangible assets,False,movement,,escalated,
02812527,NetCashFlowsFromUsedInOperatingActivities,Net cash flow from operating activities,False,balance,asset.current.cash,tier2_keyword,tier2:asset.current.cash:cash
02812527,NetCashFlowsFromUsedInOperatingActivities,Net cash flow from operating activities,False,balance,asset.current.cash,tier2_keyword,tier2:asset.current.cash:cash
02812527,NetCashFlowsFromUsedInFinancingActivities,Net cash flows from financing activities,False,balance,asset.current.cash,tier2_keyword,tier2:asset.current.cash:cash
02812527,NetCashFlowsFromUsedInFinancingActivities,Net cash flows from financing activities,False,balance,asset.current.cash,tier2_keyword,tier2:asset.current.cash:cash
02812527,NetCashFlowsFromUsedInInvestingActivities,Net cash flows from investing activities,False,balance,asset.current.cash,tier2_keyword,tier2:asset.current.cash:cash
02812527,NetCashFlowsFromUsedInInvestingActivities,Net cash flows from investing activities,False,balance,asset.current.cash,tier2_keyword,tier2:asset.current.cash:cash
02812527,NetDebtFunds,Net debt,False,balance,,escalated,
02812527,IncreaseDecreaseInNetDebtFromCashFlows,Net debt,False,movement,,escalated,
02812527,OtherItemsIncreaseDecreaseInNetDebtInPeriod,Net debt,False,movement,,escalated,
02812527,NetDebtFunds,Net debt,False,balance,,escalated,
02812527,IncreaseDecreaseInCashCashEquivalentsBeforeForeignExchangeDifferencesChangesInConsolidation,Net decrease in cash and cash equivalents,False,movement,asset.current.cash,tier2_keyword,tier2:asset.current.cash:cash
02812527,IncreaseDecreaseInCashCashEquivalentsBeforeForeignExchangeDifferencesChangesInConsolidation,Net decrease in cash and cash equivalents,False,movement,asset.current.cash,tier2_keyword,tier2:asset.current.cash:cash
02812527,FutureMinimumLeasePaymentsUnderNon-cancellableOperatingLeases,Not later than one year,False,balance,,escalated,
02812527,FutureMinimumLeasePaymentsUnderNon-cancellableOperatingLeases,Not later than one year,False,balance,,escalated,
02812527,OperatingProfitLoss,Operating (loss)/profit,False,balance,,escalated,
02812527,OperatingProfitLoss,Operating (loss)/profit,False,balance,,escalated,
02812527,TotalOperatingLeasePayments,Operating lease expense - other,True,balance,,escalated,
02812527,TotalOperatingLeasePayments,Operating lease expense - other,True,balance,,escalated,
02812527,TotalOperatingLeasePayments,Operating lease expense - property,True,balance,,escalated,
02812527,TotalOperatingLeasePayments,Operating lease expense - property,True,balance,,escalated,
02812527,OtherRemainingBorrowings,Other borrowings,False,balance,,escalated,
02812527,OtherRemainingBorrowings,Other borrowings,False,balance,,escalated,
02812527,OtherRemainingBorrowings,Other borrowings,False,balance,,escalated,
02812527,OtherRemainingBorrowings,Other borrowings,False,balance,,escalated,
02812527,OtherCreditors,Other creditors,False,balance,,escalated,
02812527,OtherCreditors,Other creditors,False,balance,,escalated,
02812527,OtherCreditors,Other creditors,False,balance,,escalated,
02812527,OtherDebtors,Other debtors,False,balance,asset.current.receivables,tier2_keyword,tier2:asset.current.receivables:debtors
02812527,OtherDebtors,Other debtors,False,balance,asset.current.receivables,tier2_keyword,tier2:asset.current.receivables:debtors
02812527,OtherDebtors,Other debtors,False,balance,asset.current.receivables,tier2_keyword,tier2:asset.current.receivables:debtors
02812527,OtherDebtors,Other debtors,False,balance,asset.current.receivables,tier2_keyword,tier2:asset.current.receivables:debtors
02812527,InterestExpenseOnFinancialLiabilitiesFairValueThroughProfitOrLoss,Other interest payable,False,balance,liability.current.payables,tier2_keyword,tier2:liability.current.payables:payable
02812527,InterestExpenseOnFinancialLiabilitiesFairValueThroughProfitOrLoss,Other interest payable,False,balance,liability.current.payables,tier2_keyword,tier2:liability.current.payables:payable
02812527,InterestPayableSimilarChargesFinanceCosts,Other interest payable,False,balance,liability.current.payables,tier2_keyword,tier2:liability.current.payables:payable
02812527,InterestPayableSimilarChargesFinanceCosts,Other interest payable,False,balance,liability.current.payables,tier2_keyword,tier2:liability.current.payables:payable
02812527,OtherInterestReceivableSimilarIncomeFinanceIncome,Other interest receivable and similar income,False,balance,asset.current.receivables,tier2_keyword,tier2:asset.current.receivables:receivable
02812527,OtherInterestReceivableSimilarIncomeFinanceIncome,Other interest receivable and similar income,False,balance,asset.current.receivables,tier2_keyword,tier2:asset.current.receivables:receivable
02812527,OtherOperatingIncomeFormat1,Other operating income,False,balance,,escalated,
02812527,OtherOperatingIncomeFormat1,Other operating income,False,balance,,escalated,
02812527,OtherRevenue,Other revenue,False,balance,revenue.operating,tier2_keyword,tier2:revenue.operating:revenue
02812527,OtherRevenue,Other revenue,False,balance,revenue.operating,tier2_keyword,tier2:revenue.operating:revenue
02812527,TurnoverRevenue,Other revenue,False,balance,revenue.operating,tier2_keyword,tier2:revenue.operating:revenue
02812527,TurnoverRevenue,Other revenue,False,balance,revenue.operating,tier2_keyword,tier2:revenue.operating:revenue
02812527,ProfitLossAttributableToOwnersParent,Owners of the company,False,balance,,escalated,
02812527,ProfitLossAttributableToOwnersParent,Owners of the company,False,balance,,escalated,
02812527,PensionCostsDefinedContributionPlan,"Pension costs, defined contribution scheme",False,balance,,escalated,
02812527,PensionCostsDefinedContributionPlan,"Pension costs, defined contribution scheme",False,balance,,escalated,
02812527,StaffCostsEmployeeBenefitsExpense,"Pension costs, defined contribution scheme",False,balance,,escalated,
02812527,StaffCostsEmployeeBenefitsExpense,"Pension costs, defined contribution scheme",False,balance,,escalated,
02812527,PensionCostsDefinedContributionPlan,"Pension costs, defined contribution scheme",False,balance,,escalated,
02812527,PensionCostsDefinedContributionPlan,"Pension costs, defined contribution scheme",False,balance,,escalated,
02812527,StaffCostsEmployeeBenefitsExpense,"Pension costs, defined contribution scheme",False,balance,,escalated,
02812527,StaffCostsEmployeeBenefitsExpense,"Pension costs, defined contribution scheme",False,balance,,escalated,
02812527,CompanyContributionsToMoneyPurchasePlansDirectors,"Pension costs, defined contribution scheme",False,balance,,escalated,
02812527,CompanyContributionsToMoneyPurchasePlansDirectors,"Pension costs, defined contribution scheme",False,balance,,escalated,
02812527,Prepayments,Prepayments,False,balance,,escalated,
02812527,Prepayments,Prepayments,False,balance,,escalated,
02812527,Prepayments,Prepayments,False,balance,,escalated,
02812527,Prepayments,Prepayments,False,balance,,escalated,
02812527,ProceedsFromSalesPropertyPlantEquipment,Proceeds from sale of tangible assets,False,balance,,escalated,
02812527,ProceedsFromSalesPropertyPlantEquipment,Proceeds from sale of tangible assets,False,balance,,escalated,
02812527,ProfitLoss,Profit for the year,False,balance,,escalated,
02812527,ProfitLoss,Profit for the year,False,balance,,escalated,
02812527,ProfitLoss,Profit for the year,False,balance,,escalated,
02812527,ProfitLoss,Profit for the year,False,balance,,escalated,
02812527,ProfitLoss,Profit for the year,False,balance,,escalated,
02812527,ProfitLoss,Profit for the year,False,balance,,escalated,
02812527,ProvisionsForLiabilitiesBalanceSheetSubtotal,Provisions for liabilities,False,balance,,escalated,
02812527,ProvisionsForLiabilitiesBalanceSheetSubtotal,Provisions for liabilities,False,balance,,escalated,
02812527,ProvisionsForLiabilitiesBalanceSheetSubtotal,Provisions for liabilities,False,balance,,escalated,
02812527,ProvisionsForLiabilitiesBalanceSheetSubtotal,Provisions for liabilities,False,balance,,escalated,
02812527,DirectorRemuneration,Remuneration,False,balance,,escalated,
02812527,DirectorRemuneration,Remuneration,False,balance,,escalated,
02812527,DirectorRemuneration,Remuneration,False,balance,,escalated,
02812527,DirectorRemuneration,Remuneration,False,balance,,escalated,
02812527,RevenueFromRenderingServices,Rendering of services,False,balance,,escalated,
02812527,RevenueFromRenderingServices,Rendering of services,False,balance,,escalated,
02812527,RepaymentsBorrowingsClassifiedAsFinancingActivities,Repayment of bank borrowing,False,balance,asset.current.bank,tier2_keyword,tier2:asset.current.bank:bank
02812527,RepaymentsBorrowingsClassifiedAsFinancingActivities,Repayment of bank borrowing,False,balance,asset.current.bank,tier2_keyword,tier2:asset.current.bank:bank
02812527,FurtherItemCashFlowFromUsedInFinancingActivitiesComponentNetCashFlowsFromUsedInFinancingActivities,Repayment of other borrowing,False,balance,,escalated,
02812527,FurtherItemCashFlowFromUsedInFinancingActivitiesComponentNetCashFlowsFromUsedInFinancingActivities,Repayment of other borrowing,False,balance,,escalated,
02812527,RevenueFromSaleGoods,Sale of goods,False,balance,,escalated,
02812527,RevenueFromSaleGoods,Sale of goods,False,balance,,escalated,
02812527,AverageNumberEmployeesDuringPeriod,"Sales, marketing and administration",False,balance,revenue.operating,tier2_keyword,tier2:revenue.operating:sales
02812527,AverageNumberEmployeesDuringPeriod,"Sales, marketing and administration",False,balance,revenue.operating,tier2_keyword,tier2:revenue.operating:sales
02812527,AverageNumberEmployeesDuringPeriod,"Sales, marketing and administration",False,balance,revenue.operating,tier2_keyword,tier2:revenue.operating:sales
02812527,AverageNumberEmployeesDuringPeriod,"Sales, marketing and administration",False,balance,revenue.operating,tier2_keyword,tier2:revenue.operating:sales
02812527,DeferredTaxAssets,Short term timing differences,False,balance,,escalated,
02812527,DeferredTaxLiabilities,Short term timing differences,False,balance,,escalated,
02812527,DeferredTaxAssets,Short term timing differences,False,balance,,escalated,
02812527,DeferredTaxLiabilities,Short term timing differences,False,balance,,escalated,
02812527,TaxationSocialSecurityPayable,Social security and other taxes,False,balance,,escalated,
02812527,TaxationSocialSecurityPayable,Social security and other taxes,False,balance,,escalated,
02812527,TaxationSocialSecurityPayable,Social security and other taxes,False,balance,,escalated,
02812527,TaxationSocialSecurityPayable,Social security and other taxes,False,balance,,escalated,
02812527,SocialSecurityCosts,Social security costs,False,balance,,escalated,
02812527,SocialSecurityCosts,Social security costs,False,balance,,escalated,
02812527,SocialSecurityCosts,Social security costs,False,balance,,escalated,
02812527,SocialSecurityCosts,Social security costs,False,balance,,escalated,
02812527,TotalInventories,Stocks,True,balance,asset.current.inventory,tier2_keyword,tier2:asset.current.inventory:stock
02812527,TotalInventories,Stocks,True,balance,asset.current.inventory,tier2_keyword,tier2:asset.current.inventory:stock
02812527,TotalInventories,Stocks,True,balance,asset.current.inventory,tier2_keyword,tier2:asset.current.inventory:stock
02812527,RentalIncomeFromSub-leases,Sub lease rental income,False,balance,,escalated,
02812527,RentalIncomeFromSub-leases,Sub lease rental income,False,balance,,escalated,
02812527,PropertyPlantEquipment,Tangible assets,False,balance,,escalated,
02812527,PropertyPlantEquipment,Tangible assets,False,balance,,escalated,
02812527,PropertyPlantEquipment,Tangible assets,False,balance,,escalated,
02812527,PropertyPlantEquipment,Tangible assets,False,balance,,escalated,
02812527,TaxTaxCreditOnProfitOrLossOnOrdinaryActivities,Tax (receipt)/expense in the profit and loss account,False,balance,,escalated,
02812527,TaxTaxCreditOnProfitOrLossOnOrdinaryActivities,Tax (receipt)/expense in the profit and loss account,False,balance,,escalated,
02812527,TaxIncreaseDecreaseFromOtherTaxEffectsTaxReconciliation,Tax decrease from other tax effects,False,movement,,escalated,
02812527,TaxIncreaseDecreaseFromOtherTaxEffectsTaxReconciliation,Tax decrease from other tax effects,False,movement,,escalated,
02812527,DeferredTaxAssets,Tax losses,False,balance,,escalated,
02812527,TaxTaxCreditOnProfitOrLossOnOrdinaryActivities,Tax on (loss)/profit,False,balance,,escalated,
02812527,TaxTaxCreditOnProfitOrLossOnOrdinaryActivities,Tax on (loss)/profit,False,balance,,escalated,
02812527,MinimumOperatingLeasePaymentsRecognisedAsExpense,The amount of non-cancellable operating lease payments recognised as an expense during the year was £,False,balance,,escalated,
02812527,ApplicableTaxRate,The tax on (loss)/profit before tax for the year is lower than the standard rate of corporation tax in the UK (2024 - lower than the standard rate of corporation tax in the UK) of,False,balance,,escalated,
02812527,TotalAssetsLessCurrentLiabilities,Total assets less current liabilities,True,balance,,escalated,
02812527,TotalAssetsLessCurrentLiabilities,Total assets less current liabilities,True,balance,,escalated,
02812527,TotalAssetsLessCurrentLiabilities,Total assets less current liabilities,True,balance,,escalated,
02812527,TotalAssetsLessCurrentLiabilities,Total assets less current liabilities,True,balance,,escalated,
02812527,TotalDeferredTaxExpenseCredit,Total deferred taxation,True,balance,,escalated,
02812527,TotalDeferredTaxExpenseCredit,Total deferred taxation,True,balance,,escalated,
02812527,TaxTaxCreditOnProfitOrLossOnOrdinaryActivities,Total tax (credit)/charge,False,balance,,escalated,
02812527,TaxTaxCreditOnProfitOrLossOnOrdinaryActivities,Total tax (credit)/charge,False,balance,,escalated,
02812527,TradeCreditorsTradePayables,Trade creditors,False,balance,,escalated,
02812527,TradeCreditorsTradePayables,Trade creditors,False,balance,,escalated,
02812527,TradeCreditorsTradePayables,Trade creditors,False,balance,,escalated,
02812527,TradeCreditorsTradePayables,Trade creditors,False,balance,,escalated,
02812527,TradeDebtorsTradeReceivables,Trade debtors,False,balance,asset.current.receivables,tier2_keyword,tier2:asset.current.receivables:debtors
02812527,TradeDebtorsTradeReceivables,Trade debtors,False,balance,asset.current.receivables,tier2_keyword,tier2:asset.current.receivables:debtors
02812527,TradeDebtorsTradeReceivables,Trade debtors,False,balance,asset.current.receivables,tier2_keyword,tier2:asset.current.receivables:debtors
02812527,TradeDebtorsTradeReceivables,Trade debtors,False,balance,asset.current.receivables,tier2_keyword,tier2:asset.current.receivables:debtors
02812527,TotalIncreaseDecreaseFromRevaluationsIntangibleAssets,Transfers between classes,True,movement,,escalated,
02812527,TotalIncreaseDecreaseFromRevaluationsIntangibleAssets,Transfers between classes,True,movement,,escalated,
02812527,TurnoverRevenue,Turnover,False,balance,,escalated,
02812527,TurnoverRevenue,Turnover,False,balance,,escalated,
02812527,TurnoverRevenue,UK,False,balance,,escalated,
02812527,TurnoverRevenue,UK,False,balance,,escalated,
02812527,CurrentTaxForPeriod,UK corporation tax,False,balance,,escalated,
02812527,CurrentTaxForPeriod,UK corporation tax,False,balance,,escalated,
02812527,IncreaseDecreaseInCurrentTaxFromAdjustmentForPriorPeriods,UK corporation tax adjustment to prior periods,False,movement,,escalated,
02812527,IncreaseDecreaseInCurrentTaxFromAdjustmentForPriorPeriods,UK corporation tax adjustment to prior periods,False,movement,,escalated,
02812527,WagesSalaries,Wages and salaries,False,balance,,escalated,
02812527,WagesSalaries,Wages and salaries,False,balance,,escalated,
02812527,WagesSalaries,Wages and salaries,False,balance,,escalated,
02812527,WagesSalaries,Wages and salaries,False,balance,,escalated,
02812527,NetCurrentAssetsLiabilities,assets,True,balance,,escalated,
02812527,NetCurrentAssetsLiabilities,assets,True,balance,,escalated,
02812527,NetAssetsLiabilities,assets,True,balance,,escalated,
02812527,NetAssetsLiabilities,assets,True,balance,,escalated,
02812527,NetAssetsLiabilities,assets,True,balance,,escalated,
02812527,NetAssetsLiabilities,assets,True,balance,,escalated,
02812527,NetCurrentAssetsLiabilities,assets/(liabilities),True,balance,,escalated,
02812527,NetCurrentAssetsLiabilities,assets/(liabilities),True,balance,,escalated,
02812527,NumberSharesIssuedFullyPaid,each,False,balance,,escalated,
02812527,ParValueShare,of £,False,balance,,escalated,
06160326,ProfitLoss,"(300,710)",False,balance,,escalated,
06160326,ComprehensiveIncomeExpense,"(300,710)",False,balance,,escalated,
06160326,RedemptionSharesDecreaseInEquity,(317),False,movement,,escalated,
06160326,RedemptionSharesDecreaseInEquity,"(4,467)",False,movement,,escalated,
06160326,PaymentsToAcquireOwnShares,"(57,744)",False,balance,,escalated,
06160326,BankOverdrafts,"(58,531)",False,balance,,escalated,
06160326,ProfitLoss,"1,182,592",False,balance,,escalated,
06160326,AccruedLiabilitiesDeferredIncome,Accruals and deferred income,False,balance,,escalated,
06160326,AccruedLiabilitiesDeferredIncome,Accruals and deferred income,False,balance,,escalated,
06160326,AccruedLiabilitiesDeferredIncome,Accruals and deferred income,False,balance,,escalated,
06160326,AccruedLiabilitiesDeferredIncome,Accruals and deferred income,False,balance,,escalated,
06160326,Creditors,Accruals and deferred income,False,balance,,escalated,
06160326,Creditors,Accruals and deferred income,False,balance,,escalated,
06160326,Creditors,Accruals and deferred income,False,balance,,escalated,
06160326,Creditors,Accruals and deferred income,False,balance,,escalated,
06160326,AdditionsOtherThanThroughBusinessCombinationsPropertyPlantEquipment,Additions,False,movement,,escalated,
06160326,AdditionsOtherThanThroughBusinessCombinationsPropertyPlantEquipment,Additions,False,movement,,escalated,
06160326,AdditionsOtherThanThroughBusinessCombinationsPropertyPlantEquipment,Additions,False,movement,,escalated,
06160326,AdditionsOtherThanThroughBusinessCombinationsPropertyPlantEquipment,Additions,False,movement,,escalated,
06160326,AdditionsOtherThanThroughBusinessCombinationsPropertyPlantEquipment,Additions,False,movement,,escalated,
06160326,AdditionsOtherThanThroughBusinessCombinationsPropertyPlantEquipment,Additions,False,movement,,escalated,
06160326,AdditionsOtherThanThroughBusinessCombinationsPropertyPlantEquipment,Additions,False,movement,,escalated,
06160326,AdditionsOtherThanThroughBusinessCombinationsPropertyPlantEquipment,Additions,False,movement,,escalated,
06160326,AdditionsOtherThanThroughBusinessCombinationsPropertyPlantEquipment,Additions,False,movement,,escalated,
06160326,AdditionsOtherThanThroughBusinessCombinationsPropertyPlantEquipment,Additions,False,movement,,escalated,
06160326,AdditionsOtherThanThroughBusinessCombinationsPropertyPlantEquipment,Additions,False,movement,,escalated,
06160326,IncreaseDecreaseInCurrentTaxFromAdjustmentForPriorPeriods,Adjustments in respect of prior periods,False,movement,,escalated,
06160326,IncreaseDecreaseInCurrentTaxFromAdjustmentForPriorPeriods,Adjustments in respect of prior periods,False,movement,,escalated,
06160326,IncreaseDecreaseInCurrentTaxFromAdjustmentForPriorPeriods,Adjustments in respect of prior years,False,movement,,escalated,
06160326,IncreaseDecreaseInCurrentTaxFromAdjustmentForPriorPeriods,Adjustments in respect of prior years,False,movement,,escalated,
06160326,AdministrativeExpenses,Administrative expenses,False,balance,expense.admin,tier2_keyword,tier2:expense.admin:administrative
06160326,AdministrativeExpenses,Administrative expenses,False,balance,expense.admin,tier2_keyword,tier2:expense.admin:administrative
06160326,AmountsOwedByGroupUndertakings,Amounts owed by group undertakings,False,balance,,escalated,
06160326,AmountsOwedByGroupUndertakings,Amounts owed by group undertakings,False,balance,,escalated,
06160326,AmountsOwedByGroupUndertakings,Amounts owed by group undertakings,False,balance,,escalated,
06160326,AmountsOwedByGroupUndertakings,Amounts owed by group undertakings,False,balance,,escalated,
06160326,PropertyPlantEquipmentGrossCost,At 1 November 2024,False,period_marker,,escalated,
06160326,PropertyPlantEquipmentGrossCost,At 1 November 2024,False,period_marker,,escalated,
06160326,PropertyPlantEquipmentGrossCost,At 1 November 2024,False,period_marker,,escalated,
06160326,PropertyPlantEquipmentGrossCost,At 1 November 2024,False,period_marker,,escalated,
06160326,PropertyPlantEquipmentGrossCost,At 1 November 2024,False,period_marker,,escalated,
06160326,PropertyPlantEquipmentGrossCost,At 1 November 2024,False,period_marker,,escalated,
06160326,AccumulatedDepreciationImpairmentPropertyPlantEquipment,At 1 November 2024,False,period_marker,,escalated,
06160326,AccumulatedDepreciationImpairmentPropertyPlantEquipment,At 1 November 2024,False,period_marker,,escalated,
06160326,AccumulatedDepreciationImpairmentPropertyPlantEquipment,At 1 November 2024,False,period_marker,,escalated,
06160326,AccumulatedDepreciationImpairmentPropertyPlantEquipment,At 1 November 2024,False,period_marker,,escalated,
06160326,AccumulatedDepreciationImpairmentPropertyPlantEquipment,At 1 November 2024,False,period_marker,,escalated,
06160326,AccumulatedDepreciationImpairmentPropertyPlantEquipment,At 1 November 2024,False,period_marker,,escalated,
06160326,PropertyPlantEquipmentGrossCost,At 1 November 2024,False,period_marker,,escalated,
06160326,PropertyPlantEquipmentGrossCost,At 1 November 2024,False,period_marker,,escalated,
06160326,PropertyPlantEquipmentGrossCost,At 1 November 2024,False,period_marker,,escalated,
06160326,PropertyPlantEquipmentGrossCost,At 1 November 2024,False,period_marker,,escalated,
06160326,PropertyPlantEquipmentGrossCost,At 1 November 2024,False,period_marker,,escalated,
06160326,AccumulatedDepreciationImpairmentPropertyPlantEquipment,At 1 November 2024,False,period_marker,,escalated,
06160326,AccumulatedDepreciationImpairmentPropertyPlantEquipment,At 1 November 2024,False,period_marker,,escalated,
06160326,AccumulatedDepreciationImpairmentPropertyPlantEquipment,At 1 November 2024,False,period_marker,,escalated,
06160326,AccumulatedDepreciationImpairmentPropertyPlantEquipment,At 1 November 2024,False,period_marker,,escalated,
06160326,AccumulatedDepreciationImpairmentPropertyPlantEquipment,At 1 November 2024,False,period_marker,,escalated,
06160326,PropertyPlantEquipment,At 31 October 2024,False,period_marker,,escalated,
06160326,PropertyPlantEquipment,At 31 October 2024,False,period_marker,,escalated,
06160326,PropertyPlantEquipment,At 31 October 2024,False,period_marker,,escalated,
06160326,PropertyPlantEquipment,At 31 October 2024,False,period_marker,,escalated,
06160326,PropertyPlantEquipment,At 31 October 2024,False,period_marker,,escalated,
06160326,PropertyPlantEquipment,At 31 October 2024,False,period_marker,,escalated,
06160326,PropertyPlantEquipment,At 31 October 2024,False,period_marker,,escalated,
06160326,PropertyPlantEquipment,At 31 October 2024,False,period_marker,,escalated,
06160326,PropertyPlantEquipment,At 31 October 2024,False,period_marker,,escalated,
06160326,PropertyPlantEquipment,At 31 October 2024,False,period_marker,,escalated,
06160326,PropertyPlantEquipment,At 31 October 2024,False,period_marker,,escalated,
06160326,PropertyPlantEquipmentGrossCost,At 31 October 2025,False,period_marker,,escalated,
06160326,PropertyPlantEquipmentGrossCost,At 31 October 2025,False,period_marker,,escalated,
06160326,PropertyPlantEquipmentGrossCost,At 31 October 2025,False,period_marker,,escalated,
06160326,PropertyPlantEquipmentGrossCost,At 31 October 2025,False,period_marker,,escalated,
06160326,PropertyPlantEquipmentGrossCost,At 31 October 2025,False,period_marker,,escalated,
06160326,PropertyPlantEquipmentGrossCost,At 31 October 2025,False,period_marker,,escalated,
06160326,AccumulatedDepreciationImpairmentPropertyPlantEquipment,At 31 October 2025,False,period_marker,,escalated,
06160326,AccumulatedDepreciationImpairmentPropertyPlantEquipment,At 31 October 2025,False,period_marker,,escalated,
06160326,AccumulatedDepreciationImpairmentPropertyPlantEquipment,At 31 October 2025,False,period_marker,,escalated,
06160326,AccumulatedDepreciationImpairmentPropertyPlantEquipment,At 31 October 2025,False,period_marker,,escalated,
06160326,AccumulatedDepreciationImpairmentPropertyPlantEquipment,At 31 October 2025,False,period_marker,,escalated,
06160326,AccumulatedDepreciationImpairmentPropertyPlantEquipment,At 31 October 2025,False,period_marker,,escalated,
06160326,PropertyPlantEquipment,At 31 October 2025,False,period_marker,,escalated,
06160326,PropertyPlantEquipment,At 31 October 2025,False,period_marker,,escalated,
06160326,PropertyPlantEquipment,At 31 October 2025,False,period_marker,,escalated,
06160326,PropertyPlantEquipment,At 31 October 2025,False,period_marker,,escalated,
06160326,PropertyPlantEquipment,At 31 October 2025,False,period_marker,,escalated,
06160326,PropertyPlantEquipment,At 31 October 2025,False,period_marker,,escalated,
06160326,PropertyPlantEquipmentGrossCost,At 31 October 2025,False,period_marker,,escalated,
06160326,PropertyPlantEquipmentGrossCost,At 31 October 2025,False,period_marker,,escalated,
06160326,PropertyPlantEquipmentGrossCost,At 31 October 2025,False,period_marker,,escalated,
06160326,PropertyPlantEquipmentGrossCost,At 31 October 2025,False,period_marker,,escalated,
06160326,PropertyPlantEquipmentGrossCost,At 31 October 2025,False,period_marker,,escalated,
06160326,AccumulatedDepreciationImpairmentPropertyPlantEquipment,At 31 October 2025,False,period_marker,,escalated,
06160326,AccumulatedDepreciationImpairmentPropertyPlantEquipment,At 31 October 2025,False,period_marker,,escalated,
06160326,AccumulatedDepreciationImpairmentPropertyPlantEquipment,At 31 October 2025,False,period_marker,,escalated,
06160326,AccumulatedDepreciationImpairmentPropertyPlantEquipment,At 31 October 2025,False,period_marker,,escalated,
06160326,AccumulatedDepreciationImpairmentPropertyPlantEquipment,At 31 October 2025,False,period_marker,,escalated,
06160326,PropertyPlantEquipment,At 31 October 2025,False,period_marker,,escalated,
06160326,PropertyPlantEquipment,At 31 October 2025,False,period_marker,,escalated,
06160326,PropertyPlantEquipment,At 31 October 2025,False,period_marker,,escalated,
06160326,PropertyPlantEquipment,At 31 October 2025,False,period_marker,,escalated,
06160326,PropertyPlantEquipment,At 31 October 2025,False,period_marker,,escalated,
06160326,Equity,Balance at 1 November 2023,True,period_marker,,escalated,
06160326,Equity,Balance at 1 November 2023,True,period_marker,,escalated,
06160326,Equity,Balance at 1 November 2023,True,period_marker,,escalated,
06160326,Equity,Balance at 1 November 2023,True,period_marker,,escalated,
06160326,Equity,Balance at 31 October 2024,True,period_marker,,escalated,
06160326,Equity,Balance at 31 October 2024,True,period_marker,,escalated,
06160326,Equity,Balance at 31 October 2024,True,period_marker,,escalated,
06160326,Equity,Balance at 31 October 2024,True,period_marker,,escalated,
06160326,Equity,Balance at 31 October 2024,True,period_marker,,escalated,
06160326,Equity,Balance at 31 October 2025,True,period_marker,,escalated,
06160326,Equity,Balance at 31 October 2025,True,period_marker,,escalated,
06160326,Equity,Balance at 31 October 2025,True,period_marker,,escalated,
06160326,Equity,Balance at 31 October 2025,True,period_marker,,escalated,
06160326,Equity,Balance at 31 October 2025,True,period_marker,,escalated,
06160326,BankBorrowings,Bank loans,False,balance,asset.current.bank,tier2_keyword,tier2:asset.current.bank:bank
06160326,BankBorrowings,Bank loans,False,balance,asset.current.bank,tier2_keyword,tier2:asset.current.bank:bank
06160326,BankBorrowings,Bank loans,False,balance,asset.current.bank,tier2_keyword,tier2:asset.current.bank:bank
06160326,BankBorrowings,Bank loans,False,balance,asset.current.bank,tier2_keyword,tier2:asset.current.bank:bank
06160326,BankBorrowingsOverdrafts,Bank loans and overdrafts,False,balance,asset.current.bank,tier2_keyword,tier2:asset.current.bank:bank
06160326,BankBorrowingsOverdrafts,Bank loans and overdrafts,False,balance,asset.current.bank,tier2_keyword,tier2:asset.current.bank:bank
06160326,BankBorrowingsOverdrafts,Bank loans and overdrafts,False,balance,asset.current.bank,tier2_keyword,tier2:asset.current.bank:bank
06160326,BankBorrowingsOverdrafts,Bank loans and overdrafts,False,balance,asset.current.bank,tier2_keyword,tier2:asset.current.bank:bank
06160326,BankBorrowingsOverdrafts,Bank loans and overdrafts,False,balance,asset.current.bank,tier2_keyword,tier2:asset.current.bank:bank
06160326,BankBorrowingsOverdrafts,Bank loans and overdrafts,False,balance,asset.current.bank,tier2_keyword,tier2:asset.current.bank:bank
06160326,BankBorrowingsOverdrafts,Bank loans and overdrafts,False,balance,asset.current.bank,tier2_keyword,tier2:asset.current.bank:bank
06160326,BankBorrowingsOverdrafts,Bank loans and overdrafts,False,balance,asset.current.bank,tier2_keyword,tier2:asset.current.bank:bank
06160326,BankOverdrafts,Bank overdrafts,False,balance,asset.current.bank,tier2_keyword,tier2:asset.current.bank:bank
06160326,BankOverdrafts,Bank overdrafts,False,balance,asset.current.bank,tier2_keyword,tier2:asset.current.bank:bank
06160326,BankOverdrafts,Bank overdrafts,False,balance,asset.current.bank,tier2_keyword,tier2:asset.current.bank:bank
06160326,BankOverdrafts,Bank overdrafts,False,balance,asset.current.bank,tier2_keyword,tier2:asset.current.bank:bank
06160326,BankOverdrafts,Bank overdrafts,False,balance,asset.current.bank,tier2_keyword,tier2:asset.current.bank:bank
06160326,Equity,Called up share capital,True,balance,equity.capital,tier2_keyword,tier2:equity.capital:capital
06160326,Equity,Called up share capital,True,balance,equity.capital,tier2_keyword,tier2:equity.capital:capital
06160326,Equity,Called up share capital,True,balance,equity.capital,tier2_keyword,tier2:equity.capital:capital
06160326,Equity,Called up share capital,True,balance,equity.capital,tier2_keyword,tier2:equity.capital:capital
06160326,Equity,Capital redemption reserve,True,balance,equity.capital,tier2_keyword,tier2:equity.capital:capital
06160326,Equity,Capital redemption reserve,True,balance,equity.capital,tier2_keyword,tier2:equity.capital:capital
06160326,Equity,Capital redemption reserve,True,balance,equity.capital,tier2_keyword,tier2:equity.capital:capital
06160326,Equity,Capital redemption reserve,True,balance,equity.capital,tier2_keyword,tier2:equity.capital:capital
06160326,CashCashEquivalents,Cash and cash equivalents at beginning of year,False,balance,asset.current.cash,tier2_keyword,tier2:asset.current.cash:cash
06160326,CashCashEquivalents,Cash and cash equivalents at beginning of year,False,balance,asset.current.cash,tier2_keyword,tier2:asset.current.cash:cash
06160326,CashCashEquivalents,Cash and cash equivalents at end of year,False,balance,asset.current.cash,tier2_keyword,tier2:asset.current.cash:cash
06160326,CashCashEquivalents,Cash and cash equivalents at end of year,False,balance,asset.current.cash,tier2_keyword,tier2:asset.current.cash:cash
06160326,CashBankOnHand,Cash at bank and in hand,False,balance,asset.current.cash,tier2_keyword,tier2:asset.current.cash:cash
06160326,CashBankOnHand,Cash at bank and in hand,False,balance,asset.current.cash,tier2_keyword,tier2:asset.current.cash:cash
06160326,CurrentAssets,Cash at bank and in hand,True,balance,asset.current.cash,tier2_keyword,tier2:asset.current.cash:cash
06160326,CurrentAssets,Cash at bank and in hand,True,balance,asset.current.cash,tier2_keyword,tier2:asset.current.cash:cash
06160326,CashBankOnHand,Cash at bank and in hand,False,balance,asset.current.cash,tier2_keyword,tier2:asset.current.cash:cash
06160326,CashBankOnHand,Cash at bank and in hand,False,balance,asset.current.cash,tier2_keyword,tier2:asset.current.cash:cash
06160326,CurrentAssets,Cash at bank and in hand,True,balance,asset.current.cash,tier2_keyword,tier2:asset.current.cash:cash
06160326,CurrentAssets,Cash at bank and in hand,True,balance,asset.current.cash,tier2_keyword,tier2:asset.current.cash:cash
06160326,NetCashGeneratedFromOperations,Cash generated from operations,False,balance,asset.current.cash,tier2_keyword,tier2:asset.current.cash:cash
06160326,NetCashGeneratedFromOperations,Cash generated from operations,False,balance,asset.current.cash,tier2_keyword,tier2:asset.current.cash:cash
06160326,CorporationTaxPayable,Corporation tax payable,False,balance,liability.current.payables,tier2_keyword,tier2:liability.current.payables:payable
06160326,CorporationTaxPayable,Corporation tax payable,False,balance,liability.current.payables,tier2_keyword,tier2:liability.current.payables:payable
06160326,CorporationTaxPayable,Corporation tax payable,False,balance,liability.current.payables,tier2_keyword,tier2:liability.current.payables:payable
06160326,CorporationTaxPayable,Corporation tax payable,False,balance,liability.current.payables,tier2_keyword,tier2:liability.current.payables:payable
06160326,CostSales,Cost of sales,False,balance,revenue.operating,tier2_keyword,tier2:revenue.operating:sales
06160326,CostSales,Cost of sales,False,balance,revenue.operating,tier2_keyword,tier2:revenue.operating:sales
06160326,Creditors,Creditors: amounts falling due after more than one year,False,balance,,escalated,
06160326,Creditors,Creditors: amounts falling due after more than one year,False,balance,,escalated,
06160326,Creditors,Creditors: amounts falling due within one year,False,balance,,escalated,
06160326,Creditors,Creditors: amounts falling due within one year,False,balance,,escalated,
06160326,FinanceLeaseLiabilitiesPresentValueTotal,Current liabilities,True,balance,,escalated,
06160326,FinanceLeaseLiabilitiesPresentValueTotal,Current liabilities,True,balance,,escalated,
06160326,FinanceLeaseLiabilitiesPresentValueTotal,Current liabilities,True,balance,,escalated,
06160326,FinanceLeaseLiabilitiesPresentValueTotal,Current liabilities,True,balance,,escalated,
06160326,Debtors,Debtors,False,balance,asset.current.receivables,tier2_keyword,tier2:asset.current.receivables:debtors
06160326,Debtors,Debtors,False,balance,asset.current.receivables,tier2_keyword,tier2:asset.current.receivables:debtors
06160326,Debtors,Debtors,False,balance,asset.current.receivables,tier2_keyword,tier2:asset.current.receivables:debtors
06160326,Debtors,Debtors,False,balance,asset.current.receivables,tier2_keyword,tier2:asset.current.receivables:debtors
06160326,DeferredTaxExpenseCreditFromUnrecognisedTimingDifferenceFromPriorPeriod,Deferred tax adjustments in respect of prior years,False,balance,,escalated,
06160326,DeferredTaxExpenseCreditFromUnrecognisedTimingDifferenceFromPriorPeriod,Deferred tax adjustments in respect of prior years,False,balance,,escalated,
06160326,TaxationIncludingDeferredTaxationBalanceSheetSubtotal,Deferred tax liability,False,balance,,escalated,
06160326,TaxationIncludingDeferredTaxationBalanceSheetSubtotal,Deferred tax liability,False,balance,,escalated,
06160326,TaxationIncludingDeferredTaxationBalanceSheetSubtotal,Deferred tax liability,False,balance,,escalated,
06160326,TaxationIncludingDeferredTaxationBalanceSheetSubtotal,Deferred tax liability,False,balance,,escalated,
06160326,IncreaseFromDepreciationChargeForYearPropertyPlantEquipment,Depreciation charged in the year,False,movement,expense.depreciation,tier2_keyword,tier2:expense.depreciation:depreciation
06160326,IncreaseFromDepreciationChargeForYearPropertyPlantEquipment,Depreciation charged in the year,False,movement,expense.depreciation,tier2_keyword,tier2:expense.depreciation:depreciation
06160326,IncreaseFromDepreciationChargeForYearPropertyPlantEquipment,Depreciation charged in the year,False,movement,expense.depreciation,tier2_keyword,tier2:expense.depreciation:depreciation
06160326,IncreaseFromDepreciationChargeForYearPropertyPlantEquipment,Depreciation charged in the year,False,movement,expense.depreciation,tier2_keyword,tier2:expense.depreciation:depreciation
06160326,IncreaseFromDepreciationChargeForYearPropertyPlantEquipment,Depreciation charged in the year,False,movement,expense.depreciation,tier2_keyword,tier2:expense.depreciation:depreciation
06160326,IncreaseFromDepreciationChargeForYearPropertyPlantEquipment,Depreciation charged in the year,False,movement,expense.depreciation,tier2_keyword,tier2:expense.depreciation:depreciation
06160326,IncreaseFromDepreciationChargeForYearPropertyPlantEquipment,Depreciation charged in the year,False,movement,expense.depreciation,tier2_keyword,tier2:expense.depreciation:depreciation
06160326,IncreaseFromDepreciationChargeForYearPropertyPlantEquipment,Depreciation charged in the year,False,movement,expense.depreciation,tier2_keyword,tier2:expense.depreciation:depreciation
06160326,IncreaseFromDepreciationChargeForYearPropertyPlantEquipment,Depreciation charged in the year,False,movement,expense.depreciation,tier2_keyword,tier2:expense.depreciation:depreciation
06160326,IncreaseFromDepreciationChargeForYearPropertyPlantEquipment,Depreciation charged in the year,False,movement,expense.depreciation,tier2_keyword,tier2:expense.depreciation:depreciation
06160326,IncreaseFromDepreciationChargeForYearPropertyPlantEquipment,Depreciation charged in the year,False,movement,expense.depreciation,tier2_keyword,tier2:expense.depreciation:depreciation
06160326,OtherDisposalsPropertyPlantEquipment,Disposals,False,movement,,escalated,
06160326,OtherDisposalsPropertyPlantEquipment,Disposals,False,movement,,escalated,
06160326,OtherDisposalsPropertyPlantEquipment,Disposals,False,movement,,escalated,
06160326,OtherDisposalsPropertyPlantEquipment,Disposals,False,movement,,escalated,
06160326,OtherDisposalsPropertyPlantEquipment,Disposals,False,movement,,escalated,
06160326,OtherDisposalsPropertyPlantEquipment,Disposals,False,movement,,escalated,
06160326,DividendsPaidToOwnersParentClassifiedAsFinancingActivities,Dividends paid to equity shareholders,False,balance,,escalated,
06160326,DividendsPaidToOwnersParentClassifiedAsFinancingActivities,Dividends paid to equity shareholders,False,balance,,escalated,
06160326,OtherDisposalsDecreaseInDepreciationImpairmentPropertyPlantEquipment,Eliminated in respect of disposals,False,movement,,escalated,
06160326,OtherDisposalsDecreaseInDepreciationImpairmentPropertyPlantEquipment,Eliminated in respect of disposals,False,movement,,escalated,
06160326,OtherDisposalsDecreaseInDepreciationImpairmentPropertyPlantEquipment,Eliminated in respect of disposals,False,movement,,escalated,
06160326,OtherDisposalsDecreaseInDepreciationImpairmentPropertyPlantEquipment,Eliminated in respect of disposals,False,movement,,escalated,
06160326,OtherDisposalsDecreaseInDepreciationImpairmentPropertyPlantEquipment,Eliminated in respect of disposals,False,movement,,escalated,
06160326,OtherDisposalsDecreaseInDepreciationImpairmentPropertyPlantEquipment,Eliminated in respect of disposals,False,movement,,escalated,
06160326,PercentageClassShareHeldInSubsidiary,England & Wales,False,balance,,escalated,
06160326,PercentageClassShareHeldInSubsidiary,England & Wales,False,balance,,escalated,
06160326,InterestPayableSimilarChargesFinanceCosts,Finance costs,False,balance,,escalated,
06160326,InterestPayableSimilarChargesFinanceCosts,Finance costs,False,balance,,escalated,
06160326,FinanceLeasePaymentsOwingMinimumGross,In two to five years,False,balance,,escalated,
06160326,FinanceLeasePaymentsOwingMinimumGross,In two to five years,False,balance,,escalated,
06160326,FinanceLeasePaymentsOwingMinimumGross,In two to five years,False,balance,,escalated,
06160326,FinanceLeasePaymentsOwingMinimumGross,In two to five years,False,balance,,escalated,
06160326,IncomeTaxesPaidRefundClassifiedAsOperatingActivities,Income taxes (paid)/refunded,False,balance,,escalated,
06160326,IncomeTaxesPaidRefundClassifiedAsOperatingActivities,Income taxes (paid)/refunded,False,balance,,escalated,
06160326,InterestIncomeOnBankDeposits,Interest on bank deposits,False,balance,asset.current.bank,tier2_keyword,tier2:asset.current.bank:bank
06160326,InterestIncomeOnBankDeposits,Interest on bank deposits,False,balance,asset.current.bank,tier2_keyword,tier2:asset.current.bank:bank
06160326,InterestPaidClassifiedAsOperatingActivities,Interest paid,False,balance,,escalated,
06160326,InterestPaidClassifiedAsOperatingActivities,Interest paid,False,balance,,escalated,
06160326,InterestPayableSimilarChargesFinanceCosts,Interest payable and similar expenses,False,balance,liability.current.payables,tier2_keyword,tier2:liability.current.payables:payable
06160326,InterestPayableSimilarChargesFinanceCosts,Interest payable and similar expenses,False,balance,liability.current.payables,tier2_keyword,tier2:liability.current.payables:payable
06160326,OtherInterestReceivableSimilarIncomeFinanceIncome,Interest receivable and similar income,False,balance,asset.current.receivables,tier2_keyword,tier2:asset.current.receivables:receivable
06160326,OtherInterestReceivableSimilarIncomeFinanceIncome,Interest receivable and similar income,False,balance,asset.current.receivables,tier2_keyword,tier2:asset.current.receivables:receivable
06160326,InterestReceivedClassifiedAsInvestingActivities,Interest received,False,balance,,escalated,
06160326,InterestReceivedClassifiedAsInvestingActivities,Interest received,False,balance,,escalated,
06160326,NetFinanceIncomeCosts,Investment income,False,balance,,escalated,
06160326,NetFinanceIncomeCosts,Investment income,False,balance,,escalated,
06160326,InvestmentsFixedAssets,Investments,False,balance,,escalated,
06160326,InvestmentsFixedAssets,Investments,False,balance,,escalated,
06160326,FixedAssets,Investments,True,balance,,escalated,
06160326,FixedAssets,Investments,True,balance,,escalated,
06160326,InvestmentsInSubsidiaries,Investments in subsidiaries,False,balance,,escalated,
06160326,InvestmentsInSubsidiaries,Investments in subsidiaries,False,balance,,escalated,
06160326,InvestmentsInSubsidiaries,Investments in subsidiaries,False,balance,,escalated,
06160326,InvestmentsInSubsidiaries,Investments in subsidiaries,False,balance,,escalated,
06160326,CarryingAmountUnderCostModelRevaluedAssetsPropertyPlantEquipment,Motor vehicles,False,balance,,escalated,
06160326,CarryingAmountUnderCostModelRevaluedAssetsPropertyPlantEquipment,Motor vehicles,False,balance,,escalated,
06160326,CarryingAmountUnderCostModelRevaluedAssetsPropertyPlantEquipment,Motor vehicles,False,balance,,escalated,
06160326,CarryingAmountUnderCostModelRevaluedAssetsPropertyPlantEquipment,Motor vehicles,False,balance,,escalated,
06160326,NetAssetsLiabilities,Net assets,True,balance,,escalated,
06160326,NetAssetsLiabilities,Net assets,True,balance,,escalated,
06160326,NetAssetsLiabilities,Net assets,True,balance,,escalated,
06160326,NetAssetsLiabilities,Net assets,True,balance,,escalated,
06160326,NetCurrentAssetsLiabilities,Net current assets,True,balance,,escalated,
06160326,NetCurrentAssetsLiabilities,Net current assets,True,balance,,escalated,
06160326,NetCurrentAssetsLiabilities,Net current assets,True,balance,,escalated,
06160326,NetCurrentAssetsLiabilities,Net current assets,True,balance,,escalated,
06160326,FinanceLeaseLiabilitiesPresentValueTotal,Non-current liabilities,True,balance,,escalated,
06160326,FinanceLeaseLiabilitiesPresentValueTotal,Non-current liabilities,True,balance,,escalated,
06160326,FinanceLeaseLiabilitiesPresentValueTotal,Non-current liabilities,True,balance,,escalated,
06160326,FinanceLeaseLiabilitiesPresentValueTotal,Non-current liabilities,True,balance,,escalated,
06160326,FinanceLeaseLiabilitiesPresentValueTotal,Obligations under finance leases,True,balance,,escalated,
06160326,FinanceLeaseLiabilitiesPresentValueTotal,Obligations under finance leases,True,balance,,escalated,
06160326,FinanceLeaseLiabilitiesPresentValueTotal,Obligations under finance leases,True,balance,,escalated,
06160326,FinanceLeaseLiabilitiesPresentValueTotal,Obligations under finance leases,True,balance,,escalated,
06160326,FinanceLeaseLiabilitiesPresentValueTotal,Obligations under finance leases,True,balance,,escalated,
06160326,FinanceLeaseLiabilitiesPresentValueTotal,Obligations under finance leases,True,balance,,escalated,
06160326,FinanceLeaseLiabilitiesPresentValueTotal,Obligations under finance leases,True,balance,,escalated,
06160326,FinanceLeaseLiabilitiesPresentValueTotal,Obligations under finance leases,True,balance,,escalated,
06160326,DeferredTaxExpenseCreditRelatingToOriginationReversalTimingDifferences,Origination and reversal of timing differences,False,balance,,escalated,
06160326,DeferredTaxExpenseCreditRelatingToOriginationReversalTimingDifferences,Origination and reversal of timing differences,False,balance,,escalated,
06160326,OtherRemainingBorrowings,Other borrowings,False,balance,,escalated,
06160326,OtherRemainingBorrowings,Other borrowings,False,balance,,escalated,
06160326,OtherRemainingBorrowings,Other borrowings,False,balance,,escalated,
06160326,OtherRemainingBorrowings,Other borrowings,False,balance,,escalated,
06160326,FurtherItemDebtorsComponentTotalDebtors,Other debtors,True,balance,asset.current.receivables,tier2_keyword,tier2:asset.current.receivables:debtors
06160326,FurtherItemDebtorsComponentTotalDebtors,Other debtors,True,balance,asset.current.receivables,tier2_keyword,tier2:asset.current.receivables:debtors
06160326,FurtherItemDebtorsComponentTotalDebtors,Other debtors,True,balance,asset.current.receivables,tier2_keyword,tier2:asset.current.receivables:debtors
06160326,FurtherItemDebtorsComponentTotalDebtors,Other debtors,True,balance,asset.current.receivables,tier2_keyword,tier2:asset.current.receivables:debtors
06160326,OtherOperatingIncomeFormat1,Other operating income,False,balance,,escalated,
06160326,OtherOperatingIncomeFormat1,Other operating income,False,balance,,escalated,
06160326,FurtherItemTaxIncreaseDecreaseComponentAdjustingItems,Other permanent differences,False,balance,,escalated,
06160326,FurtherItemTaxIncreaseDecreaseComponentAdjustingItems,Other permanent differences,False,balance,,escalated,
06160326,OtherTaxationSocialSecurityPayable,Other taxation and social security,False,balance,,escalated,
06160326,OtherTaxationSocialSecurityPayable,Other taxation and social security,False,balance,,escalated,
06160326,OtherTaxationSocialSecurityPayable,Other taxation and social security,False,balance,,escalated,
06160326,OtherTaxationSocialSecurityPayable,Other taxation and social security,False,balance,,escalated,
06160326,TotalBorrowings,Payable after one year,True,balance,liability.current.payables,tier2_keyword,tier2:liability.current.payables:payable
06160326,TotalBorrowings,Payable after one year,True,balance,liability.current.payables,tier2_keyword,tier2:liability.current.payables:payable
06160326,TotalBorrowings,Payable after one year,True,balance,liability.current.payables,tier2_keyword,tier2:liability.current.payables:payable
06160326,TotalBorrowings,Payable after one year,True,balance,liability.current.payables,tier2_keyword,tier2:liability.current.payables:payable
06160326,TotalBorrowings,Payable within one year,True,balance,liability.current.payables,tier2_keyword,tier2:liability.current.payables:payable
06160326,TotalBorrowings,Payable within one year,True,balance,liability.current.payables,tier2_keyword,tier2:liability.current.payables:payable
06160326,TotalBorrowings,Payable within one year,True,balance,liability.current.payables,tier2_keyword,tier2:liability.current.payables:payable
06160326,TotalBorrowings,Payable within one year,True,balance,liability.current.payables,tier2_keyword,tier2:liability.current.payables:payable
06160326,PensionOtherPost-employmentBenefitCostsOtherPensionCosts,Pension costs,False,balance,,escalated,
06160326,PensionOtherPost-employmentBenefitCostsOtherPensionCosts,Pension costs,False,balance,,escalated,
06160326,PensionOtherPost-employmentBenefitCostsOtherPensionCosts,Pension costs,False,balance,,escalated,
06160326,PensionOtherPost-employmentBenefitCostsOtherPensionCosts,Pension costs,False,balance,,escalated,
06160326,StaffCostsEmployeeBenefitsExpense,Pension costs,False,balance,,escalated,
06160326,StaffCostsEmployeeBenefitsExpense,Pension costs,False,balance,,escalated,
06160326,StaffCostsEmployeeBenefitsExpense,Pension costs,False,balance,,escalated,
06160326,StaffCostsEmployeeBenefitsExpense,Pension costs,False,balance,,escalated,
06160326,TaxIncreaseDecreaseFromEffectCapitalAllowancesDepreciation,Permanent capital allowances in excess of depreciation,False,movement,equity.capital,tier2_keyword,tier2:equity.capital:capital
06160326,TaxIncreaseDecreaseFromEffectCapitalAllowancesDepreciation,Permanent capital allowances in excess of depreciation,False,movement,equity.capital,tier2_keyword,tier2:equity.capital:capital
06160326,CarryingAmountUnderCostModelRevaluedAssetsPropertyPlantEquipment,Plant and equipment,False,balance,,escalated,
06160326,CarryingAmountUnderCostModelRevaluedAssetsPropertyPlantEquipment,Plant and equipment,False,balance,,escalated,
06160326,CarryingAmountUnderCostModelRevaluedAssetsPropertyPlantEquipment,Plant and equipment,False,balance,,escalated,
06160326,CarryingAmountUnderCostModelRevaluedAssetsPropertyPlantEquipment,Plant and equipment,False,balance,,escalated,
06160326,CumulativePreferenceShareDividendsUnpaid,Preference dividends payable,False,balance,liability.current.payables,tier2_keyword,tier2:liability.current.payables:payable
06160326,CumulativePreferenceShareDividendsUnpaid,Preference dividends payable,False,balance,liability.current.payables,tier2_keyword,tier2:liability.current.payables:payable
06160326,CumulativePreferenceShareDividendsUnpaid,Preference dividends payable,False,balance,liability.current.payables,tier2_keyword,tier2:liability.current.payables:payable
06160326,CumulativePreferenceShareDividendsUnpaid,Preference dividends payable,False,balance,liability.current.payables,tier2_keyword,tier2:liability.current.payables:payable
06160326,RedeemablePreferenceSharesLiability,Preference shares,False,balance,,escalated,
06160326,RedeemablePreferenceSharesLiability,Preference shares,False,balance,,escalated,
06160326,RedeemablePreferenceSharesLiability,Preference shares,False,balance,,escalated,
06160326,RedeemablePreferenceSharesLiability,Preference shares,False,balance,,escalated,
06160326,PrepaymentsAccruedIncome,Prepayments and accrued income,False,balance,,escalated,
06160326,PrepaymentsAccruedIncome,Prepayments and accrued income,False,balance,,escalated,
06160326,PrepaymentsAccruedIncome,Prepayments and accrued income,False,balance,,escalated,
06160326,PrepaymentsAccruedIncome,Prepayments and accrued income,False,balance,,escalated,
06160326,Equity,Profit and loss reserves,True,balance,equity.reserves,tier2_keyword,tier2:equity.reserves:reserve
06160326,Equity,Profit and loss reserves,True,balance,equity.reserves,tier2_keyword,tier2:equity.reserves:reserve
06160326,Equity,Profit and loss reserves,True,balance,equity.reserves,tier2_keyword,tier2:equity.reserves:reserve
06160326,Equity,Profit and loss reserves,True,balance,equity.reserves,tier2_keyword,tier2:equity.reserves:reserve
06160326,ProfitLossOnOrdinaryActivitiesBeforeTax,Profit before taxation,False,balance,,escalated,
06160326,ProfitLossOnOrdinaryActivitiesBeforeTax,Profit before taxation,False,balance,,escalated,
06160326,ProfitLoss,Profit for the financial year,False,balance,,escalated,
06160326,ProfitLoss,Profit for the financial year,False,balance,,escalated,
06160326,PaymentsToAcquireOwnShares,Purchase of treasury shares,False,balance,,escalated,
06160326,PaymentsToAcquireOwnShares,Purchase of treasury shares,False,balance,,escalated,
06160326,TotalIncreaseDecreaseFromRevaluationsPropertyPlantEquipment,Revaluation,True,movement,,escalated,
06160326,TotalIncreaseDecreaseFromRevaluationsPropertyPlantEquipment,Revaluation,True,movement,,escalated,
06160326,TotalIncreaseDecreaseFromRevaluationsPropertyPlantEquipment,Revaluation,True,movement,,escalated,
06160326,TotalIncreaseDecreaseFromRevaluationsPropertyPlantEquipment,Revaluation,True,movement,,escalated,
06160326,TotalIncreaseDecreaseFromRevaluationsPropertyPlantEquipment,Revaluation,True,movement,,escalated,
06160326,TotalIncreaseDecreaseFromRevaluationsPropertyPlantEquipment,Revaluation,True,movement,,escalated,
06160326,RevaluationsIncreaseDecreaseInDepreciationImpairmentPropertyPlantEquipment,Revaluation,False,movement,,escalated,
06160326,RevaluationsIncreaseDecreaseInDepreciationImpairmentPropertyPlantEquipment,Revaluation,False,movement,,escalated,
06160326,RevaluationsIncreaseDecreaseInDepreciationImpairmentPropertyPlantEquipment,Revaluation,False,movement,,escalated,
06160326,RevaluationsIncreaseDecreaseInDepreciationImpairmentPropertyPlantEquipment,Revaluation,False,movement,,escalated,
06160326,RevaluationsIncreaseDecreaseInDepreciationImpairmentPropertyPlantEquipment,Revaluation,False,movement,,escalated,
06160326,RevaluationsIncreaseDecreaseInDepreciationImpairmentPropertyPlantEquipment,Revaluation,False,movement,,escalated,
06160326,TotalIncreaseDecreaseFromRevaluationsPropertyPlantEquipment,Revaluation,True,movement,,escalated,
06160326,TotalIncreaseDecreaseFromRevaluationsPropertyPlantEquipment,Revaluation,True,movement,,escalated,
06160326,TotalIncreaseDecreaseFromRevaluationsPropertyPlantEquipment,Revaluation,True,movement,,escalated,
06160326,TotalIncreaseDecreaseFromRevaluationsPropertyPlantEquipment,Revaluation,True,movement,,escalated,
06160326,TotalIncreaseDecreaseFromRevaluationsPropertyPlantEquipment,Revaluation,True,movement,,escalated,
06160326,RevaluationsIncreaseDecreaseInDepreciationImpairmentPropertyPlantEquipment,Revaluation,False,movement,,escalated,
06160326,RevaluationsIncreaseDecreaseInDepreciationImpairmentPropertyPlantEquipment,Revaluation,False,movement,,escalated,
06160326,RevaluationsIncreaseDecreaseInDepreciationImpairmentPropertyPlantEquipment,Revaluation,False,movement,,escalated,
06160326,RevaluationsIncreaseDecreaseInDepreciationImpairmentPropertyPlantEquipment,Revaluation,False,movement,,escalated,
06160326,RevaluationsIncreaseDecreaseInDepreciationImpairmentPropertyPlantEquipment,Revaluation,False,movement,,escalated,
06160326,GainLossOnRevaluationPropertyPlantEquipmentBeforeTaxInOtherComprehensiveIncome,Revaluation of tangible fixed assets,False,movement,,escalated,
06160326,GainLossOnRevaluationPropertyPlantEquipmentBeforeTaxInOtherComprehensiveIncome,Revaluation of tangible fixed assets,False,movement,,escalated,
06160326,GainLossOnRevaluationPropertyPlantEquipmentBeforeTaxInOtherComprehensiveIncome,Revaluation of tangible fixed assets,False,movement,,escalated,
06160326,Equity,Revaluation reserve,True,balance,equity.reserves,tier2_keyword,tier2:equity.reserves:reserve
06160326,Equity,Revaluation reserve,True,balance,equity.reserves,tier2_keyword,tier2:equity.reserves:reserve
06160326,Equity,Revaluation reserve,True,balance,equity.reserves,tier2_keyword,tier2:equity.reserves:reserve
06160326,Equity,Revaluation reserve,True,balance,equity.reserves,tier2_keyword,tier2:equity.reserves:reserve
06160326,Equity,Share premium account,True,balance,,escalated,
06160326,Equity,Share premium account,True,balance,,escalated,
06160326,PropertyPlantEquipment,Tangible assets,False,balance,,escalated,
06160326,PropertyPlantEquipment,Tangible assets,False,balance,,escalated,
06160326,FixedAssets,Tangible assets,True,balance,,escalated,
06160326,FixedAssets,Tangible assets,True,balance,,escalated,
06160326,PropertyPlantEquipment,Tangible assets,False,balance,,escalated,
06160326,PropertyPlantEquipment,Tangible assets,False,balance,,escalated,
06160326,FurtherItemTaxIncreaseDecreaseComponentAdjustingItems,Tax at marginal rate,False,balance,,escalated,
06160326,FurtherItemTaxIncreaseDecreaseComponentAdjustingItems,Tax at marginal rate,False,balance,,escalated,
06160326,FurtherItemTaxIncreaseDecreaseComponentAdjustingItems,Tax at marginal rate,False,balance,,escalated,
06160326,FurtherItemTaxIncreaseDecreaseComponentAdjustingItems,Tax at marginal rate,False,balance,,escalated,
06160326,TaxIncreaseDecreaseFromEffectExpensesNotDeductibleInDeterminingTaxableProfitOrLoss,Tax effect of expenses that are not deductible in determining taxable profit,False,movement,,escalated,
06160326,TaxIncreaseDecreaseFromEffectExpensesNotDeductibleInDeterminingTaxableProfitOrLoss,Tax effect of expenses that are not deductible in determining taxable profit,False,movement,,escalated,
06160326,TaxDecreaseFromUtilisationTaxLosses,Tax effect of utilisation of tax losses not previously recognised,False,movement,,escalated,
06160326,TaxDecreaseFromUtilisationTaxLosses,Tax effect of utilisation of tax losses not previously recognised,False,movement,,escalated,
06160326,TaxTaxCreditOnProfitOrLossOnOrdinaryActivities,Tax on profit,False,balance,,escalated,
06160326,TaxTaxCreditOnProfitOrLossOnOrdinaryActivities,Tax on profit,False,balance,,escalated,
06160326,TaxTaxCreditOnProfitOrLossOnOrdinaryActivities,Taxation charged,False,balance,,escalated,
06160326,TaxTaxCreditOnProfitOrLossOnOrdinaryActivities,Taxation charged,False,balance,,escalated,
06160326,AverageNumberEmployeesDuringPeriod,Total,False,balance,,escalated,
06160326,AverageNumberEmployeesDuringPeriod,Total,False,balance,,escalated,
06160326,AverageNumberEmployeesDuringPeriod,Total,False,balance,,escalated,
06160326,AverageNumberEmployeesDuringPeriod,Total,False,balance,,escalated,
06160326,TotalAssetsLessCurrentLiabilities,Total assets less current liabilities,True,balance,,escalated,
06160326,TotalAssetsLessCurrentLiabilities,Total assets less current liabilities,True,balance,,escalated,
06160326,TotalAssetsLessCurrentLiabilities,Total assets less current liabilities,True,balance,,escalated,
06160326,TotalAssetsLessCurrentLiabilities,Total assets less current liabilities,True,balance,,escalated,
06160326,ComprehensiveIncomeExpense,Total comprehensive income for the year,False,balance,,escalated,
06160326,ComprehensiveIncomeExpense,Total comprehensive income for the year,False,balance,,escalated,
06160326,TotalCurrentTaxExpenseCredit,Total current tax,True,balance,,escalated,
06160326,TotalCurrentTaxExpenseCredit,Total current tax,True,balance,,escalated,
06160326,Equity,Total equity,True,balance,,escalated,
06160326,Equity,Total equity,True,balance,,escalated,
06160326,Equity,Total equity,True,balance,,escalated,
06160326,Equity,Total equity,True,balance,,escalated,
06160326,InterestPayableSimilarChargesFinanceCosts,Total finance costs,False,balance,,escalated,
06160326,InterestPayableSimilarChargesFinanceCosts,Total finance costs,False,balance,,escalated,
06160326,TaxTaxCreditOnProfitOrLossOnOrdinaryActivities,Total tax charge,False,balance,,escalated,
06160326,TaxTaxCreditOnProfitOrLossOnOrdinaryActivities,Total tax charge,False,balance,,escalated,
06160326,TradeCreditorsTradePayables,Trade creditors,False,balance,,escalated,
06160326,TradeCreditorsTradePayables,Trade creditors,False,balance,,escalated,
06160326,TradeCreditorsTradePayables,Trade creditors,False,balance,,escalated,
06160326,TradeCreditorsTradePayables,Trade creditors,False,balance,,escalated,
06160326,TradeDebtorsTradeReceivables,Trade debtors,False,balance,asset.current.receivables,tier2_keyword,tier2:asset.current.receivables:debtors
06160326,TradeDebtorsTradeReceivables,Trade debtors,False,balance,asset.current.receivables,tier2_keyword,tier2:asset.current.receivables:debtors
06160326,TradeDebtorsTradeReceivables,Trade debtors,False,balance,asset.current.receivables,tier2_keyword,tier2:asset.current.receivables:debtors
06160326,TradeDebtorsTradeReceivables,Trade debtors,False,balance,asset.current.receivables,tier2_keyword,tier2:asset.current.receivables:debtors
06160326,CurrentTaxForPeriod,UK corporation tax on profits for the current period,False,balance,,escalated,
06160326,CurrentTaxForPeriod,UK corporation tax on profits for the current period,False,balance,,escalated,
06160326,FurtherItemTaxIncreaseDecreaseComponentAdjustingItems,Under/(over) provided in prior years,False,balance,,escalated,
06160326,FurtherItemTaxIncreaseDecreaseComponentAdjustingItems,Under/(over) provided in prior years,False,balance,,escalated,
06160326,TaxIncreaseDecreaseFromEffectUnrelievedTaxLossesCarriedForward,Unutilised tax losses carried forward,False,movement,,escalated,
06160326,TaxIncreaseDecreaseFromEffectUnrelievedTaxLossesCarriedForward,Unutilised tax losses carried forward,False,movement,,escalated,
06160326,WagesSalaries,Wages and salaries,False,balance,,escalated,
06160326,WagesSalaries,Wages and salaries,False,balance,,escalated,
06160326,WagesSalaries,Wages and salaries,False,balance,,escalated,
06160326,WagesSalaries,Wages and salaries,False,balance,,escalated,
06160326,FinanceLeasePaymentsOwingMinimumGross,Within one year,False,balance,,escalated,
06160326,FinanceLeasePaymentsOwingMinimumGross,Within one year,False,balance,,escalated,
06160326,FinanceLeasePaymentsOwingMinimumGross,Within one year,False,balance,,escalated,
06160326,FinanceLeasePaymentsOwingMinimumGross,Within one year,False,balance,,escalated,
11178390,CashFlowsUsedInAcquiringOrObtainingControlSubsidiariesOrOtherBusinessesClassifiedAsInvestingActivities,(80),False,balance,,escalated,
11178390,FutureFinanceChargesOnFinanceLeases,"(9,447)",False,balance,,escalated,
11178390,FutureFinanceChargesOnFinanceLeases,"(9,447)",False,balance,,escalated,
11178390,FutureFinanceChargesOnFinanceLeases,"(9,447)",False,balance,,escalated,
11178390,ComprehensiveIncomeExpenseAttributableToNon-controllingInterests,- Non-controlling interests,False,balance,,escalated,
11178390,ComprehensiveIncomeExpenseAttributableToNon-controllingInterests,- Non-controlling interests,False,balance,,escalated,
11178390,ComprehensiveIncomeExpense,- Non-controlling interests,False,balance,,escalated,
11178390,ComprehensiveIncomeExpense,- Non-controlling interests,False,balance,,escalated,
11178390,ComprehensiveIncomeExpenseAttributableToOwnersParent,- Owners of the parent company,False,balance,,escalated,
11178390,ComprehensiveIncomeExpenseAttributableToOwnersParent,- Owners of the parent company,False,balance,,escalated,
11178390,StaffCostsEmployeeBenefitsExpense,"1,508,889",False,balance,,escalated,
11178390,StaffCostsEmployeeBenefitsExpense,"1,508,889",False,balance,,escalated,
11178390,FinanceLeasePaymentsOwingMinimumGross,"110,268",False,balance,,escalated,
11178390,FinanceLeasePaymentsOwingMinimumGross,"110,268",False,balance,,escalated,
11178390,FinanceLeasePaymentsOwingMinimumGross,"110,268",False,balance,,escalated,
11178390,FinanceLeaseLiabilitiesPresentValueTotal,"135,550",True,balance,,escalated,
11178390,FinanceLeaseLiabilitiesPresentValueTotal,"135,550",True,balance,,escalated,
11178390,Equity,"2,099,900",True,balance,,escalated,
11178390,Equity,"2,099,900",True,balance,,escalated,
11178390,Equity,"2,099,900",True,balance,,escalated,
11178390,Equity,"2,099,900",True,balance,,escalated,
11178390,Equity,"2,099,900",True,balance,,escalated,
11178390,Equity,"2,099,900",True,balance,,escalated,
11178390,Equity,"2,099,900",True,balance,,escalated,
11178390,Equity,"2,099,900",True,balance,,escalated,
11178390,Equity,"2,099,900",True,balance,,escalated,
11178390,ProfitLoss,"224,042",False,balance,,escalated,
11178390,ProfitLoss,"224,042",False,balance,,escalated,
11178390,ProfitLoss,"358,383",False,balance,,escalated,
11178390,ProfitLoss,"444,748",False,balance,,escalated,
11178390,ProfitLoss,"498,758",False,balance,,escalated,
11178390,FinanceLeasePaymentsOwingMinimumGross,"51,932",False,balance,,escalated,
11178390,FinanceLeasePaymentsOwingMinimumGross,"51,932",False,balance,,escalated,
11178390,FinanceLeasePaymentsOwingMinimumGross,"51,932",False,balance,,escalated,
11178390,AccruedLiabilitiesDeferredIncome,Accruals and deferred income,False,balance,,escalated,
11178390,AccruedLiabilitiesDeferredIncome,Accruals and deferred income,False,balance,,escalated,
11178390,AccruedLiabilitiesDeferredIncome,Accruals and deferred income,False,balance,,escalated,
11178390,AccruedLiabilitiesDeferredIncome,Accruals and deferred income,False,balance,,escalated,
11178390,Creditors,Accruals and deferred income,False,balance,,escalated,
11178390,Creditors,Accruals and deferred income,False,balance,,escalated,
11178390,Creditors,Accruals and deferred income,False,balance,,escalated,
11178390,Creditors,Accruals and deferred income,False,balance,,escalated,
11178390,AdditionsOtherThanThroughBusinessCombinationsIntangibleAssets,Additions,False,movement,,escalated,
11178390,AdditionsOtherThanThroughBusinessCombinationsIntangibleAssets,Additions,False,movement,,escalated,
11178390,AdditionsOtherThanThroughBusinessCombinationsIntangibleAssets,Additions,False,movement,,escalated,
11178390,AdditionsOtherThanThroughBusinessCombinationsPropertyPlantEquipment,Additions,False,movement,,escalated,
11178390,AdditionsOtherThanThroughBusinessCombinationsPropertyPlantEquipment,Additions,False,movement,,escalated,
11178390,AdditionsOtherThanThroughBusinessCombinationsPropertyPlantEquipment,Additions,False,movement,,escalated,
11178390,AdditionsOtherThanThroughBusinessCombinationsPropertyPlantEquipment,Additions,False,movement,,escalated,
11178390,AdditionsOtherThanThroughBusinessCombinationsPropertyPlantEquipment,Additions,False,movement,,escalated,
11178390,AdditionsOtherThanThroughBusinessCombinationsPropertyPlantEquipment,Additions,False,movement,,escalated,
11178390,AdditionsOtherThanThroughBusinessCombinationsPropertyPlantEquipment,Additions,False,movement,,escalated,
11178390,AdministrativeExpenses,Administrative expenses,False,balance,expense.admin,tier2_keyword,tier2:expense.admin:administrative
11178390,AdministrativeExpenses,Administrative expenses,False,balance,expense.admin,tier2_keyword,tier2:expense.admin:administrative
11178390,IncreaseFromAmortisationChargeForYearIntangibleAssets,Amortisation charged for the year,False,movement,,escalated,
11178390,IncreaseFromAmortisationChargeForYearIntangibleAssets,Amortisation charged for the year,False,movement,,escalated,
11178390,IncreaseFromAmortisationChargeForYearIntangibleAssets,Amortisation charged for the year,False,movement,,escalated,
11178390,AmountsOwedByGroupUndertakings,Amounts owed by group undertakings,False,balance,,escalated,
11178390,AmountsOwedByGroupUndertakings,Amounts owed by group undertakings,False,balance,,escalated,
11178390,AmountsOwedByGroupUndertakings,Amounts owed by group undertakings,False,balance,,escalated,
11178390,AmountsOwedByGroupUndertakings,Amounts owed by group undertakings,False,balance,,escalated,
11178390,AmountsOwedToGroupUndertakings,Amounts owed to group undertakings,False,balance,,escalated,
11178390,AmountsOwedToGroupUndertakings,Amounts owed to group undertakings,False,balance,,escalated,
11178390,AmountsOwedToGroupUndertakings,Amounts owed to group undertakings,False,balance,,escalated,
11178390,AmountsOwedToGroupUndertakings,Amounts owed to group undertakings,False,balance,,escalated,
11178390,IntangibleAssetsGrossCost,At 1 November 2024,False,period_marker,,escalated,
11178390,IntangibleAssetsGrossCost,At 1 November 2024,False,period_marker,,escalated,
11178390,IntangibleAssetsGrossCost,At 1 November 2024,False,period_marker,,escalated,
11178390,AccumulatedAmortisationImpairmentIntangibleAssets,At 1 November 2024,False,period_marker,,escalated,
11178390,AccumulatedAmortisationImpairmentIntangibleAssets,At 1 November 2024,False,period_marker,,escalated,
11178390,AccumulatedAmortisationImpairmentIntangibleAssets,At 1 November 2024,False,period_marker,,escalated,
11178390,PropertyPlantEquipmentGrossCost,At 1 November 2024,False,period_marker,,escalated,
11178390,PropertyPlantEquipmentGrossCost,At 1 November 2024,False,period_marker,,escalated,
11178390,PropertyPlantEquipmentGrossCost,At 1 November 2024,False,period_marker,,escalated,
11178390,PropertyPlantEquipmentGrossCost,At 1 November 2024,False,period_marker,,escalated,
11178390,PropertyPlantEquipmentGrossCost,At 1 November 2024,False,period_marker,,escalated,
11178390,PropertyPlantEquipmentGrossCost,At 1 November 2024,False,period_marker,,escalated,
11178390,PropertyPlantEquipmentGrossCost,At 1 November 2024,False,period_marker,,escalated,
11178390,AccumulatedDepreciationImpairmentPropertyPlantEquipment,At 1 November 2024,False,period_marker,,escalated,
11178390,AccumulatedDepreciationImpairmentPropertyPlantEquipment,At 1 November 2024,False,period_marker,,escalated,
11178390,AccumulatedDepreciationImpairmentPropertyPlantEquipment,At 1 November 2024,False,period_marker,,escalated,
11178390,AccumulatedDepreciationImpairmentPropertyPlantEquipment,At 1 November 2024,False,period_marker,,escalated,
11178390,AccumulatedDepreciationImpairmentPropertyPlantEquipment,At 1 November 2024,False,period_marker,,escalated,
11178390,AccumulatedDepreciationImpairmentPropertyPlantEquipment,At 1 November 2024,False,period_marker,,escalated,
11178390,AccumulatedDepreciationImpairmentPropertyPlantEquipment,At 1 November 2024,False,period_marker,,escalated,
11178390,AccumulatedDepreciationImpairmentPropertyPlantEquipment,At 1 November 2024,False,period_marker,,escalated,
11178390,AccumulatedDepreciationImpairmentPropertyPlantEquipment,At 1 November 2024,False,period_marker,,escalated,
11178390,AccumulatedDepreciationImpairmentPropertyPlantEquipment,At 1 November 2024,False,period_marker,,escalated,
11178390,PropertyPlantEquipmentGrossCost,At 1 November 2024 and 31 October 2025,False,period_marker,,escalated,
11178390,PropertyPlantEquipmentGrossCost,At 1 November 2024 and 31 October 2025,False,period_marker,,escalated,
11178390,PropertyPlantEquipmentGrossCost,At 1 November 2024 and 31 October 2025,False,period_marker,,escalated,
11178390,IntangibleAssets,At 31 October 2024,False,period_marker,,escalated,
11178390,IntangibleAssets,At 31 October 2024,False,period_marker,,escalated,
11178390,IntangibleAssets,At 31 October 2024,False,period_marker,,escalated,
11178390,PropertyPlantEquipment,At 31 October 2024,False,period_marker,,escalated,
11178390,PropertyPlantEquipment,At 31 October 2024,False,period_marker,,escalated,
11178390,PropertyPlantEquipment,At 31 October 2024,False,period_marker,,escalated,
11178390,PropertyPlantEquipment,At 31 October 2024,False,period_marker,,escalated,
11178390,PropertyPlantEquipment,At 31 October 2024,False,period_marker,,escalated,
11178390,PropertyPlantEquipment,At 31 October 2024,False,period_marker,,escalated,
11178390,PropertyPlantEquipment,At 31 October 2024,False,period_marker,,escalated,
11178390,PropertyPlantEquipment,At 31 October 2024,False,period_marker,,escalated,
11178390,PropertyPlantEquipment,At 31 October 2024,False,period_marker,,escalated,
11178390,PropertyPlantEquipment,At 31 October 2024,False,period_marker,,escalated,
11178390,IntangibleAssetsGrossCost,At 31 October 2025,False,period_marker,,escalated,
11178390,IntangibleAssetsGrossCost,At 31 October 2025,False,period_marker,,escalated,
11178390,IntangibleAssetsGrossCost,At 31 October 2025,False,period_marker,,escalated,
11178390,AccumulatedAmortisationImpairmentIntangibleAssets,At 31 October 2025,False,period_marker,,escalated,
11178390,AccumulatedAmortisationImpairmentIntangibleAssets,At 31 October 2025,False,period_marker,,escalated,
11178390,AccumulatedAmortisationImpairmentIntangibleAssets,At 31 October 2025,False,period_marker,,escalated,
11178390,IntangibleAssets,At 31 October 2025,False,period_marker,,escalated,
11178390,IntangibleAssets,At 31 October 2025,False,period_marker,,escalated,
11178390,IntangibleAssets,At 31 October 2025,False,period_marker,,escalated,
11178390,PropertyPlantEquipmentGrossCost,At 31 October 2025,False,period_marker,,escalated,
11178390,PropertyPlantEquipmentGrossCost,At 31 October 2025,False,period_marker,,escalated,
11178390,PropertyPlantEquipmentGrossCost,At 31 October 2025,False,period_marker,,escalated,
11178390,PropertyPlantEquipmentGrossCost,At 31 October 2025,False,period_marker,,escalated,
11178390,PropertyPlantEquipmentGrossCost,At 31 October 2025,False,period_marker,,escalated,
11178390,PropertyPlantEquipmentGrossCost,At 31 October 2025,False,period_marker,,escalated,
11178390,PropertyPlantEquipmentGrossCost,At 31 October 2025,False,period_marker,,escalated,
11178390,AccumulatedDepreciationImpairmentPropertyPlantEquipment,At 31 October 2025,False,period_marker,,escalated,
11178390,AccumulatedDepreciationImpairmentPropertyPlantEquipment,At 31 October 2025,False,period_marker,,escalated,
11178390,AccumulatedDepreciationImpairmentPropertyPlantEquipment,At 31 October 2025,False,period_marker,,escalated,
11178390,AccumulatedDepreciationImpairmentPropertyPlantEquipment,At 31 October 2025,False,period_marker,,escalated,
11178390,AccumulatedDepreciationImpairmentPropertyPlantEquipment,At 31 October 2025,False,period_marker,,escalated,
11178390,AccumulatedDepreciationImpairmentPropertyPlantEquipment,At 31 October 2025,False,period_marker,,escalated,
11178390,AccumulatedDepreciationImpairmentPropertyPlantEquipment,At 31 October 2025,False,period_marker,,escalated,
11178390,PropertyPlantEquipment,At 31 October 2025,False,period_marker,,escalated,
11178390,PropertyPlantEquipment,At 31 October 2025,False,period_marker,,escalated,
11178390,PropertyPlantEquipment,At 31 October 2025,False,period_marker,,escalated,
11178390,PropertyPlantEquipment,At 31 October 2025,False,period_marker,,escalated,
11178390,PropertyPlantEquipment,At 31 October 2025,False,period_marker,,escalated,
11178390,PropertyPlantEquipment,At 31 October 2025,False,period_marker,,escalated,
11178390,PropertyPlantEquipment,At 31 October 2025,False,period_marker,,escalated,
11178390,AccumulatedDepreciationImpairmentPropertyPlantEquipment,At 31 October 2025,False,period_marker,,escalated,
11178390,AccumulatedDepreciationImpairmentPropertyPlantEquipment,At 31 October 2025,False,period_marker,,escalated,
11178390,AccumulatedDepreciationImpairmentPropertyPlantEquipment,At 31 October 2025,False,period_marker,,escalated,
11178390,PropertyPlantEquipment,At 31 October 2025,False,period_marker,,escalated,
11178390,PropertyPlantEquipment,At 31 October 2025,False,period_marker,,escalated,
11178390,PropertyPlantEquipment,At 31 October 2025,False,period_marker,,escalated,
11178390,Equity,At the beginning and end of the year,True,period_marker,,escalated,
11178390,Equity,At the beginning and end of the year,True,period_marker,,escalated,
11178390,Equity,At the beginning and end of the year,True,period_marker,,escalated,
11178390,Equity,At the beginning and end of the year,True,period_marker,,escalated,
11178390,Equity,Balance at 1 November 2023,True,period_marker,,escalated,
11178390,Equity,Balance at 1 November 2023,True,period_marker,,escalated,
11178390,Equity,Balance at 1 November 2023,True,period_marker,,escalated,
11178390,Equity,Balance at 31 October 2024,True,period_marker,,escalated,
11178390,Equity,Balance at 31 October 2024,True,period_marker,,escalated,
11178390,Equity,Balance at 31 October 2024,True,period_marker,,escalated,
11178390,Equity,Balance at 31 October 2024,True,period_marker,,escalated,
11178390,Equity,Balance at 31 October 2024,True,period_marker,,escalated,
11178390,Equity,Balance at 31 October 2025,True,period_marker,,escalated,
11178390,Equity,Balance at 31 October 2025,True,period_marker,,escalated,
11178390,Equity,Balance at 31 October 2025,True,period_marker,,escalated,
11178390,Equity,Balance at 31 October 2025,True,period_marker,,escalated,
11178390,Equity,Balance at 31 October 2025,True,period_marker,,escalated,
11178390,BankBorrowings,Bank loans,False,balance,asset.current.bank,tier2_keyword,tier2:asset.current.bank:bank
11178390,BankBorrowings,Bank loans,False,balance,asset.current.bank,tier2_keyword,tier2:asset.current.bank:bank
11178390,BankBorrowings,Bank loans,False,balance,asset.current.bank,tier2_keyword,tier2:asset.current.bank:bank
11178390,BankBorrowings,Bank loans,False,balance,asset.current.bank,tier2_keyword,tier2:asset.current.bank:bank
11178390,BankBorrowingsOverdrafts,Bank loans and overdrafts,False,balance,asset.current.bank,tier2_keyword,tier2:asset.current.bank:bank
11178390,BankBorrowingsOverdrafts,Bank loans and overdrafts,False,balance,asset.current.bank,tier2_keyword,tier2:asset.current.bank:bank
11178390,BankBorrowingsOverdrafts,Bank loans and overdrafts,False,balance,asset.current.bank,tier2_keyword,tier2:asset.current.bank:bank
11178390,BankBorrowingsOverdrafts,Bank loans and overdrafts,False,balance,asset.current.bank,tier2_keyword,tier2:asset.current.bank:bank
11178390,BankBorrowingsOverdrafts,Bank loans and overdrafts,False,balance,asset.current.bank,tier2_keyword,tier2:asset.current.bank:bank
11178390,BankBorrowingsOverdrafts,Bank loans and overdrafts,False,balance,asset.current.bank,tier2_keyword,tier2:asset.current.bank:bank
11178390,BankBorrowingsOverdrafts,Bank loans and overdrafts,False,balance,asset.current.bank,tier2_keyword,tier2:asset.current.bank:bank
11178390,BankBorrowingsOverdrafts,Bank loans and overdrafts,False,balance,asset.current.bank,tier2_keyword,tier2:asset.current.bank:bank
11178390,BankOverdrafts,Bank overdrafts,False,balance,asset.current.bank,tier2_keyword,tier2:asset.current.bank:bank
11178390,BankOverdrafts,Bank overdrafts,False,balance,asset.current.bank,tier2_keyword,tier2:asset.current.bank:bank
11178390,BankOverdrafts,Bank overdrafts,False,balance,asset.current.bank,tier2_keyword,tier2:asset.current.bank:bank
11178390,BankOverdrafts,Bank overdrafts,False,balance,asset.current.bank,tier2_keyword,tier2:asset.current.bank:bank
11178390,BankOverdrafts,Bank overdrafts,False,balance,asset.current.bank,tier2_keyword,tier2:asset.current.bank:bank
11178390,BankOverdrafts,Bank overdrafts,False,balance,asset.current.bank,tier2_keyword,tier2:asset.current.bank:bank
11178390,Equity,Called up share capital,True,balance,equity.capital,tier2_keyword,tier2:equity.capital:capital
11178390,Equity,Called up share capital,True,balance,equity.capital,tier2_keyword,tier2:equity.capital:capital
11178390,Equity,Called up share capital,True,balance,equity.capital,tier2_keyword,tier2:equity.capital:capital
11178390,Equity,Called up share capital,True,balance,equity.capital,tier2_keyword,tier2:equity.capital:capital
11178390,NetCashGeneratedFromOperations,Cash (absorbed by)/generated from operations,False,balance,asset.current.cash,tier2_keyword,tier2:asset.current.cash:cash
11178390,CashCashEquivalents,Cash and cash equivalents at beginning of year,False,balance,asset.current.cash,tier2_keyword,tier2:asset.current.cash:cash
11178390,CashCashEquivalents,Cash and cash equivalents at beginning of year,False,balance,asset.current.cash,tier2_keyword,tier2:asset.current.cash:cash
11178390,CashCashEquivalentsCashFlowValue,Cash and cash equivalents at beginning of year,False,balance,asset.current.cash,tier2_keyword,tier2:asset.current.cash:cash
11178390,CashCashEquivalents,Cash and cash equivalents at beginning of year,False,balance,asset.current.cash,tier2_keyword,tier2:asset.current.cash:cash
11178390,CashCashEquivalents,Cash and cash equivalents at end of year,False,balance,asset.current.cash,tier2_keyword,tier2:asset.current.cash:cash
11178390,CashCashEquivalents,Cash and cash equivalents at end of year,False,balance,asset.current.cash,tier2_keyword,tier2:asset.current.cash:cash
11178390,CashCashEquivalentsCashFlowValue,Cash and cash equivalents at end of year,False,balance,asset.current.cash,tier2_keyword,tier2:asset.current.cash:cash
11178390,CashCashEquivalentsCashFlowValue,Cash and cash equivalents at end of year,False,balance,asset.current.cash,tier2_keyword,tier2:asset.current.cash:cash
11178390,CashBankOnHand,Cash at bank and in hand,False,balance,asset.current.cash,tier2_keyword,tier2:asset.current.cash:cash
11178390,CashBankOnHand,Cash at bank and in hand,False,balance,asset.current.cash,tier2_keyword,tier2:asset.current.cash:cash
11178390,CurrentAssets,Cash at bank and in hand,True,balance,asset.current.cash,tier2_keyword,tier2:asset.current.cash:cash
11178390,CurrentAssets,Cash at bank and in hand,True,balance,asset.current.cash,tier2_keyword,tier2:asset.current.cash:cash
11178390,CashBankOnHand,Cash at bank and in hand,False,balance,asset.current.cash,tier2_keyword,tier2:asset.current.cash:cash
11178390,CashBankOnHand,Cash at bank and in hand,False,balance,asset.current.cash,tier2_keyword,tier2:asset.current.cash:cash
11178390,CurrentAssets,Cash at bank and in hand,True,balance,asset.current.cash,tier2_keyword,tier2:asset.current.cash:cash
11178390,CurrentAssets,Cash at bank and in hand,True,balance,asset.current.cash,tier2_keyword,tier2:asset.current.cash:cash
11178390,NetCashGeneratedFromOperations,Cash generated from operations,False,balance,asset.current.cash,tier2_keyword,tier2:asset.current.cash:cash
11178390,CorporationTaxPayable,Corporation tax payable,False,balance,liability.current.payables,tier2_keyword,tier2:liability.current.payables:payable
11178390,CorporationTaxPayable,Corporation tax payable,False,balance,liability.current.payables,tier2_keyword,tier2:liability.current.payables:payable
11178390,CorporationTaxPayable,Corporation tax payable,False,balance,liability.current.payables,tier2_keyword,tier2:liability.current.payables:payable
11178390,CorporationTaxPayable,Corporation tax payable,False,balance,liability.current.payables,tier2_keyword,tier2:liability.current.payables:payable
11178390,CorporationTaxRecoverable,Corporation tax recoverable,False,balance,,escalated,
11178390,CorporationTaxRecoverable,Corporation tax recoverable,False,balance,,escalated,
11178390,CorporationTaxRecoverable,Corporation tax recoverable,False,balance,,escalated,
11178390,CorporationTaxRecoverable,Corporation tax recoverable,False,balance,,escalated,
11178390,CostSales,Cost of sales,False,balance,revenue.operating,tier2_keyword,tier2:revenue.operating:sales
11178390,CostSales,Cost of sales,False,balance,revenue.operating,tier2_keyword,tier2:revenue.operating:sales
11178390,Creditors,Creditors: amounts falling due after more than one year,False,balance,,escalated,
11178390,Creditors,Creditors: amounts falling due after more than one year,False,balance,,escalated,
11178390,Creditors,Creditors: amounts falling due after more than one year,False,balance,,escalated,
11178390,Creditors,Creditors: amounts falling due after more than one year,False,balance,,escalated,
11178390,Creditors,Creditors: amounts falling due within one year,False,balance,,escalated,
11178390,Creditors,Creditors: amounts falling due within one year,False,balance,,escalated,
11178390,Creditors,Creditors: amounts falling due within one year,False,balance,,escalated,
11178390,Creditors,Creditors: amounts falling due within one year,False,balance,,escalated,
11178390,FinanceLeaseLiabilitiesPresentValueTotal,Current liabilities,True,balance,,escalated,
11178390,FinanceLeaseLiabilitiesPresentValueTotal,Current liabilities,True,balance,,escalated,
11178390,FinanceLeaseLiabilitiesPresentValueTotal,Current liabilities,True,balance,,escalated,
11178390,FinanceLeaseLiabilitiesPresentValueTotal,Current liabilities,True,balance,,escalated,
11178390,Debtors,Debtors,False,balance,asset.current.receivables,tier2_keyword,tier2:asset.current.receivables:debtors
11178390,Debtors,Debtors,False,balance,asset.current.receivables,tier2_keyword,tier2:asset.current.receivables:debtors
11178390,Debtors,Debtors,False,balance,asset.current.receivables,tier2_keyword,tier2:asset.current.receivables:debtors
11178390,Debtors,Debtors,False,balance,asset.current.receivables,tier2_keyword,tier2:asset.current.receivables:debtors
11178390,TaxationIncludingDeferredTaxationBalanceSheetSubtotal,Deferred tax liability,False,balance,,escalated,
11178390,TaxationIncludingDeferredTaxationBalanceSheetSubtotal,Deferred tax liability,False,balance,,escalated,
11178390,TaxationIncludingDeferredTaxationBalanceSheetSubtotal,Deferred tax liability,False,balance,,escalated,
11178390,TaxationIncludingDeferredTaxationBalanceSheetSubtotal,Deferred tax liability,False,balance,,escalated,
11178390,IncreaseFromDepreciationChargeForYearPropertyPlantEquipment,Depreciation charged in the year,False,movement,expense.depreciation,tier2_keyword,tier2:expense.depreciation:depreciation
11178390,IncreaseFromDepreciationChargeForYearPropertyPlantEquipment,Depreciation charged in the year,False,movement,expense.depreciation,tier2_keyword,tier2:expense.depreciation:depreciation
11178390,IncreaseFromDepreciationChargeForYearPropertyPlantEquipment,Depreciation charged in the year,False,movement,expense.depreciation,tier2_keyword,tier2:expense.depreciation:depreciation
11178390,IncreaseFromDepreciationChargeForYearPropertyPlantEquipment,Depreciation charged in the year,False,movement,expense.depreciation,tier2_keyword,tier2:expense.depreciation:depreciation
11178390,IncreaseFromDepreciationChargeForYearPropertyPlantEquipment,Depreciation charged in the year,False,movement,expense.depreciation,tier2_keyword,tier2:expense.depreciation:depreciation
11178390,IncreaseFromDepreciationChargeForYearPropertyPlantEquipment,Depreciation charged in the year,False,movement,expense.depreciation,tier2_keyword,tier2:expense.depreciation:depreciation
11178390,IncreaseFromDepreciationChargeForYearPropertyPlantEquipment,Depreciation charged in the year,False,movement,expense.depreciation,tier2_keyword,tier2:expense.depreciation:depreciation
11178390,IncreaseFromDepreciationChargeForYearPropertyPlantEquipment,Depreciation charged in the year,False,movement,expense.depreciation,tier2_keyword,tier2:expense.depreciation:depreciation
11178390,IncreaseFromDepreciationChargeForYearPropertyPlantEquipment,Depreciation charged in the year,False,movement,expense.depreciation,tier2_keyword,tier2:expense.depreciation:depreciation
11178390,IncreaseFromDepreciationChargeForYearPropertyPlantEquipment,Depreciation charged in the year,False,movement,expense.depreciation,tier2_keyword,tier2:expense.depreciation:depreciation
11178390,OtherDisposalsPropertyPlantEquipment,Disposals,False,movement,,escalated,
11178390,OtherDisposalsPropertyPlantEquipment,Disposals,False,movement,,escalated,
11178390,OtherDisposalsPropertyPlantEquipment,Disposals,False,movement,,escalated,
11178390,OtherDisposalsPropertyPlantEquipment,Disposals,False,movement,,escalated,
11178390,OtherDisposalsPropertyPlantEquipment,Disposals,False,movement,,escalated,
11178390,OtherDisposalsPropertyPlantEquipment,Disposals,False,movement,,escalated,
11178390,OtherDisposalsPropertyPlantEquipment,Disposals,False,movement,,escalated,
11178390,DividendsPaidClassifiedAsFinancingActivities,Dividends,False,balance,,escalated,
11178390,DividendsPaidClassifiedAsFinancingActivities,Dividends,False,balance,,escalated,
11178390,DividendsPaidClassifiedAsFinancingActivities,Dividends,False,balance,,escalated,
11178390,DividendsPaidClassifiedAsFinancingActivities,Dividends,False,balance,,escalated,
11178390,DividendsPaidToOwnersParentClassifiedAsFinancingActivities,Dividends paid to equity shareholders,False,balance,,escalated,
11178390,DividendsPaidToOwnersParentClassifiedAsFinancingActivities,Dividends paid to equity shareholders,False,balance,,escalated,
11178390,DividendsPaidToNon-controllingInterestsClassifiedAsFinancingActivities,Dividends paid to non-controlling interests,False,balance,,escalated,
11178390,DividendsPaidToNon-controllingInterestsClassifiedAsFinancingActivities,Dividends paid to non-controlling interests,False,balance,,escalated,
11178390,DividendsReceivedClassifiedAsInvestingActivities,Dividends received,False,balance,,escalated,
11178390,DividendsReceivedClassifiedAsInvestingActivities,Dividends received,False,balance,,escalated,
11178390,OtherDisposalsDecreaseInDepreciationImpairmentPropertyPlantEquipment,Eliminated in respect of disposals,False,movement,,escalated,
11178390,OtherDisposalsDecreaseInDepreciationImpairmentPropertyPlantEquipment,Eliminated in respect of disposals,False,movement,,escalated,
11178390,OtherDisposalsDecreaseInDepreciationImpairmentPropertyPlantEquipment,Eliminated in respect of disposals,False,movement,,escalated,
11178390,OtherDisposalsDecreaseInDepreciationImpairmentPropertyPlantEquipment,Eliminated in respect of disposals,False,movement,,escalated,
11178390,OtherDisposalsDecreaseInDepreciationImpairmentPropertyPlantEquipment,Eliminated in respect of disposals,False,movement,,escalated,
11178390,OtherDisposalsDecreaseInDepreciationImpairmentPropertyPlantEquipment,Eliminated in respect of disposals,False,movement,,escalated,
11178390,OtherDisposalsDecreaseInDepreciationImpairmentPropertyPlantEquipment,Eliminated in respect of disposals,False,movement,,escalated,
11178390,Equity,Equity attributable to owners of the parent company,True,balance,,escalated,
11178390,Equity,Equity attributable to owners of the parent company,True,balance,,escalated,
11178390,TaxIncreaseDecreaseFromEffectExpensesNotDeductibleInDeterminingTaxableProfitOrLoss,Expenses that are not deductible in determining taxable profit,False,movement,,escalated,
11178390,TaxIncreaseDecreaseFromEffectExpensesNotDeductibleInDeterminingTaxableProfitOrLoss,Expenses that are not deductible in determining taxable profit,False,movement,,escalated,
11178390,GainLossFromSalesInvestmentPropertiesRecognisedInProfitOrLoss,Fair value gain on investment properties,False,balance,,escalated,
11178390,GainLossFromSalesInvestmentPropertiesRecognisedInProfitOrLoss,Fair value gain on investment properties,False,balance,,escalated,
11178390,InterestPayableSimilarChargesFinanceCosts,Finance costs,False,balance,,escalated,
11178390,InterestPayableSimilarChargesFinanceCosts,Finance costs,False,balance,,escalated,
11178390,InterestPayableSimilarChargesFinanceCosts,Finance costs,False,balance,,escalated,
11178390,InterestPayableSimilarChargesFinanceCosts,Finance costs,False,balance,,escalated,
11178390,FinishedGoodsGoodsForResale,Finished goods and goods for resale,False,balance,,escalated,
11178390,FinishedGoodsGoodsForResale,Finished goods and goods for resale,False,balance,,escalated,
11178390,FinishedGoodsGoodsForResale,Finished goods and goods for resale,False,balance,,escalated,
11178390,FinishedGoodsGoodsForResale,Finished goods and goods for resale,False,balance,,escalated,
11178390,FurtherItemTaxIncreaseDecreaseComponentAdjustingItems,Gains not taxable,False,balance,,escalated,
11178390,FurtherItemTaxIncreaseDecreaseComponentAdjustingItems,Gains not taxable,False,balance,,escalated,
11178390,IntangibleAssets,Goodwill,False,balance,asset.noncurrent.goodwill,tier2_keyword,tier2:asset.noncurrent.goodwill:goodwill
11178390,IntangibleAssets,Goodwill,False,balance,asset.noncurrent.goodwill,tier2_keyword,tier2:asset.noncurrent.goodwill:goodwill
11178390,IncomeTaxesPaidRefundClassifiedAsOperatingActivities,Income taxes paid,False,balance,,escalated,
11178390,IncomeTaxesPaidRefundClassifiedAsOperatingActivities,Income taxes paid,False,balance,,escalated,
11178390,IncomeTaxesPaidRefundClassifiedAsOperatingActivities,Income taxes paid,False,balance,,escalated,
11178390,InterestPaidClassifiedAsOperatingActivities,Interest paid,False,balance,,escalated,
11178390,InterestPaidClassifiedAsOperatingActivities,Interest paid,False,balance,,escalated,
11178390,InterestPaidClassifiedAsOperatingActivities,Interest paid,False,balance,,escalated,
11178390,InterestPaidClassifiedAsOperatingActivities,Interest paid,False,balance,,escalated,
11178390,InterestPayableSimilarChargesFinanceCosts,Interest payable and similar expenses,False,balance,liability.current.payables,tier2_keyword,tier2:liability.current.payables:payable
11178390,InterestPayableSimilarChargesFinanceCosts,Interest payable and similar expenses,False,balance,liability.current.payables,tier2_keyword,tier2:liability.current.payables:payable
11178390,OtherInterestReceivableSimilarIncomeFinanceIncome,Interest receivable and similar income,False,balance,asset.current.receivables,tier2_keyword,tier2:asset.current.receivables:receivable
11178390,OtherInterestReceivableSimilarIncomeFinanceIncome,Interest receivable and similar income,False,balance,asset.current.receivables,tier2_keyword,tier2:asset.current.receivables:receivable
11178390,InterestReceivedClassifiedAsInvestingActivities,Interest received,False,balance,,escalated,
11178390,InterestReceivedClassifiedAsInvestingActivities,Interest received,False,balance,,escalated,
11178390,NetFinanceIncomeCosts,Investment income,False,balance,,escalated,
11178390,NetFinanceIncomeCosts,Investment income,False,balance,,escalated,
11178390,NetFinanceIncomeCosts,Investment income,False,balance,,escalated,
11178390,NetFinanceIncomeCosts,Investment income,False,balance,,escalated,
11178390,InvestmentProperty,Investment property,False,balance,,escalated,
11178390,InvestmentProperty,Investment property,False,balance,,escalated,
11178390,FixedAssets,Investment property,True,balance,,escalated,
11178390,FixedAssets,Investment property,True,balance,,escalated,
11178390,InvestmentsFixedAssets,Investments,False,balance,,escalated,
11178390,InvestmentsFixedAssets,Investments,False,balance,,escalated,
11178390,FixedAssets,Investments,True,balance,,escalated,
11178390,FixedAssets,Investments,True,balance,,escalated,
11178390,InvestmentsInSubsidiaries,Investments in subsidiaries,False,balance,,escalated,
11178390,InvestmentsInSubsidiaries,Investments in subsidiaries,False,balance,,escalated,
11178390,InvestmentsInSubsidiaries,Investments in subsidiaries,False,balance,,escalated,
11178390,InvestmentsInSubsidiaries,Investments in subsidiaries,False,balance,,escalated,
11178390,CarryingAmountUnderCostModelRevaluedAssetsPropertyPlantEquipment,Motor vehicles,False,balance,,escalated,
11178390,CarryingAmountUnderCostModelRevaluedAssetsPropertyPlantEquipment,Motor vehicles,False,balance,,escalated,
11178390,CarryingAmountUnderCostModelRevaluedAssetsPropertyPlantEquipment,Motor vehicles,False,balance,,escalated,
11178390,CarryingAmountUnderCostModelRevaluedAssetsPropertyPlantEquipment,Motor vehicles,False,balance,,escalated,
11178390,NetAssetsLiabilities,Net assets,True,balance,,escalated,
11178390,NetAssetsLiabilities,Net assets,True,balance,,escalated,
11178390,NetAssetsLiabilities,Net assets,True,balance,,escalated,
11178390,NetAssetsLiabilities,Net assets,True,balance,,escalated,
11178390,NetCurrentAssetsLiabilities,Net current assets,True,balance,,escalated,
11178390,NetCurrentAssetsLiabilities,Net current assets,True,balance,,escalated,
11178390,NetCurrentAssetsLiabilities,Net current assets,True,balance,,escalated,
11178390,NetCurrentAssetsLiabilities,Net current assets,True,balance,,escalated,
11178390,Equity,Non-controlling interests,True,balance,,escalated,
11178390,Equity,Non-controlling interests,True,balance,,escalated,
11178390,FinanceLeaseLiabilitiesPresentValueTotal,Non-current liabilities,True,balance,,escalated,
11178390,FinanceLeaseLiabilitiesPresentValueTotal,Non-current liabilities,True,balance,,escalated,
11178390,FinanceLeaseLiabilitiesPresentValueTotal,Non-current liabilities,True,balance,,escalated,
11178390,FinanceLeaseLiabilitiesPresentValueTotal,Non-current liabilities,True,balance,,escalated,
11178390,FinanceLeaseLiabilitiesPresentValueTotal,Obligations under finance leases,True,balance,,escalated,
11178390,FinanceLeaseLiabilitiesPresentValueTotal,Obligations under finance leases,True,balance,,escalated,
11178390,FinanceLeaseLiabilitiesPresentValueTotal,Obligations under finance leases,True,balance,,escalated,
11178390,FinanceLeaseLiabilitiesPresentValueTotal,Obligations under finance leases,True,balance,,escalated,
11178390,FinanceLeaseLiabilitiesPresentValueTotal,Obligations under finance leases,True,balance,,escalated,
11178390,FinanceLeaseLiabilitiesPresentValueTotal,Obligations under finance leases,True,balance,,escalated,
11178390,FinanceLeaseLiabilitiesPresentValueTotal,Obligations under finance leases,True,balance,,escalated,
11178390,FinanceLeaseLiabilitiesPresentValueTotal,Obligations under finance leases,True,balance,,escalated,
11178390,DeferredTaxExpenseCreditRelatingToOriginationReversalTimingDifferences,Origination and reversal of timing differences,False,balance,,escalated,
11178390,DeferredTaxExpenseCreditRelatingToOriginationReversalTimingDifferences,Origination and reversal of timing differences,False,balance,,escalated,
11178390,OtherCreditors,Other creditors,False,balance,,escalated,
11178390,OtherCreditors,Other creditors,False,balance,,escalated,
11178390,OtherCreditors,Other creditors,False,balance,,escalated,
11178390,OtherCreditors,Other creditors,False,balance,,escalated,
11178390,FurtherItemDebtorsComponentTotalDebtors,Other debtors,True,balance,asset.current.receivables,tier2_keyword,tier2:asset.current.receivables:debtors
11178390,FurtherItemDebtorsComponentTotalDebtors,Other debtors,True,balance,asset.current.receivables,tier2_keyword,tier2:asset.current.receivables:debtors
11178390,FurtherItemDebtorsComponentTotalDebtors,Other debtors,True,balance,asset.current.receivables,tier2_keyword,tier2:asset.current.receivables:debtors
11178390,FurtherItemDebtorsComponentTotalDebtors,Other debtors,True,balance,asset.current.receivables,tier2_keyword,tier2:asset.current.receivables:debtors
11178390,IntangibleAssets,Other intangible assets,False,balance,asset.noncurrent.intangibles,tier2_keyword,tier2:asset.noncurrent.intangibles:intangible
11178390,IntangibleAssets,Other intangible assets,False,balance,asset.noncurrent.intangibles,tier2_keyword,tier2:asset.noncurrent.intangibles:intangible
11178390,OtherOperatingIncomeFormat1,Other operating income,False,balance,,escalated,
11178390,OtherOperatingIncomeFormat1,Other operating income,False,balance,,escalated,
11178390,Equity,Other reserves,True,balance,equity.reserves,tier2_keyword,tier2:equity.reserves:reserve
11178390,Equity,Other reserves,True,balance,equity.reserves,tier2_keyword,tier2:equity.reserves:reserve
11178390,OtherTaxationSocialSecurityPayable,Other taxation and social security,False,balance,,escalated,
11178390,OtherTaxationSocialSecurityPayable,Other taxation and social security,False,balance,,escalated,
11178390,OtherTaxationSocialSecurityPayable,Other taxation and social security,False,balance,,escalated,
11178390,OtherTaxationSocialSecurityPayable,Other taxation and social security,False,balance,,escalated,
11178390,TotalBorrowings,Payable after one year,True,balance,liability.current.payables,tier2_keyword,tier2:liability.current.payables:payable
11178390,TotalBorrowings,Payable after one year,True,balance,liability.current.payables,tier2_keyword,tier2:liability.current.payables:payable
11178390,TotalBorrowings,Payable after one year,True,balance,liability.current.payables,tier2_keyword,tier2:liability.current.payables:payable
11178390,TotalBorrowings,Payable after one year,True,balance,liability.current.payables,tier2_keyword,tier2:liability.current.payables:payable
11178390,TotalBorrowings,Payable within one year,True,balance,liability.current.payables,tier2_keyword,tier2:liability.current.payables:payable
11178390,TotalBorrowings,Payable within one year,True,balance,liability.current.payables,tier2_keyword,tier2:liability.current.payables:payable
11178390,TotalBorrowings,Payable within one year,True,balance,liability.current.payables,tier2_keyword,tier2:liability.current.payables:payable
11178390,TotalBorrowings,Payable within one year,True,balance,liability.current.payables,tier2_keyword,tier2:liability.current.payables:payable
11178390,PensionOtherPost-employmentBenefitCostsOtherPensionCosts,Pension costs,False,balance,,escalated,
11178390,PensionOtherPost-employmentBenefitCostsOtherPensionCosts,Pension costs,False,balance,,escalated,
11178390,PensionOtherPost-employmentBenefitCostsOtherPensionCosts,Pension costs,False,balance,,escalated,
11178390,PensionOtherPost-employmentBenefitCostsOtherPensionCosts,Pension costs,False,balance,,escalated,
11178390,TaxIncreaseDecreaseFromEffectCapitalAllowancesDepreciation,Permanent capital allowances in excess of depreciation,False,movement,equity.capital,tier2_keyword,tier2:equity.capital:capital
11178390,TaxIncreaseDecreaseFromEffectCapitalAllowancesDepreciation,Permanent capital allowances in excess of depreciation,False,movement,equity.capital,tier2_keyword,tier2:equity.capital:capital
11178390,PrepaymentsAccruedIncome,Prepayments and accrued income,False,balance,,escalated,
11178390,PrepaymentsAccruedIncome,Prepayments and accrued income,False,balance,,escalated,
11178390,PrepaymentsAccruedIncome,Prepayments and accrued income,False,balance,,escalated,
11178390,PrepaymentsAccruedIncome,Prepayments and accrued income,False,balance,,escalated,
11178390,ProceedsFromSalesPropertyPlantEquipment,Proceeds from disposal of tangible fixed assets,False,balance,,escalated,
11178390,ProceedsFromSalesPropertyPlantEquipment,Proceeds from disposal of tangible fixed assets,False,balance,,escalated,
11178390,Equity,Profit and loss reserves,True,balance,equity.reserves,tier2_keyword,tier2:equity.reserves:reserve
11178390,Equity,Profit and loss reserves,True,balance,equity.reserves,tier2_keyword,tier2:equity.reserves:reserve
11178390,Equity,Profit and loss reserves,True,balance,equity.reserves,tier2_keyword,tier2:equity.reserves:reserve
11178390,Equity,Profit and loss reserves,True,balance,equity.reserves,tier2_keyword,tier2:equity.reserves:reserve
11178390,ProfitLossOnOrdinaryActivitiesBeforeTax,Profit before taxation,False,balance,,escalated,
11178390,ProfitLossOnOrdinaryActivitiesBeforeTax,Profit before taxation,False,balance,,escalated,
11178390,ProfitLoss,Profit for the financial year,False,balance,,escalated,
11178390,ProfitLoss,Profit for the financial year,False,balance,,escalated,
11178390,OtherProvisionsBalanceSheetSubtotal,Provisions,False,balance,,escalated,
11178390,OtherProvisionsBalanceSheetSubtotal,Provisions,False,balance,,escalated,
11178390,PurchasePropertyPlantEquipment,Purchase of tangible fixed assets,False,balance,,escalated,
11178390,PurchasePropertyPlantEquipment,Purchase of tangible fixed assets,False,balance,,escalated,
11178390,PercentageClassShareHeldInSubsidiary,"Riviera House, Nicholson Road, Torquay, Devon TQ2 7TD",False,balance,,escalated,
11178390,PercentageClassShareHeldInSubsidiary,"Riviera House, Nicholson Road, Torquay, Devon TQ2 7TD",False,balance,,escalated,
11178390,PercentageClassShareHeldInSubsidiary,"Riviera House, Nicholson Road, Torquay, Devon TQ2 7TD",False,balance,,escalated,
11178390,PercentageClassShareHeldInSubsidiary,"Riviera House, Nicholson Road, Torquay, Devon TQ2 7TD",False,balance,,escalated,
11178390,Equity,Share premium account,True,balance,,escalated,
11178390,Equity,Share premium account,True,balance,,escalated,
11178390,PropertyPlantEquipment,Tangible assets,False,balance,,escalated,
11178390,PropertyPlantEquipment,Tangible assets,False,balance,,escalated,
11178390,PropertyPlantEquipment,Tangible assets,False,balance,,escalated,
11178390,PropertyPlantEquipment,Tangible assets,False,balance,,escalated,
11178390,TaxTaxCreditOnProfitOrLossOnOrdinaryActivities,Tax on profit,False,balance,,escalated,
11178390,TaxTaxCreditOnProfitOrLossOnOrdinaryActivities,Tax on profit,False,balance,,escalated,
11178390,TaxTaxCreditOnProfitOrLossOnOrdinaryActivities,Taxation charged,False,balance,,escalated,
11178390,TaxTaxCreditOnProfitOrLossOnOrdinaryActivities,Taxation charged,False,balance,,escalated,
11178390,TaxTaxCreditOnProfitOrLossOnOrdinaryActivities,Taxation charged,False,balance,,escalated,
11178390,TaxTaxCreditOnProfitOrLossOnOrdinaryActivities,Taxation charged,False,balance,,escalated,
11178390,AverageNumberEmployeesDuringPeriod,Total,False,balance,,escalated,
11178390,AverageNumberEmployeesDuringPeriod,Total,False,balance,,escalated,
11178390,AverageNumberEmployeesDuringPeriod,Total,False,balance,,escalated,
11178390,AverageNumberEmployeesDuringPeriod,Total,False,balance,,escalated,
11178390,TotalAssetsLessCurrentLiabilities,Total assets less current liabilities,True,balance,,escalated,
11178390,TotalAssetsLessCurrentLiabilities,Total assets less current liabilities,True,balance,,escalated,
11178390,TotalAssetsLessCurrentLiabilities,Total assets less current liabilities,True,balance,,escalated,
11178390,TotalAssetsLessCurrentLiabilities,Total assets less current liabilities,True,balance,,escalated,
11178390,Equity,Total equity,True,balance,,escalated,
11178390,Equity,Total equity,True,balance,,escalated,
11178390,Equity,Total equity,True,balance,,escalated,
11178390,Equity,Total equity,True,balance,,escalated,
11178390,InterestPayableSimilarChargesFinanceCosts,Total finance costs,False,balance,,escalated,
11178390,InterestPayableSimilarChargesFinanceCosts,Total finance costs,False,balance,,escalated,
11178390,IntangibleAssets,Total intangible assets,False,balance,asset.noncurrent.intangibles,tier2_keyword,tier2:asset.noncurrent.intangibles:intangible
11178390,IntangibleAssets,Total intangible assets,False,balance,asset.noncurrent.intangibles,tier2_keyword,tier2:asset.noncurrent.intangibles:intangible
11178390,TaxTaxCreditOnProfitOrLossOnOrdinaryActivities,Total tax charge,False,balance,,escalated,
11178390,TaxTaxCreditOnProfitOrLossOnOrdinaryActivities,Total tax charge,False,balance,,escalated,
11178390,TradeCreditorsTradePayables,Trade creditors,False,balance,,escalated,
11178390,TradeCreditorsTradePayables,Trade creditors,False,balance,,escalated,
11178390,TradeCreditorsTradePayables,Trade creditors,False,balance,,escalated,
11178390,TradeCreditorsTradePayables,Trade creditors,False,balance,,escalated,
11178390,TradeDebtorsTradeReceivables,Trade debtors,False,balance,asset.current.receivables,tier2_keyword,tier2:asset.current.receivables:debtors
11178390,TradeDebtorsTradeReceivables,Trade debtors,False,balance,asset.current.receivables,tier2_keyword,tier2:asset.current.receivables:debtors
11178390,TradeDebtorsTradeReceivables,Trade debtors,False,balance,asset.current.receivables,tier2_keyword,tier2:asset.current.receivables:debtors
11178390,TradeDebtorsTradeReceivables,Trade debtors,False,balance,asset.current.receivables,tier2_keyword,tier2:asset.current.receivables:debtors
11178390,IncreaseDecreaseDueToTransfersIntoOrOutPropertyPlantEquipment,Transfer to investment property,False,balance,,escalated,
11178390,IncreaseDecreaseDueToTransfersIntoOrOutPropertyPlantEquipment,Transfer to investment property,False,balance,,escalated,
11178390,IncreaseDecreaseDueToTransfersIntoOrOutPropertyPlantEquipment,Transfer to investment property,False,balance,,escalated,
11178390,IncreaseDecreaseDueToTransfersIntoOrOutPropertyPlantEquipment,Transfer to investment property,False,balance,,escalated,
11178390,IncreaseDecreaseDueToTransfersIntoOrOutPropertyPlantEquipment,Transfer to investment property,False,balance,,escalated,
11178390,IncreaseDecreaseDueToTransfersIntoOrOutPropertyPlantEquipment,Transfer to investment property,False,balance,,escalated,
11178390,IncreaseDecreaseDueToTransfersIntoOrOutPropertyPlantEquipment,Transfer to investment property,False,balance,,escalated,
11178390,TransfersIntoOrOutPropertyPlantEquipmentIncreaseDecreaseInDepreciationImpairment,Transfer to investment property,False,movement,,escalated,
11178390,TransfersIntoOrOutPropertyPlantEquipmentIncreaseDecreaseInDepreciationImpairment,Transfer to investment property,False,movement,,escalated,
11178390,TransfersIntoOrOutPropertyPlantEquipmentIncreaseDecreaseInDepreciationImpairment,Transfer to investment property,False,movement,,escalated,
11178390,TransfersIntoOrOutPropertyPlantEquipmentIncreaseDecreaseInDepreciationImpairment,Transfer to investment property,False,movement,,escalated,
11178390,TransfersIntoOrOutPropertyPlantEquipmentIncreaseDecreaseInDepreciationImpairment,Transfer to investment property,False,movement,,escalated,
11178390,TransfersIntoOrOutPropertyPlantEquipmentIncreaseDecreaseInDepreciationImpairment,Transfer to investment property,False,movement,,escalated,
11178390,TransfersIntoOrOutPropertyPlantEquipmentIncreaseDecreaseInDepreciationImpairment,Transfer to investment property,False,movement,,escalated,
11178390,CurrentTaxForPeriod,UK corporation tax on profits for the current period,False,balance,,escalated,
11178390,CurrentTaxForPeriod,UK corporation tax on profits for the current period,False,balance,,escalated,
11178390,PercentageClassShareHeldInSubsidiary,"Units 5-7, The Alpha Centre Osprey Road, Sowton Industrial Estate, Exeter, Devon EX2 7JG",False,balance,,escalated,
11178390,TaxIncreaseDecreaseFromEffectUnrelievedTaxLossesCarriedForward,Unutilised tax losses carried forward,False,movement,,escalated,
11178390,TaxIncreaseDecreaseFromEffectUnrelievedTaxLossesCarriedForward,Unutilised tax losses carried forward,False,movement,,escalated,
11178390,TaxDecreaseFromUtilisationTaxLosses,Utilisation of tax losses not previously recognised,False,movement,,escalated,
11178390,TaxDecreaseFromUtilisationTaxLosses,Utilisation of tax losses not previously recognised,False,movement,,escalated,
11178390,WagesSalaries,Wages and salaries,False,balance,,escalated,
11178390,WagesSalaries,Wages and salaries,False,balance,,escalated,
11178390,WagesSalaries,Wages and salaries,False,balance,,escalated,
11178390,WagesSalaries,Wages and salaries,False,balance,,escalated,
12521524,OwnershipInterestInAssociatePercent,%,False,balance,,escalated,
12521524,OwnershipInterestInAssociatePercent,%,False,balance,,escalated,
12521524,OwnershipInterestInAssociatePercent,%,False,balance,,escalated,
12521524,OwnershipInterestInAssociatePercent,%,False,balance,,escalated,
12521524,OwnershipInterestInAssociatePercent,%,False,balance,,escalated,
12521524,OwnershipInterestInSubsidiaryPercent,%,False,balance,,escalated,
12521524,OwnershipInterestInSubsidiaryPercent,%,False,balance,,escalated,
12521524,OwnershipInterestInAssociatePercent,%,False,balance,,escalated,
12521524,OwnershipInterestInAssociatePercent,%,False,balance,,escalated,
12521524,OwnershipInterestInAssociatePercent,%,False,balance,,escalated,
12521524,ApplicableTaxRate,(2024 -,False,balance,,escalated,
12521524,PensionCostsDefinedContributionPlan,(2024 -,False,balance,,escalated,
12521524,CarryingAmountPropertyPlantEquipmentPledgedAsSecurityForLiabilities,(2024 - £,False,balance,,escalated,
12521524,OutstandingPre-paidContributionsToDefinedContributionPlanReportingDate,(2024 - £,False,balance,,escalated,
12521524,MinimumOperatingLeasePaymentsRecognisedAsExpense,(2024 - £,False,balance,,escalated,
12521524,NetCashInflowOutflowFromOperationsBeforeMovementsInWorkingCapital,"(340,000)",False,balance,,escalated,
12521524,NetCashInflowOutflowFromOperationsBeforeMovementsInWorkingCapital,"(340,000)",False,balance,,escalated,
12521524,GainLossInCashFlowsFromChangeInCreditorsTradeOtherPayables,(Decrease)/increase in trade creditors,False,balance,,escalated,
12521524,GainLossInCashFlowsFromChangeInCreditorsTradeOtherPayables,(Decrease)/increase in trade creditors,False,balance,,escalated,
12521524,GainLossInCashFlowsFromChangeInDebtorsTradeOtherReceivables,(Increase)/decrease in trade debtors,False,balance,asset.current.receivables,tier2_keyword,tier2:asset.current.receivables:debtors
12521524,GainLossInCashFlowsFromChangeInDebtorsTradeOtherReceivables,(Increase)/decrease in trade debtors,False,balance,asset.current.receivables,tier2_keyword,tier2:asset.current.receivables:debtors
12521524,AuditFeesExpenses,"34,250",False,balance,,escalated,
12521524,AuditFeesExpenses,"34,250",False,balance,,escalated,
12521524,OtherOperatingIncomeFormat1,"93,473",False,balance,,escalated,
12521524,OtherOperatingIncomeFormat1,"93,473",False,balance,,escalated,
12521524,Creditors,: Amounts falling due after more than one year,False,balance,,escalated,
12521524,Creditors,: Amounts falling due after more than one year,False,balance,,escalated,
12521524,Creditors,: Amounts falling due within one year,False,balance,,escalated,
12521524,Creditors,: Amounts falling due within one year,False,balance,,escalated,
12521524,Creditors,: Amounts falling due within one year,False,balance,,escalated,
12521524,Creditors,: Amounts falling due within one year,False,balance,,escalated,
12521524,OtherPayablesAccruedExpenses,Accrued expenses,False,balance,,escalated,
12521524,OtherPayablesAccruedExpenses,Accrued expenses,False,balance,,escalated,
12521524,OtherPayablesAccruedExpenses,Accrued expenses,False,balance,,escalated,
12521524,OtherPayablesAccruedExpenses,Accrued expenses,False,balance,,escalated,
12521524,Creditors,Accrued expenses,False,balance,,escalated,
12521524,Creditors,Accrued expenses,False,balance,,escalated,
12521524,Creditors,Accrued expenses,False,balance,,escalated,
12521524,Creditors,Accrued expenses,False,balance,,escalated,
12521524,PurchaseIntangibleAssets,Acquisition of intangible assets,False,balance,asset.noncurrent.intangibles,tier2_keyword,tier2:asset.noncurrent.intangibles:intangible
12521524,PurchasePropertyPlantEquipment,Acquisitions of tangible assets,False,balance,,escalated,
12521524,PurchasePropertyPlantEquipment,Acquisitions of tangible assets,False,balance,,escalated,
12521524,AdditionsOtherThanThroughBusinessCombinationsPropertyPlantEquipment,Additions,False,movement,,escalated,
12521524,AdditionsOtherThanThroughBusinessCombinationsPropertyPlantEquipment,Additions,False,movement,,escalated,
12521524,AdditionsOtherThanThroughBusinessCombinationsPropertyPlantEquipment,Additions,False,movement,,escalated,
12521524,AdditionsOtherThanThroughBusinessCombinationsPropertyPlantEquipment,Additions,False,movement,,escalated,
12521524,AdditionsOtherThanThroughBusinessCombinationsPropertyPlantEquipment,Additions,False,movement,,escalated,
12521524,AdministrationSupportAverageNumberEmployees,Administration and support,False,balance,,escalated,
12521524,AdministrationSupportAverageNumberEmployees,Administration and support,False,balance,,escalated,
12521524,AverageNumberEmployeesDuringPeriod,Administration and support,False,balance,,escalated,
12521524,AverageNumberEmployeesDuringPeriod,Administration and support,False,balance,,escalated,
12521524,AdministrativeExpenses,Administrative expenses,False,balance,expense.admin,tier2_keyword,tier2:expense.admin:administrative
12521524,AdministrativeExpenses,Administrative expenses,False,balance,expense.admin,tier2_keyword,tier2:expense.admin:administrative
12521524,OtherNon-auditServicesFees,All other non-audit services,False,balance,,escalated,
12521524,OtherNon-auditServicesFees,All other non-audit services,False,balance,,escalated,
12521524,FeesForNon-auditServices,All other non-audit services,False,balance,,escalated,
12521524,FeesForNon-auditServices,All other non-audit services,False,balance,,escalated,
12521524,IncreaseFromAmortisationChargeForYearIntangibleAssets,Amortisation charge,False,movement,,escalated,
12521524,IncreaseFromAmortisationChargeForYearIntangibleAssets,Amortisation charge,False,movement,,escalated,
12521524,AmortisationExpenseIntangibleAssets,Amortisation expense,False,movement,,escalated,
12521524,DeferredTaxExpenseCreditRelatingToOriginationReversalTimingDifferences,Arising from origination and reversal of timing differences,False,balance,,escalated,
12521524,DeferredTaxExpenseCreditRelatingToOriginationReversalTimingDifferences,Arising from origination and reversal of timing differences,False,balance,,escalated,
12521524,Equity,At 1 November 2023,True,period_marker,,escalated,
12521524,Equity,At 1 November 2023,True,period_marker,,escalated,
12521524,Equity,At 1 November 2023,True,period_marker,,escalated,
12521524,Equity,At 1 November 2023,True,period_marker,,escalated,
12521524,Equity,At 1 November 2023,True,period_marker,,escalated,
12521524,Equity,At 1 November 2023,True,period_marker,,escalated,
12521524,Equity,At 1 November 2023,True,period_marker,,escalated,
12521524,Equity,At 1 November 2023,True,period_marker,,escalated,
12521524,Equity,At 1 November 2023,True,period_marker,,escalated,
12521524,Equity,At 1 November 2023,True,period_marker,,escalated,
12521524,Equity,At 1 November 2024,True,period_marker,,escalated,
12521524,Equity,At 1 November 2024,True,period_marker,,escalated,
12521524,Equity,At 1 November 2024,True,period_marker,,escalated,
12521524,Equity,At 1 November 2024,True,period_marker,,escalated,
12521524,Equity,At 1 November 2024,True,period_marker,,escalated,
12521524,Equity,At 1 November 2024,True,period_marker,,escalated,
12521524,Equity,At 1 November 2024,True,period_marker,,escalated,
12521524,Equity,At 1 November 2024,True,period_marker,,escalated,
12521524,Equity,At 1 November 2024,True,period_marker,,escalated,
12521524,Equity,At 1 November 2024,True,period_marker,,escalated,
12521524,IntangibleAssetsGrossCost,At 1 November 2024,False,period_marker,,escalated,
12521524,IntangibleAssetsGrossCost,At 1 November 2024,False,period_marker,,escalated,
12521524,AccumulatedAmortisationImpairmentIntangibleAssets,At 1 November 2024,False,period_marker,,escalated,
12521524,AccumulatedAmortisationImpairmentIntangibleAssets,At 1 November 2024,False,period_marker,,escalated,
12521524,PropertyPlantEquipmentGrossCost,At 1 November 2024,False,period_marker,,escalated,
12521524,PropertyPlantEquipmentGrossCost,At 1 November 2024,False,period_marker,,escalated,
12521524,PropertyPlantEquipmentGrossCost,At 1 November 2024,False,period_marker,,escalated,
12521524,PropertyPlantEquipmentGrossCost,At 1 November 2024,False,period_marker,,escalated,
12521524,PropertyPlantEquipmentGrossCost,At 1 November 2024,False,period_marker,,escalated,
12521524,PropertyPlantEquipmentGrossCost,At 1 November 2024,False,period_marker,,escalated,
12521524,AccumulatedDepreciationImpairmentPropertyPlantEquipment,At 1 November 2024,False,period_marker,,escalated,
12521524,AccumulatedDepreciationImpairmentPropertyPlantEquipment,At 1 November 2024,False,period_marker,,escalated,
12521524,AccumulatedDepreciationImpairmentPropertyPlantEquipment,At 1 November 2024,False,period_marker,,escalated,
12521524,AccumulatedDepreciationImpairmentPropertyPlantEquipment,At 1 November 2024,False,period_marker,,escalated,
12521524,AccumulatedDepreciationImpairmentPropertyPlantEquipment,At 1 November 2024,False,period_marker,,escalated,
12521524,AccumulatedDepreciationImpairmentPropertyPlantEquipment,At 1 November 2024,False,period_marker,,escalated,
12521524,PropertyPlantEquipmentGrossCost,At 1 November 2024,False,period_marker,,escalated,
12521524,PropertyPlantEquipmentGrossCost,At 1 November 2024,False,period_marker,,escalated,
12521524,PropertyPlantEquipmentGrossCost,At 1 November 2024,False,period_marker,,escalated,
12521524,PropertyPlantEquipmentGrossCost,At 1 November 2024,False,period_marker,,escalated,
12521524,AccumulatedDepreciationImpairmentPropertyPlantEquipment,At 1 November 2024,False,period_marker,,escalated,
12521524,AccumulatedDepreciationImpairmentPropertyPlantEquipment,At 1 November 2024,False,period_marker,,escalated,
12521524,AccumulatedDepreciationImpairmentPropertyPlantEquipment,At 1 November 2024,False,period_marker,,escalated,
12521524,AccumulatedDepreciationImpairmentPropertyPlantEquipment,At 1 November 2024,False,period_marker,,escalated,
12521524,InvestmentsInSubsidiaries,At 1 November 2024,False,period_marker,,escalated,
12521524,InvestmentsInAssociates,At 1 November 2024,False,period_marker,,escalated,
12521524,Provisions,At 1 November 2024,False,period_marker,,escalated,
12521524,Provisions,At 1 November 2024,False,period_marker,,escalated,
12521524,InvestmentPropertyFairValueModel,At 1 November 2024 and 31 October 2025,False,period_marker,,escalated,
12521524,IntangibleAssets,At 31 October 2024,False,period_marker,,escalated,
12521524,IntangibleAssets,At 31 October 2024,False,period_marker,,escalated,
12521524,PropertyPlantEquipment,At 31 October 2024,False,period_marker,,escalated,
12521524,PropertyPlantEquipment,At 31 October 2024,False,period_marker,,escalated,
12521524,PropertyPlantEquipment,At 31 October 2024,False,period_marker,,escalated,
12521524,PropertyPlantEquipment,At 31 October 2024,False,period_marker,,escalated,
12521524,PropertyPlantEquipment,At 31 October 2024,False,period_marker,,escalated,
12521524,PropertyPlantEquipment,At 31 October 2024,False,period_marker,,escalated,
12521524,PropertyPlantEquipment,At 31 October 2024,False,period_marker,,escalated,
12521524,PropertyPlantEquipment,At 31 October 2024,False,period_marker,,escalated,
12521524,PropertyPlantEquipment,At 31 October 2024,False,period_marker,,escalated,
12521524,PropertyPlantEquipment,At 31 October 2024,False,period_marker,,escalated,
12521524,InvestmentsInSubsidiaries,At 31 October 2024,False,period_marker,,escalated,
12521524,InvestmentsInAssociates,At 31 October 2024,False,period_marker,,escalated,
12521524,Equity,At 31 October 2025,True,period_marker,,escalated,
12521524,Equity,At 31 October 2025,True,period_marker,,escalated,
12521524,Equity,At 31 October 2025,True,period_marker,,escalated,
12521524,Equity,At 31 October 2025,True,period_marker,,escalated,
12521524,Equity,At 31 October 2025,True,period_marker,,escalated,
12521524,Equity,At 31 October 2025,True,period_marker,,escalated,
12521524,Equity,At 31 October 2025,True,period_marker,,escalated,
12521524,Equity,At 31 October 2025,True,period_marker,,escalated,
12521524,Equity,At 31 October 2025,True,period_marker,,escalated,
12521524,Equity,At 31 October 2025,True,period_marker,,escalated,
12521524,IntangibleAssetsGrossCost,At 31 October 2025,False,period_marker,,escalated,
12521524,IntangibleAssetsGrossCost,At 31 October 2025,False,period_marker,,escalated,
12521524,AccumulatedAmortisationImpairmentIntangibleAssets,At 31 October 2025,False,period_marker,,escalated,
12521524,AccumulatedAmortisationImpairmentIntangibleAssets,At 31 October 2025,False,period_marker,,escalated,
12521524,IntangibleAssets,At 31 October 2025,False,period_marker,,escalated,
12521524,IntangibleAssets,At 31 October 2025,False,period_marker,,escalated,
12521524,PropertyPlantEquipmentGrossCost,At 31 October 2025,False,period_marker,,escalated,
12521524,PropertyPlantEquipmentGrossCost,At 31 October 2025,False,period_marker,,escalated,
12521524,PropertyPlantEquipmentGrossCost,At 31 October 2025,False,period_marker,,escalated,
12521524,PropertyPlantEquipmentGrossCost,At 31 October 2025,False,period_marker,,escalated,
12521524,PropertyPlantEquipmentGrossCost,At 31 October 2025,False,period_marker,,escalated,
12521524,PropertyPlantEquipmentGrossCost,At 31 October 2025,False,period_marker,,escalated,
12521524,AccumulatedDepreciationImpairmentPropertyPlantEquipment,At 31 October 2025,False,period_marker,,escalated,
12521524,AccumulatedDepreciationImpairmentPropertyPlantEquipment,At 31 October 2025,False,period_marker,,escalated,
12521524,AccumulatedDepreciationImpairmentPropertyPlantEquipment,At 31 October 2025,False,period_marker,,escalated,
12521524,AccumulatedDepreciationImpairmentPropertyPlantEquipment,At 31 October 2025,False,period_marker,,escalated,
12521524,AccumulatedDepreciationImpairmentPropertyPlantEquipment,At 31 October 2025,False,period_marker,,escalated,
12521524,AccumulatedDepreciationImpairmentPropertyPlantEquipment,At 31 October 2025,False,period_marker,,escalated,
12521524,PropertyPlantEquipment,At 31 October 2025,False,period_marker,,escalated,
12521524,PropertyPlantEquipment,At 31 October 2025,False,period_marker,,escalated,
12521524,PropertyPlantEquipment,At 31 October 2025,False,period_marker,,escalated,
12521524,PropertyPlantEquipment,At 31 October 2025,False,period_marker,,escalated,
12521524,PropertyPlantEquipment,At 31 October 2025,False,period_marker,,escalated,
12521524,PropertyPlantEquipment,At 31 October 2025,False,period_marker,,escalated,
12521524,PropertyPlantEquipmentGrossCost,At 31 October 2025,False,period_marker,,escalated,
12521524,PropertyPlantEquipmentGrossCost,At 31 October 2025,False,period_marker,,escalated,
12521524,PropertyPlantEquipmentGrossCost,At 31 October 2025,False,period_marker,,escalated,
12521524,PropertyPlantEquipmentGrossCost,At 31 October 2025,False,period_marker,,escalated,
12521524,AccumulatedDepreciationImpairmentPropertyPlantEquipment,At 31 October 2025,False,period_marker,,escalated,
12521524,AccumulatedDepreciationImpairmentPropertyPlantEquipment,At 31 October 2025,False,period_marker,,escalated,
12521524,AccumulatedDepreciationImpairmentPropertyPlantEquipment,At 31 October 2025,False,period_marker,,escalated,
12521524,AccumulatedDepreciationImpairmentPropertyPlantEquipment,At 31 October 2025,False,period_marker,,escalated,
12521524,PropertyPlantEquipment,At 31 October 2025,False,period_marker,,escalated,
12521524,PropertyPlantEquipment,At 31 October 2025,False,period_marker,,escalated,
12521524,PropertyPlantEquipment,At 31 October 2025,False,period_marker,,escalated,
12521524,InvestmentsInSubsidiaries,At 31 October 2025,False,period_marker,,escalated,
12521524,InvestmentsInAssociates,At 31 October 2025,False,period_marker,,escalated,
12521524,Provisions,At 31 October 2025,False,period_marker,,escalated,
12521524,Provisions,At 31 October 2025,False,period_marker,,escalated,
12521524,Equity,Called up share capital,True,balance,equity.capital,tier2_keyword,tier2:equity.capital:capital
12521524,Equity,Called up share capital,True,balance,equity.capital,tier2_keyword,tier2:equity.capital:capital
12521524,Equity,Called up share capital,True,balance,equity.capital,tier2_keyword,tier2:equity.capital:capital
12521524,Equity,Called up share capital,True,balance,equity.capital,tier2_keyword,tier2:equity.capital:capital
12521524,CashCashEquivalentsCashFlowValue,Cash and cash equivalents at 1 November 2024,False,balance,asset.current.cash,tier2_keyword,tier2:asset.current.cash:cash
12521524,CashCashEquivalentsCashFlowValue,Cash and cash equivalents at 1 November 2024,False,balance,asset.current.cash,tier2_keyword,tier2:asset.current.cash:cash
12521524,BalancesWithBanks,Cash at bank,False,balance,asset.current.cash,tier2_keyword,tier2:asset.current.cash:cash
12521524,BalancesWithBanks,Cash at bank,False,balance,asset.current.cash,tier2_keyword,tier2:asset.current.cash:cash
12521524,BalancesWithBanks,Cash at bank,False,balance,asset.current.cash,tier2_keyword,tier2:asset.current.cash:cash
12521524,BalancesWithBanks,Cash at bank,False,balance,asset.current.cash,tier2_keyword,tier2:asset.current.cash:cash
12521524,CashBankOnHand,Cash at bank and in hand,False,balance,asset.current.cash,tier2_keyword,tier2:asset.current.cash:cash
12521524,CashBankOnHand,Cash at bank and in hand,False,balance,asset.current.cash,tier2_keyword,tier2:asset.current.cash:cash
12521524,CurrentAssets,Cash at bank and in hand,True,balance,asset.current.cash,tier2_keyword,tier2:asset.current.cash:cash
12521524,CurrentAssets,Cash at bank and in hand,True,balance,asset.current.cash,tier2_keyword,tier2:asset.current.cash:cash
12521524,CashBankOnHand,Cash at bank and in hand,False,balance,asset.current.cash,tier2_keyword,tier2:asset.current.cash:cash
12521524,CashBankOnHand,Cash at bank and in hand,False,balance,asset.current.cash,tier2_keyword,tier2:asset.current.cash:cash
12521524,CurrentAssets,Cash at bank and in hand,True,balance,asset.current.cash,tier2_keyword,tier2:asset.current.cash:cash
12521524,CurrentAssets,Cash at bank and in hand,True,balance,asset.current.cash,tier2_keyword,tier2:asset.current.cash:cash
12521524,NetCashGeneratedFromOperations,Cash generated from operations,False,balance,asset.current.cash,tier2_keyword,tier2:asset.current.cash:cash
12521524,NetCashGeneratedFromOperations,Cash generated from operations,False,balance,asset.current.cash,tier2_keyword,tier2:asset.current.cash:cash
12521524,CashOnHand,Cash on hand,False,balance,asset.current.cash,tier2_keyword,tier2:asset.current.cash:cash
12521524,CashOnHand,Cash on hand,False,balance,asset.current.cash,tier2_keyword,tier2:asset.current.cash:cash
12521524,CashOnHand,Cash on hand,False,balance,asset.current.cash,tier2_keyword,tier2:asset.current.cash:cash
12521524,CashOnHand,Cash on hand,False,balance,asset.current.cash,tier2_keyword,tier2:asset.current.cash:cash
12521524,IncreaseFromDepreciationChargeForYearPropertyPlantEquipment,Charge for the year,False,movement,,escalated,
12521524,IncreaseFromDepreciationChargeForYearPropertyPlantEquipment,Charge for the year,False,movement,,escalated,
12521524,IncreaseFromDepreciationChargeForYearPropertyPlantEquipment,Charge for the year,False,movement,,escalated,
12521524,IncreaseFromDepreciationChargeForYearPropertyPlantEquipment,Charge for the year,False,movement,,escalated,
12521524,IncreaseFromDepreciationChargeForYearPropertyPlantEquipment,Charge for the year,False,movement,,escalated,
12521524,IncreaseFromDepreciationChargeForYearPropertyPlantEquipment,Charge for the year,False,movement,,escalated,
12521524,IncreaseFromDepreciationChargeForYearPropertyPlantEquipment,Charge for the year,False,movement,,escalated,
12521524,IncreaseFromDepreciationChargeForYearPropertyPlantEquipment,Charge for the year,False,movement,,escalated,
12521524,IncreaseFromDepreciationChargeForYearPropertyPlantEquipment,Charge for the year,False,movement,,escalated,
12521524,IncreaseFromDepreciationChargeForYearPropertyPlantEquipment,Charge for the year,False,movement,,escalated,
12521524,OutstandingPre-paidContributionsToDefinedContributionPlanReportingDate,Contributions totalling,False,balance,,escalated,
12521524,FurtherItemDebtorsComponentTotalDebtors,Corporation tax,True,balance,,escalated,
12521524,FurtherItemDebtorsComponentTotalDebtors,Corporation tax,True,balance,,escalated,
12521524,Debtors,Corporation tax,False,balance,,escalated,
12521524,Debtors,Corporation tax,False,balance,,escalated,
12521524,Debtors,Corporation tax,False,balance,,escalated,
12521524,Debtors,Corporation tax,False,balance,,escalated,
12521524,TaxExpenseCreditApplicableTaxRate,Corporation tax at standard rate,False,balance,,escalated,
12521524,TaxExpenseCreditApplicableTaxRate,Corporation tax at standard rate,False,balance,,escalated,
12521524,CostSales,Cost of sales,False,balance,revenue.operating,tier2_keyword,tier2:revenue.operating:sales
12521524,CostSales,Cost of sales,False,balance,revenue.operating,tier2_keyword,tier2:revenue.operating:sales
12521524,Debtors,Debtors,False,balance,asset.current.receivables,tier2_keyword,tier2:asset.current.receivables:debtors
12521524,Debtors,Debtors,False,balance,asset.current.receivables,tier2_keyword,tier2:asset.current.receivables:debtors
12521524,Debtors,Debtors,False,balance,asset.current.receivables,tier2_keyword,tier2:asset.current.receivables:debtors
12521524,Debtors,Debtors,False,balance,asset.current.receivables,tier2_keyword,tier2:asset.current.receivables:debtors
12521524,TaxIncreaseDecreaseFromEffectJointVenturesAssociatesResultsReportedNetTax,Decrease from effect of joint-ventures and associates results reported net of tax,False,movement,,escalated,
12521524,TaxIncreaseDecreaseFromEffectJointVenturesAssociatesResultsReportedNetTax,Decrease from effect of joint-ventures and associates results reported net of tax,False,movement,,escalated,
12521524,TaxDecreaseFromTaxLossesForWhichNoDeferredTaxAssetWasRecognised,Decrease from tax losses for which no deferred tax asset was recognised,False,movement,,escalated,
12521524,DepreciationAmortisationExpense,Depreciation and amortisation,False,movement,expense.depreciation,tier2_keyword,tier2:expense.depreciation:depreciation
12521524,DepreciationAmortisationExpense,Depreciation and amortisation,False,movement,expense.depreciation,tier2_keyword,tier2:expense.depreciation:depreciation
12521524,DepreciationExpensePropertyPlantEquipment,Depreciation expense,False,balance,expense.depreciation,tier2_keyword,tier2:expense.depreciation:depreciation
12521524,DepreciationExpensePropertyPlantEquipment,Depreciation expense,False,balance,expense.depreciation,tier2_keyword,tier2:expense.depreciation:depreciation
12521524,DisposalsPropertyPlantEquipment,Disposals,False,movement,,escalated,
12521524,DisposalsPropertyPlantEquipment,Disposals,False,movement,,escalated,
12521524,DisposalsPropertyPlantEquipment,Disposals,False,movement,,escalated,
12521524,DisposalsPropertyPlantEquipment,Disposals,False,movement,,escalated,
12521524,DistributionCosts,Distribution costs,False,balance,,escalated,
12521524,DistributionCosts,Distribution costs,False,balance,,escalated,
12521524,DividendsPaid,Dividends,False,balance,,escalated,
12521524,DividendsPaid,Dividends,False,balance,,escalated,
12521524,DividendsPaid,Dividends,False,balance,,escalated,
12521524,DividendsPaid,Dividends,False,balance,,escalated,
12521524,DividendsPaid,Dividends,False,balance,,escalated,
12521524,DividendsPaid,Dividends,False,balance,,escalated,
12521524,DividendsPaidClassifiedAsFinancingActivities,Dividends paid,False,balance,,escalated,
12521524,DividendsPaidClassifiedAsFinancingActivities,Dividends paid,False,balance,,escalated,
12521524,TaxIncreaseDecreaseFromEffectExpensesNotDeductibleInDeterminingTaxableProfitOrLoss,Effect of expense not deductible in determining taxable profit (tax loss),False,movement,,escalated,
12521524,TaxIncreaseDecreaseFromEffectExpensesNotDeductibleInDeterminingTaxableProfitOrLoss,Effect of expense not deductible in determining taxable profit (tax loss),False,movement,,escalated,
12521524,TaxDecreaseFromUtilisationTaxLosses,Effect of tax losses,False,movement,,escalated,
12521524,TaxDecreaseFromUtilisationTaxLosses,Effect of tax losses,False,movement,,escalated,
12521524,DisposalsDecreaseInDepreciationImpairmentPropertyPlantEquipment,Eliminated on disposal,False,movement,,escalated,
12521524,DisposalsDecreaseInDepreciationImpairmentPropertyPlantEquipment,Eliminated on disposal,False,movement,,escalated,
12521524,DisposalsDecreaseInDepreciationImpairmentPropertyPlantEquipment,Eliminated on disposal,False,movement,,escalated,
12521524,DisposalsDecreaseInDepreciationImpairmentPropertyPlantEquipment,Eliminated on disposal,False,movement,,escalated,
12521524,Equity,Equity attributable to owners of the company,True,balance,,escalated,
12521524,Equity,Equity attributable to owners of the company,True,balance,,escalated,
12521524,InterestPaidClassifiedAsOperatingActivities,Finance costs,False,balance,,escalated,
12521524,InterestPaidClassifiedAsOperatingActivities,Finance costs,False,balance,,escalated,
12521524,InterestReceivedClassifiedAsOperatingActivities,Finance income,False,balance,,escalated,
12521524,InterestReceivedClassifiedAsOperatingActivities,Finance income,False,balance,,escalated,
12521524,GrossProfitLoss,Gross profit,False,balance,,escalated,
12521524,GrossProfitLoss,Gross profit,False,balance,,escalated,
12521524,ShareProfitLossAssociatesAccountedForByEquityMethod,Group's share of profit or loss in associates,False,balance,,escalated,
12521524,ShareProfitLossAssociatesAccountedForByEquityMethod,Group's share of profit or loss in associates,False,balance,,escalated,
12521524,FinanceLeaseLiabilitiesPresentValueTotal,Hire purchase contracts,True,balance,,escalated,
12521524,FinanceLeaseLiabilitiesPresentValueTotal,Hire purchase contracts,True,balance,,escalated,
12521524,FinanceLeaseLiabilitiesPresentValueTotal,Hire purchase contracts,True,balance,,escalated,
12521524,FinanceLeaseLiabilitiesPresentValueTotal,Hire purchase contracts,True,balance,,escalated,
12521524,IncomeFromAssociatesJointVenturesParticipatingInterests,Income from participating interests,False,balance,,escalated,
12521524,TaxTaxCreditOnProfitOrLossOnOrdinaryActivities,Income tax expense,False,balance,,escalated,
12521524,TaxTaxCreditOnProfitOrLossOnOrdinaryActivities,Income tax expense,False,balance,,escalated,
12521524,IncomeTaxesPaidRefundClassifiedAsOperatingActivities,Income taxes received,False,balance,,escalated,
12521524,IncomeTaxesPaidRefundClassifiedAsOperatingActivities,Income taxes received,False,balance,,escalated,
12521524,IncreaseDecreaseInExistingProvisions,Increase (decrease) in existing provisions,False,movement,,escalated,
12521524,IncreaseDecreaseInExistingProvisions,Increase (decrease) in existing provisions,False,movement,,escalated,
12521524,GainLossInCashFlowsFromChangeInInventories,Increase in stocks,False,balance,asset.current.inventory,tier2_keyword,tier2:asset.current.inventory:stock
12521524,GainLossInCashFlowsFromChangeInInventories,Increase in stocks,False,balance,asset.current.inventory,tier2_keyword,tier2:asset.current.inventory:stock
12521524,IntangibleAssets,Intangible assets,False,balance,asset.noncurrent.intangibles,tier2_keyword,tier2:asset.noncurrent.intangibles:intangible
12521524,IntangibleAssets,Intangible assets,False,balance,asset.noncurrent.intangibles,tier2_keyword,tier2:asset.noncurrent.intangibles:intangible
12521524,InterestExpenseOnFinancialLiabilitiesFairValueThroughProfitOrLoss,Interest expense on other finance liabilities,False,balance,expense.interest,tier2_keyword,tier2:expense.interest:interest expense
12521524,InterestPayableSimilarChargesFinanceCosts,Interest expense on other finance liabilities,False,balance,expense.interest,tier2_keyword,tier2:expense.interest:interest expense
12521524,InterestPayableSimilarChargesFinanceCosts,Interest expense on other finance liabilities,False,balance,expense.interest,tier2_keyword,tier2:expense.interest:interest expense
12521524,InterestIncomeOnBankDeposits,Interest income on bank deposits,False,balance,asset.current.bank,tier2_keyword,tier2:asset.current.bank:bank
12521524,InterestIncomeOnBankDeposits,Interest income on bank deposits,False,balance,asset.current.bank,tier2_keyword,tier2:asset.current.bank:bank
12521524,InterestExpenseOnBankOverdraftsBankLoansSimilarBorrowings,Interest on bank overdrafts and borrowings,False,balance,asset.current.bank,tier2_keyword,tier2:asset.current.bank:bank
12521524,InterestExpenseOnBankOverdraftsBankLoansSimilarBorrowings,Interest on bank overdrafts and borrowings,False,balance,asset.current.bank,tier2_keyword,tier2:asset.current.bank:bank
12521524,InterestExpenseOnObligationsUnderFinanceLeasesHirePurchaseContracts,Interest on obligations under finance leases and hire purchase contracts,False,balance,,escalated,
12521524,InterestExpenseOnObligationsUnderFinanceLeasesHirePurchaseContracts,Interest on obligations under finance leases and hire purchase contracts,False,balance,,escalated,
12521524,InterestPaidClassifiedAsFinancingActivities,Interest paid,False,balance,,escalated,
12521524,InterestPaidClassifiedAsFinancingActivities,Interest paid,False,balance,,escalated,
12521524,InterestPayableSimilarChargesFinanceCosts,Interest payable and similar charges,False,balance,liability.current.payables,tier2_keyword,tier2:liability.current.payables:payable
12521524,InterestPayableSimilarChargesFinanceCosts,Interest payable and similar charges,False,balance,liability.current.payables,tier2_keyword,tier2:liability.current.payables:payable
12521524,InterestReceivedClassifiedAsInvestingActivities,Interest received,False,balance,,escalated,
12521524,InterestReceivedClassifiedAsInvestingActivities,Interest received,False,balance,,escalated,
12521524,InvestmentProperty,Investment property,False,balance,,escalated,
12521524,InvestmentProperty,Investment property,False,balance,,escalated,
12521524,InvestmentProperty,Investment property,False,balance,,escalated,
12521524,InvestmentProperty,Investment property,False,balance,,escalated,
12521524,InvestmentsFixedAssets,Investments,False,balance,,escalated,
12521524,InvestmentsFixedAssets,Investments,False,balance,,escalated,
12521524,FixedAssets,Investments,True,balance,,escalated,
12521524,FixedAssets,Investments,True,balance,,escalated,
12521524,InvestmentsFixedAssets,Investments,False,balance,,escalated,
12521524,InvestmentsFixedAssets,Investments,False,balance,,escalated,
12521524,FixedAssets,Investments,True,balance,,escalated,
12521524,FixedAssets,Investments,True,balance,,escalated,
12521524,InvestmentsInAssociates,Investments in associates,False,balance,,escalated,
12521524,InvestmentsInAssociates,Investments in associates,False,balance,,escalated,
12521524,InvestmentsInGroupUndertakingsParticipatingInterests,Investments in associates,False,balance,,escalated,
12521524,InvestmentsInGroupUndertakingsParticipatingInterests,Investments in associates,False,balance,,escalated,
12521524,InvestmentsInSubsidiaries,Investments in subsidiaries,False,balance,,escalated,
12521524,InvestmentsInSubsidiaries,Investments in subsidiaries,False,balance,,escalated,
12521524,FutureMinimumLeasePaymentsUnderNon-cancellableOperatingLeases,Later than five years,False,balance,,escalated,
12521524,FutureMinimumLeasePaymentsUnderNon-cancellableOperatingLeases,Later than five years,False,balance,,escalated,
12521524,FutureMinimumLeasePaymentsUnderNon-cancellableOperatingLeases,Later than five years,False,balance,,escalated,
12521524,FutureMinimumLeasePaymentsUnderNon-cancellableOperatingLeases,Later than five years,False,balance,,escalated,
12521524,FutureMinimumLeasePaymentsUnderNon-cancellableOperatingLeases,Later than one year and not later than five years,False,balance,,escalated,
12521524,FutureMinimumLeasePaymentsUnderNon-cancellableOperatingLeases,Later than one year and not later than five years,False,balance,,escalated,
12521524,TotalBorrowings,Loans and borrowings,True,balance,,escalated,
12521524,TotalBorrowings,Loans and borrowings,True,balance,,escalated,
12521524,TotalBorrowings,Loans and borrowings,True,balance,,escalated,
12521524,TotalBorrowings,Loans and borrowings,True,balance,,escalated,
12521524,GainLossOnDisposalsPropertyPlantEquipment,"Loss on disposal of property, plant and equipment",False,movement,,escalated,
12521524,GainLossOnDisposalsPropertyPlantEquipment,"Loss on disposal of property, plant and equipment",False,movement,,escalated,
12521524,GainLossOnDisposalsPropertyPlantEquipment,Loss on disposal of tangible assets,False,movement,,escalated,
12521524,GainLossOnDisposalsPropertyPlantEquipment,Loss on disposal of tangible assets,False,movement,,escalated,
12521524,ProfitLossAttributableToNon-controllingInterests,Minority interests,False,balance,,escalated,
12521524,ProfitLossAttributableToNon-controllingInterests,Minority interests,False,balance,,escalated,
12521524,ProfitLoss,Minority interests,False,balance,,escalated,
12521524,ProfitLoss,Minority interests,False,balance,,escalated,
12521524,ComprehensiveIncomeExpenseAttributableToNon-controllingInterests,Minority interests,False,balance,,escalated,
12521524,ComprehensiveIncomeExpenseAttributableToNon-controllingInterests,Minority interests,False,balance,,escalated,
12521524,ComprehensiveIncomeExpense,Minority interests,False,balance,,escalated,
12521524,ComprehensiveIncomeExpense,Minority interests,False,balance,,escalated,
12521524,Equity,Minority interests,True,balance,,escalated,
12521524,Equity,Minority interests,True,balance,,escalated,
12521524,NetCashFlowsFromUsedInOperatingActivities,Net cash flow from operating activities,False,balance,asset.current.cash,tier2_keyword,tier2:asset.current.cash:cash
12521524,NetCashFlowsFromUsedInOperatingActivities,Net cash flow from operating activities,False,balance,asset.current.cash,tier2_keyword,tier2:asset.current.cash:cash
12521524,NetCashFlowsFromUsedInFinancingActivities,Net cash flows from financing activities,False,balance,asset.current.cash,tier2_keyword,tier2:asset.current.cash:cash
12521524,NetCashFlowsFromUsedInFinancingActivities,Net cash flows from financing activities,False,balance,asset.current.cash,tier2_keyword,tier2:asset.current.cash:cash
12521524,NetCashFlowsFromUsedInInvestingActivities,Net cash flows from investing activities,False,balance,asset.current.cash,tier2_keyword,tier2:asset.current.cash:cash
12521524,NetCashFlowsFromUsedInInvestingActivities,Net cash flows from investing activities,False,balance,asset.current.cash,tier2_keyword,tier2:asset.current.cash:cash
12521524,IncreaseDecreaseInCashCashEquivalentsBeforeForeignExchangeDifferencesChangesInConsolidation,Net increase in cash and cash equivalents,False,movement,asset.current.cash,tier2_keyword,tier2:asset.current.cash:cash
12521524,IncreaseDecreaseInCashCashEquivalentsBeforeForeignExchangeDifferencesChangesInConsolidation,Net increase in cash and cash equivalents,False,movement,asset.current.cash,tier2_keyword,tier2:asset.current.cash:cash
12521524,PaymentsFinanceLeaseLiabilitiesClassifiedAsFinancingActivities,Net payments to finance lease creditors,False,balance,,escalated,
12521524,PaymentsFinanceLeaseLiabilitiesClassifiedAsFinancingActivities,Net payments to finance lease creditors,False,balance,,escalated,
12521524,FutureMinimumLeasePaymentsUnderNon-cancellableOperatingLeases,Not later than one year,False,balance,,escalated,
12521524,FutureMinimumLeasePaymentsUnderNon-cancellableOperatingLeases,Not later than one year,False,balance,,escalated,
12521524,TotalOperatingLeasePayments,Operating lease expense - other,True,balance,,escalated,
12521524,TotalOperatingLeasePayments,Operating lease expense - other,True,balance,,escalated,
12521524,TotalOperatingLeasePayments,Operating lease expense - plant and machinery,True,balance,,escalated,
12521524,TotalOperatingLeasePayments,Operating lease expense - plant and machinery,True,balance,,escalated,
12521524,OperatingProfitLoss,Operating profit/(loss),False,balance,,escalated,
12521524,OperatingProfitLoss,Operating profit/(loss),False,balance,,escalated,
12521524,OwnershipInterestInAssociatePercent,Ordinary,False,balance,,escalated,
12521524,OwnershipInterestInAssociatePercent,Ordinary,False,balance,,escalated,
12521524,OwnershipInterestInAssociatePercent,Ordinary,False,balance,,escalated,
12521524,OwnershipInterestInAssociatePercent,Ordinary,False,balance,,escalated,
12521524,OwnershipInterestInAssociatePercent,Ordinary,False,balance,,escalated,
12521524,OwnershipInterestInSubsidiaryPercent,Ordinary,False,balance,,escalated,
12521524,OwnershipInterestInSubsidiaryPercent,Ordinary,False,balance,,escalated,
12521524,OwnershipInterestInAssociatePercent,Ordinary,False,balance,,escalated,
12521524,OwnershipInterestInAssociatePercent,Ordinary,False,balance,,escalated,
12521524,OwnershipInterestInAssociatePercent,Ordinary,False,balance,,escalated,
12521524,OtherRemainingBorrowings,Other borrowings,False,balance,,escalated,
12521524,TotalBorrowings,Other borrowings,True,balance,,escalated,
12521524,TotalBorrowings,Other borrowings,True,balance,,escalated,
12521524,OtherCreditors,Other creditors,False,balance,,escalated,
12521524,OtherCreditors,Other creditors,False,balance,,escalated,
12521524,OtherCreditors,Other creditors,False,balance,,escalated,
12521524,OtherCreditors,Other creditors,False,balance,,escalated,
12521524,OtherDebtors,Other debtors,False,balance,asset.current.receivables,tier2_keyword,tier2:asset.current.receivables:debtors
12521524,OtherDebtors,Other debtors,False,balance,asset.current.receivables,tier2_keyword,tier2:asset.current.receivables:debtors
12521524,OtherDebtors,Other debtors,False,balance,asset.current.receivables,tier2_keyword,tier2:asset.current.receivables:debtors
12521524,OtherEmployeeExpense,Other employee expense,False,balance,,escalated,
12521524,OtherEmployeeExpense,Other employee expense,False,balance,,escalated,
12521524,StaffCostsEmployeeBenefitsExpense,Other employee expense,False,balance,,escalated,
12521524,StaffCostsEmployeeBenefitsExpense,Other employee expense,False,balance,,escalated,
12521524,OtherFinanceIncome,Other finance income,False,balance,,escalated,
12521524,OtherFinanceIncome,Other finance income,False,balance,,escalated,
12521524,OtherInterestReceivableSimilarIncomeFinanceIncome,Other finance income,False,balance,,escalated,
12521524,OtherInterestReceivableSimilarIncomeFinanceIncome,Other finance income,False,balance,,escalated,
12521524,OtherInterestReceivableSimilarIncomeFinanceIncome,Other interest receivable and similar income,False,balance,asset.current.receivables,tier2_keyword,tier2:asset.current.receivables:receivable
12521524,OtherInterestReceivableSimilarIncomeFinanceIncome,Other interest receivable and similar income,False,balance,asset.current.receivables,tier2_keyword,tier2:asset.current.receivables:receivable
12521524,OtherOperatingIncomeFormat1,Other operating income,False,balance,,escalated,
12521524,OtherOperatingIncomeFormat1,Other operating income,False,balance,,escalated,
12521524,Equity,Other reserves,True,balance,equity.reserves,tier2_keyword,tier2:equity.reserves:reserve
12521524,Equity,Other reserves,True,balance,equity.reserves,tier2_keyword,tier2:equity.reserves:reserve
12521524,UnpaidContributionsToPensionSchemes,Outstanding defined contribution pension costs,False,balance,,escalated,
12521524,UnpaidContributionsToPensionSchemes,Outstanding defined contribution pension costs,False,balance,,escalated,
12521524,UnpaidContributionsToPensionSchemes,Outstanding defined contribution pension costs,False,balance,,escalated,
12521524,UnpaidContributionsToPensionSchemes,Outstanding defined contribution pension costs,False,balance,,escalated,
12521524,ProfitLossAttributableToOwnersParent,Owners of the company,False,balance,,escalated,
12521524,ProfitLossAttributableToOwnersParent,Owners of the company,False,balance,,escalated,
12521524,ComprehensiveIncomeExpenseAttributableToOwnersParent,Owners of the company,False,balance,,escalated,
12521524,ComprehensiveIncomeExpenseAttributableToOwnersParent,Owners of the company,False,balance,,escalated,
12521524,PensionCostsDefinedContributionPlan,"Pension costs, defined contribution scheme",False,balance,,escalated,
12521524,PensionCostsDefinedContributionPlan,"Pension costs, defined contribution scheme",False,balance,,escalated,
12521524,Prepayments,Prepayments,False,balance,,escalated,
12521524,Prepayments,Prepayments,False,balance,,escalated,
12521524,Prepayments,Prepayments,False,balance,,escalated,
12521524,Prepayments,Prepayments,False,balance,,escalated,
12521524,CashReceiptsFromSalesInterestsInJointVenturesAssociatesParticipatingInterests,Proceeds from disposal of investments in joint ventures and associates,False,balance,,escalated,
12521524,ProceedsFromSalesPropertyPlantEquipment,Proceeds from sale of tangible assets,False,balance,,escalated,
12521524,ProceedsFromSalesPropertyPlantEquipment,Proceeds from sale of tangible assets,False,balance,,escalated,
12521524,ProductionAverageNumberEmployees,Production,False,balance,,escalated,
12521524,ProductionAverageNumberEmployees,Production,False,balance,,escalated,
12521524,ProfitLossOnOrdinaryActivitiesBeforeTax,Profit before tax,False,balance,,escalated,
12521524,ProfitLossOnOrdinaryActivitiesBeforeTax,Profit before tax,False,balance,,escalated,
12521524,ProfitLossOnOrdinaryActivitiesBeforeTax,Profit before tax,False,balance,,escalated,
12521524,ProfitLossOnOrdinaryActivitiesBeforeTax,Profit before tax,False,balance,,escalated,
12521524,ProfitLoss,Profit for the financial year,False,balance,,escalated,
12521524,ProfitLoss,Profit for the financial year,False,balance,,escalated,
12521524,ProfitLoss,Profit for the year,False,balance,,escalated,
12521524,ProfitLoss,Profit for the year,False,balance,,escalated,
12521524,ProfitLoss,Profit for the year,False,balance,,escalated,
12521524,ProfitLoss,Profit for the year,False,balance,,escalated,
12521524,ProfitLoss,Profit for the year,False,balance,,escalated,
12521524,ProfitLoss,Profit for the year,False,balance,,escalated,
12521524,ProfitLoss,Profit for the year,False,balance,,escalated,
12521524,ProfitLoss,Profit for the year,False,balance,,escalated,
12521524,ProfitLoss,Profit for the year,False,balance,,escalated,
12521524,ProfitLoss,Profit for the year,False,balance,,escalated,
12521524,ProfitLoss,Profit for the year,False,balance,,escalated,
12521524,ProfitLoss,Profit for the year,False,balance,,escalated,
12521524,ProfitLoss,Profit for the year,False,balance,,escalated,
12521524,ProfitLoss,Profit for the year,False,balance,,escalated,
12521524,ProfitLoss,Profit for the year,False,balance,,escalated,
12521524,ProfitLoss,Profit for the year,False,balance,,escalated,
12521524,GainLossOnDisposalInvestmentsInSubsidiariesAssociatesJointVentures,Profit from disposals of investments,False,balance,,escalated,
12521524,DeferredTaxAssets,Provisions,False,balance,,escalated,
12521524,DeferredTaxAssets,Provisions,False,balance,,escalated,
12521524,ProvisionsForLiabilitiesBalanceSheetSubtotal,Provisions for liabilities,False,balance,,escalated,
12521524,ProvisionsForLiabilitiesBalanceSheetSubtotal,Provisions for liabilities,False,balance,,escalated,
12521524,DirectorRemuneration,Remuneration,False,balance,,escalated,
12521524,DirectorRemuneration,Remuneration,False,balance,,escalated,
12521524,Equity,Retained earnings,True,balance,equity.retained,tier2_keyword,tier2:equity.retained:retained
12521524,Equity,Retained earnings,True,balance,equity.retained,tier2_keyword,tier2:equity.retained:retained
12521524,Equity,Retained earnings,True,balance,equity.retained,tier2_keyword,tier2:equity.retained:retained
12521524,Equity,Retained earnings,True,balance,equity.retained,tier2_keyword,tier2:equity.retained:retained
12521524,KeyManagementPersonnelCompensationShort-termEmployeeBenefits,Salaries and other short term employee benefits,False,balance,,escalated,
12521524,KeyManagementPersonnelCompensationShort-termEmployeeBenefits,Salaries and other short term employee benefits,False,balance,,escalated,
12521524,ShareProfitLossAssociatesJointVenturesAccountedForUsingEquityMethod,Share of profit of equity accounted investees,False,balance,,escalated,
12521524,ShareProfitLossAssociatesJointVenturesAccountedForUsingEquityMethod,Share of profit of equity accounted investees,False,balance,,escalated,
12521524,ShareProfitLossAssociatesAccountedForByEquityMethod,Share of profit/loss of equity accounted investees,False,balance,,escalated,
12521524,ShareProfitLossAssociatesAccountedForByEquityMethod,Share of profit/loss of equity accounted investees,False,balance,,escalated,
12521524,Equity,Share premium reserve,True,balance,equity.reserves,tier2_keyword,tier2:equity.reserves:reserve
12521524,Equity,Share premium reserve,True,balance,equity.reserves,tier2_keyword,tier2:equity.reserves:reserve
12521524,Equity,Shareholders' funds,True,balance,,escalated,
12521524,Equity,Shareholders' funds,True,balance,,escalated,
12521524,Equity,Shareholders' funds,True,balance,,escalated,
12521524,Equity,Shareholders' funds,True,balance,,escalated,
12521524,Short-termDepositsClassifiedAsCashEquivalents,Short-term deposits,False,balance,,escalated,
12521524,Short-termDepositsClassifiedAsCashEquivalents,Short-term deposits,False,balance,,escalated,
12521524,CashCashEquivalents,Short-term deposits,False,balance,,escalated,
12521524,CashCashEquivalents,Short-term deposits,False,balance,,escalated,
12521524,CashCashEquivalents,Short-term deposits,False,balance,,escalated,
12521524,CashCashEquivalents,Short-term deposits,False,balance,,escalated,
12521524,TaxationSocialSecurityPayable,Social security and other taxes,False,balance,,escalated,
12521524,TaxationSocialSecurityPayable,Social security and other taxes,False,balance,,escalated,
12521524,TaxationSocialSecurityPayable,Social security and other taxes,False,balance,,escalated,
12521524,TaxationSocialSecurityPayable,Social security and other taxes,False,balance,,escalated,
12521524,SocialSecurityCosts,Social security costs,False,balance,,escalated,
12521524,SocialSecurityCosts,Social security costs,False,balance,,escalated,
12521524,TotalInventories,Stocks,True,balance,asset.current.inventory,tier2_keyword,tier2:asset.current.inventory:stock
12521524,TotalInventories,Stocks,True,balance,asset.current.inventory,tier2_keyword,tier2:asset.current.inventory:stock
12521524,OtherInventories,Stocks,False,balance,asset.current.inventory,tier2_keyword,tier2:asset.current.inventory:stock
12521524,OtherInventories,Stocks,False,balance,asset.current.inventory,tier2_keyword,tier2:asset.current.inventory:stock
12521524,PropertyPlantEquipment,Tangible assets,False,balance,,escalated,
12521524,PropertyPlantEquipment,Tangible assets,False,balance,,escalated,
12521524,PropertyPlantEquipment,Tangible assets,False,balance,,escalated,
12521524,PropertyPlantEquipment,Tangible assets,False,balance,,escalated,
12521524,TaxTaxCreditOnProfitOrLossOnOrdinaryActivities,Tax (receipt)/expense in the income statement,False,balance,,escalated,
12521524,TaxTaxCreditOnProfitOrLossOnOrdinaryActivities,Tax (receipt)/expense in the income statement,False,balance,,escalated,
12521524,TaxIncreaseDecreaseFromEffectAdjustmentInResearchDevelopmentTaxCredit,Tax decrease from effect of adjustment in research and development tax credit,False,movement,,escalated,
12521524,TaxIncreaseDecreaseFromEffectAdjustmentInResearchDevelopmentTaxCredit,Tax decrease from effect of adjustment in research and development tax credit,False,movement,,escalated,
12521524,TaxIncreaseDecreaseFromEffectDividendsFromCompanies,Tax decrease from effect of dividends from UK companies,False,movement,,escalated,
12521524,DeferredTaxLiabilities,Tax depreciation,False,balance,expense.depreciation,tier2_keyword,tier2:expense.depreciation:depreciation
12521524,DeferredTaxLiabilities,Tax depreciation,False,balance,expense.depreciation,tier2_keyword,tier2:expense.depreciation:depreciation
12521524,TaxIncreaseDecreaseFromEffectCapitalAllowancesDepreciation,Tax increase from effect of capital allowances and depreciation,False,movement,equity.capital,tier2_keyword,tier2:equity.capital:capital
12521524,TaxIncreaseDecreaseFromEffectCapitalAllowancesDepreciation,Tax increase from effect of capital allowances and depreciation,False,movement,equity.capital,tier2_keyword,tier2:equity.capital:capital
12521524,DeferredTaxAssets,Tax losses,False,balance,,escalated,
12521524,DeferredTaxAssets,Tax losses,False,balance,,escalated,
12521524,DeferredTaxLiabilities,Tax losses,False,balance,,escalated,
12521524,DeferredTaxAssets,Tax losses,False,balance,,escalated,
12521524,DeferredTaxAssets,Tax losses,False,balance,,escalated,
12521524,DeferredTaxLiabilities,Tax losses,False,balance,,escalated,
12521524,TaxTaxCreditOnProfitOrLossOnOrdinaryActivities,Taxation,False,balance,,escalated,
12521524,TaxTaxCreditOnProfitOrLossOnOrdinaryActivities,Taxation,False,balance,,escalated,
12521524,TaxationComplianceServicesFees,Taxation compliance services,False,balance,,escalated,
12521524,TaxationComplianceServicesFees,Taxation compliance services,False,balance,,escalated,
12521524,PensionCostsDefinedContributionPlan,The Group operates a defined contribution pension scheme. The pension cost charge for the year represents contributions payable by the Group to the scheme and amounted to,False,balance,liability.current.payables,tier2_keyword,tier2:liability.current.payables:payable
12521524,MinimumOperatingLeasePaymentsRecognisedAsExpense,The amount of non-cancellable operating lease payments recognised as an expense during the year was £,False,balance,,escalated,
12521524,ApplicableTaxRate,The tax on profit before tax for the year is lower than the standard rate of corporation tax in the UK (2024 - lower than the standard rate of corporation tax in the UK) of,False,balance,,escalated,
12521524,TotalAssetsLessCurrentLiabilities,Total assets less current liabilities,True,balance,,escalated,
12521524,TotalAssetsLessCurrentLiabilities,Total assets less current liabilities,True,balance,,escalated,
12521524,ComprehensiveIncomeExpense,Total comprehensive income for the year,False,balance,,escalated,
12521524,ComprehensiveIncomeExpense,Total comprehensive income for the year,False,balance,,escalated,
12521524,TaxTaxCreditOnProfitOrLossOnOrdinaryActivities,Total tax (credit)/charge,False,balance,,escalated,
12521524,TaxTaxCreditOnProfitOrLossOnOrdinaryActivities,Total tax (credit)/charge,False,balance,,escalated,
12521524,TradeCreditorsTradePayables,Trade creditors,False,balance,,escalated,
12521524,TradeCreditorsTradePayables,Trade creditors,False,balance,,escalated,
12521524,TradeCreditorsTradePayables,Trade creditors,False,balance,,escalated,
12521524,TradeCreditorsTradePayables,Trade creditors,False,balance,,escalated,
12521524,TradeDebtorsTradeReceivables,Trade debtors,False,balance,asset.current.receivables,tier2_keyword,tier2:asset.current.receivables:debtors
12521524,TradeDebtorsTradeReceivables,Trade debtors,False,balance,asset.current.receivables,tier2_keyword,tier2:asset.current.receivables:debtors
12521524,TradeDebtorsTradeReceivables,Trade debtors,False,balance,asset.current.receivables,tier2_keyword,tier2:asset.current.receivables:debtors
12521524,TradeDebtorsTradeReceivables,Trade debtors,False,balance,asset.current.receivables,tier2_keyword,tier2:asset.current.receivables:debtors
12521524,TurnoverRevenue,Turnover,False,balance,,escalated,
12521524,TurnoverRevenue,Turnover,False,balance,,escalated,
12521524,CurrentTaxForPeriod,UK corporation tax,False,balance,,escalated,
12521524,CurrentTaxForPeriod,UK corporation tax,False,balance,,escalated,
12521524,WagesSalaries,Wages and salaries,False,balance,,escalated,
12521524,WagesSalaries,Wages and salaries,False,balance,,escalated,
12521524,OtherRevenue,Workshop and tyre fitting,False,balance,,escalated,
12521524,OtherRevenue,Workshop and tyre fitting,False,balance,,escalated,
12521524,TurnoverRevenue,Workshop and tyre fitting,False,balance,,escalated,
12521524,TurnoverRevenue,Workshop and tyre fitting,False,balance,,escalated,
12521524,NetCurrentAssetsLiabilities,assets,True,balance,,escalated,
12521524,NetCurrentAssetsLiabilities,assets,True,balance,,escalated,
12521524,NetAssetsLiabilities,assets,True,balance,,escalated,
12521524,NetAssetsLiabilities,assets,True,balance,,escalated,
12521524,NetCurrentAssetsLiabilities,assets,True,balance,,escalated,
12521524,NetCurrentAssetsLiabilities,assets,True,balance,,escalated,
12521524,NetAssetsLiabilities,assets,True,balance,,escalated,
12521524,NetAssetsLiabilities,assets,True,balance,,escalated,
12521524,CarryingAmountPropertyPlantEquipmentPledgedAsSecurityForLiabilities,with a carrying amount of £,False,balance,,escalated,
13236228,InvestmentsInSubsidiaries,%,False,balance,,escalated,
13236228,OwnershipInterestInSubsidiaryPercent,%,False,balance,,escalated,
13236228,InvestmentsInSubsidiaries,% of Holding,False,balance,,escalated,
13236228,OwnershipInterestInSubsidiaryPercent,% of Holding,False,balance,,escalated,
13236228,AverageNumberEmployeesDuringPeriod,(2024:,False,balance,,escalated,
13236228,OtherOperatingIncomeFormat1,(2024: $,False,balance,,escalated,
13236228,IncreaseDecreaseInCashCashEquivalentsBeforeForeignExchangeDifferencesChangesInConsolidation,(A + B),False,movement,,escalated,
13236228,IncreaseDecreaseInCashCashEquivalentsBeforeForeignExchangeDifferencesChangesInConsolidation,(A + B),False,movement,,escalated,
13236228,IncreaseDecreaseInCashCashEquivalentsBeforeForeignExchangeDifferencesChangesInConsolidation,(A + B),False,movement,,escalated,
13236228,IncreaseDecreaseInCashCashEquivalentsBeforeForeignExchangeDifferencesChangesInConsolidation,(A + B),False,movement,,escalated,
13236228,NetCashFlowsFromUsedInOperatingActivities,(A),False,balance,,escalated,
13236228,NetCashFlowsFromUsedInOperatingActivities,(A),False,balance,,escalated,
13236228,NetCashFlowsFromUsedInOperatingActivities,(A),False,balance,,escalated,
13236228,NetCashFlowsFromUsedInOperatingActivities,(A),False,balance,,escalated,
13236228,NetCashFlowsFromUsedInInvestingActivities,(B),False,balance,,escalated,
13236228,NetCashFlowsFromUsedInInvestingActivities,(B),False,balance,,escalated,
13236228,NetCashFlowsFromUsedInInvestingActivities,(B),False,balance,,escalated,
13236228,NetCashFlowsFromUsedInInvestingActivities,(B),False,balance,,escalated,
13236228,GainLossInCashFlowsFromChangeInDebtorsTradeOtherReceivables,(Increase)/Decrease in trade and other debtors,False,balance,asset.current.receivables,tier2_keyword,tier2:asset.current.receivables:debtors
13236228,GainLossInCashFlowsFromChangeInDebtorsTradeOtherReceivables,(Increase)/Decrease in trade and other debtors,False,balance,asset.current.receivables,tier2_keyword,tier2:asset.current.receivables:debtors
13236228,GainLossInCashFlowsFromChangeInTradeDebtorsTradeReceivables,(Increase)/Decrease in trade and other debtors,False,balance,asset.current.receivables,tier2_keyword,tier2:asset.current.receivables:debtors
13236228,GainLossInCashFlowsFromChangeInTradeDebtorsTradeReceivables,(Increase)/Decrease in trade and other debtors,False,balance,asset.current.receivables,tier2_keyword,tier2:asset.current.receivables:debtors
13236228,Creditors,"3,509,922",False,balance,,escalated,
13236228,Creditors,"3,509,922",False,balance,,escalated,
13236228,AdministrativeExpenses,4-5,False,balance,,escalated,
13236228,AdministrativeExpenses,4-5,False,balance,,escalated,
13236228,PropertyPlantEquipment,8-9,False,balance,,escalated,
13236228,PropertyPlantEquipment,8-9,False,balance,,escalated,
13236228,PropertyPlantEquipment,8-9,False,balance,,escalated,
13236228,PropertyPlantEquipment,8-9,False,balance,,escalated,
13236228,AccruedLiabilitiesDeferredIncome,Accruals and deferred income,False,balance,,escalated,
13236228,AccruedLiabilitiesDeferredIncome,Accruals and deferred income,False,balance,,escalated,
13236228,AccruedLiabilitiesDeferredIncome,Accruals and deferred income,False,balance,,escalated,
13236228,AccruedLiabilitiesDeferredIncome,Accruals and deferred income,False,balance,,escalated,
13236228,AdditionsOtherThanThroughBusinessCombinationsPropertyPlantEquipment,Additions,False,movement,,escalated,
13236228,AdditionsOtherThanThroughBusinessCombinationsPropertyPlantEquipment,Additions,False,movement,,escalated,
13236228,AdditionsOtherThanThroughBusinessCombinationsPropertyPlantEquipment,Additions,False,movement,,escalated,
13236228,AdditionsOtherThanThroughBusinessCombinationsPropertyPlantEquipment,Additions,False,movement,,escalated,
13236228,AdditionsOtherThanThroughBusinessCombinationsPropertyPlantEquipment,Additions,False,movement,,escalated,
13236228,AdditionsOtherThanThroughBusinessCombinationsPropertyPlantEquipment,Additions,False,movement,,escalated,
13236228,AdditionsOtherThanThroughBusinessCombinationsPropertyPlantEquipment,Additions,False,movement,,escalated,
13236228,AdditionsOtherThanThroughBusinessCombinationsPropertyPlantEquipment,Additions,False,movement,,escalated,
13236228,AdditionsOtherThanThroughBusinessCombinationsPropertyPlantEquipment,Additions,False,movement,,escalated,
13236228,AdditionsOtherThanThroughBusinessCombinationsPropertyPlantEquipment,Additions,False,movement,,escalated,
13236228,AdditionsOtherThanThroughBusinessCombinationsPropertyPlantEquipment,Additions,False,movement,,escalated,
13236228,AdditionsOtherThanThroughBusinessCombinationsPropertyPlantEquipment,Additions,False,movement,,escalated,
13236228,AdditionsOtherThanThroughBusinessCombinationsPropertyPlantEquipment,Additions,False,movement,,escalated,
13236228,DisposalsDecreaseInDepreciationImpairmentPropertyPlantEquipment,Adjustment for disposal,False,movement,,escalated,
13236228,DisposalsDecreaseInDepreciationImpairmentPropertyPlantEquipment,Adjustment for disposal,False,movement,,escalated,
13236228,DisposalsDecreaseInDepreciationImpairmentPropertyPlantEquipment,Adjustment for disposal,False,movement,,escalated,
13236228,DisposalsDecreaseInDepreciationImpairmentPropertyPlantEquipment,Adjustment for disposal,False,movement,,escalated,
13236228,DisposalsDecreaseInDepreciationImpairmentPropertyPlantEquipment,Adjustment for disposal,False,movement,,escalated,
13236228,DisposalsDecreaseInDepreciationImpairmentPropertyPlantEquipment,Adjustment for disposal,False,movement,,escalated,
13236228,DisposalsDecreaseInDepreciationImpairmentPropertyPlantEquipment,Adjustment for disposal,False,movement,,escalated,
13236228,DisposalsDecreaseInDepreciationImpairmentPropertyPlantEquipment,Adjustment for disposal,False,movement,,escalated,
13236228,DisposalsDecreaseInDepreciationImpairmentPropertyPlantEquipment,Adjustment for disposal,False,movement,,escalated,
13236228,DisposalsDecreaseInDepreciationImpairmentPropertyPlantEquipment,Adjustment for disposal,False,movement,,escalated,
13236228,DisposalsDecreaseInDepreciationImpairmentPropertyPlantEquipment,Adjustment for disposal,False,movement,,escalated,
13236228,DisposalsDecreaseInDepreciationImpairmentPropertyPlantEquipment,Adjustment for disposal,False,movement,,escalated,
13236228,Creditors,After More Than One Year,False,balance,,escalated,
13236228,Creditors,After More Than One Year,False,balance,,escalated,
13236228,AmortisationExpenseIntangibleAssets,Amortisation of intangible fixed assets,False,movement,asset.noncurrent.intangibles,tier2_keyword,tier2:asset.noncurrent.intangibles:intangible
13236228,AmortisationExpenseIntangibleAssets,Amortisation of intangible fixed assets,False,movement,asset.noncurrent.intangibles,tier2_keyword,tier2:asset.noncurrent.intangibles:intangible
13236228,IncreaseFromAmortisationChargeForYearIntangibleAssets,Amortisation provided during the year,False,movement,,escalated,
13236228,IncreaseFromAmortisationChargeForYearIntangibleAssets,Amortisation provided during the year,False,movement,,escalated,
13236228,IncreaseFromAmortisationChargeForYearIntangibleAssets,Amortisation provided during the year,False,movement,,escalated,
13236228,IncreaseFromAmortisationChargeForYearIntangibleAssets,Amortisation provided during the year,False,movement,,escalated,
13236228,IncreaseFromAmortisationChargeForYearIntangibleAssets,Amortisation provided during the year,False,movement,,escalated,
13236228,IncreaseFromAmortisationChargeForYearIntangibleAssets,Amortisation provided during the year,False,movement,,escalated,
13236228,IncreaseFromAmortisationChargeForYearIntangibleAssets,Amortisation provided during the year,False,movement,,escalated,
13236228,IncreaseFromAmortisationChargeForYearIntangibleAssets,Amortisation provided during the year,False,movement,,escalated,
13236228,PropertyPlantEquipmentGrossCost,As at,False,period_marker,,escalated,
13236228,PropertyPlantEquipmentGrossCost,As at,False,period_marker,,escalated,
13236228,PropertyPlantEquipmentGrossCost,As at,False,period_marker,,escalated,
13236228,PropertyPlantEquipmentGrossCost,As at,False,period_marker,,escalated,
13236228,PropertyPlantEquipmentGrossCost,As at,False,period_marker,,escalated,
13236228,PropertyPlantEquipmentGrossCost,As at,False,period_marker,,escalated,
13236228,PropertyPlantEquipmentGrossCost,As at,False,period_marker,,escalated,
13236228,PropertyPlantEquipmentGrossCost,As at,False,period_marker,,escalated,
13236228,InvestmentsInSubsidiaries,As at 1 January,False,period_marker,,escalated,
13236228,InvestmentsInSubsidiaries,As at 1 January,False,period_marker,,escalated,
13236228,IntangibleAssetsGrossCost,As at 1 January 2024,False,period_marker,,escalated,
13236228,IntangibleAssetsGrossCost,As at 1 January 2024,False,period_marker,,escalated,
13236228,IntangibleAssetsGrossCost,As at 1 January 2024,False,period_marker,,escalated,
13236228,IntangibleAssetsGrossCost,As at 1 January 2024,False,period_marker,,escalated,
13236228,AccumulatedAmortisationImpairmentIntangibleAssets,As at 1 January 2024,False,period_marker,,escalated,
13236228,AccumulatedAmortisationImpairmentIntangibleAssets,As at 1 January 2024,False,period_marker,,escalated,
13236228,AccumulatedAmortisationImpairmentIntangibleAssets,As at 1 January 2024,False,period_marker,,escalated,
13236228,AccumulatedAmortisationImpairmentIntangibleAssets,As at 1 January 2024,False,period_marker,,escalated,
13236228,IntangibleAssets,As at 1 January 2024,False,period_marker,,escalated,
13236228,IntangibleAssets,As at 1 January 2024,False,period_marker,,escalated,
13236228,IntangibleAssets,As at 1 January 2024,False,period_marker,,escalated,
13236228,IntangibleAssets,As at 1 January 2024,False,period_marker,,escalated,
13236228,PropertyPlantEquipmentGrossCost,As at 1 January 2024,False,period_marker,,escalated,
13236228,PropertyPlantEquipmentGrossCost,As at 1 January 2024,False,period_marker,,escalated,
13236228,PropertyPlantEquipmentGrossCost,As at 1 January 2024,False,period_marker,,escalated,
13236228,PropertyPlantEquipmentGrossCost,As at 1 January 2024,False,period_marker,,escalated,
13236228,PropertyPlantEquipmentGrossCost,As at 1 January 2024,False,period_marker,,escalated,
13236228,AccumulatedDepreciationImpairmentPropertyPlantEquipment,As at 1 January 2024,False,period_marker,,escalated,
13236228,AccumulatedDepreciationImpairmentPropertyPlantEquipment,As at 1 January 2024,False,period_marker,,escalated,
13236228,AccumulatedDepreciationImpairmentPropertyPlantEquipment,As at 1 January 2024,False,period_marker,,escalated,
13236228,AccumulatedDepreciationImpairmentPropertyPlantEquipment,As at 1 January 2024,False,period_marker,,escalated,
13236228,AccumulatedDepreciationImpairmentPropertyPlantEquipment,As at 1 January 2024,False,period_marker,,escalated,
13236228,PropertyPlantEquipment,As at 1 January 2024,False,period_marker,,escalated,
13236228,PropertyPlantEquipment,As at 1 January 2024,False,period_marker,,escalated,
13236228,PropertyPlantEquipment,As at 1 January 2024,False,period_marker,,escalated,
13236228,PropertyPlantEquipment,As at 1 January 2024,False,period_marker,,escalated,
13236228,PropertyPlantEquipment,As at 1 January 2024,False,period_marker,,escalated,
13236228,AccumulatedDepreciationImpairmentPropertyPlantEquipment,As at 1 January 2024,False,period_marker,,escalated,
13236228,AccumulatedDepreciationImpairmentPropertyPlantEquipment,As at 1 January 2024,False,period_marker,,escalated,
13236228,AccumulatedDepreciationImpairmentPropertyPlantEquipment,As at 1 January 2024,False,period_marker,,escalated,
13236228,AccumulatedDepreciationImpairmentPropertyPlantEquipment,As at 1 January 2024,False,period_marker,,escalated,
13236228,PropertyPlantEquipment,As at 1 January 2024,False,period_marker,,escalated,
13236228,PropertyPlantEquipment,As at 1 January 2024,False,period_marker,,escalated,
13236228,PropertyPlantEquipment,As at 1 January 2024,False,period_marker,,escalated,
13236228,PropertyPlantEquipment,As at 1 January 2024,False,period_marker,,escalated,
13236228,IntangibleAssetsGrossCost,As at 1 January 2025,False,period_marker,,escalated,
13236228,IntangibleAssetsGrossCost,As at 1 January 2025,False,period_marker,,escalated,
13236228,IntangibleAssetsGrossCost,As at 1 January 2025,False,period_marker,,escalated,
13236228,IntangibleAssetsGrossCost,As at 1 January 2025,False,period_marker,,escalated,
13236228,AccumulatedAmortisationImpairmentIntangibleAssets,As at 1 January 2025,False,period_marker,,escalated,
13236228,AccumulatedAmortisationImpairmentIntangibleAssets,As at 1 January 2025,False,period_marker,,escalated,
13236228,AccumulatedAmortisationImpairmentIntangibleAssets,As at 1 January 2025,False,period_marker,,escalated,
13236228,AccumulatedAmortisationImpairmentIntangibleAssets,As at 1 January 2025,False,period_marker,,escalated,
13236228,IntangibleAssets,As at 1 January 2025,False,period_marker,,escalated,
13236228,IntangibleAssets,As at 1 January 2025,False,period_marker,,escalated,
13236228,IntangibleAssets,As at 1 January 2025,False,period_marker,,escalated,
13236228,IntangibleAssets,As at 1 January 2025,False,period_marker,,escalated,
13236228,PropertyPlantEquipmentGrossCost,As at 1 January 2025,False,period_marker,,escalated,
13236228,PropertyPlantEquipmentGrossCost,As at 1 January 2025,False,period_marker,,escalated,
13236228,PropertyPlantEquipmentGrossCost,As at 1 January 2025,False,period_marker,,escalated,
13236228,PropertyPlantEquipmentGrossCost,As at 1 January 2025,False,period_marker,,escalated,
13236228,PropertyPlantEquipmentGrossCost,As at 1 January 2025,False,period_marker,,escalated,
13236228,AccumulatedDepreciationImpairmentPropertyPlantEquipment,As at 1 January 2025,False,period_marker,,escalated,
13236228,AccumulatedDepreciationImpairmentPropertyPlantEquipment,As at 1 January 2025,False,period_marker,,escalated,
13236228,AccumulatedDepreciationImpairmentPropertyPlantEquipment,As at 1 January 2025,False,period_marker,,escalated,
13236228,AccumulatedDepreciationImpairmentPropertyPlantEquipment,As at 1 January 2025,False,period_marker,,escalated,
13236228,AccumulatedDepreciationImpairmentPropertyPlantEquipment,As at 1 January 2025,False,period_marker,,escalated,
13236228,PropertyPlantEquipment,As at 1 January 2025,False,period_marker,,escalated,
13236228,PropertyPlantEquipment,As at 1 January 2025,False,period_marker,,escalated,
13236228,PropertyPlantEquipment,As at 1 January 2025,False,period_marker,,escalated,
13236228,PropertyPlantEquipment,As at 1 January 2025,False,period_marker,,escalated,
13236228,PropertyPlantEquipment,As at 1 January 2025,False,period_marker,,escalated,
13236228,PropertyPlantEquipmentGrossCost,As at 1 January 2025,False,period_marker,,escalated,
13236228,PropertyPlantEquipmentGrossCost,As at 1 January 2025,False,period_marker,,escalated,
13236228,PropertyPlantEquipmentGrossCost,As at 1 January 2025,False,period_marker,,escalated,
13236228,PropertyPlantEquipmentGrossCost,As at 1 January 2025,False,period_marker,,escalated,
13236228,AccumulatedDepreciationImpairmentPropertyPlantEquipment,As at 1 January 2025,False,period_marker,,escalated,
13236228,AccumulatedDepreciationImpairmentPropertyPlantEquipment,As at 1 January 2025,False,period_marker,,escalated,
13236228,AccumulatedDepreciationImpairmentPropertyPlantEquipment,As at 1 January 2025,False,period_marker,,escalated,
13236228,AccumulatedDepreciationImpairmentPropertyPlantEquipment,As at 1 January 2025,False,period_marker,,escalated,
13236228,PropertyPlantEquipment,As at 1 January 2025,False,period_marker,,escalated,
13236228,PropertyPlantEquipment,As at 1 January 2025,False,period_marker,,escalated,
13236228,PropertyPlantEquipment,As at 1 January 2025,False,period_marker,,escalated,
13236228,PropertyPlantEquipment,As at 1 January 2025,False,period_marker,,escalated,
13236228,InvestmentsInSubsidiaries,As at 31 December,False,period_marker,,escalated,
13236228,InvestmentsInSubsidiaries,As at 31 December,False,period_marker,,escalated,
13236228,Equity,As at 31 December 2023,True,period_marker,,escalated,
13236228,Equity,As at 31 December 2023,True,period_marker,,escalated,
13236228,Equity,As at 31 December 2023,True,period_marker,,escalated,
13236228,Equity,As at 31 December 2023,True,period_marker,,escalated,
13236228,Equity,As at 31 December 2023,True,period_marker,,escalated,
13236228,Equity,As at 31 December 2023,True,period_marker,,escalated,
13236228,Equity,As at 31 December 2023,True,period_marker,,escalated,
13236228,Equity,As at 31 December 2023,True,period_marker,,escalated,
13236228,Equity,As at 31 December 2024,True,period_marker,,escalated,
13236228,Equity,As at 31 December 2024,True,period_marker,,escalated,
13236228,Equity,As at 31 December 2024,True,period_marker,,escalated,
13236228,Equity,As at 31 December 2024,True,period_marker,,escalated,
13236228,Equity,As at 31 December 2024,True,period_marker,,escalated,
13236228,IntangibleAssetsGrossCost,As at 31 December 2024,False,period_marker,,escalated,
13236228,IntangibleAssetsGrossCost,As at 31 December 2024,False,period_marker,,escalated,
13236228,IntangibleAssetsGrossCost,As at 31 December 2024,False,period_marker,,escalated,
13236228,IntangibleAssetsGrossCost,As at 31 December 2024,False,period_marker,,escalated,
13236228,AccumulatedAmortisationImpairmentIntangibleAssets,As at 31 December 2024,False,period_marker,,escalated,
13236228,AccumulatedAmortisationImpairmentIntangibleAssets,As at 31 December 2024,False,period_marker,,escalated,
13236228,AccumulatedAmortisationImpairmentIntangibleAssets,As at 31 December 2024,False,period_marker,,escalated,
13236228,IntangibleAssets,As at 31 December 2024,False,period_marker,,escalated,
13236228,IntangibleAssets,As at 31 December 2024,False,period_marker,,escalated,
13236228,IntangibleAssets,As at 31 December 2024,False,period_marker,,escalated,
13236228,IntangibleAssets,As at 31 December 2024,False,period_marker,,escalated,
13236228,PropertyPlantEquipmentGrossCost,As at 31 December 2024,False,period_marker,,escalated,
13236228,PropertyPlantEquipmentGrossCost,As at 31 December 2024,False,period_marker,,escalated,
13236228,PropertyPlantEquipmentGrossCost,As at 31 December 2024,False,period_marker,,escalated,
13236228,PropertyPlantEquipmentGrossCost,As at 31 December 2024,False,period_marker,,escalated,
13236228,AccumulatedDepreciationImpairmentPropertyPlantEquipment,As at 31 December 2024,False,period_marker,,escalated,
13236228,AccumulatedDepreciationImpairmentPropertyPlantEquipment,As at 31 December 2024,False,period_marker,,escalated,
13236228,AccumulatedDepreciationImpairmentPropertyPlantEquipment,As at 31 December 2024,False,period_marker,,escalated,
13236228,AccumulatedDepreciationImpairmentPropertyPlantEquipment,As at 31 December 2024,False,period_marker,,escalated,
13236228,AccumulatedDepreciationImpairmentPropertyPlantEquipment,As at 31 December 2024,False,period_marker,,escalated,
13236228,PropertyPlantEquipment,As at 31 December 2024,False,period_marker,,escalated,
13236228,PropertyPlantEquipment,As at 31 December 2024,False,period_marker,,escalated,
13236228,PropertyPlantEquipment,As at 31 December 2024,False,period_marker,,escalated,
13236228,PropertyPlantEquipment,As at 31 December 2024,False,period_marker,,escalated,
13236228,PropertyPlantEquipment,As at 31 December 2024,False,period_marker,,escalated,
13236228,AccumulatedDepreciationImpairmentPropertyPlantEquipment,As at 31 December 2024,False,period_marker,,escalated,
13236228,AccumulatedDepreciationImpairmentPropertyPlantEquipment,As at 31 December 2024,False,period_marker,,escalated,
13236228,AccumulatedDepreciationImpairmentPropertyPlantEquipment,As at 31 December 2024,False,period_marker,,escalated,
13236228,AccumulatedDepreciationImpairmentPropertyPlantEquipment,As at 31 December 2024,False,period_marker,,escalated,
13236228,PropertyPlantEquipment,As at 31 December 2024,False,period_marker,,escalated,
13236228,PropertyPlantEquipment,As at 31 December 2024,False,period_marker,,escalated,
13236228,PropertyPlantEquipment,As at 31 December 2024,False,period_marker,,escalated,
13236228,PropertyPlantEquipment,As at 31 December 2024,False,period_marker,,escalated,
13236228,Equity,As at 31 December 2025,True,period_marker,,escalated,
13236228,Equity,As at 31 December 2025,True,period_marker,,escalated,
13236228,Equity,As at 31 December 2025,True,period_marker,,escalated,
13236228,Equity,As at 31 December 2025,True,period_marker,,escalated,
13236228,Equity,As at 31 December 2025,True,period_marker,,escalated,
13236228,Equity,As at 31 December 2025,True,period_marker,,escalated,
13236228,Equity,As at 31 December 2025,True,period_marker,,escalated,
13236228,IntangibleAssetsGrossCost,As at 31 December 2025,False,period_marker,,escalated,
13236228,IntangibleAssetsGrossCost,As at 31 December 2025,False,period_marker,,escalated,
13236228,IntangibleAssetsGrossCost,As at 31 December 2025,False,period_marker,,escalated,
13236228,IntangibleAssetsGrossCost,As at 31 December 2025,False,period_marker,,escalated,
13236228,AccumulatedAmortisationImpairmentIntangibleAssets,As at 31 December 2025,False,period_marker,,escalated,
13236228,AccumulatedAmortisationImpairmentIntangibleAssets,As at 31 December 2025,False,period_marker,,escalated,
13236228,AccumulatedAmortisationImpairmentIntangibleAssets,As at 31 December 2025,False,period_marker,,escalated,
13236228,AccumulatedAmortisationImpairmentIntangibleAssets,As at 31 December 2025,False,period_marker,,escalated,
13236228,IntangibleAssets,As at 31 December 2025,False,period_marker,,escalated,
13236228,IntangibleAssets,As at 31 December 2025,False,period_marker,,escalated,
13236228,PropertyPlantEquipmentGrossCost,As at 31 December 2025,False,period_marker,,escalated,
13236228,PropertyPlantEquipmentGrossCost,As at 31 December 2025,False,period_marker,,escalated,
13236228,PropertyPlantEquipmentGrossCost,As at 31 December 2025,False,period_marker,,escalated,
13236228,PropertyPlantEquipmentGrossCost,As at 31 December 2025,False,period_marker,,escalated,
13236228,PropertyPlantEquipmentGrossCost,As at 31 December 2025,False,period_marker,,escalated,
13236228,AccumulatedDepreciationImpairmentPropertyPlantEquipment,As at 31 December 2025,False,period_marker,,escalated,
13236228,AccumulatedDepreciationImpairmentPropertyPlantEquipment,As at 31 December 2025,False,period_marker,,escalated,
13236228,AccumulatedDepreciationImpairmentPropertyPlantEquipment,As at 31 December 2025,False,period_marker,,escalated,
13236228,AccumulatedDepreciationImpairmentPropertyPlantEquipment,As at 31 December 2025,False,period_marker,,escalated,
13236228,AccumulatedDepreciationImpairmentPropertyPlantEquipment,As at 31 December 2025,False,period_marker,,escalated,
13236228,PropertyPlantEquipment,As at 31 December 2025,False,period_marker,,escalated,
13236228,PropertyPlantEquipment,As at 31 December 2025,False,period_marker,,escalated,
13236228,PropertyPlantEquipment,As at 31 December 2025,False,period_marker,,escalated,
13236228,PropertyPlantEquipment,As at 31 December 2025,False,period_marker,,escalated,
13236228,PropertyPlantEquipment,As at 31 December 2025,False,period_marker,,escalated,
13236228,PropertyPlantEquipmentGrossCost,As at 31 December 2025,False,period_marker,,escalated,
13236228,PropertyPlantEquipmentGrossCost,As at 31 December 2025,False,period_marker,,escalated,
13236228,PropertyPlantEquipmentGrossCost,As at 31 December 2025,False,period_marker,,escalated,
13236228,PropertyPlantEquipmentGrossCost,As at 31 December 2025,False,period_marker,,escalated,
13236228,PropertyPlantEquipmentGrossCost,As at 31 December 2025,False,period_marker,,escalated,
13236228,AccumulatedDepreciationImpairmentPropertyPlantEquipment,As at 31 December 2025,False,period_marker,,escalated,
13236228,AccumulatedDepreciationImpairmentPropertyPlantEquipment,As at 31 December 2025,False,period_marker,,escalated,
13236228,AccumulatedDepreciationImpairmentPropertyPlantEquipment,As at 31 December 2025,False,period_marker,,escalated,
13236228,AccumulatedDepreciationImpairmentPropertyPlantEquipment,As at 31 December 2025,False,period_marker,,escalated,
13236228,AccumulatedDepreciationImpairmentPropertyPlantEquipment,As at 31 December 2025,False,period_marker,,escalated,
13236228,PropertyPlantEquipment,As at 31 December 2025,False,period_marker,,escalated,
13236228,PropertyPlantEquipment,As at 31 December 2025,False,period_marker,,escalated,
13236228,PropertyPlantEquipment,As at 31 December 2025,False,period_marker,,escalated,
13236228,PropertyPlantEquipment,As at 31 December 2025,False,period_marker,,escalated,
13236228,PropertyPlantEquipment,As at 31 December 2025,False,period_marker,,escalated,
13236228,AverageNumberEmployeesDuringPeriod,"Average number of employees, including directors, during the period (prior period) was as follows:",False,balance,,escalated,
13236228,Equity,Called up share capital,True,balance,equity.capital,tier2_keyword,tier2:equity.capital:capital
13236228,Equity,Called up share capital,True,balance,equity.capital,tier2_keyword,tier2:equity.capital:capital
13236228,Equity,Called up share capital,True,balance,equity.capital,tier2_keyword,tier2:equity.capital:capital
13236228,Equity,Called up share capital,True,balance,equity.capital,tier2_keyword,tier2:equity.capital:capital
13236228,CashCashEquivalentsCashFlowValue,Cash and cash equivalents at 1st January 2025,False,balance,asset.current.cash,tier2_keyword,tier2:asset.current.cash:cash
13236228,CashCashEquivalentsCashFlowValue,Cash and cash equivalents at 1st January 2025,False,balance,asset.current.cash,tier2_keyword,tier2:asset.current.cash:cash
13236228,CashCashEquivalentsCashFlowValue,Cash and cash equivalents at 1st January 2025,False,balance,asset.current.cash,tier2_keyword,tier2:asset.current.cash:cash
13236228,CashCashEquivalentsCashFlowValue,Cash and cash equivalents at 1st January 2025,False,balance,asset.current.cash,tier2_keyword,tier2:asset.current.cash:cash
13236228,CashCashEquivalentsCashFlowValue,Cash and cash equivalents at 31st December 2025,False,balance,asset.current.cash,tier2_keyword,tier2:asset.current.cash:cash
13236228,CashCashEquivalentsCashFlowValue,Cash and cash equivalents at 31st December 2025,False,balance,asset.current.cash,tier2_keyword,tier2:asset.current.cash:cash
13236228,CashCashEquivalentsCashFlowValue,Cash and cash equivalents at 31st December 2025,False,balance,asset.current.cash,tier2_keyword,tier2:asset.current.cash:cash
13236228,CashCashEquivalentsCashFlowValue,Cash and cash equivalents at 31st December 2025,False,balance,asset.current.cash,tier2_keyword,tier2:asset.current.cash:cash
13236228,CashBankOnHand,Cash at bank and in hand,False,balance,asset.current.cash,tier2_keyword,tier2:asset.current.cash:cash
13236228,CashBankOnHand,Cash at bank and in hand,False,balance,asset.current.cash,tier2_keyword,tier2:asset.current.cash:cash
13236228,CashBankOnHand,Cash at bank and in hand,False,balance,asset.current.cash,tier2_keyword,tier2:asset.current.cash:cash
13236228,CashBankOnHand,Cash at bank and in hand,False,balance,asset.current.cash,tier2_keyword,tier2:asset.current.cash:cash
13236228,CurrentAssets,Cash at bank and in hand,True,balance,asset.current.cash,tier2_keyword,tier2:asset.current.cash:cash
13236228,CurrentAssets,Cash at bank and in hand,True,balance,asset.current.cash,tier2_keyword,tier2:asset.current.cash:cash
13236228,CurrentAssets,Cash at bank and in hand,True,balance,asset.current.cash,tier2_keyword,tier2:asset.current.cash:cash
13236228,CurrentAssets,Cash at bank and in hand,True,balance,asset.current.cash,tier2_keyword,tier2:asset.current.cash:cash
13236228,NetCashGeneratedFromOperations,Cash from operations,False,balance,asset.current.cash,tier2_keyword,tier2:asset.current.cash:cash
13236228,NetCashGeneratedFromOperations,Cash from operations,False,balance,asset.current.cash,tier2_keyword,tier2:asset.current.cash:cash
13236228,NetCashGeneratedFromOperations,Cash from operations,False,balance,asset.current.cash,tier2_keyword,tier2:asset.current.cash:cash
13236228,NetCashGeneratedFromOperations,Cash from operations,False,balance,asset.current.cash,tier2_keyword,tier2:asset.current.cash:cash
13236228,UsefulLifePropertyPlantEquipmentYears,Computer Hardware,False,balance,,escalated,
13236228,UsefulLifePropertyPlantEquipmentYears,Computer Software,False,balance,,escalated,
13236228,CorporationTaxRecoverable,Corporation tax recoverable assets,False,balance,,escalated,
13236228,CorporationTaxRecoverable,Corporation tax recoverable assets,False,balance,,escalated,
13236228,CorporationTaxRecoverable,Corporation tax recoverable assets,False,balance,,escalated,
13236228,CorporationTaxRecoverable,Corporation tax recoverable assets,False,balance,,escalated,
13236228,Debtors,Debtors,False,balance,asset.current.receivables,tier2_keyword,tier2:asset.current.receivables:debtors
13236228,Debtors,Debtors,False,balance,asset.current.receivables,tier2_keyword,tier2:asset.current.receivables:debtors
13236228,Debtors,Debtors,False,balance,asset.current.receivables,tier2_keyword,tier2:asset.current.receivables:debtors
13236228,Debtors,Debtors,False,balance,asset.current.receivables,tier2_keyword,tier2:asset.current.receivables:debtors
13236228,FurtherItemCashFlowFromUsedInOperatingActivitiesComponentTotalNetCashFlowsFromUsedInOperatingActivities,Deferred tax charge/(credit),True,balance,,escalated,
13236228,DepreciationExpensePropertyPlantEquipment,Depreciation of tangible fixed assets,False,balance,expense.depreciation,tier2_keyword,tier2:expense.depreciation:depreciation
13236228,DepreciationExpensePropertyPlantEquipment,Depreciation of tangible fixed assets,False,balance,expense.depreciation,tier2_keyword,tier2:expense.depreciation:depreciation
13236228,DepreciationAmortisationImpairmentExpense,"Depreciation, impairment and amortisation of fixed assets",False,balance,expense.depreciation,tier2_keyword,tier2:expense.depreciation:depreciation
13236228,DepreciationAmortisationImpairmentExpense,"Depreciation, impairment and amortisation of fixed assets",False,balance,expense.depreciation,tier2_keyword,tier2:expense.depreciation:depreciation
13236228,DepreciationAmortisationImpairmentExpense,"Depreciation, impairment and amortisation of fixed assets",False,balance,expense.depreciation,tier2_keyword,tier2:expense.depreciation:depreciation
13236228,DepreciationAmortisationImpairmentExpense,"Depreciation, impairment and amortisation of fixed assets",False,balance,expense.depreciation,tier2_keyword,tier2:expense.depreciation:depreciation
13236228,PaymentsToRelatedParties,"Director's Remuneration (Including salary, bonus and pension contribution)",False,balance,,escalated,
13236228,PaymentsToRelatedParties,"Director's Remuneration (Including salary, bonus and pension contribution)",False,balance,,escalated,
13236228,DisposalsPropertyPlantEquipment,Disposals,False,movement,,escalated,
13236228,DisposalsPropertyPlantEquipment,Disposals,False,movement,,escalated,
13236228,DisposalsPropertyPlantEquipment,Disposals,False,movement,,escalated,
13236228,DisposalsPropertyPlantEquipment,Disposals,False,movement,,escalated,
13236228,DisposalsPropertyPlantEquipment,Disposals,False,movement,,escalated,
13236228,DisposalsPropertyPlantEquipment,Disposals,False,movement,,escalated,
13236228,DisposalsPropertyPlantEquipment,Disposals,False,movement,,escalated,
13236228,DisposalsPropertyPlantEquipment,Disposals,False,movement,,escalated,
13236228,DisposalsPropertyPlantEquipment,Disposals,False,movement,,escalated,
13236228,DisposalsPropertyPlantEquipment,Disposals,False,movement,,escalated,
13236228,GainLossDueToForeignExchangeDifferencesRecognisedInProfitOrLoss,Exchange loss/(gain),False,movement,,escalated,
13236228,GainLossDueToForeignExchangeDifferencesRecognisedInProfitOrLoss,Exchange loss/(gain),False,movement,,escalated,
13236228,GainLossDueToForeignExchangeDifferencesRecognisedInProfitOrLoss,Exchange loss/(gain),False,movement,,escalated,
13236228,GainLossDueToForeignExchangeDifferencesRecognisedInProfitOrLoss,Exchange loss/(gain),False,movement,,escalated,
13236228,AuditFeesExpenses,Fees paid to the auditor,False,balance,,escalated,
13236228,AuditFeesExpenses,Fees paid to the auditor,False,balance,,escalated,
13236228,UsefulLifePropertyPlantEquipmentYears,Fixtures & Fittings,False,balance,,escalated,
13236228,IncreaseDecreaseInAmortisationImpairmentIntangibleAssets,Impairment charge during the year*,False,movement,,escalated,
13236228,IncreaseDecreaseInAmortisationImpairmentIntangibleAssets,Impairment charge during the year*,False,movement,,escalated,
13236228,IncreaseDecreaseInAmortisationImpairmentIntangibleAssets,Impairment charge during the year*,False,movement,,escalated,
13236228,IncreaseDecreaseInAmortisationImpairmentIntangibleAssets,Impairment charge during the year*,False,movement,,escalated,
13236228,IncreaseDecreaseInAmortisationImpairmentIntangibleAssets,Impairment charge during the year*,False,movement,,escalated,
13236228,IncreaseDecreaseInAmortisationImpairmentIntangibleAssets,Impairment charge during the year*,False,movement,,escalated,
13236228,ImpairmentLossReversalIntangibleAssets,Impairment of intangible fixed assets,False,movement,asset.noncurrent.intangibles,tier2_keyword,tier2:asset.noncurrent.intangibles:intangible
13236228,ImpairmentLossReversalIntangibleAssets,Impairment of intangible fixed assets,False,movement,asset.noncurrent.intangibles,tier2_keyword,tier2:asset.noncurrent.intangibles:intangible
13236228,GainLossInCashFlowsFromChangeInProvisions,Increase/(Decrease) in provisions,False,balance,,escalated,
13236228,GainLossInCashFlowsFromChangeInProvisions,Increase/(Decrease) in provisions,False,balance,,escalated,
13236228,GainLossInCashFlowsFromChangeInProvisions,Increase/(Decrease) in provisions,False,balance,,escalated,
13236228,GainLossInCashFlowsFromChangeInProvisions,Increase/(Decrease) in provisions,False,balance,,escalated,
13236228,GainLossInCashFlowsFromChangeInTradeCreditorsTradePayables,Increase/(Decrease) in trade and other creditors,False,balance,,escalated,
13236228,GainLossInCashFlowsFromChangeInTradeCreditorsTradePayables,Increase/(Decrease) in trade and other creditors,False,balance,,escalated,
13236228,GainLossInCashFlowsFromChangeInTradeCreditorsTradePayables,Increase/(Decrease) in trade and other creditors,False,balance,,escalated,
13236228,GainLossInCashFlowsFromChangeInTradeCreditorsTradePayables,Increase/(Decrease) in trade and other creditors,False,balance,,escalated,
13236228,IntangibleAssets,Intangible Assets,False,balance,asset.noncurrent.intangibles,tier2_keyword,tier2:asset.noncurrent.intangibles:intangible
13236228,IntangibleAssets,Intangible Assets,False,balance,asset.noncurrent.intangibles,tier2_keyword,tier2:asset.noncurrent.intangibles:intangible
13236228,IntangibleAssets,Intangible Assets,False,balance,asset.noncurrent.intangibles,tier2_keyword,tier2:asset.noncurrent.intangibles:intangible
13236228,IntangibleAssets,Intangible Assets,False,balance,asset.noncurrent.intangibles,tier2_keyword,tier2:asset.noncurrent.intangibles:intangible
13236228,InterestReceivedClassifiedAsOperatingActivities,Interest earned,False,balance,,escalated,
13236228,InterestReceivedClassifiedAsOperatingActivities,Interest earned,False,balance,,escalated,
13236228,InterestReceivedClassifiedAsOperatingActivities,Interest earned,False,balance,,escalated,
13236228,InterestReceivedClassifiedAsOperatingActivities,Interest earned,False,balance,,escalated,
13236228,OtherInterestReceivableSimilarIncomeFinanceIncome,Interest receivable and similar income,False,balance,asset.current.receivables,tier2_keyword,tier2:asset.current.receivables:receivable
13236228,OtherInterestReceivableSimilarIncomeFinanceIncome,Interest receivable and similar income,False,balance,asset.current.receivables,tier2_keyword,tier2:asset.current.receivables:receivable
13236228,InterestReceivedClassifiedAsInvestingActivities,Interest received,False,balance,,escalated,
13236228,InterestReceivedClassifiedAsInvestingActivities,Interest received,False,balance,,escalated,
13236228,InterestReceivedClassifiedAsInvestingActivities,Interest received,False,balance,,escalated,
13236228,InterestReceivedClassifiedAsInvestingActivities,Interest received,False,balance,,escalated,
13236228,InvestmentsFixedAssets,Investments,False,balance,,escalated,
13236228,InvestmentsFixedAssets,Investments,False,balance,,escalated,
13236228,FixedAssets,Investments,True,balance,,escalated,
13236228,FixedAssets,Investments,True,balance,,escalated,
13236228,FixedAssets,Investments,True,balance,,escalated,
13236228,FixedAssets,Investments,True,balance,,escalated,
13236228,ProfitLossOnOrdinaryActivitiesAfterTax,LOSS AFTER TAXATION BEING LOSS FOR THE FINANCIAL YEAR,False,balance,,escalated,
13236228,ProfitLossOnOrdinaryActivitiesAfterTax,LOSS AFTER TAXATION BEING LOSS FOR THE FINANCIAL YEAR,False,balance,,escalated,
13236228,ProfitLossOnOrdinaryActivitiesBeforeTax,LOSS BEFORE TAXATION,False,balance,,escalated,
13236228,ProfitLossOnOrdinaryActivitiesBeforeTax,LOSS BEFORE TAXATION,False,balance,,escalated,
13236228,ProfitLoss,Loss for the year and total comprehensive income,False,balance,,escalated,
13236228,ProfitLoss,Loss for the year and total comprehensive income,False,balance,,escalated,
13236228,ProfitLoss,Loss for the year and total comprehensive income,False,balance,,escalated,
13236228,ProfitLoss,Loss for the year and total comprehensive income,False,balance,,escalated,
13236228,ProfitLoss,Loss for the year and total comprehensive income,False,balance,,escalated,
13236228,ProfitLoss,Loss for the year and total comprehensive income,False,balance,,escalated,
13236228,ProfitLoss,Loss for the year and total comprehensive income,False,balance,,escalated,
13236228,ProfitLoss,Loss for the year and total comprehensive income,False,balance,,escalated,
13236228,ProfitLossOnOrdinaryActivitiesBeforeTax,"Loss for the year, before tax",False,balance,,escalated,
13236228,ProfitLossOnOrdinaryActivitiesBeforeTax,"Loss for the year, before tax",False,balance,,escalated,
13236228,ProfitLossOnOrdinaryActivitiesBeforeTax,"Loss for the year, before tax",False,balance,,escalated,
13236228,ProfitLossOnOrdinaryActivitiesBeforeTax,"Loss for the year, before tax",False,balance,,escalated,
13236228,GainLossOnDisposalsPropertyPlantEquipment,Loss/(profit) on disposal of fixed assets,False,movement,,escalated,
13236228,GainLossOnDisposalsPropertyPlantEquipment,Loss/(profit) on disposal of fixed assets,False,movement,,escalated,
13236228,GainLossOnDisposalsPropertyPlantEquipment,Loss/(profit) on disposal of fixed assets,False,movement,,escalated,
13236228,GainLossOnDisposalsPropertyPlantEquipment,Loss/(profit) on disposal of fixed assets,False,movement,,escalated,
13236228,OtherCashInflowOutflowClassifiedAsOperatingActivities,Movement in share based payment liability,False,balance,,escalated,
13236228,OtherCashInflowOutflowClassifiedAsOperatingActivities,Movement in share based payment liability,False,balance,,escalated,
13236228,OtherCashInflowOutflowClassifiedAsOperatingActivities,Movement in share based payment liability,False,balance,,escalated,
13236228,OtherCashInflowOutflowClassifiedAsOperatingActivities,Movement in share based payment liability,False,balance,,escalated,
13236228,NetAssetsLiabilities,NET ASSETS,True,balance,,escalated,
13236228,NetAssetsLiabilities,NET ASSETS,True,balance,,escalated,
13236228,NetAssetsLiabilities,NET ASSETS,True,balance,,escalated,
13236228,NetAssetsLiabilities,NET ASSETS,True,balance,,escalated,
13236228,NetCurrentAssetsLiabilities,NET CURRENT ASSETS,True,balance,,escalated,
13236228,NetCurrentAssetsLiabilities,NET CURRENT ASSETS,True,balance,,escalated,
13236228,NetCurrentAssetsLiabilities,NET CURRENT ASSETS,True,balance,,escalated,
13236228,NetCurrentAssetsLiabilities,NET CURRENT ASSETS,True,balance,,escalated,
13236228,OperatingProfitLoss,OPERATING LOSS,False,balance,,escalated,
13236228,OperatingProfitLoss,OPERATING LOSS,False,balance,,escalated,
13236228,UsefulLifePropertyPlantEquipmentYears,Office Equipment,False,balance,,escalated,
13236228,OtherOperatingIncomeFormat1,Other Income of $,False,balance,revenue.other,tier2_keyword,tier2:revenue.other:other income
13236228,OtherCreditors,Other creditors,False,balance,,escalated,
13236228,OtherCreditors,Other creditors,False,balance,,escalated,
13236228,OtherCreditors,Other creditors,False,balance,,escalated,
13236228,OtherCreditors,Other creditors,False,balance,,escalated,
13236228,OtherDebtors,Other debtors,False,balance,asset.current.receivables,tier2_keyword,tier2:asset.current.receivables:debtors
13236228,OtherDebtors,Other debtors,False,balance,asset.current.receivables,tier2_keyword,tier2:asset.current.receivables:debtors
13236228,OtherDebtors,Other debtors,False,balance,asset.current.receivables,tier2_keyword,tier2:asset.current.receivables:debtors
13236228,OtherDebtors,Other debtors,False,balance,asset.current.receivables,tier2_keyword,tier2:asset.current.receivables:debtors
13236228,OtherOperatingIncomeFormat1,Other operating income,False,balance,,escalated,
13236228,OtherOperatingIncomeFormat1,Other operating income,False,balance,,escalated,
13236228,PensionOtherPost-employmentBenefitCostsOtherPensionCosts,Other pension costs,False,balance,,escalated,
13236228,PensionOtherPost-employmentBenefitCostsOtherPensionCosts,Other pension costs,False,balance,,escalated,
13236228,OtherTaxationSocialSecurityPayable,Other taxes and social security,False,balance,,escalated,
13236228,OtherTaxationSocialSecurityPayable,Other taxes and social security,False,balance,,escalated,
13236228,OtherTaxationSocialSecurityPayable,Other taxes and social security,False,balance,,escalated,
13236228,OtherTaxationSocialSecurityPayable,Other taxes and social security,False,balance,,escalated,
13236228,PurchasePropertyPlantEquipment,Payments to acquire tangible fixed assets (net of disposal),False,balance,,escalated,
13236228,PurchasePropertyPlantEquipment,Payments to acquire tangible fixed assets (net of disposal),False,balance,,escalated,
13236228,PurchasePropertyPlantEquipment,Payments to acquire tangible fixed assets (net of disposal),False,balance,,escalated,
13236228,PurchasePropertyPlantEquipment,Payments to acquire tangible fixed assets (net of disposal),False,balance,,escalated,
13236228,PrepaymentsAccruedIncome,Prepayments and accrued income,False,balance,,escalated,
13236228,PrepaymentsAccruedIncome,Prepayments and accrued income,False,balance,,escalated,
13236228,PrepaymentsAccruedIncome,Prepayments and accrued income,False,balance,,escalated,
13236228,PrepaymentsAccruedIncome,Prepayments and accrued income,False,balance,,escalated,
13236228,Equity,Profit and Loss Account,True,balance,,escalated,
13236228,Equity,Profit and Loss Account,True,balance,,escalated,
13236228,Equity,Profit and Loss Account,True,balance,,escalated,
13236228,Equity,Profit and Loss Account,True,balance,,escalated,
13236228,IncreaseFromDepreciationChargeForYearPropertyPlantEquipment,Provided during the period,False,movement,,escalated,
13236228,IncreaseFromDepreciationChargeForYearPropertyPlantEquipment,Provided during the period,False,movement,,escalated,
13236228,IncreaseFromDepreciationChargeForYearPropertyPlantEquipment,Provided during the period,False,movement,,escalated,
13236228,IncreaseFromDepreciationChargeForYearPropertyPlantEquipment,Provided during the period,False,movement,,escalated,
13236228,IncreaseFromDepreciationChargeForYearPropertyPlantEquipment,Provided during the period,False,movement,,escalated,
13236228,IncreaseFromDepreciationChargeForYearPropertyPlantEquipment,Provided during the period,False,movement,,escalated,
13236228,IncreaseFromDepreciationChargeForYearPropertyPlantEquipment,Provided during the period,False,movement,,escalated,
13236228,IncreaseFromDepreciationChargeForYearPropertyPlantEquipment,Provided during the period,False,movement,,escalated,
13236228,IncreaseFromDepreciationChargeForYearPropertyPlantEquipment,Provided during the period,False,movement,,escalated,
13236228,IncreaseFromDepreciationChargeForYearPropertyPlantEquipment,Provided during the period,False,movement,,escalated,
13236228,IncreaseFromDepreciationChargeForYearPropertyPlantEquipment,Provided during the period,False,movement,,escalated,
13236228,IncreaseFromDepreciationChargeForYearPropertyPlantEquipment,Provided during the period,False,movement,,escalated,
13236228,IncreaseFromDepreciationChargeForYearPropertyPlantEquipment,Provided during the period,False,movement,,escalated,
13236228,IncreaseFromDepreciationChargeForYearPropertyPlantEquipment,Provided during the period,False,movement,,escalated,
13236228,IncreaseFromDepreciationChargeForYearPropertyPlantEquipment,Provided during the period,False,movement,,escalated,
13236228,IncreaseFromDepreciationChargeForYearPropertyPlantEquipment,Provided during the period,False,movement,,escalated,
13236228,IncreaseFromDepreciationChargeForYearPropertyPlantEquipment,Provided during the period,False,movement,,escalated,
13236228,IncreaseFromDepreciationChargeForYearPropertyPlantEquipment,Provided during the period,False,movement,,escalated,
13236228,IncreaseFromDepreciationChargeForYearPropertyPlantEquipment,Provided during the period,False,movement,,escalated,
13236228,PaymentsToRelatedParties,Purchase of services from subsidiary( IT design and development services),False,balance,,escalated,
13236228,PaymentsToRelatedParties,Purchase of services from subsidiary( IT design and development services),False,balance,,escalated,
13236228,Equity,SHAREHOLDERS' FUNDS,True,balance,,escalated,
13236228,Equity,SHAREHOLDERS' FUNDS,True,balance,,escalated,
13236228,Equity,SHAREHOLDERS' FUNDS,True,balance,,escalated,
13236228,Equity,SHAREHOLDERS' FUNDS,True,balance,,escalated,
13236228,Share-basedPaymentExpenseCashSettled,Share based payments (written back),False,balance,,escalated,
13236228,Share-basedPaymentExpenseCashSettled,Share based payments (written back),False,balance,,escalated,
13236228,StaffCostsEmployeeBenefitsExpense,Share based payments (written back),False,balance,,escalated,
13236228,StaffCostsEmployeeBenefitsExpense,Share based payments (written back),False,balance,,escalated,
13236228,OtherCreditors,Share based payments*,False,balance,,escalated,
13236228,OtherCreditors,Share based payments*,False,balance,,escalated,
13236228,Creditors,Share based payments*,False,balance,,escalated,
13236228,Creditors,Share based payments*,False,balance,,escalated,
13236228,Creditors,Share based payments*,False,balance,,escalated,
13236228,Creditors,Share based payments*,False,balance,,escalated,
13236228,Equity,Share premium account,True,balance,,escalated,
13236228,Equity,Share premium account,True,balance,,escalated,
13236228,Equity,Share premium account,True,balance,,escalated,
13236228,Equity,Share premium account,True,balance,,escalated,
13236228,SocialSecurityCosts,Social security costs,False,balance,,escalated,
13236228,SocialSecurityCosts,Social security costs,False,balance,,escalated,
13236228,TotalAssetsLessCurrentLiabilities,TOTAL ASSETS LESS CURRENT LIABILITIES,True,balance,,escalated,
13236228,TotalAssetsLessCurrentLiabilities,TOTAL ASSETS LESS CURRENT LIABILITIES,True,balance,,escalated,
13236228,TotalAssetsLessCurrentLiabilities,TOTAL ASSETS LESS CURRENT LIABILITIES,True,balance,,escalated,
13236228,TotalAssetsLessCurrentLiabilities,TOTAL ASSETS LESS CURRENT LIABILITIES,True,balance,,escalated,
13236228,TaxTaxCreditOnProfitOrLossOnOrdinaryActivities,Tax (charge)/credit,False,balance,,escalated,
13236228,TaxTaxCreditOnProfitOrLossOnOrdinaryActivities,Tax (charge)/credit,False,balance,,escalated,
13236228,IncomeTaxesPaidRefundClassifiedAsOperatingActivities,Taxes (paid)/refunded,False,balance,,escalated,
13236228,IncomeTaxesPaidRefundClassifiedAsOperatingActivities,Taxes (paid)/refunded,False,balance,,escalated,
13236228,IncomeTaxesPaidRefundClassifiedAsOperatingActivities,Taxes (paid)/refunded,False,balance,,escalated,
13236228,IncomeTaxesPaidRefundClassifiedAsOperatingActivities,Taxes (paid)/refunded,False,balance,,escalated,
13236228,BalancesAmountsOwedToRelatedParties,Trade Creditors (subsidiaries - India),False,balance,,escalated,
13236228,BalancesAmountsOwedToRelatedParties,Trade Creditors (subsidiaries - India),False,balance,,escalated,
13236228,BalancesAmountsOwedToRelatedParties,Trade Creditors (subsidiaries - Ireland),False,balance,,escalated,
13236228,BalancesAmountsOwedToRelatedParties,Trade Creditors (subsidiaries - Ireland),False,balance,,escalated,
13236228,TradeCreditorsTradePayables,Trade creditors*,False,balance,,escalated,
13236228,TradeCreditorsTradePayables,Trade creditors*,False,balance,,escalated,
13236228,TradeCreditorsTradePayables,Trade creditors*,False,balance,,escalated,
13236228,TurnoverRevenue,Turnover,False,balance,,escalated,
13236228,TurnoverRevenue,Turnover,False,balance,,escalated,
13236228,RecoverableValue-addedTax,VAT,False,balance,,escalated,
13236228,RecoverableValue-addedTax,VAT,False,balance,,escalated,
13236228,RecoverableValue-addedTax,VAT,False,balance,,escalated,
13236228,Debtors,VAT,False,balance,,escalated,
13236228,Debtors,VAT,False,balance,,escalated,
13236228,Debtors,VAT,False,balance,,escalated,
13236228,Debtors,VAT,False,balance,,escalated,
13236228,Value-addedTaxPayable,VAT,False,balance,,escalated,
13236228,WagesSalaries,Wages and salaries,False,balance,,escalated,
13236228,WagesSalaries,Wages and salaries,False,balance,,escalated,
13236228,Creditors,Within One Year,False,balance,,escalated,
13236228,Creditors,Within One Year,False,balance,,escalated,
13236228,Creditors,Within One Year,False,balance,,escalated,
13236228,Creditors,Within One Year,False,balance,,escalated,
13236228,UsefulLifeIntangibleAssetsYears,of,False,balance,,escalated,
13984507,ProfitLoss,"(19,554)",False,balance,,escalated,
13984507,ProfitLoss,"(57,649)",False,balance,,escalated,
13984507,ComprehensiveIncomeExpenseAttributableToNon-controllingInterests,- Non-controlling interests,False,balance,,escalated,
13984507,ComprehensiveIncomeExpenseAttributableToNon-controllingInterests,- Non-controlling interests,False,balance,,escalated,
13984507,ComprehensiveIncomeExpense,- Non-controlling interests,False,balance,,escalated,
13984507,ComprehensiveIncomeExpense,- Non-controlling interests,False,balance,,escalated,
13984507,ComprehensiveIncomeExpenseAttributableToOwnersParent,- Owners of the parent company,False,balance,,escalated,
13984507,ComprehensiveIncomeExpenseAttributableToOwnersParent,- Owners of the parent company,False,balance,,escalated,
13984507,FinanceLeaseLiabilitiesPresentValueTotal,"1,203",True,balance,,escalated,
13984507,FinanceLeaseLiabilitiesPresentValueTotal,"1,203",True,balance,,escalated,
13984507,ProfitLoss,"2,793,013",False,balance,,escalated,
13984507,InterestReceivedClassifiedAsInvestingActivities,"38,400",False,balance,,escalated,
13984507,Creditors,"41,376,828",False,balance,,escalated,
13984507,Creditors,"41,376,828",False,balance,,escalated,
13984507,ProfitLoss,"5,006",False,balance,,escalated,
13984507,ProfitLoss,"5,006",False,balance,,escalated,
13984507,Equity,"767,077",True,balance,,escalated,
13984507,AccruedLiabilitiesDeferredIncome,Accruals,False,balance,,escalated,
13984507,AccruedLiabilitiesDeferredIncome,Accruals,False,balance,,escalated,
13984507,AccruedLiabilitiesDeferredIncome,Accruals,False,balance,,escalated,
13984507,AccruedLiabilitiesDeferredIncome,Accruals,False,balance,,escalated,
13984507,AcquiredThroughBusinessCombinationsPropertyPlantEquipment,Acquisition of subsidiary,False,balance,,escalated,
13984507,AcquiredThroughBusinessCombinationsPropertyPlantEquipment,Acquisition of subsidiary,False,balance,,escalated,
13984507,AcquiredThroughBusinessCombinationsPropertyPlantEquipment,Acquisition of subsidiary,False,balance,,escalated,
13984507,AcquiredThroughBusinessCombinationsPropertyPlantEquipment,Acquisition of subsidiary,False,balance,,escalated,
13984507,AcquiredThroughBusinessCombinationsPropertyPlantEquipment,Acquisition of subsidiary,False,balance,,escalated,
13984507,AcquiredThroughBusinessCombinationsPropertyPlantEquipment,Acquisition of subsidiary,False,balance,,escalated,
13984507,AcquiredThroughBusinessCombinationsPropertyPlantEquipment,Acquisition of subsidiary,False,balance,,escalated,
13984507,AcquiredThroughBusinessCombinationsPropertyPlantEquipment,Acquisition of subsidiary,False,balance,,escalated,
13984507,AdditionsOtherThanThroughBusinessCombinationsIntangibleAssets,Additions,False,movement,,escalated,
13984507,AdditionsOtherThanThroughBusinessCombinationsIntangibleAssets,Additions,False,movement,,escalated,
13984507,AdditionsOtherThanThroughBusinessCombinationsIntangibleAssets,Additions,False,movement,,escalated,
13984507,AdditionsOtherThanThroughBusinessCombinationsPropertyPlantEquipment,Additions,False,movement,,escalated,
13984507,AdditionsOtherThanThroughBusinessCombinationsPropertyPlantEquipment,Additions,False,movement,,escalated,
13984507,AdditionsOtherThanThroughBusinessCombinationsPropertyPlantEquipment,Additions,False,movement,,escalated,
13984507,AdditionsOtherThanThroughBusinessCombinationsPropertyPlantEquipment,Additions,False,movement,,escalated,
13984507,AdditionsOtherThanThroughBusinessCombinationsPropertyPlantEquipment,Additions,False,movement,,escalated,
13984507,AdditionsOtherThanThroughBusinessCombinationsPropertyPlantEquipment,Additions,False,movement,,escalated,
13984507,AdditionsOtherThanThroughBusinessCombinationsPropertyPlantEquipment,Additions,False,movement,,escalated,
13984507,AdditionsOtherThanThroughBusinessCombinationsPropertyPlantEquipment,Additions,False,movement,,escalated,
13984507,IncreaseDecreaseInCurrentTaxFromAdjustmentForPriorPeriods,Adjustments in respect of prior periods,False,movement,,escalated,
13984507,IncreaseDecreaseInCurrentTaxFromAdjustmentForPriorPeriods,Adjustments in respect of prior periods,False,movement,,escalated,
13984507,IncreaseDecreaseInCurrentTaxFromAdjustmentForPriorPeriods,Adjustments in respect of prior years,False,movement,,escalated,
13984507,IncreaseDecreaseInCurrentTaxFromAdjustmentForPriorPeriods,Adjustments in respect of prior years,False,movement,,escalated,
13984507,AdministrativeExpenses,Administrative expenses,False,balance,expense.admin,tier2_keyword,tier2:expense.admin:administrative
13984507,AdministrativeExpenses,Administrative expenses,False,balance,expense.admin,tier2_keyword,tier2:expense.admin:administrative
13984507,IncreaseFromAmortisationChargeForYearIntangibleAssets,Amortisation charged for the year,False,movement,,escalated,
13984507,IncreaseFromAmortisationChargeForYearIntangibleAssets,Amortisation charged for the year,False,movement,,escalated,
13984507,IncreaseFromAmortisationChargeForYearIntangibleAssets,Amortisation charged for the year,False,movement,,escalated,
13984507,AmountsOwedByGroupUndertakings,Amounts owed by group undertakings,False,balance,,escalated,
13984507,AmountsOwedByGroupUndertakings,Amounts owed by group undertakings,False,balance,,escalated,
13984507,AmountsOwedByGroupUndertakings,Amounts owed by group undertakings,False,balance,,escalated,
13984507,AmountsOwedByGroupUndertakings,Amounts owed by group undertakings,False,balance,,escalated,
13984507,AmountsOwedToGroupUndertakings,Amounts owed to group undertakings,False,balance,,escalated,
13984507,AmountsOwedToGroupUndertakings,Amounts owed to group undertakings,False,balance,,escalated,
13984507,AmountsOwedToGroupUndertakings,Amounts owed to group undertakings,False,balance,,escalated,
13984507,AmountsOwedToGroupUndertakings,Amounts owed to group undertakings,False,balance,,escalated,
13984507,IntangibleAssetsGrossCost,At 1 January 2025,False,period_marker,,escalated,
13984507,IntangibleAssetsGrossCost,At 1 January 2025,False,period_marker,,escalated,
13984507,IntangibleAssetsGrossCost,At 1 January 2025,False,period_marker,,escalated,
13984507,AccumulatedAmortisationImpairmentIntangibleAssets,At 1 January 2025,False,period_marker,,escalated,
13984507,AccumulatedAmortisationImpairmentIntangibleAssets,At 1 January 2025,False,period_marker,,escalated,
13984507,AccumulatedAmortisationImpairmentIntangibleAssets,At 1 January 2025,False,period_marker,,escalated,
13984507,PropertyPlantEquipmentGrossCost,At 1 January 2025,False,period_marker,,escalated,
13984507,PropertyPlantEquipmentGrossCost,At 1 January 2025,False,period_marker,,escalated,
13984507,PropertyPlantEquipmentGrossCost,At 1 January 2025,False,period_marker,,escalated,
13984507,PropertyPlantEquipmentGrossCost,At 1 January 2025,False,period_marker,,escalated,
13984507,PropertyPlantEquipmentGrossCost,At 1 January 2025,False,period_marker,,escalated,
13984507,PropertyPlantEquipmentGrossCost,At 1 January 2025,False,period_marker,,escalated,
13984507,PropertyPlantEquipmentGrossCost,At 1 January 2025,False,period_marker,,escalated,
13984507,PropertyPlantEquipmentGrossCost,At 1 January 2025,False,period_marker,,escalated,
13984507,AccumulatedDepreciationImpairmentPropertyPlantEquipment,At 1 January 2025,False,period_marker,,escalated,
13984507,AccumulatedDepreciationImpairmentPropertyPlantEquipment,At 1 January 2025,False,period_marker,,escalated,
13984507,AccumulatedDepreciationImpairmentPropertyPlantEquipment,At 1 January 2025,False,period_marker,,escalated,
13984507,AccumulatedDepreciationImpairmentPropertyPlantEquipment,At 1 January 2025,False,period_marker,,escalated,
13984507,AccumulatedDepreciationImpairmentPropertyPlantEquipment,At 1 January 2025,False,period_marker,,escalated,
13984507,AccumulatedDepreciationImpairmentPropertyPlantEquipment,At 1 January 2025,False,period_marker,,escalated,
13984507,AccumulatedDepreciationImpairmentPropertyPlantEquipment,At 1 January 2025,False,period_marker,,escalated,
13984507,AccumulatedDepreciationImpairmentPropertyPlantEquipment,At 1 January 2025,False,period_marker,,escalated,
13984507,IntangibleAssets,At 31 December 2024,False,period_marker,,escalated,
13984507,IntangibleAssets,At 31 December 2024,False,period_marker,,escalated,
13984507,IntangibleAssets,At 31 December 2024,False,period_marker,,escalated,
13984507,PropertyPlantEquipment,At 31 December 2024,False,period_marker,,escalated,
13984507,PropertyPlantEquipment,At 31 December 2024,False,period_marker,,escalated,
13984507,PropertyPlantEquipment,At 31 December 2024,False,period_marker,,escalated,
13984507,PropertyPlantEquipment,At 31 December 2024,False,period_marker,,escalated,
13984507,PropertyPlantEquipment,At 31 December 2024,False,period_marker,,escalated,
13984507,PropertyPlantEquipment,At 31 December 2024,False,period_marker,,escalated,
13984507,PropertyPlantEquipment,At 31 December 2024,False,period_marker,,escalated,
13984507,PropertyPlantEquipment,At 31 December 2024,False,period_marker,,escalated,
13984507,IntangibleAssetsGrossCost,At 31 December 2025,False,period_marker,,escalated,
13984507,IntangibleAssetsGrossCost,At 31 December 2025,False,period_marker,,escalated,
13984507,IntangibleAssetsGrossCost,At 31 December 2025,False,period_marker,,escalated,
13984507,AccumulatedAmortisationImpairmentIntangibleAssets,At 31 December 2025,False,period_marker,,escalated,
13984507,AccumulatedAmortisationImpairmentIntangibleAssets,At 31 December 2025,False,period_marker,,escalated,
13984507,AccumulatedAmortisationImpairmentIntangibleAssets,At 31 December 2025,False,period_marker,,escalated,
13984507,IntangibleAssets,At 31 December 2025,False,period_marker,,escalated,
13984507,IntangibleAssets,At 31 December 2025,False,period_marker,,escalated,
13984507,IntangibleAssets,At 31 December 2025,False,period_marker,,escalated,
13984507,PropertyPlantEquipmentGrossCost,At 31 December 2025,False,period_marker,,escalated,
13984507,PropertyPlantEquipmentGrossCost,At 31 December 2025,False,period_marker,,escalated,
13984507,PropertyPlantEquipmentGrossCost,At 31 December 2025,False,period_marker,,escalated,
13984507,PropertyPlantEquipmentGrossCost,At 31 December 2025,False,period_marker,,escalated,
13984507,PropertyPlantEquipmentGrossCost,At 31 December 2025,False,period_marker,,escalated,
13984507,PropertyPlantEquipmentGrossCost,At 31 December 2025,False,period_marker,,escalated,
13984507,PropertyPlantEquipmentGrossCost,At 31 December 2025,False,period_marker,,escalated,
13984507,PropertyPlantEquipmentGrossCost,At 31 December 2025,False,period_marker,,escalated,
13984507,AccumulatedDepreciationImpairmentPropertyPlantEquipment,At 31 December 2025,False,period_marker,,escalated,
13984507,AccumulatedDepreciationImpairmentPropertyPlantEquipment,At 31 December 2025,False,period_marker,,escalated,
13984507,AccumulatedDepreciationImpairmentPropertyPlantEquipment,At 31 December 2025,False,period_marker,,escalated,
13984507,AccumulatedDepreciationImpairmentPropertyPlantEquipment,At 31 December 2025,False,period_marker,,escalated,
13984507,AccumulatedDepreciationImpairmentPropertyPlantEquipment,At 31 December 2025,False,period_marker,,escalated,
13984507,AccumulatedDepreciationImpairmentPropertyPlantEquipment,At 31 December 2025,False,period_marker,,escalated,
13984507,AccumulatedDepreciationImpairmentPropertyPlantEquipment,At 31 December 2025,False,period_marker,,escalated,
13984507,AccumulatedDepreciationImpairmentPropertyPlantEquipment,At 31 December 2025,False,period_marker,,escalated,
13984507,PropertyPlantEquipment,At 31 December 2025,False,period_marker,,escalated,
13984507,PropertyPlantEquipment,At 31 December 2025,False,period_marker,,escalated,
13984507,PropertyPlantEquipment,At 31 December 2025,False,period_marker,,escalated,
13984507,PropertyPlantEquipment,At 31 December 2025,False,period_marker,,escalated,
13984507,PropertyPlantEquipment,At 31 December 2025,False,period_marker,,escalated,
13984507,PropertyPlantEquipment,At 31 December 2025,False,period_marker,,escalated,
13984507,PropertyPlantEquipment,At 31 December 2025,False,period_marker,,escalated,
13984507,PropertyPlantEquipment,At 31 December 2025,False,period_marker,,escalated,
13984507,Equity,Balance at 1 January 2024,True,period_marker,,escalated,
13984507,Equity,Balance at 1 January 2024,True,period_marker,,escalated,
13984507,Equity,Balance at 1 January 2024,True,period_marker,,escalated,
13984507,Equity,Balance at 1 January 2024,True,period_marker,,escalated,
13984507,Equity,Balance at 1 January 2024,True,period_marker,,escalated,
13984507,Equity,Balance at 1 January 2024,True,period_marker,,escalated,
13984507,Equity,Balance at 31 December 2024,True,period_marker,,escalated,
13984507,Equity,Balance at 31 December 2024,True,period_marker,,escalated,
13984507,Equity,Balance at 31 December 2024,True,period_marker,,escalated,
13984507,Equity,Balance at 31 December 2024,True,period_marker,,escalated,
13984507,Equity,Balance at 31 December 2024,True,period_marker,,escalated,
13984507,Equity,Balance at 31 December 2024,True,period_marker,,escalated,
13984507,Equity,Balance at 31 December 2024,True,period_marker,,escalated,
13984507,Equity,Balance at 31 December 2024,True,period_marker,,escalated,
13984507,Equity,Balance at 31 December 2024,True,period_marker,,escalated,
13984507,Equity,Balance at 31 December 2024,True,period_marker,,escalated,
13984507,Equity,Balance at 31 December 2025,True,period_marker,,escalated,
13984507,Equity,Balance at 31 December 2025,True,period_marker,,escalated,
13984507,Equity,Balance at 31 December 2025,True,period_marker,,escalated,
13984507,Equity,Balance at 31 December 2025,True,period_marker,,escalated,
13984507,Equity,Balance at 31 December 2025,True,period_marker,,escalated,
13984507,Equity,Balance at 31 December 2025,True,period_marker,,escalated,
13984507,Equity,Balance at 31 December 2025,True,period_marker,,escalated,
13984507,Equity,Balance at 31 December 2025,True,period_marker,,escalated,
13984507,Equity,Balance at 31 December 2025,True,period_marker,,escalated,
13984507,Equity,Balance at 31 December 2025,True,period_marker,,escalated,
13984507,BankBorrowingsOverdrafts,Bank loans,False,balance,asset.current.bank,tier2_keyword,tier2:asset.current.bank:bank
13984507,BankBorrowingsOverdrafts,Bank loans,False,balance,asset.current.bank,tier2_keyword,tier2:asset.current.bank:bank
13984507,BankBorrowingsOverdrafts,Bank loans,False,balance,asset.current.bank,tier2_keyword,tier2:asset.current.bank:bank
13984507,BankBorrowingsOverdrafts,Bank loans,False,balance,asset.current.bank,tier2_keyword,tier2:asset.current.bank:bank
13984507,BankBorrowings,Bank loans,False,balance,asset.current.bank,tier2_keyword,tier2:asset.current.bank:bank
13984507,BankBorrowings,Bank loans,False,balance,asset.current.bank,tier2_keyword,tier2:asset.current.bank:bank
13984507,BankBorrowings,Bank loans,False,balance,asset.current.bank,tier2_keyword,tier2:asset.current.bank:bank
13984507,BankBorrowings,Bank loans,False,balance,asset.current.bank,tier2_keyword,tier2:asset.current.bank:bank
13984507,Equity,Called up share capital,True,balance,equity.capital,tier2_keyword,tier2:equity.capital:capital
13984507,Equity,Called up share capital,True,balance,equity.capital,tier2_keyword,tier2:equity.capital:capital
13984507,Equity,Called up share capital,True,balance,equity.capital,tier2_keyword,tier2:equity.capital:capital
13984507,Equity,Called up share capital,True,balance,equity.capital,tier2_keyword,tier2:equity.capital:capital
13984507,CashCashEquivalents,Cash and cash equivalents at beginning of year,False,balance,asset.current.cash,tier2_keyword,tier2:asset.current.cash:cash
13984507,CashCashEquivalents,Cash and cash equivalents at beginning of year,False,balance,asset.current.cash,tier2_keyword,tier2:asset.current.cash:cash
13984507,CashCashEquivalents,Cash and cash equivalents at end of year,False,balance,asset.current.cash,tier2_keyword,tier2:asset.current.cash:cash
13984507,CashCashEquivalents,Cash and cash equivalents at end of year,False,balance,asset.current.cash,tier2_keyword,tier2:asset.current.cash:cash
13984507,CashBankOnHand,Cash at bank and in hand,False,balance,asset.current.cash,tier2_keyword,tier2:asset.current.cash:cash
13984507,CashBankOnHand,Cash at bank and in hand,False,balance,asset.current.cash,tier2_keyword,tier2:asset.current.cash:cash
13984507,NetCashGeneratedFromOperations,Cash generated from operations,False,balance,asset.current.cash,tier2_keyword,tier2:asset.current.cash:cash
13984507,CorporationTaxPayable,Corporation tax payable,False,balance,liability.current.payables,tier2_keyword,tier2:liability.current.payables:payable
13984507,CorporationTaxPayable,Corporation tax payable,False,balance,liability.current.payables,tier2_keyword,tier2:liability.current.payables:payable
13984507,CorporationTaxPayable,Corporation tax payable,False,balance,liability.current.payables,tier2_keyword,tier2:liability.current.payables:payable
13984507,CorporationTaxPayable,Corporation tax payable,False,balance,liability.current.payables,tier2_keyword,tier2:liability.current.payables:payable
13984507,CorporationTaxRecoverable,Corporation tax recoverable,False,balance,,escalated,
13984507,CorporationTaxRecoverable,Corporation tax recoverable,False,balance,,escalated,
13984507,CorporationTaxRecoverable,Corporation tax recoverable,False,balance,,escalated,
13984507,CorporationTaxRecoverable,Corporation tax recoverable,False,balance,,escalated,
13984507,CostSales,Cost of sales,False,balance,revenue.operating,tier2_keyword,tier2:revenue.operating:sales
13984507,CostSales,Cost of sales,False,balance,revenue.operating,tier2_keyword,tier2:revenue.operating:sales
13984507,Debtors,Debtors,False,balance,asset.current.receivables,tier2_keyword,tier2:asset.current.receivables:debtors
13984507,Debtors,Debtors,False,balance,asset.current.receivables,tier2_keyword,tier2:asset.current.receivables:debtors
13984507,Debtors,Debtors falling due after more than one year,False,balance,asset.current.receivables,tier2_keyword,tier2:asset.current.receivables:debtors
13984507,Debtors,Debtors falling due after more than one year,False,balance,asset.current.receivables,tier2_keyword,tier2:asset.current.receivables:debtors
13984507,Debtors,Debtors falling due within one year,False,balance,asset.current.receivables,tier2_keyword,tier2:asset.current.receivables:debtors
13984507,Debtors,Debtors falling due within one year,False,balance,asset.current.receivables,tier2_keyword,tier2:asset.current.receivables:debtors
13984507,DeferredIncome,Deferred income,False,balance,,escalated,
13984507,DeferredIncome,Deferred income,False,balance,,escalated,
13984507,DeferredIncome,Deferred income,False,balance,,escalated,
13984507,DeferredIncome,Deferred income,False,balance,,escalated,
13984507,AccruedLiabilitiesDeferredIncome,Deferred income,False,balance,,escalated,
13984507,AccruedLiabilitiesDeferredIncome,Deferred income,False,balance,,escalated,
13984507,AccruedLiabilitiesDeferredIncome,Deferred income,False,balance,,escalated,
13984507,AccruedLiabilitiesDeferredIncome,Deferred income,False,balance,,escalated,
13984507,DeferredTaxAssetDebtors,Deferred tax asset,False,balance,,escalated,
13984507,DeferredTaxAssetDebtors,Deferred tax asset,False,balance,,escalated,
13984507,DeferredTaxAssetDebtors,Deferred tax asset,False,balance,,escalated,
13984507,DeferredTaxAssetDebtors,Deferred tax asset,False,balance,,escalated,
13984507,TaxationIncludingDeferredTaxationBalanceSheetSubtotal,Deferred tax liability,False,balance,,escalated,
13984507,TaxationIncludingDeferredTaxationBalanceSheetSubtotal,Deferred tax liability,False,balance,,escalated,
13984507,FurtherItemTaxIncreaseDecreaseComponentAdjustingItems,Deferred tax not recognised,False,balance,,escalated,
13984507,FurtherItemTaxIncreaseDecreaseComponentAdjustingItems,Deferred tax not recognised,False,balance,,escalated,
13984507,IncreaseFromDepreciationChargeForYearPropertyPlantEquipment,Depreciation charged in the year,False,movement,expense.depreciation,tier2_keyword,tier2:expense.depreciation:depreciation
13984507,IncreaseFromDepreciationChargeForYearPropertyPlantEquipment,Depreciation charged in the year,False,movement,expense.depreciation,tier2_keyword,tier2:expense.depreciation:depreciation
13984507,IncreaseFromDepreciationChargeForYearPropertyPlantEquipment,Depreciation charged in the year,False,movement,expense.depreciation,tier2_keyword,tier2:expense.depreciation:depreciation
13984507,IncreaseFromDepreciationChargeForYearPropertyPlantEquipment,Depreciation charged in the year,False,movement,expense.depreciation,tier2_keyword,tier2:expense.depreciation:depreciation
13984507,IncreaseFromDepreciationChargeForYearPropertyPlantEquipment,Depreciation charged in the year,False,movement,expense.depreciation,tier2_keyword,tier2:expense.depreciation:depreciation
13984507,IncreaseFromDepreciationChargeForYearPropertyPlantEquipment,Depreciation charged in the year,False,movement,expense.depreciation,tier2_keyword,tier2:expense.depreciation:depreciation
13984507,IncreaseFromDepreciationChargeForYearPropertyPlantEquipment,Depreciation charged in the year,False,movement,expense.depreciation,tier2_keyword,tier2:expense.depreciation:depreciation
13984507,IncreaseFromDepreciationChargeForYearPropertyPlantEquipment,Depreciation charged in the year,False,movement,expense.depreciation,tier2_keyword,tier2:expense.depreciation:depreciation
13984507,OtherDisposalsPropertyPlantEquipment,Disposals,False,movement,,escalated,
13984507,OtherDisposalsPropertyPlantEquipment,Disposals,False,movement,,escalated,
13984507,OtherDisposalsPropertyPlantEquipment,Disposals,False,movement,,escalated,
13984507,OtherDisposalsPropertyPlantEquipment,Disposals,False,movement,,escalated,
13984507,OtherDisposalsPropertyPlantEquipment,Disposals,False,movement,,escalated,
13984507,OtherDisposalsPropertyPlantEquipment,Disposals,False,movement,,escalated,
13984507,OtherDisposalsPropertyPlantEquipment,Disposals,False,movement,,escalated,
13984507,OtherDisposalsPropertyPlantEquipment,Disposals,False,movement,,escalated,
13984507,OtherDisposalsDecreaseInDepreciationImpairmentPropertyPlantEquipment,Eliminated in respect of disposals,False,movement,,escalated,
13984507,OtherDisposalsDecreaseInDepreciationImpairmentPropertyPlantEquipment,Eliminated in respect of disposals,False,movement,,escalated,
13984507,OtherDisposalsDecreaseInDepreciationImpairmentPropertyPlantEquipment,Eliminated in respect of disposals,False,movement,,escalated,
13984507,OtherDisposalsDecreaseInDepreciationImpairmentPropertyPlantEquipment,Eliminated in respect of disposals,False,movement,,escalated,
13984507,OtherDisposalsDecreaseInDepreciationImpairmentPropertyPlantEquipment,Eliminated in respect of disposals,False,movement,,escalated,
13984507,OtherDisposalsDecreaseInDepreciationImpairmentPropertyPlantEquipment,Eliminated in respect of disposals,False,movement,,escalated,
13984507,OtherDisposalsDecreaseInDepreciationImpairmentPropertyPlantEquipment,Eliminated in respect of disposals,False,movement,,escalated,
13984507,OtherDisposalsDecreaseInDepreciationImpairmentPropertyPlantEquipment,Eliminated in respect of disposals,False,movement,,escalated,
13984507,PercentageClassShareHeldInSubsidiary,England,False,balance,,escalated,
13984507,PercentageClassShareHeldInSubsidiary,England,False,balance,,escalated,
13984507,PercentageClassShareHeldInSubsidiary,England,False,balance,,escalated,
13984507,PercentageClassShareHeldInSubsidiary,England,False,balance,,escalated,
13984507,PercentageClassShareHeldInSubsidiary,England,False,balance,,escalated,
13984507,PercentageClassShareHeldInSubsidiary,England,False,balance,,escalated,
13984507,PercentageClassShareHeldInSubsidiary,England,False,balance,,escalated,
13984507,PercentageClassShareHeldInSubsidiary,England,False,balance,,escalated,
13984507,PercentageClassShareHeldInSubsidiary,England,False,balance,,escalated,
13984507,PercentageClassShareHeldInSubsidiary,England,False,balance,,escalated,
13984507,PercentageClassShareHeldInSubsidiary,England,False,balance,,escalated,
13984507,PercentageClassShareHeldInSubsidiary,England,False,balance,,escalated,
13984507,PercentageClassShareHeldInSubsidiary,England,False,balance,,escalated,
13984507,PercentageClassShareHeldInSubsidiary,England,False,balance,,escalated,
13984507,PercentageClassShareHeldInSubsidiary,England,False,balance,,escalated,
13984507,PercentageClassShareHeldInSubsidiary,England,False,balance,,escalated,
13984507,InterestPayableSimilarChargesFinanceCosts,Finance costs,False,balance,,escalated,
13984507,InterestPayableSimilarChargesFinanceCosts,Finance costs,False,balance,,escalated,
13984507,FurtherItemTaxIncreaseDecreaseComponentAdjustingItems,Fixed asset differences,False,balance,,escalated,
13984507,FurtherItemTaxIncreaseDecreaseComponentAdjustingItems,Fixed asset differences,False,balance,,escalated,
13984507,IntangibleAssets,Goodwill,False,balance,asset.noncurrent.goodwill,tier2_keyword,tier2:asset.noncurrent.goodwill:goodwill
13984507,IntangibleAssets,Goodwill,False,balance,asset.noncurrent.goodwill,tier2_keyword,tier2:asset.noncurrent.goodwill:goodwill
13984507,InterestIncomeOnBankDeposits,Interest on bank deposits,False,balance,asset.current.bank,tier2_keyword,tier2:asset.current.bank:bank
13984507,InterestIncomeOnBankDeposits,Interest on bank deposits,False,balance,asset.current.bank,tier2_keyword,tier2:asset.current.bank:bank
13984507,InterestPayableSimilarChargesFinanceCosts,Interest payable and similar expenses,False,balance,liability.current.payables,tier2_keyword,tier2:liability.current.payables:payable
13984507,InterestPayableSimilarChargesFinanceCosts,Interest payable and similar expenses,False,balance,liability.current.payables,tier2_keyword,tier2:liability.current.payables:payable
13984507,OtherInterestReceivableSimilarIncomeFinanceIncome,Interest receivable and similar income,False,balance,asset.current.receivables,tier2_keyword,tier2:asset.current.receivables:receivable
13984507,OtherInterestReceivableSimilarIncomeFinanceIncome,Interest receivable and similar income,False,balance,asset.current.receivables,tier2_keyword,tier2:asset.current.receivables:receivable
13984507,NetFinanceIncomeCosts,Investment income,False,balance,,escalated,
13984507,NetFinanceIncomeCosts,Investment income,False,balance,,escalated,
13984507,InvestmentsFixedAssets,Investments,False,balance,,escalated,
13984507,InvestmentsFixedAssets,Investments,False,balance,,escalated,
13984507,InvestmentsInSubsidiaries,Investments in subsidiaries,False,balance,,escalated,
13984507,InvestmentsInSubsidiaries,Investments in subsidiaries,False,balance,,escalated,
13984507,InvestmentsInSubsidiaries,Investments in subsidiaries,False,balance,,escalated,
13984507,InvestmentsInSubsidiaries,Investments in subsidiaries,False,balance,,escalated,
13984507,IssueEquityInstruments,Issue of share capital,False,balance,equity.capital,tier2_keyword,tier2:equity.capital:capital
13984507,IssueEquityInstruments,Issue of share capital,False,balance,equity.capital,tier2_keyword,tier2:equity.capital:capital
13984507,IssueEquityInstruments,Issue of share capital,False,balance,equity.capital,tier2_keyword,tier2:equity.capital:capital
13984507,IssueEquityInstruments,Issue of share capital,False,balance,equity.capital,tier2_keyword,tier2:equity.capital:capital
13984507,IssueEquityInstruments,Issue of share capital,False,balance,equity.capital,tier2_keyword,tier2:equity.capital:capital
13984507,IssueEquityInstruments,Issue of share capital,False,balance,equity.capital,tier2_keyword,tier2:equity.capital:capital
13984507,IssueEquityInstruments,Issue of share capital,False,balance,equity.capital,tier2_keyword,tier2:equity.capital:capital
13984507,IssueEquityInstruments,Issue of share capital,False,balance,equity.capital,tier2_keyword,tier2:equity.capital:capital
13984507,IssueEquityInstruments,Issue of share capital,False,balance,equity.capital,tier2_keyword,tier2:equity.capital:capital
13984507,IssueEquityInstruments,Issue of share capital,False,balance,equity.capital,tier2_keyword,tier2:equity.capital:capital
13984507,IssueEquityInstruments,Issue of share capital,False,balance,equity.capital,tier2_keyword,tier2:equity.capital:capital
13984507,IssueEquityInstruments,Issue of share capital,False,balance,equity.capital,tier2_keyword,tier2:equity.capital:capital
13984507,FutureFinanceChargesOnFinanceLeases,Less: future finance charges,False,balance,,escalated,
13984507,FutureFinanceChargesOnFinanceLeases,Less: future finance charges,False,balance,,escalated,
13984507,FutureFinanceChargesOnFinanceLeases,Less: future finance charges,False,balance,,escalated,
13984507,FutureFinanceChargesOnFinanceLeases,Less: future finance charges,False,balance,,escalated,
13984507,LoansFromOtherRelatedPartiesOtherThanDirectors,Loans from related parties,False,balance,,escalated,
13984507,LoansFromOtherRelatedPartiesOtherThanDirectors,Loans from related parties,False,balance,,escalated,
13984507,LoansFromOtherRelatedPartiesOtherThanDirectors,Loans from related parties,False,balance,,escalated,
13984507,LoansFromOtherRelatedPartiesOtherThanDirectors,Loans from related parties,False,balance,,escalated,
13984507,ProfitLossOnOrdinaryActivitiesBeforeTax,Loss before taxation,False,balance,,escalated,
13984507,ProfitLossOnOrdinaryActivitiesBeforeTax,Loss before taxation,False,balance,,escalated,
13984507,NetCurrentAssetsLiabilities,Net current liabilities,True,balance,,escalated,
13984507,NetCurrentAssetsLiabilities,Net current liabilities,True,balance,,escalated,
13984507,NetAssetsLiabilities,Net liabilities,True,balance,,escalated,
13984507,NetAssetsLiabilities,Net liabilities,True,balance,,escalated,
13984507,TotalAssetsLessCurrentLiabilities,Net liabilities,True,balance,,escalated,
13984507,TotalAssetsLessCurrentLiabilities,Net liabilities,True,balance,,escalated,
13984507,Equity,Non-controlling interests,True,balance,,escalated,
13984507,Equity,Non-controlling interests,True,balance,,escalated,
13984507,FinanceLeaseLiabilitiesPresentValueTotal,Obligations under finance leases,True,balance,,escalated,
13984507,FinanceLeaseLiabilitiesPresentValueTotal,Obligations under finance leases,True,balance,,escalated,
13984507,FinanceLeaseLiabilitiesPresentValueTotal,Obligations under finance leases,True,balance,,escalated,
13984507,FinanceLeaseLiabilitiesPresentValueTotal,Obligations under finance leases,True,balance,,escalated,
13984507,DeferredTaxExpenseCreditRelatingToOriginationReversalTimingDifferences,Origination and reversal of timing differences,False,balance,,escalated,
13984507,DeferredTaxExpenseCreditRelatingToOriginationReversalTimingDifferences,Origination and reversal of timing differences,False,balance,,escalated,
13984507,OtherRemainingBorrowings,Other borrowings,False,balance,,escalated,
13984507,OtherRemainingBorrowings,Other borrowings,False,balance,,escalated,
13984507,OtherRemainingBorrowings,Other borrowings,False,balance,,escalated,
13984507,OtherRemainingBorrowings,Other borrowings,False,balance,,escalated,
13984507,OtherRemainingBorrowings,Other borrowings,False,balance,,escalated,
13984507,OtherRemainingBorrowings,Other borrowings,False,balance,,escalated,
13984507,OtherRemainingBorrowings,Other borrowings,False,balance,,escalated,
13984507,OtherRemainingBorrowings,Other borrowings,False,balance,,escalated,
13984507,OtherCreditors,Other creditors,False,balance,,escalated,
13984507,OtherCreditors,Other creditors,False,balance,,escalated,
13984507,OtherCreditors,Other creditors,False,balance,,escalated,
13984507,OtherCreditors,Other creditors,False,balance,,escalated,
13984507,FurtherItemDebtorsComponentTotalDebtors,Other debtors,True,balance,asset.current.receivables,tier2_keyword,tier2:asset.current.receivables:debtors
13984507,FurtherItemDebtorsComponentTotalDebtors,Other debtors,True,balance,asset.current.receivables,tier2_keyword,tier2:asset.current.receivables:debtors
13984507,FurtherItemDebtorsComponentTotalDebtors,Other debtors,True,balance,asset.current.receivables,tier2_keyword,tier2:asset.current.receivables:debtors
13984507,FurtherItemDebtorsComponentTotalDebtors,Other debtors,True,balance,asset.current.receivables,tier2_keyword,tier2:asset.current.receivables:debtors
13984507,IntangibleAssets,Other intangible assets,False,balance,asset.noncurrent.intangibles,tier2_keyword,tier2:asset.noncurrent.intangibles:intangible
13984507,IntangibleAssets,Other intangible assets,False,balance,asset.noncurrent.intangibles,tier2_keyword,tier2:asset.noncurrent.intangibles:intangible
13984507,OtherOperatingIncomeFormat1,Other operating income,False,balance,,escalated,
13984507,OtherOperatingIncomeFormat1,Other operating income,False,balance,,escalated,
13984507,FurtherItemTaxIncreaseDecreaseComponentAdjustingItems,Other permanent differences,False,balance,,escalated,
13984507,FurtherItemTaxIncreaseDecreaseComponentAdjustingItems,Other permanent differences,False,balance,,escalated,
13984507,OtherTaxationSocialSecurityPayable,Other taxation and social security,False,balance,,escalated,
13984507,OtherTaxationSocialSecurityPayable,Other taxation and social security,False,balance,,escalated,
13984507,OtherTaxationSocialSecurityPayable,Other taxation and social security,False,balance,,escalated,
13984507,OtherTaxationSocialSecurityPayable,Other taxation and social security,False,balance,,escalated,
13984507,TotalBorrowings,Payable after one year,True,balance,liability.current.payables,tier2_keyword,tier2:liability.current.payables:payable
13984507,TotalBorrowings,Payable after one year,True,balance,liability.current.payables,tier2_keyword,tier2:liability.current.payables:payable
13984507,TotalBorrowings,Payable after one year,True,balance,liability.current.payables,tier2_keyword,tier2:liability.current.payables:payable
13984507,TotalBorrowings,Payable after one year,True,balance,liability.current.payables,tier2_keyword,tier2:liability.current.payables:payable
13984507,TotalBorrowings,Payable within one year,True,balance,liability.current.payables,tier2_keyword,tier2:liability.current.payables:payable
13984507,TotalBorrowings,Payable within one year,True,balance,liability.current.payables,tier2_keyword,tier2:liability.current.payables:payable
13984507,TotalBorrowings,Payable within one year,True,balance,liability.current.payables,tier2_keyword,tier2:liability.current.payables:payable
13984507,TotalBorrowings,Payable within one year,True,balance,liability.current.payables,tier2_keyword,tier2:liability.current.payables:payable
13984507,PensionOtherPost-employmentBenefitCostsOtherPensionCosts,Pension costs,False,balance,,escalated,
13984507,PensionOtherPost-employmentBenefitCostsOtherPensionCosts,Pension costs,False,balance,,escalated,
13984507,PensionOtherPost-employmentBenefitCostsOtherPensionCosts,Pension costs,False,balance,,escalated,
13984507,PensionOtherPost-employmentBenefitCostsOtherPensionCosts,Pension costs,False,balance,,escalated,
13984507,StaffCostsEmployeeBenefitsExpense,Pension costs,False,balance,,escalated,
13984507,StaffCostsEmployeeBenefitsExpense,Pension costs,False,balance,,escalated,
13984507,StaffCostsEmployeeBenefitsExpense,Pension costs,False,balance,,escalated,
13984507,StaffCostsEmployeeBenefitsExpense,Pension costs,False,balance,,escalated,
13984507,PrepaymentsAccruedIncome,Prepayments and accrued income,False,balance,,escalated,
13984507,PrepaymentsAccruedIncome,Prepayments and accrued income,False,balance,,escalated,
13984507,PrepaymentsAccruedIncome,Prepayments and accrued income,False,balance,,escalated,
13984507,PrepaymentsAccruedIncome,Prepayments and accrued income,False,balance,,escalated,
13984507,Equity,Profit and loss reserves,True,balance,equity.reserves,tier2_keyword,tier2:equity.reserves:reserve
13984507,Equity,Profit and loss reserves,True,balance,equity.reserves,tier2_keyword,tier2:equity.reserves:reserve
13984507,Equity,Profit and loss reserves,True,balance,equity.reserves,tier2_keyword,tier2:equity.reserves:reserve
13984507,Equity,Profit and loss reserves,True,balance,equity.reserves,tier2_keyword,tier2:equity.reserves:reserve
13984507,ProfitLoss,Profit/(loss) for the financial year,False,balance,,escalated,
13984507,ProfitLoss,Profit/(loss) for the financial year,False,balance,,escalated,
13984507,FurtherItemOperatingIncomeGainIncomeStatementItemComponentOperatingProfitLoss,Property related restructuring income,False,balance,,escalated,
13984507,FurtherItemOperatingIncomeGainIncomeStatementItemComponentOperatingProfitLoss,Property related restructuring income,False,balance,,escalated,
13984507,OtherProvisionsBalanceSheetSubtotal,Provisions,False,balance,,escalated,
13984507,OtherProvisionsBalanceSheetSubtotal,Provisions,False,balance,,escalated,
13984507,Equity,Share premium account,True,balance,,escalated,
13984507,Equity,Share premium account,True,balance,,escalated,
13984507,Equity,Share premium account,True,balance,,escalated,
13984507,Equity,Share premium account,True,balance,,escalated,
13984507,PropertyPlantEquipment,Tangible assets,False,balance,,escalated,
13984507,PropertyPlantEquipment,Tangible assets,False,balance,,escalated,
13984507,TotalAssetsLessCurrentLiabilities,Tangible assets,True,balance,,escalated,
13984507,TotalAssetsLessCurrentLiabilities,Tangible assets,True,balance,,escalated,
13984507,TaxIncreaseDecreaseFromEffectExpensesNotDeductibleInDeterminingTaxableProfitOrLoss,Tax effect of expenses that are not deductible in determining taxable profit,False,movement,,escalated,
13984507,TaxIncreaseDecreaseFromEffectExpensesNotDeductibleInDeterminingTaxableProfitOrLoss,Tax effect of expenses that are not deductible in determining taxable profit,False,movement,,escalated,
13984507,TaxDecreaseIncreaseFromEffectRevenueExemptFromTaxation,Tax effect of income not taxable in determining taxable profit,False,movement,,escalated,
13984507,TaxDecreaseIncreaseFromEffectRevenueExemptFromTaxation,Tax effect of income not taxable in determining taxable profit,False,movement,,escalated,
13984507,TaxTaxCreditOnProfitOrLossOnOrdinaryActivities,Tax on loss,False,balance,,escalated,
13984507,TaxTaxCreditOnProfitOrLossOnOrdinaryActivities,Tax on loss,False,balance,,escalated,
13984507,TaxTaxCreditOnProfitOrLossOnOrdinaryActivities,Taxation (credited)/charged,False,balance,,escalated,
13984507,TaxTaxCreditOnProfitOrLossOnOrdinaryActivities,Taxation (credited)/charged,False,balance,,escalated,
13984507,AverageNumberEmployeesDuringPeriod,Total,False,balance,,escalated,
13984507,AverageNumberEmployeesDuringPeriod,Total,False,balance,,escalated,
13984507,AverageNumberEmployeesDuringPeriod,Total,False,balance,,escalated,
13984507,AverageNumberEmployeesDuringPeriod,Total,False,balance,,escalated,
13984507,TotalCurrentTaxExpenseCredit,Total current tax,True,balance,,escalated,
13984507,TotalCurrentTaxExpenseCredit,Total current tax,True,balance,,escalated,
13984507,Equity,Total equity,True,balance,,escalated,
13984507,Equity,Total equity,True,balance,,escalated,
13984507,InterestPayableSimilarChargesFinanceCosts,Total finance costs,False,balance,,escalated,
13984507,InterestPayableSimilarChargesFinanceCosts,Total finance costs,False,balance,,escalated,
13984507,NetFinanceIncomeCosts,Total income,False,balance,,escalated,
13984507,NetFinanceIncomeCosts,Total income,False,balance,,escalated,
13984507,IntangibleAssets,Total intangible assets,False,balance,asset.noncurrent.intangibles,tier2_keyword,tier2:asset.noncurrent.intangibles:intangible
13984507,IntangibleAssets,Total intangible assets,False,balance,asset.noncurrent.intangibles,tier2_keyword,tier2:asset.noncurrent.intangibles:intangible
13984507,TaxTaxCreditOnProfitOrLossOnOrdinaryActivities,Total tax (credit)/charge,False,balance,,escalated,
13984507,TaxTaxCreditOnProfitOrLossOnOrdinaryActivities,Total tax (credit)/charge,False,balance,,escalated,
13984507,TradeCreditorsTradePayables,Trade creditors,False,balance,,escalated,
13984507,TradeCreditorsTradePayables,Trade creditors,False,balance,,escalated,
13984507,TradeCreditorsTradePayables,Trade creditors,False,balance,,escalated,
13984507,TradeCreditorsTradePayables,Trade creditors,False,balance,,escalated,
13984507,TradeDebtorsTradeReceivables,Trade debtors,False,balance,asset.current.receivables,tier2_keyword,tier2:asset.current.receivables:debtors
13984507,TradeDebtorsTradeReceivables,Trade debtors,False,balance,asset.current.receivables,tier2_keyword,tier2:asset.current.receivables:debtors
13984507,TradeDebtorsTradeReceivables,Trade debtors,False,balance,asset.current.receivables,tier2_keyword,tier2:asset.current.receivables:debtors
13984507,TradeDebtorsTradeReceivables,Trade debtors,False,balance,asset.current.receivables,tier2_keyword,tier2:asset.current.receivables:debtors
13984507,TransfersToFromNon-currentAssetsOrDisposalGroupsHeldForSalePropertyPlantEquipment,Transfers,False,balance,,escalated,
13984507,TransfersToFromNon-currentAssetsOrDisposalGroupsHeldForSalePropertyPlantEquipment,Transfers,False,balance,,escalated,
13984507,TransfersToFromNon-currentAssetsOrDisposalGroupsHeldForSalePropertyPlantEquipment,Transfers,False,balance,,escalated,
13984507,TransfersToFromNon-currentAssetsOrDisposalGroupsHeldForSalePropertyPlantEquipment,Transfers,False,balance,,escalated,
13984507,TransfersToFromNon-currentAssetsOrDisposalGroupsHeldForSalePropertyPlantEquipment,Transfers,False,balance,,escalated,
13984507,TransfersToFromNon-currentAssetsOrDisposalGroupsHeldForSalePropertyPlantEquipment,Transfers,False,balance,,escalated,
13984507,TransfersToFromNon-currentAssetsOrDisposalGroupsHeldForSalePropertyPlantEquipment,Transfers,False,balance,,escalated,
13984507,TransfersToFromNon-currentAssetsOrDisposalGroupsHeldForSalePropertyPlantEquipment,Transfers,False,balance,,escalated,
13984507,TransferToNon-currentAssetsOrDisposalGroupsHeldForSaleDecreaseInDepreciationImpairmentPropertyPlantEquipment,Transfers,False,movement,,escalated,
13984507,TransferToNon-currentAssetsOrDisposalGroupsHeldForSaleDecreaseInDepreciationImpairmentPropertyPlantEquipment,Transfers,False,movement,,escalated,
13984507,TransferToNon-currentAssetsOrDisposalGroupsHeldForSaleDecreaseInDepreciationImpairmentPropertyPlantEquipment,Transfers,False,movement,,escalated,
13984507,TransferToNon-currentAssetsOrDisposalGroupsHeldForSaleDecreaseInDepreciationImpairmentPropertyPlantEquipment,Transfers,False,movement,,escalated,
13984507,TransferToNon-currentAssetsOrDisposalGroupsHeldForSaleDecreaseInDepreciationImpairmentPropertyPlantEquipment,Transfers,False,movement,,escalated,
13984507,TransferToNon-currentAssetsOrDisposalGroupsHeldForSaleDecreaseInDepreciationImpairmentPropertyPlantEquipment,Transfers,False,movement,,escalated,
13984507,TransferToNon-currentAssetsOrDisposalGroupsHeldForSaleDecreaseInDepreciationImpairmentPropertyPlantEquipment,Transfers,False,movement,,escalated,
13984507,TransferToNon-currentAssetsOrDisposalGroupsHeldForSaleDecreaseInDepreciationImpairmentPropertyPlantEquipment,Transfers,False,movement,,escalated,
13984507,CurrentTaxForPeriod,UK corporation tax on profits for the current period,False,balance,,escalated,
13984507,CurrentTaxForPeriod,UK corporation tax on profits for the current period,False,balance,,escalated,
13984507,WagesSalaries,Wages and salaries,False,balance,,escalated,
13984507,WagesSalaries,Wages and salaries,False,balance,,escalated,
13984507,WagesSalaries,Wages and salaries,False,balance,,escalated,
13984507,WagesSalaries,Wages and salaries,False,balance,,escalated,
13984507,FinanceLeasePaymentsOwingMinimumGross,Within one year,False,balance,,escalated,
13984507,FinanceLeasePaymentsOwingMinimumGross,Within one year,False,balance,,escalated,
13984507,FinanceLeasePaymentsOwingMinimumGross,Within one year,False,balance,,escalated,
13984507,FinanceLeasePaymentsOwingMinimumGross,Within one year,False,balance,,escalated,
