parent_lei,parent_name,child_lei,child_name,child_company_number,relationship_type,in_downloaded_corpus
W38RGI023J3WT1HWRP32,Siemens Aktiengesellschaft,5299000PID58I0SYUF38,SIEMENS INDUSTRY SOFTWARE LIMITED,03476850,IS_DIRECTLY_CONSOLIDATED_BY,False
W38RGI023J3WT1HWRP32,Siemens Aktiengesellschaft,5299001S75FZN6VAOS66,SIEMENS HEALTHCARE DIAGNOSTICS PRODUCTS LTD,02005794,IS_DIRECTLY_CONSOLIDATED_BY,False
W38RGI023J3WT1HWRP32,Siemens Aktiengesellschaft,5299004JE8KDN5OYAY55,SIEMENS HEALTHCARE DIAGNOSTICS LTD,03050664,IS_DIRECTLY_CONSOLIDATED_BY,False
W38RGI023J3WT1HWRP32,Siemens Aktiengesellschaft,5299006YHQKS5IOKUL67,VARIAN MEDICAL SYSTEMS UK LIMITED,00558526,IS_DIRECTLY_CONSOLIDATED_BY,False
W38RGI023J3WT1HWRP32,Siemens Aktiengesellschaft,5299009FLSSASI3IR442,"NEXT47 FUND 2025, L.P.",LP023590,IS_DIRECTLY_CONSOLIDATED_BY,False
W38RGI023J3WT1HWRP32,Siemens Aktiengesellschaft,529900A78YBS9Z9ZRW09,ACUSON UNITED KINGDOM LTD.,13469323,IS_DIRECTLY_CONSOLIDATED_BY,False
W38RGI023J3WT1HWRP32,Siemens Aktiengesellschaft,529900BHOVA38O6B0Q57,SIEMENS FINANCIAL SERVICES LIMITED,00646166,IS_DIRECTLY_CONSOLIDATED_BY,False
W38RGI023J3WT1HWRP32,Siemens Aktiengesellschaft,529900DTGWBW6PSR0V66,"NEXT47 FUND 2024, L.P.",LP023096,IS_DIRECTLY_CONSOLIDATED_BY,False
W38RGI023J3WT1HWRP32,Siemens Aktiengesellschaft,529900DXHXZ9UVM8JI90,"NEXT47 FUND 2022, L.P.",LP021850,IS_DIRECTLY_CONSOLIDATED_BY,False
W38RGI023J3WT1HWRP32,Siemens Aktiengesellschaft,529900G54IBT9DCA3B46,SIEMENS RAIL AUTOMATION LIMITED,01641421,IS_DIRECTLY_CONSOLIDATED_BY,False
W38RGI023J3WT1HWRP32,Siemens Aktiengesellschaft,529900G8G9JTH304VF87,"NEXT47 FUND 2023, L.P.",LP022504,IS_DIRECTLY_CONSOLIDATED_BY,False
W38RGI023J3WT1HWRP32,Siemens Aktiengesellschaft,529900HHRRVPVJZ6UV64,"NEXT47 FUND 2020, L.P.",LP020376,IS_DIRECTLY_CONSOLIDATED_BY,False
W38RGI023J3WT1HWRP32,Siemens Aktiengesellschaft,529900HRKE7AUVVBD562,SIEMENS HEALTHCARE DIAGNOSTICS MANUFACTURING LTD,01915763,IS_DIRECTLY_CONSOLIDATED_BY,False
W38RGI023J3WT1HWRP32,Siemens Aktiengesellschaft,529900HY9VDOIDWQA321,"NEXT47 FUND 2019, L.P.",LP019694,IS_DIRECTLY_CONSOLIDATED_BY,False
W38RGI023J3WT1HWRP32,Siemens Aktiengesellschaft,529900IJ8WUYDPAEUT28,SIEMENS MOBILITY LIMITED,00016033,IS_DIRECTLY_CONSOLIDATED_BY,False
W38RGI023J3WT1HWRP32,Siemens Aktiengesellschaft,529900JXA09NNIABVG54,"NEXT47 FUND 2021, L.P.",LP021102,IS_DIRECTLY_CONSOLIDATED_BY,False
W38RGI023J3WT1HWRP32,Siemens Aktiengesellschaft,529900LVTTWKP68R8E80,"Next47 Fund 2026, L.P.",LP024094,IS_DIRECTLY_CONSOLIDATED_BY,False
W38RGI023J3WT1HWRP32,Siemens Aktiengesellschaft,529900OFOQACHQHM6177,"NEXT47 FUND 2018, L.P.",LP019493,IS_DIRECTLY_CONSOLIDATED_BY,False
W38RGI023J3WT1HWRP32,Siemens Aktiengesellschaft,529900Q0S0U4SD53JT22,SIEMENS LOGISTICS LIMITED,08612108,IS_DIRECTLY_CONSOLIDATED_BY,False
W38RGI023J3WT1HWRP32,Siemens Aktiengesellschaft,529900RTEQLK71M9TT04,SIEMENS HEALTHCARE LIMITED,09567186,IS_DIRECTLY_CONSOLIDATED_BY,False
W38RGI023J3WT1HWRP32,Siemens Aktiengesellschaft,529900S0A5JJU42K4O16,ELECTRIUM SALES LIMITED,02226729,IS_DIRECTLY_CONSOLIDATED_BY,False
W38RGI023J3WT1HWRP32,Siemens Aktiengesellschaft,529900S33B1KQWJ6TJ50,SIEMENS HOLDINGS PLC,02465263,IS_DIRECTLY_CONSOLIDATED_BY,False
W38RGI023J3WT1HWRP32,Siemens Aktiengesellschaft,529900UOQGI0NOD5KS88,SIEMENS ELECTRONIC DESIGN AUTOMATION LTD,01694833,IS_DIRECTLY_CONSOLIDATED_BY,False
W38RGI023J3WT1HWRP32,Siemens Aktiengesellschaft,529900URNZL1US701N57,DECEMBER 2015 SOFTWARE LIMITED,09912729,IS_DIRECTLY_CONSOLIDATED_BY,False
W38RGI023J3WT1HWRP32,Siemens Aktiengesellschaft,529900WA6MSZY3P11D09,SIEMENS EMOBILITY CHARGING LIMITED,13257700,IS_DIRECTLY_CONSOLIDATED_BY,False
W38RGI023J3WT1HWRP32,Siemens Aktiengesellschaft,529900X0F1IW8YTNPH77,PROJECT VENTURES RAIL INVESTMENTS I LIMITED,08243845,IS_DIRECTLY_CONSOLIDATED_BY,False
W38RGI023J3WT1HWRP32,Siemens Aktiengesellschaft,529900Y6Y0FTEWJLU460,Innomotics Motors and Large Drives Limited,13851891,IS_DIRECTLY_CONSOLIDATED_BY,False
W38RGI023J3WT1HWRP32,Siemens Aktiengesellschaft,529900ZZVLZ93I1AW009,SIEMENS PLC,00727817,IS_DIRECTLY_CONSOLIDATED_BY,False
W38RGI023J3WT1HWRP32,Siemens Aktiengesellschaft,984500BBA405XD2BA802,ALTAIR ENGINEERING LIMITED,03051069,IS_DIRECTLY_CONSOLIDATED_BY,False
7LTWFZYICNSX8D621K86,DEUTSCHE BANK AKTIENGESELLSCHAFT,52990026WU4MWFA1P303,DB LONDON (INVESTOR SERVICES) NOMINEES LIMITED,09610990,IS_DIRECTLY_CONSOLIDATED_BY,False
7LTWFZYICNSX8D621K86,DEUTSCHE BANK AKTIENGESELLSCHAFT,5299005XTWXW51FR9A63,RREEF EUROPEAN VALUE ADDED I (G.P.) LIMITED,05869878,IS_DIRECTLY_CONSOLIDATED_BY,False
7LTWFZYICNSX8D621K86,DEUTSCHE BANK AKTIENGESELLSCHAFT,5299005YJQDLC0YHHR78,CITY LEASING (THAMESIDE) LIMITED,01394455,IS_DIRECTLY_CONSOLIDATED_BY,False
7LTWFZYICNSX8D621K86,DEUTSCHE BANK AKTIENGESELLSCHAFT,5299006REQ8XX4M6LQ29,CITY LEASING LIMITED,01039353,IS_DIRECTLY_CONSOLIDATED_BY,False
7LTWFZYICNSX8D621K86,DEUTSCHE BANK AKTIENGESELLSCHAFT,529900A6KXIFZYVGEF38,DB UK HOLDINGS LIMITED,03650236,IS_DIRECTLY_CONSOLIDATED_BY,False
7LTWFZYICNSX8D621K86,DEUTSCHE BANK AKTIENGESELLSCHAFT,529900AWZSNTMVWDBE17,DEUTSCHE HOLDINGS NO.4 LIMITED,06315183,IS_DIRECTLY_CONSOLIDATED_BY,False
7LTWFZYICNSX8D621K86,DEUTSCHE BANK AKTIENGESELLSCHAFT,529900CYMVBQDMUMAG81,EUROPEAN VALUE ADDED I (ALTERNATE G.P.) LLP,OC397227,IS_DIRECTLY_CONSOLIDATED_BY,False
7LTWFZYICNSX8D621K86,DEUTSCHE BANK AKTIENGESELLSCHAFT,529900HNH6UOOF40A490,DB UK BANK LIMITED,00315841,IS_DIRECTLY_CONSOLIDATED_BY,False
7LTWFZYICNSX8D621K86,DEUTSCHE BANK AKTIENGESELLSCHAFT,529900IC1PRZQNIW7P31,DEUTSCHE HOLDINGS LIMITED,05593555,IS_DIRECTLY_CONSOLIDATED_BY,False
7LTWFZYICNSX8D621K86,DEUTSCHE BANK AKTIENGESELLSCHAFT,529900IDIVPXHQ72XG19,DWS INVESTMENTS UK LIMITED,05233891,IS_DIRECTLY_CONSOLIDATED_BY,False
7LTWFZYICNSX8D621K86,DEUTSCHE BANK AKTIENGESELLSCHAFT,529900KVU8W2OYJERL94,BT GLOBENET NOMINEES LIMITED,02171790,IS_DIRECTLY_CONSOLIDATED_BY,False
7LTWFZYICNSX8D621K86,DEUTSCHE BANK AKTIENGESELLSCHAFT,529900M5R358Y7RFZC10,DWS GROUP SERVICES UK LIMITED,01942565,IS_DIRECTLY_CONSOLIDATED_BY,False
7LTWFZYICNSX8D621K86,DEUTSCHE BANK AKTIENGESELLSCHAFT,529900MQH538RON6BD44,DEUTSCHE HOLDINGS NO.2 LIMITED,06007148,IS_DIRECTLY_CONSOLIDATED_BY,False
7LTWFZYICNSX8D621K86,DEUTSCHE BANK AKTIENGESELLSCHAFT,529900NWNZBC49AB6198,LONDON INDUSTRIAL LEASING LIMITED,00913007,IS_DIRECTLY_CONSOLIDATED_BY,False
7LTWFZYICNSX8D621K86,DEUTSCHE BANK AKTIENGESELLSCHAFT,529900OMA6G6HP7X5523,DEUTSCHE NOMINEES LIMITED,00296842,IS_DIRECTLY_CONSOLIDATED_BY,False
7LTWFZYICNSX8D621K86,DEUTSCHE BANK AKTIENGESELLSCHAFT,529900QGJ9AHLS3PJ393,DB OVERSEAS HOLDINGS LIMITED,01268118,IS_DIRECTLY_CONSOLIDATED_BY,False
7LTWFZYICNSX8D621K86,DEUTSCHE BANK AKTIENGESELLSCHAFT,529900QJ7ZMOVPYIE255,BALDUR MORTGAGES LIMITED,10646592,IS_DIRECTLY_CONSOLIDATED_BY,False
7LTWFZYICNSX8D621K86,DEUTSCHE BANK AKTIENGESELLSCHAFT,529900R8SW6D0TOM4Y51,DB GROUP SERVICES (UK) LIMITED,03077349,IS_DIRECTLY_CONSOLIDATED_BY,False
7LTWFZYICNSX8D621K86,DEUTSCHE BANK AKTIENGESELLSCHAFT,529900SVE09UXRXL5B58,DEUTSCHE HOLDINGS NO.3 LIMITED,06007134,IS_DIRECTLY_CONSOLIDATED_BY,False
7LTWFZYICNSX8D621K86,DEUTSCHE BANK AKTIENGESELLSCHAFT,529900SWPDY3ZOZ2RU29,DBOI GLOBAL SERVICES (UK) LIMITED,06583053,IS_DIRECTLY_CONSOLIDATED_BY,False
7LTWFZYICNSX8D621K86,DEUTSCHE BANK AKTIENGESELLSCHAFT,529900TRRKOG3M46JN80,DB INTERNAL FUNDING LIMITED,02602159,IS_DIRECTLY_CONSOLIDATED_BY,False
7LTWFZYICNSX8D621K86,DEUTSCHE BANK AKTIENGESELLSCHAFT,529900UOUW9VB5CFLB19,D B INVESTMENTS (GB) LIMITED,02400675,IS_DIRECTLY_CONSOLIDATED_BY,False
7LTWFZYICNSX8D621K86,DEUTSCHE BANK AKTIENGESELLSCHAFT,529900YWYV1BB5FUZK64,DB INVESTMENT PARTNERS LIMITED,13679854,IS_DIRECTLY_CONSOLIDATED_BY,False
7LTWFZYICNSX8D621K86,DEUTSCHE BANK AKTIENGESELLSCHAFT,6354002CRGHLJFNUZQ44,DEUTSCHE ALTERNATIVE ASSET MANAGEMENT (UK) LIMITED,02478500,IS_DIRECTLY_CONSOLIDATED_BY,False
7LTWFZYICNSX8D621K86,DEUTSCHE BANK AKTIENGESELLSCHAFT,635400VPPM8R1SOESU52,DWS ALTERNATIVES GLOBAL LIMITED,05603289,IS_DIRECTLY_CONSOLIDATED_BY,False
529900K9B0N5BT694847,Allianz SE,21380039ET3UD11RBS65,ALLIANZ HOLDINGS PLC,05134436,IS_DIRECTLY_CONSOLIDATED_BY,False
529900K9B0N5BT694847,Allianz SE,21380092XCNGK4CL2M64,PETIOS LIMITED,05995136,IS_DIRECTLY_CONSOLIDATED_BY,False
529900K9B0N5BT694847,Allianz SE,213800GEVVCUAFNVET58,ALLIANZ ENGINEERING INSPECTION SERVICES LIMITED,05441840,IS_DIRECTLY_CONSOLIDATED_BY,False
529900K9B0N5BT694847,Allianz SE,213800IYLUUCV9A4KM18,BUDDIES ENTERPRISES LIMITED,04013396,IS_DIRECTLY_CONSOLIDATED_BY,False
529900K9B0N5BT694847,Allianz SE,213800L7M9UC5STANH88,ALLIANZ EQUITY INVESTMENTS LIMITED,02165184,IS_DIRECTLY_CONSOLIDATED_BY,False
529900K9B0N5BT694847,Allianz SE,213800LCZNQNMVLS8T93,LIVERPOOL VICTORIA GENERAL INSURANCE GROUP LIMITED,04332926,IS_DIRECTLY_CONSOLIDATED_BY,False
529900K9B0N5BT694847,Allianz SE,213800LPY1CUSQCBNC84,HIGHWAY INSURANCE GROUP LIMITED,02998217,IS_DIRECTLY_CONSOLIDATED_BY,False
529900K9B0N5BT694847,Allianz SE,213800MMPMNKCVTR4375,ALLIANZ PENSION FUND TRUSTEES LIMITED,01088967,IS_DIRECTLY_CONSOLIDATED_BY,False
529900K9B0N5BT694847,Allianz SE,213800QXY6G66CQVB770,ALLIANZ INSURANCE PLC,00084638,IS_DIRECTLY_CONSOLIDATED_BY,False
529900K9B0N5BT694847,Allianz SE,213800RCUHURMG5EFJ51,PET PLAN LIMITED,01282939,IS_DIRECTLY_CONSOLIDATED_BY,False
529900K9B0N5BT694847,Allianz SE,213800RNA78IJUC16I17,ALLIANZ MANAGEMENT SERVICES LIMITED,03947280,IS_DIRECTLY_CONSOLIDATED_BY,False
529900K9B0N5BT694847,Allianz SE,213800SL2ATL3XQX1Y90,INNOVATION GROUP HOLDINGS LIMITED,11838883,IS_DIRECTLY_CONSOLIDATED_BY,False
529900K9B0N5BT694847,Allianz SE,213800UHGR8BPHS6RQ67,ALLIANZ (UK) LIMITED,01989349,IS_DIRECTLY_CONSOLIDATED_BY,False
529900K9B0N5BT694847,Allianz SE,213800UKLJ4OWNE65Y83,ALLIANZ PROPERTIES LIMITED,02071488,IS_DIRECTLY_CONSOLIDATED_BY,False
529900K9B0N5BT694847,Allianz SE,213800XRI2UO3DTMCP62,LV REPAIR SERVICES LIMITED,09366434,IS_DIRECTLY_CONSOLIDATED_BY,False
529900K9B0N5BT694847,Allianz SE,213800ZXNHYS9YGMS961,ALLIANZ UK DISTRIBUTION LIMITED,03007252,IS_DIRECTLY_CONSOLIDATED_BY,False
529900K9B0N5BT694847,Allianz SE,5299002MF5D6UOVE1355,ALLIANZ GLOBAL INVESTORS UK LIMITED,11516839,IS_DIRECTLY_CONSOLIDATED_BY,False
529900K9B0N5BT694847,Allianz SE,529900EO37QGS7QP0F54,ALLIANZ EUROPE LIMITED,01571671,IS_DIRECTLY_CONSOLIDATED_BY,False
529900K9B0N5BT694847,Allianz SE,529900YFJCLKSS39VM62,EULER HERMES SERVICES UK LIMITED,03376459,IS_DIRECTLY_CONSOLIDATED_BY,False
HKUPACFHSSASQK8HLS17,OMNICOM GROUP INC.,21380024A2N42GCTQG97,METHODS+MASTERY LIMITED,03732121,IS_DIRECTLY_CONSOLIDATED_BY,False
HKUPACFHSSASQK8HLS17,OMNICOM GROUP INC.,2138002CGODABTGDI639,OMNICOM DDB HOLDINGS LIMITED,09290676,IS_DIRECTLY_CONSOLIDATED_BY,False
HKUPACFHSSASQK8HLS17,OMNICOM GROUP INC.,2138003CXB8DBPZ4VU56,ADELPHI COMMUNICATIONS LIMITED,02761321,IS_DIRECTLY_CONSOLIDATED_BY,False
HKUPACFHSSASQK8HLS17,OMNICOM GROUP INC.,2138003MDXE4DEKL1463,ADELPHI INTERNATIONAL RESEARCH LIMITED,02419446,IS_DIRECTLY_CONSOLIDATED_BY,False
HKUPACFHSSASQK8HLS17,OMNICOM GROUP INC.,2138004EFWHKYNQOW346,DDB UK LIMITED,00933578,IS_DIRECTLY_CONSOLIDATED_BY,False
HKUPACFHSSASQK8HLS17,OMNICOM GROUP INC.,2138004GHHAGZM36TX05,CODE WORLDWIDE LIMITED,04146951,IS_DIRECTLY_CONSOLIDATED_BY,False
HKUPACFHSSASQK8HLS17,OMNICOM GROUP INC.,2138004M5N2FCYRRBZ59,SIEGEL+GALE LIMITED,04725268,IS_DIRECTLY_CONSOLIDATED_BY,False
HKUPACFHSSASQK8HLS17,OMNICOM GROUP INC.,2138004VSLAUWOZMP978,ADELPHI VALUES LIMITED,02761308,IS_DIRECTLY_CONSOLIDATED_BY,False
HKUPACFHSSASQK8HLS17,OMNICOM GROUP INC.,21380054AAPMAYFEMR47,DDB EUROPE LIMITED,04809308,IS_DIRECTLY_CONSOLIDATED_BY,False
HKUPACFHSSASQK8HLS17,OMNICOM GROUP INC.,2138008EGV6G1WPFLV09,TBWA LIMITED,01367372,IS_DIRECTLY_CONSOLIDATED_BY,False
HKUPACFHSSASQK8HLS17,OMNICOM GROUP INC.,2138008IF3VJ2CQ7BW38,EGPLUS WORLDWIDE LIMITED,01029724,IS_DIRECTLY_CONSOLIDATED_BY,False
HKUPACFHSSASQK8HLS17,OMNICOM GROUP INC.,2138008OZW7I2EFWEI94,RADIATE EUROPE LIMITED,06502262,IS_DIRECTLY_CONSOLIDATED_BY,False
HKUPACFHSSASQK8HLS17,OMNICOM GROUP INC.,2138008P93D5EOR7S123,CHAMELEON COMMUNICATIONS INTERNATIONAL LTD,03441290,IS_DIRECTLY_CONSOLIDATED_BY,False
HKUPACFHSSASQK8HLS17,OMNICOM GROUP INC.,2138009ITN428MZQ3W70,OMNICOM EMEA HOLDINGS LIMITED,09461219,IS_DIRECTLY_CONSOLIDATED_BY,False
HKUPACFHSSASQK8HLS17,OMNICOM GROUP INC.,213800A9PYUI4GZPTW98,THE BEANSTALK GROUP UK LIMITED,04159987,IS_DIRECTLY_CONSOLIDATED_BY,False
HKUPACFHSSASQK8HLS17,OMNICOM GROUP INC.,213800AF5YFPRDLSD237,PORTLAND PR LIMITED,04195041,IS_DIRECTLY_CONSOLIDATED_BY,False
HKUPACFHSSASQK8HLS17,OMNICOM GROUP INC.,213800AR1YVDVJQ75B72,BBDO EMEA LIMITED,01901389,IS_DIRECTLY_CONSOLIDATED_BY,False
HKUPACFHSSASQK8HLS17,OMNICOM GROUP INC.,213800BLWNODMYADIW47,FUSE INTERNATIONAL LIMITED,06803568,IS_DIRECTLY_CONSOLIDATED_BY,False
HKUPACFHSSASQK8HLS17,OMNICOM GROUP INC.,213800DMLC5LWLIKQ350,CARDINIA REAL ESTATE UK LIMITED,09111047,IS_DIRECTLY_CONSOLIDATED_BY,False
HKUPACFHSSASQK8HLS17,OMNICOM GROUP INC.,213800DXRU9XOGT6FJ10,TRO GROUP LIMITED,02361809,IS_DIRECTLY_CONSOLIDATED_BY,False
HKUPACFHSSASQK8HLS17,OMNICOM GROUP INC.,213800E4EM6R9SMS7822,TBWA UK GROUP LIMITED,04332188,IS_DIRECTLY_CONSOLIDATED_BY,False
HKUPACFHSSASQK8HLS17,OMNICOM GROUP INC.,213800EGFYKLZ22RY487,CEDAR COMMUNICATIONS LIMITED,02709621,IS_DIRECTLY_CONSOLIDATED_BY,False
HKUPACFHSSASQK8HLS17,OMNICOM GROUP INC.,213800EL2OTM2AAF6H23,HOSKER MOORE KENT MELIA LIMITED,04197028,IS_DIRECTLY_CONSOLIDATED_BY,False
HKUPACFHSSASQK8HLS17,OMNICOM GROUP INC.,213800FRBCNR5NYBNR27,OMNICOM APIMA INVESTMENTS LIMITED,11056434,IS_DIRECTLY_CONSOLIDATED_BY,False
HKUPACFHSSASQK8HLS17,OMNICOM GROUP INC.,213800G9YWKYLU1BIR82,RAPP LIMITED,01581935,IS_DIRECTLY_CONSOLIDATED_BY,False
HKUPACFHSSASQK8HLS17,OMNICOM GROUP INC.,213800GSGKDDOZM3FW61,FLEISHMAN-HILLARD GROUP LIMITED,01521506,IS_DIRECTLY_CONSOLIDATED_BY,False
HKUPACFHSSASQK8HLS17,OMNICOM GROUP INC.,213800H1JKR39YQJGX62,CRITICAL MASS (UK) LIMITED,06238280,IS_DIRECTLY_CONSOLIDATED_BY,False
HKUPACFHSSASQK8HLS17,OMNICOM GROUP INC.,213800I24IBFIWVSVT38,HALL & PARTNERS EUROPE LIMITED,02733595,IS_DIRECTLY_CONSOLIDATED_BY,False
HKUPACFHSSASQK8HLS17,OMNICOM GROUP INC.,213800JBHE39OG74OJ98,OMNICOM FINANCE HOLDINGS PLC,11432221,IS_DIRECTLY_CONSOLIDATED_BY,False
HKUPACFHSSASQK8HLS17,OMNICOM GROUP INC.,213800KAVHECAI8YMH43,WOLFF OLINS LIMITED,01945130,IS_DIRECTLY_CONSOLIDATED_BY,False
HKUPACFHSSASQK8HLS17,OMNICOM GROUP INC.,213800LB1Q23RLWGB382,OMNICOM MEDIA GROUP EUROPE LIMITED,01662822,IS_DIRECTLY_CONSOLIDATED_BY,False
HKUPACFHSSASQK8HLS17,OMNICOM GROUP INC.,213800LKG9Y7R2QPC279,REDWOOD PUBLISHING LIMITED,03582472,IS_DIRECTLY_CONSOLIDATED_BY,False
HKUPACFHSSASQK8HLS17,OMNICOM GROUP INC.,213800LMVU1PB4S3TW27,TBWA\MANCHESTER LIMITED,02160991,IS_DIRECTLY_CONSOLIDATED_BY,False
HKUPACFHSSASQK8HLS17,OMNICOM GROUP INC.,213800LNZ33YKU673631,DDB REMEDY LIMITED,07995881,IS_DIRECTLY_CONSOLIDATED_BY,False
HKUPACFHSSASQK8HLS17,OMNICOM GROUP INC.,213800NN8KUEJGPTMV81,BBDO EUROPEAN HOLDINGS LIMITED,04127645,IS_DIRECTLY_CONSOLIDATED_BY,False
HKUPACFHSSASQK8HLS17,OMNICOM GROUP INC.,213800NQD4YZYVKXB121,INTERBRAND U.K. LIMITED,01703469,IS_DIRECTLY_CONSOLIDATED_BY,False
HKUPACFHSSASQK8HLS17,OMNICOM GROUP INC.,213800O3IGSI5ZHXQL07,DHE REGIONAL LIMITED,09327369,IS_DIRECTLY_CONSOLIDATED_BY,False
HKUPACFHSSASQK8HLS17,OMNICOM GROUP INC.,213800P6COWGN2VQZZ64,KETCHUM LIMITED,01733060,IS_DIRECTLY_CONSOLIDATED_BY,False
HKUPACFHSSASQK8HLS17,OMNICOM GROUP INC.,213800PXMZGD32MBIX16,THE PLANNING SHOP INTERNATIONAL LIMITED,03037899,IS_DIRECTLY_CONSOLIDATED_BY,False
HKUPACFHSSASQK8HLS17,OMNICOM GROUP INC.,213800QWVHVM483PMW51,TBWA\WORLDHEALTH LONDON LIMITED,01491788,IS_DIRECTLY_CONSOLIDATED_BY,False
HKUPACFHSSASQK8HLS17,OMNICOM GROUP INC.,213800R8M4YNFJ9AIH83,OMNICOM MEDIA GROUP UK LIMITED,04431736,IS_DIRECTLY_CONSOLIDATED_BY,False
HKUPACFHSSASQK8HLS17,OMNICOM GROUP INC.,213800SISGDTUIHFYX85,NAVIGATOR DDB LIMITED,03854431,IS_DIRECTLY_CONSOLIDATED_BY,False
HKUPACFHSSASQK8HLS17,OMNICOM GROUP INC.,213800SLGHVOCOQ8AO16,TEQUILA LONDON LIMITED,02300483,IS_DIRECTLY_CONSOLIDATED_BY,False
HKUPACFHSSASQK8HLS17,OMNICOM GROUP INC.,213800SNUSVTU5RYIW13,AMV BBDO INVESTMENTS LIMITED,01699246,IS_DIRECTLY_CONSOLIDATED_BY,False
HKUPACFHSSASQK8HLS17,OMNICOM GROUP INC.,213800ULYUSWHNASMO74,MOTHER TONGUE LIMITED,02565571,IS_DIRECTLY_CONSOLIDATED_BY,False
HKUPACFHSSASQK8HLS17,OMNICOM GROUP INC.,213800VIC6UT1L8DYQ08,OPTIMUM MEDIA BUYING LIMITED,04430787,IS_DIRECTLY_CONSOLIDATED_BY,False
HKUPACFHSSASQK8HLS17,OMNICOM GROUP INC.,213800WWE665F5TIZ359,PORTER NOVELLI LIMITED,01101649,IS_DIRECTLY_CONSOLIDATED_BY,False
HKUPACFHSSASQK8HLS17,OMNICOM GROUP INC.,213800XW9ATXB72J3W20,OMD EMEA LIMITED,04094368,IS_DIRECTLY_CONSOLIDATED_BY,False
HKUPACFHSSASQK8HLS17,OMNICOM GROUP INC.,213800YINBTKNV13HJ82,ACCESS INTEGRATED BRAND COMMUNICATIONS LIMITED,02809649,IS_DIRECTLY_CONSOLIDATED_BY,False
HKUPACFHSSASQK8HLS17,OMNICOM GROUP INC.,213800YKN6VKUJ1CUJ23,ABBOTT MEAD VICKERS GROUP LIMITED,01336553,IS_DIRECTLY_CONSOLIDATED_BY,False
HKUPACFHSSASQK8HLS17,OMNICOM GROUP INC.,213800ZRBTTA8YQDLB60,ADELPHI GROUP LIMITED,01975338,IS_DIRECTLY_CONSOLIDATED_BY,False
HKUPACFHSSASQK8HLS17,OMNICOM GROUP INC.,549300FGJB2TTDTTT105,OMNICOM FINANCE LIMITED,01064095,IS_DIRECTLY_CONSOLIDATED_BY,False
HKUPACFHSSASQK8HLS17,OMNICOM GROUP INC.,549300TC00WOQOYNGR78,OMNICOM EUROPE LIMITED,04816192,IS_DIRECTLY_CONSOLIDATED_BY,False
HKUPACFHSSASQK8HLS17,OMNICOM GROUP INC.,984500F16BDDD57A5502,OMNICOM CAPITAL HOLDINGS PLC,13671874,IS_DIRECTLY_CONSOLIDATED_BY,False
O4QK7KMMK83ITNTHUG69,Aegon Ltd.,213800HW5JU8BA4IMC33,AEGON UK PLC,03679296,IS_DIRECTLY_CONSOLIDATED_BY,False
F5WCUMTUM4RKZ1MAIE39,AXA,2138001AQZ83APCS6I59,AXA GROUP OPERATIONS UK LIMITED,01854856,IS_DIRECTLY_CONSOLIDATED_BY,False
F5WCUMTUM4RKZ1MAIE39,AXA,2138002HVGXR77UXY504,ARCHITAS LIMITED,02638607,IS_DIRECTLY_CONSOLIDATED_BY,False
F5WCUMTUM4RKZ1MAIE39,AXA,2138002QY3XLOLHFYI55,THINC HOLDINGS LIMITED,05936981,IS_DIRECTLY_CONSOLIDATED_BY,False
F5WCUMTUM4RKZ1MAIE39,AXA,2138002UENGZ1BD6FP71,AXA GLOBAL HEALTHCARE (UK) LIMITED,03039521,IS_DIRECTLY_CONSOLIDATED_BY,False
F5WCUMTUM4RKZ1MAIE39,AXA,2138003CMF813DZA4E20,AXA XL INSURANCE COMPANY UK LIMITED,05328622,IS_DIRECTLY_CONSOLIDATED_BY,False
F5WCUMTUM4RKZ1MAIE39,AXA,2138003FNM6OQTLK8Y05,AXA HEALTH LIMITED,12839134,IS_DIRECTLY_CONSOLIDATED_BY,False
F5WCUMTUM4RKZ1MAIE39,AXA,2138003Q2XO1OT67XU28,ROYAL EXCHANGE ASSURANCE,ZC000080,IS_DIRECTLY_CONSOLIDATED_BY,False
F5WCUMTUM4RKZ1MAIE39,AXA,21380057BJKNFY22ZJ07,AXA AFRICA SPECIALTY RISKS CORPORATE MEMBER LIMITED,09956453,IS_DIRECTLY_CONSOLIDATED_BY,False
F5WCUMTUM4RKZ1MAIE39,AXA,2138007L3RK95ZXYI508,PPP TAKING CARE LIMITED,01488490,IS_DIRECTLY_CONSOLIDATED_BY,False
F5WCUMTUM4RKZ1MAIE39,AXA,213800ACIVUFZMPIRS56,CATLIN SYNDICATE 6112 LIMITED,07856688,IS_DIRECTLY_CONSOLIDATED_BY,False
F5WCUMTUM4RKZ1MAIE39,AXA,213800BJLJQLEW5BSR82,AXA UK PENSION TRUSTEES LIMITED,00477312,IS_DIRECTLY_CONSOLIDATED_BY,False
F5WCUMTUM4RKZ1MAIE39,AXA,213800BT7MLN1ZSH6L16,AXA HEALTH SERVICES LIMITED,03429917,IS_DIRECTLY_CONSOLIDATED_BY,False
F5WCUMTUM4RKZ1MAIE39,AXA,213800E1YIDFN6KALE15,CATLIN RISK SOLUTIONS LIMITED,01722567,IS_DIRECTLY_CONSOLIDATED_BY,False
F5WCUMTUM4RKZ1MAIE39,AXA,213800H9XLWV42LYIT41,AXA UK PLC,02937724,IS_DIRECTLY_CONSOLIDATED_BY,False
F5WCUMTUM4RKZ1MAIE39,AXA,213800JHTVTDPU3S4C31,AXA UK GROUP PENSION SCHEME MANAGEMENT LIMITED,14245763,IS_DIRECTLY_CONSOLIDATED_BY,False
F5WCUMTUM4RKZ1MAIE39,AXA,213800LDNFFS9D7ZHO28,CATLIN UNDERWRITING SERVICES LIMITED,01949097,IS_DIRECTLY_CONSOLIDATED_BY,False
F5WCUMTUM4RKZ1MAIE39,AXA,213800M25TFW9RHXI171,WINTERTHUR 1 LIMITED,00019772,IS_DIRECTLY_CONSOLIDATED_BY,False
F5WCUMTUM4RKZ1MAIE39,AXA,213800MWTMYLYEGMQP42,AXA GENERAL INSURANCE LIMITED,00141885,IS_DIRECTLY_CONSOLIDATED_BY,False
F5WCUMTUM4RKZ1MAIE39,AXA,213800MXXJTGUSI9CW92,HEALTHCARE BUSINESS SOLUTIONS (UK) LIMITED,07959430,IS_DIRECTLY_CONSOLIDATED_BY,False
F5WCUMTUM4RKZ1MAIE39,AXA,213800N5RMJ1365WXG68,IGNITION NEW BUSINESS SOLUTIONS LIMITED,04857208,IS_DIRECTLY_CONSOLIDATED_BY,False
F5WCUMTUM4RKZ1MAIE39,AXA,213800NAP45PCAA2EY81,HEALTH-ON-LINE COMPANY UK LIMITED,03655704,IS_DIRECTLY_CONSOLIDATED_BY,False
F5WCUMTUM4RKZ1MAIE39,AXA,213800PZDUGEXMRMKR15,AXA INVESTMENT MANAGERS UK LIMITED,01431068,IS_DIRECTLY_CONSOLIDATED_BY,False
F5WCUMTUM4RKZ1MAIE39,AXA,213800RHZ63F9LBR3968,AXA INVESTMENT MANAGERS GS LIMITED,03601496,IS_DIRECTLY_CONSOLIDATED_BY,False
F5WCUMTUM4RKZ1MAIE39,AXA,213800RSF7WJDE6WQN77,GUARDIAN ROYAL EXCHANGE PUBLIC LIMITED COMPANY,01821312,IS_DIRECTLY_CONSOLIDATED_BY,False
F5WCUMTUM4RKZ1MAIE39,AXA,213800RVTNWGD1VKPP20,THINC GROUP LIMITED,03020619,IS_DIRECTLY_CONSOLIDATED_BY,False
F5WCUMTUM4RKZ1MAIE39,AXA,213800SIMA5KCUSNPP47,THE PERMANENT HEALTH COMPANY LIMITED,02933772,IS_DIRECTLY_CONSOLIDATED_BY,False
F5WCUMTUM4RKZ1MAIE39,AXA,213800TUGJS33LGRNY85,SWIFTCOVER INSURANCE SERVICES LTD,05298352,IS_DIRECTLY_CONSOLIDATED_BY,False
F5WCUMTUM4RKZ1MAIE39,AXA,213800UQHVHQ7K7WUR57,CATLIN SYNDICATE 6121 LIMITED,09229797,IS_DIRECTLY_CONSOLIDATED_BY,False
F5WCUMTUM4RKZ1MAIE39,AXA,213800W495M5HMQDLM14,AXA SCOTLAND LIMITED PARTNERSHIP,SL020127,IS_DIRECTLY_CONSOLIDATED_BY,False
F5WCUMTUM4RKZ1MAIE39,AXA,340LRIIBTBGZYS1LIL83,AXA INSURANCE UK PLC,00078950,IS_DIRECTLY_CONSOLIDATED_BY,False
F5WCUMTUM4RKZ1MAIE39,AXA,549300YEZVAVRZDQX018,AXA XL UNDERWRITING AGENCIES LIMITED,01815126,IS_DIRECTLY_CONSOLIDATED_BY,False
F5WCUMTUM4RKZ1MAIE39,AXA,GBRPZ1D3FBJU0ZVRST92,AXA PPP HEALTHCARE LIMITED,03148119,IS_DIRECTLY_CONSOLIDATED_BY,False
529900MUF4C20K50JS49,Münchener Rückversicherungs-Gesellschaft Aktiengesellschaft in München,213800144FS2X86NV219,COUNTRYSIDE RENEWABLES (FOREST HEATH) LTD,07542188,IS_DIRECTLY_CONSOLIDATED_BY,False
529900MUF4C20K50JS49,Münchener Rückversicherungs-Gesellschaft Aktiengesellschaft in München,21380064S1INI3RCDC83,BELL & CLEMENTS (LONDON) LIMITED,01702576,IS_DIRECTLY_CONSOLIDATED_BY,False
529900MUF4C20K50JS49,Münchener Rückversicherungs-Gesellschaft Aktiengesellschaft in München,2138009EZ5GGI9J6JL60,MUNICH RE SPECIALTY GROUP LIMITED,03399109,IS_DIRECTLY_CONSOLIDATED_BY,False
529900MUF4C20K50JS49,Münchener Rückversicherungs-Gesellschaft Aktiengesellschaft in München,213800NLHHFJLPIYTF50,HSB ENGINEERING INSURANCE LIMITED,02396114,IS_DIRECTLY_CONSOLIDATED_BY,False
529900MUF4C20K50JS49,Münchener Rückversicherungs-Gesellschaft Aktiengesellschaft in München,213800OZEV43O8DTLE22,LYNT FARM SOLAR LIMITED,08805578,IS_DIRECTLY_CONSOLIDATED_BY,False
529900MUF4C20K50JS49,Münchener Rückversicherungs-Gesellschaft Aktiengesellschaft in München,213800TLPCZDH5RFHC04,BELL & CLEMENTS LIMITED,01695841,IS_DIRECTLY_CONSOLIDATED_BY,False
529900MUF4C20K50JS49,Münchener Rückversicherungs-Gesellschaft Aktiengesellschaft in München,213800TUNRI2RDXJ5W28,HSB ENGINEERING INSURANCE SERVICES LIMITED,03010292,IS_DIRECTLY_CONSOLIDATED_BY,False
529900MUF4C20K50JS49,Münchener Rückversicherungs-Gesellschaft Aktiengesellschaft in München,529900E7GJE2DNYTNQ65,CORNWALL POWER (POLMAUGAN) LIMITED,07570468,IS_DIRECTLY_CONSOLIDATED_BY,False
529900MUF4C20K50JS49,Münchener Rückversicherungs-Gesellschaft Aktiengesellschaft in München,529900LLW2QG38G78884,KS SPV 23 LIMITED,08151532,IS_DIRECTLY_CONSOLIDATED_BY,False
529900MUF4C20K50JS49,Münchener Rückversicherungs-Gesellschaft Aktiengesellschaft in München,529900OCG63Y1HQMZI14,MUNICH RE SYNDICATE LIMITED,01328742,IS_DIRECTLY_CONSOLIDATED_BY,False
529900MUF4C20K50JS49,Münchener Rückversicherungs-Gesellschaft Aktiengesellschaft in München,549300K27SI0JXMTHW31,HARTFORD STEAM BOILER UK LIMITED,02708264,IS_DIRECTLY_CONSOLIDATED_BY,False
529900MUF4C20K50JS49,Münchener Rückversicherungs-Gesellschaft Aktiengesellschaft in München,549300MZJXUOXNK57V51,SOLOMON ASSOCIATES LIMITED,02521797,IS_DIRECTLY_CONSOLIDATED_BY,False
O2RNE8IBXP4R0TD8PU41,SOCIETE GENERALE,0IKLU6X1B10WK7X42C15,SOCIETE GENERALE INTERNATIONAL LIMITED,05407520,IS_DIRECTLY_CONSOLIDATED_BY,False
O2RNE8IBXP4R0TD8PU41,SOCIETE GENERALE,213800EMLYVKIRPD3251,DIAL CONTRACTS LIMITED,00707749,IS_DIRECTLY_CONSOLIDATED_BY,False
O2RNE8IBXP4R0TD8PU41,SOCIETE GENERALE,213800I5TSY3YHKW2370,MAPLEIS LIMITED,10045873,IS_DIRECTLY_CONSOLIDATED_BY,False
O2RNE8IBXP4R0TD8PU41,SOCIETE GENERALE,213800P6A6EG5JTDXJ26,DIAL VEHICLE MANAGEMENT SERVICES LIMITED,00411970,IS_DIRECTLY_CONSOLIDATED_BY,False
O2RNE8IBXP4R0TD8PU41,SOCIETE GENERALE,529900FBLZPY0YKK2K58,JWB LEASING LIMITED PARTNERSHIP,LP010723,IS_DIRECTLY_CONSOLIDATED_BY,False
O2RNE8IBXP4R0TD8PU41,SOCIETE GENERALE,5493002IUEV0I3CG1K48,SG LEASING IX,02052974,IS_DIRECTLY_CONSOLIDATED_BY,False
O2RNE8IBXP4R0TD8PU41,SOCIETE GENERALE,5493002P7IXOGY5B8P94,SG TITANIUM LIMITED,04107055,IS_DIRECTLY_CONSOLIDATED_BY,False
O2RNE8IBXP4R0TD8PU41,SOCIETE GENERALE,549300C9XEU1GRJCOQ81,SOCIETE GENERALE INVESTMENTS (U.K.) LIMITED,00223382,IS_DIRECTLY_CONSOLIDATED_BY,False
O2RNE8IBXP4R0TD8PU41,SOCIETE GENERALE,549300CVJSXQTNUVTE58,SG LEASING (JUNE) LIMITED,02010482,IS_DIRECTLY_CONSOLIDATED_BY,False
O2RNE8IBXP4R0TD8PU41,SOCIETE GENERALE,549300HMFKLOF7E7NX08,SG LEASING (USD) LIMITED,02162304,IS_DIRECTLY_CONSOLIDATED_BY,False
O2RNE8IBXP4R0TD8PU41,SOCIETE GENERALE,549300J1F6ZDG6JQ3C96,SG PRIV HOLDING LIMITED,03470463,IS_DIRECTLY_CONSOLIDATED_BY,False
O2RNE8IBXP4R0TD8PU41,SOCIETE GENERALE,549300LB3IRSIX4S8S56,SG LEASING (ASSETS) LIMITED,02057203,IS_DIRECTLY_CONSOLIDATED_BY,False
O2RNE8IBXP4R0TD8PU41,SOCIETE GENERALE,549300VGHLH24T0B8529,ACR,00985677,IS_DIRECTLY_CONSOLIDATED_BY,False
O2RNE8IBXP4R0TD8PU41,SOCIETE GENERALE,549300WC7H3M644FUH84,SG HAMBROS TRUST COMPANY LIMITED,00328136,IS_DIRECTLY_CONSOLIDATED_BY,False
O2RNE8IBXP4R0TD8PU41,SOCIETE GENERALE,549300WGBAVSQUWHOP08,SG LEASING (MARCH) LIMITED,00775046,IS_DIRECTLY_CONSOLIDATED_BY,False
O2RNE8IBXP4R0TD8PU41,SOCIETE GENERALE,9845009D8D3E81362E69,PAYXPERT SERVICES LTD,14355385,IS_DIRECTLY_CONSOLIDATED_BY,False
549300X5UKJVE386ZB61,ASSICURAZIONI GENERALI SOCIETA' PER AZIONI,549300IHNQOYDXR2OU02,CONNING ASSET MANAGEMENT LIMITED,03654447,IS_DIRECTLY_CONSOLIDATED_BY,False
549300X5UKJVE386ZB61,ASSICURAZIONI GENERALI SOCIETA' PER AZIONI,549300O2NNE4X00RNP42,LUMYNA INVESTMENTS LIMITED,08824800,IS_DIRECTLY_CONSOLIDATED_BY,False
549300X5UKJVE386ZB61,ASSICURAZIONI GENERALI SOCIETA' PER AZIONI,549300SYTE7FKXY57D44,"APERTURE INVESTORS UK, LTD",11575470,IS_DIRECTLY_CONSOLIDATED_BY,False
2138001YYBULX5SZ2H24,SCHRODERS PLC,2138002ENGNNMA7WK626,SCHRODER UNIT TRUSTS LIMITED,04191730,IS_DIRECTLY_CONSOLIDATED_BY,False
2138001YYBULX5SZ2H24,SCHRODERS PLC,54930087VYMSIGK4TY26,SCHRODER INVESTMENT MANAGEMENT NORTH AMERICA LIMITED,02334190,IS_DIRECTLY_CONSOLIDATED_BY,False
2138001YYBULX5SZ2H24,SCHRODERS PLC,549300QRDSW6V17KIG24,SCHRODER INVESTMENT COMPANY LIMITED,00647370,IS_DIRECTLY_CONSOLIDATED_BY,False
2138001YYBULX5SZ2H24,SCHRODERS PLC,636700499GQM44W6V621,KINGSTON BISHOP LIMITED,08188265,IS_DIRECTLY_CONSOLIDATED_BY,False
2138001YYBULX5SZ2H24,SCHRODERS PLC,6367006SR0K8KB907961,SCHRODER ADMINISTRATION LIMITED,04968626,IS_DIRECTLY_CONSOLIDATED_BY,False
2138001YYBULX5SZ2H24,SCHRODERS PLC,6367009O9B1Z146FB294,GREENCOAT SOLAR II INVESTMENTS LLP,OC415518,IS_DIRECTLY_CONSOLIDATED_BY,False
2138001YYBULX5SZ2H24,SCHRODERS PLC,636700FR7EEWEA79IT50,GREENCOAT WILTON INVESTMENTS LIMITED,12559315,IS_DIRECTLY_CONSOLIDATED_BY,False
2138001YYBULX5SZ2H24,SCHRODERS PLC,636700GZ9Z80CPB5CX25,VERCERN LIMITED,07209338,IS_DIRECTLY_CONSOLIDATED_BY,False
2138001YYBULX5SZ2H24,SCHRODERS PLC,636700ICRHZFWZHFDE86,GREENCOAT TOTHILL INVESTMENTS LIMITED,12815627,IS_DIRECTLY_CONSOLIDATED_BY,False
2138001YYBULX5SZ2H24,SCHRODERS PLC,636700J5J3NK13QFM536,GREENCOAT VILLIERS INVESTMENTS LIMITED,12215644,IS_DIRECTLY_CONSOLIDATED_BY,False
2138001YYBULX5SZ2H24,SCHRODERS PLC,636700X49ORMJAIWQA98,GREENCOAT SOLAR INVESTMENTS LLP,OC413573,IS_DIRECTLY_CONSOLIDATED_BY,False
2138001YYBULX5SZ2H24,SCHRODERS PLC,636700XYX7FX3OQZVG51,TENACITY WEALTH MANAGEMENT LIMITED,08884372,IS_DIRECTLY_CONSOLIDATED_BY,False
784F5XWPLTWKTBV3E584,"THE GOLDMAN SACHS GROUP, INC.",54930054Y0E9TV5EH243,GS FUNDING EUROPE V LIMITED,10522915,IS_DIRECTLY_CONSOLIDATED_BY,False
784F5XWPLTWKTBV3E584,"THE GOLDMAN SACHS GROUP, INC.",549300D8Z2D60K30Q684,GS FUNDING EUROPE VI LTD,11361166,IS_DIRECTLY_CONSOLIDATED_BY,False
784F5XWPLTWKTBV3E584,"THE GOLDMAN SACHS GROUP, INC.",549300F0J484KDTEWB35,FARRINGDON STREET PARTNERS LIMITED,07682337,IS_DIRECTLY_CONSOLIDATED_BY,False
784F5XWPLTWKTBV3E584,"THE GOLDMAN SACHS GROUP, INC.",549300G9N3NK9UM8KL46,ELQ INVESTORS IV LTD,08292068,IS_DIRECTLY_CONSOLIDATED_BY,False
784F5XWPLTWKTBV3E584,"THE GOLDMAN SACHS GROUP, INC.",549300HKLJF1FVND0870,GS SAPPHIRE INVESTMENT LIMITED,07449686,IS_DIRECTLY_CONSOLIDATED_BY,False
784F5XWPLTWKTBV3E584,"THE GOLDMAN SACHS GROUP, INC.",549300LOOVRKTNUWQP68,ELQ INVESTORS VI LTD,08491527,IS_DIRECTLY_CONSOLIDATED_BY,False
784F5XWPLTWKTBV3E584,"THE GOLDMAN SACHS GROUP, INC.",549300OOOBFNCPKH1P84,GS EM LIMITED,11063572,IS_DIRECTLY_CONSOLIDATED_BY,False
784F5XWPLTWKTBV3E584,"THE GOLDMAN SACHS GROUP, INC.",549300QK33HS7IXY1175,GOLDMAN SACHS INTERNATIONAL SERVICE ENTITIES HOLDINGS LIMITED,10119593,IS_DIRECTLY_CONSOLIDATED_BY,False
784F5XWPLTWKTBV3E584,"THE GOLDMAN SACHS GROUP, INC.",549300RTOKEN4U20ZE71,GLQ GP LTD,11461801,IS_DIRECTLY_CONSOLIDATED_BY,False
784F5XWPLTWKTBV3E584,"THE GOLDMAN SACHS GROUP, INC.",549300V53NCUNO4KVO42,BIRCHFIELD ESTATES LTD,05934119,IS_DIRECTLY_CONSOLIDATED_BY,False
784F5XWPLTWKTBV3E584,"THE GOLDMAN SACHS GROUP, INC.",549300VQAKE3RPI7LM05,GOLDMAN SACHS GLOBAL FUNDING III LIMITED,06622127,IS_DIRECTLY_CONSOLIDATED_BY,False
784F5XWPLTWKTBV3E584,"THE GOLDMAN SACHS GROUP, INC.",549300VW34KUL7ROX906,ELQ INVESTORS VII LTD,09042556,IS_DIRECTLY_CONSOLIDATED_BY,False
784F5XWPLTWKTBV3E584,"THE GOLDMAN SACHS GROUP, INC.",549300X7HHEXBMHJYJ80,GOLDMAN SACHS (UK) SVC. LIMITED,10122554,IS_DIRECTLY_CONSOLIDATED_BY,False
784F5XWPLTWKTBV3E584,"THE GOLDMAN SACHS GROUP, INC.",549300YHWMUY3CJ8G696,GLQ HOLDINGS (UK) LTD,11670801,IS_DIRECTLY_CONSOLIDATED_BY,False
784F5XWPLTWKTBV3E584,"THE GOLDMAN SACHS GROUP, INC.",8NXCZ37WLRN3RTF6CY94,GOLDMAN SACHS GROUP HOLDINGS (U.K.) LIMITED,03769030,IS_DIRECTLY_CONSOLIDATED_BY,False
784F5XWPLTWKTBV3E584,"THE GOLDMAN SACHS GROUP, INC.",9845001PB10CF4A39E94,ATALAYA MIDCO UK LIMITED,15203189,IS_DIRECTLY_CONSOLIDATED_BY,False
IGJSJL3JD5P30I6NJZ34,MORGAN STANLEY,213800JWUGXSKRRXH557,SOLIUM CAPITAL UK LIMITED,07632209,IS_DIRECTLY_CONSOLIDATED_BY,False
IGJSJL3JD5P30I6NJZ34,MORGAN STANLEY,549300D9IPRZ6E041P82,EUROPEAN PRINCIPAL ASSETS LIMITED,05758075,IS_DIRECTLY_CONSOLIDATED_BY,False
E57ODZWZ7FF32TWEFA76,"Citibank, National Association",549300IWFJZFZBULGQ28,CANADA SQUARE INVESTMENTS LIMITED,08405543,IS_DIRECTLY_CONSOLIDATED_BY,False
E57ODZWZ7FF32TWEFA76,"Citibank, National Association",549300JE12LNG920WG80,EUREKA SECURITISATION PLC,02950902,IS_DIRECTLY_CONSOLIDATED_BY,False
529900GB7KCA94ACC940,RWE Aktiengesellschaft,2138004EGTGNM7ZSWM56,TRITON KNOLL OFFSHORE WIND FARM LIMITED,03696654,IS_DIRECTLY_CONSOLIDATED_BY,False
529900GB7KCA94ACC940,RWE Aktiengesellschaft,52990057U8H4S8ZNV593,AN SUIDHE WIND FARM LIMITED,05469552,IS_DIRECTLY_CONSOLIDATED_BY,False
529900GB7KCA94ACC940,RWE Aktiengesellschaft,5299007IOM47ZA06HD72,RWE MARKINCH LIMITED,06574689,IS_DIRECTLY_CONSOLIDATED_BY,False
529900GB7KCA94ACC940,RWE Aktiengesellschaft,529900C0592KE9QV1W06,RWE RENEWABLES MANAGEMENT UK LIMITED,12087808,IS_DIRECTLY_CONSOLIDATED_BY,False
529900GB7KCA94ACC940,RWE Aktiengesellschaft,529900EVE6KMKB10TX19,RWE RENEWABLES GYM 4 LIMITED,07233491,IS_DIRECTLY_CONSOLIDATED_BY,False
529900GB7KCA94ACC940,RWE Aktiengesellschaft,529900HLK68VPTV84S71,RWE RENEWABLES GYM 3 LIMITED,07233487,IS_DIRECTLY_CONSOLIDATED_BY,False
529900GB7KCA94ACC940,RWE Aktiengesellschaft,529900PROPSFF5JA6U72,RWE RENEWABLES UK SWINDON LIMITED,02550622,IS_DIRECTLY_CONSOLIDATED_BY,False
529900GB7KCA94ACC940,RWE Aktiengesellschaft,529900S08BQCRBZBS240,RWE RENEWABLES GYM 2 LIMITED,07233494,IS_DIRECTLY_CONSOLIDATED_BY,False
529900GB7KCA94ACC940,RWE Aktiengesellschaft,529900VJ33LBYDQPI962,RWE GENERATION UK PLC,03892782,IS_DIRECTLY_CONSOLIDATED_BY,False
529900GB7KCA94ACC940,RWE Aktiengesellschaft,529900YAIXG28SG0W526,RWE RENEWABLES UK DOGGER BANK SOUTH (EAST) LIMITED,13656240,IS_DIRECTLY_CONSOLIDATED_BY,True
529900GB7KCA94ACC940,RWE Aktiengesellschaft,529900ZMUQ4NVU1RNM10,RWE RENEWABLES UK DOGGER BANK SOUTH (WEST) LIMITED,13656525,IS_DIRECTLY_CONSOLIDATED_BY,True
529900GB7KCA94ACC940,RWE Aktiengesellschaft,54930055BRDCFHPG8E69,RWE RENEWABLES UK ROBIN RIGG EAST LIMITED,03568724,IS_DIRECTLY_CONSOLIDATED_BY,False
529900GB7KCA94ACC940,RWE Aktiengesellschaft,5493007M7FTJF583QB86,RWE RENEWABLES UK OPERATIONS LIMITED,02692529,IS_DIRECTLY_CONSOLIDATED_BY,False
529900GB7KCA94ACC940,RWE Aktiengesellschaft,549300AAEQJEZ7VVEK62,RAMPION OFFSHORE WIND LIMITED,07199847,IS_DIRECTLY_CONSOLIDATED_BY,False
529900GB7KCA94ACC940,RWE Aktiengesellschaft,549300B545C2RZ4P5O07,RWE RENEWABLES UK WIND SERVICES LIMITED,05266294,IS_DIRECTLY_CONSOLIDATED_BY,False
529900GB7KCA94ACC940,RWE Aktiengesellschaft,549300GD4LB1YHGUOZ87,RWE RENEWABLES UK LONDON ARRAY LIMITED,05321254,IS_DIRECTLY_CONSOLIDATED_BY,False
529900GB7KCA94ACC940,RWE Aktiengesellschaft,549300GV08B8NVL0VN88,RWE RENEWABLES UK ONSHORE WIND LIMITED,03758407,IS_DIRECTLY_CONSOLIDATED_BY,False
529900GB7KCA94ACC940,RWE Aktiengesellschaft,549300HQ70Q0HBLGDK24,RWE RENEWABLES UK SCROBY SANDS LIMITED,04127830,IS_DIRECTLY_CONSOLIDATED_BY,False
529900GB7KCA94ACC940,RWE Aktiengesellschaft,549300N42W41BSQY0I26,RWE RENEWABLES UK HUMBER WIND LIMITED,04899318,IS_DIRECTLY_CONSOLIDATED_BY,False
529900GB7KCA94ACC940,RWE Aktiengesellschaft,549300ODSGJKZP190618,RWE RENEWABLES UK BLYTH LIMITED,03834283,IS_DIRECTLY_CONSOLIDATED_BY,False
529900GB7KCA94ACC940,RWE Aktiengesellschaft,549300SYN0IU1JI55C67,RWE RENEWABLES UK LIMITED,03758404,IS_DIRECTLY_CONSOLIDATED_BY,False
529900GB7KCA94ACC940,RWE Aktiengesellschaft,549300U57J3EQTT49J95,RWE RENEWABLES UK ROBIN RIGG WEST LIMITED,04150735,IS_DIRECTLY_CONSOLIDATED_BY,False
52990063S23N13HU4E98,Deutsche Bahn Aktiengesellschaft,213800NS9K48KSRBNV64,ARRIVA TREASURY COMPANY LIMITED,04170250,IS_DIRECTLY_CONSOLIDATED_BY,False
52990063S23N13HU4E98,Deutsche Bahn Aktiengesellschaft,529900358HL4HJD9US47,ARRIVA UK BUS HOLDINGS LIMITED,04166672,IS_DIRECTLY_CONSOLIDATED_BY,False
52990063S23N13HU4E98,Deutsche Bahn Aktiengesellschaft,5299004WAES5548A1V57,DB CARGO (UK) LIMITED,02938988,IS_DIRECTLY_CONSOLIDATED_BY,False
52990063S23N13HU4E98,Deutsche Bahn Aktiengesellschaft,52990050V6OR99B8MG61,ARRIVA UK BUS INVESTMENTS LIMITED,00821054,IS_DIRECTLY_CONSOLIDATED_BY,False
52990063S23N13HU4E98,Deutsche Bahn Aktiengesellschaft,52990068IVQVNVH7Q813,DB SYSTEL UK LIMITED,08597973,IS_DIRECTLY_CONSOLIDATED_BY,False
52990063S23N13HU4E98,Deutsche Bahn Aktiengesellschaft,5299006CEBPKXNB8RO42,ARRIVA MIDLANDS LIMITED,02141078,IS_DIRECTLY_CONSOLIDATED_BY,False
52990063S23N13HU4E98,Deutsche Bahn Aktiengesellschaft,52990071LEN84N2COA13,ARRIVA CYMRU LIMITED,00155374,IS_DIRECTLY_CONSOLIDATED_BY,False
52990063S23N13HU4E98,Deutsche Bahn Aktiengesellschaft,5299007ALNXXS0HTGK29,ARRIVA NORTHUMBRIA LIMITED,00237558,IS_DIRECTLY_CONSOLIDATED_BY,False
52990063S23N13HU4E98,Deutsche Bahn Aktiengesellschaft,5299007L2ZOG0Q5GZC54,ARRIVA LONDON SOUTH LIMITED,02328467,IS_DIRECTLY_CONSOLIDATED_BY,False
52990063S23N13HU4E98,Deutsche Bahn Aktiengesellschaft,52990085WOG2P8HULZ21,ARRIVA TRANSPORT SOLUTIONS LIMITED,00878006,IS_DIRECTLY_CONSOLIDATED_BY,False
52990063S23N13HU4E98,Deutsche Bahn Aktiengesellschaft,52990093RIQYJCYM5017,CENTREBUS HOLDINGS LIMITED,06544272,IS_DIRECTLY_CONSOLIDATED_BY,False
52990063S23N13HU4E98,Deutsche Bahn Aktiengesellschaft,529900A3IAH9KQGSVF53,ARRIVA KENT & SURREY LIMITED,00114841,IS_DIRECTLY_CONSOLIDATED_BY,False
52990063S23N13HU4E98,Deutsche Bahn Aktiengesellschaft,529900BKC9YM3KK65051,DB CARGO (UK) HOLDINGS LIMITED,03116322,IS_DIRECTLY_CONSOLIDATED_BY,False
52990063S23N13HU4E98,Deutsche Bahn Aktiengesellschaft,529900C7CCP52KR2PA41,THE CHILTERN RAILWAY COMPANY LIMITED,03007939,IS_DIRECTLY_CONSOLIDATED_BY,False
52990063S23N13HU4E98,Deutsche Bahn Aktiengesellschaft,529900CC1ZHQKG1BU217,ARRIVA RAIL NORTH LIMITED,04337712,IS_DIRECTLY_CONSOLIDATED_BY,False
52990063S23N13HU4E98,Deutsche Bahn Aktiengesellschaft,529900CYQIHBNQR2ZZ70,ARRIVA MIDLANDS NORTH LIMITED,01556305,IS_DIRECTLY_CONSOLIDATED_BY,False
52990063S23N13HU4E98,Deutsche Bahn Aktiengesellschaft,529900CZUCD6X51U3H77,ARRIVA INTERNATIONAL LIMITED,01737852,IS_DIRECTLY_CONSOLIDATED_BY,False
52990063S23N13HU4E98,Deutsche Bahn Aktiengesellschaft,529900EZ7VDATN52FU70,ENGINEERING SUPPORT GROUP LIMITED,03038421,IS_DIRECTLY_CONSOLIDATED_BY,False
52990063S23N13HU4E98,Deutsche Bahn Aktiengesellschaft,529900FZ0S8UI2NLHA21,ARRIVA DURHAM COUNTY LIMITED,02404350,IS_DIRECTLY_CONSOLIDATED_BY,False
52990063S23N13HU4E98,Deutsche Bahn Aktiengesellschaft,529900GAA0RUVZGVX015,ARRIVA NORTH WEST LIMITED,00523376,IS_DIRECTLY_CONSOLIDATED_BY,False
52990063S23N13HU4E98,Deutsche Bahn Aktiengesellschaft,529900GGV469DKL0J349,LONDON AND NORTH WESTERN RAILWAY COMPANY LIMITED,02880012,IS_DIRECTLY_CONSOLIDATED_BY,False
52990063S23N13HU4E98,Deutsche Bahn Aktiengesellschaft,529900HW98TOGS9O0K42,YORKSHIRE TIGER LIMITED,04166041,IS_DIRECTLY_CONSOLIDATED_BY,False
52990063S23N13HU4E98,Deutsche Bahn Aktiengesellschaft,529900IDTZ5IP2KU3029,ARRIVA LONDON NORTH LIMITED,02328559,IS_DIRECTLY_CONSOLIDATED_BY,False
52990063S23N13HU4E98,Deutsche Bahn Aktiengesellschaft,529900IHHF803J93ZD71,ARRIVA YORKSHIRE LIMITED,00084167,IS_DIRECTLY_CONSOLIDATED_BY,False
52990063S23N13HU4E98,Deutsche Bahn Aktiengesellschaft,529900IPOIIDMOENFW04,ARRIVA MERSEYSIDE LIMITED,01990871,IS_DIRECTLY_CONSOLIDATED_BY,False
52990063S23N13HU4E98,Deutsche Bahn Aktiengesellschaft,529900JK1IRVL6600Q84,GRAND CENTRAL RAILWAY COMPANY LIMITED,03979826,IS_DIRECTLY_CONSOLIDATED_BY,False
52990063S23N13HU4E98,Deutsche Bahn Aktiengesellschaft,529900JMLDFMVB8MNI43,ARRIVA THE SHIRES LIMITED,02116519,IS_DIRECTLY_CONSOLIDATED_BY,False
52990063S23N13HU4E98,Deutsche Bahn Aktiengesellschaft,529900K992OQ0VT99C16,ARRIVA RAIL LONDON LIMITED,04165861,IS_DIRECTLY_CONSOLIDATED_BY,False
52990063S23N13HU4E98,Deutsche Bahn Aktiengesellschaft,529900LJAPEML6UQT519,ARRIVA KENT THAMESIDE LIMITED,02005266,IS_DIRECTLY_CONSOLIDATED_BY,False
52990063S23N13HU4E98,Deutsche Bahn Aktiengesellschaft,529900LR10ESQ7CAD922,XC TRAINS LIMITED,04402048,IS_DIRECTLY_CONSOLIDATED_BY,False
52990063S23N13HU4E98,Deutsche Bahn Aktiengesellschaft,529900MGTXBJKG082F02,SCHENKER LIMITED,00383914,IS_DIRECTLY_CONSOLIDATED_BY,False
52990063S23N13HU4E98,Deutsche Bahn Aktiengesellschaft,529900NBLFDIR8UA4R62,TGMGROUP LIMITED,04016743,IS_DIRECTLY_CONSOLIDATED_BY,False
52990063S23N13HU4E98,Deutsche Bahn Aktiengesellschaft,529900NMW8R1L42WA670,ARRIVA UK TRAINS LIMITED,03166214,IS_DIRECTLY_CONSOLIDATED_BY,False
52990063S23N13HU4E98,Deutsche Bahn Aktiengesellschaft,529900SRRHKBF4KP8E70,ARRIVA UK BUS LIMITED,02756876,IS_DIRECTLY_CONSOLIDATED_BY,False
52990063S23N13HU4E98,Deutsche Bahn Aktiengesellschaft,529900UT8ME2U9B5CE25,ARRIVA BUS & COACH LIMITED,01075050,IS_DIRECTLY_CONSOLIDATED_BY,False
52990063S23N13HU4E98,Deutsche Bahn Aktiengesellschaft,529900WWCC7ULAROD736,DB CARGO INTERNATIONAL LIMITED,03232475,IS_DIRECTLY_CONSOLIDATED_BY,False
52990063S23N13HU4E98,Deutsche Bahn Aktiengesellschaft,529900Y5NSPEDARH2409,ARRIVA TRAINS WALES/TRENAU ARRIVA CYMRU LIMITED,04337645,IS_DIRECTLY_CONSOLIDATED_BY,False
52990063S23N13HU4E98,Deutsche Bahn Aktiengesellschaft,549300BNM888CQIEQR23,ARRIVA PASSENGER SERVICES PENSION TRUSTEES LIMITED,02557729,IS_DIRECTLY_CONSOLIDATED_BY,False
R0MUWSFPU8MPRO8K5P83,BNP PARIBAS,2138006I5UDWHN1DBJ37,BNP PUK HOLDING LIMITED,02028843,IS_DIRECTLY_CONSOLIDATED_BY,False
R0MUWSFPU8MPRO8K5P83,BNP PARIBAS,213800KT15HFNQBALZ91,BNP PARIBAS TRUST CORPORATION UK LIMITED,04042668,IS_DIRECTLY_CONSOLIDATED_BY,False
R0MUWSFPU8MPRO8K5P83,BNP PARIBAS,213800PJLTLCT24YAQ62,HAREWOOD HELENA 1 LIMITED,06599631,IS_DIRECTLY_CONSOLIDATED_BY,False
R0MUWSFPU8MPRO8K5P83,BNP PARIBAS,213800VEJZZUBKR24O07,BNP PARIBAS NET LIMITED,01557788,IS_DIRECTLY_CONSOLIDATED_BY,False
R0MUWSFPU8MPRO8K5P83,BNP PARIBAS,529900TWF4TMWZ4JU335,CREATION FINANCIAL SERVICES LIMITED,01091883,IS_DIRECTLY_CONSOLIDATED_BY,False
R0MUWSFPU8MPRO8K5P83,BNP PARIBAS,529900VJR3QFYSWUGQ82,BNP PARIBAS COMMERCIAL FINANCE LIMITED,02713317,IS_DIRECTLY_CONSOLIDATED_BY,False
R0MUWSFPU8MPRO8K5P83,BNP PARIBAS,8YS0IK21TYOY3WE1Y649,BNP PARIBAS ASSET MANAGEMENT UK LIMITED,02474627,IS_DIRECTLY_CONSOLIDATED_BY,False
529900PM64WH8AF1E917,BASF SE,5299000TO5E4Z4ZM5844,BASF AGRICULTURAL SPECIALITIES LIMITED,01639557,IS_DIRECTLY_CONSOLIDATED_BY,False
529900PM64WH8AF1E917,BASF SE,5299008F8UHL979SBN20,CHEMETALL LIMITED,00252864,IS_DIRECTLY_CONSOLIDATED_BY,False
529900PM64WH8AF1E917,BASF SE,529900A9NIYR2QY8GP86,BASF PUBLIC LIMITED COMPANY,00667980,IS_DIRECTLY_CONSOLIDATED_BY,False
529900PM64WH8AF1E917,BASF SE,529900D05BXKNTRIQQ98,CHEMETALL INDIA COMPANY LIMITED,01047379,IS_DIRECTLY_CONSOLIDATED_BY,False
529900PM64WH8AF1E917,BASF SE,529900KM9P8NRW14J333,BASF COATINGS UK LIMITED,15335014,IS_DIRECTLY_CONSOLIDATED_BY,False
529900PM64WH8AF1E917,BASF SE,529900S55FTLP9VRBJ56,BASF PHARMA (CALLANISH) LIMITED,05507387,IS_DIRECTLY_CONSOLIDATED_BY,False
529900PM64WH8AF1E917,BASF SE,529900TPCC7W5EWF3X67,BECKER-UNDERWOOD (UK) LIMITED,04045262,IS_DIRECTLY_CONSOLIDATED_BY,False
529900PM64WH8AF1E917,BASF SE,529900X6XD4BJALSP941,A.M. CRAIG LIMITED,00471846,IS_DIRECTLY_CONSOLIDATED_BY,False
529900PM64WH8AF1E917,BASF SE,549300NKFOI0ALVCTS33,BASF METAL FORWARDS LIMITED,03101215,IS_DIRECTLY_CONSOLIDATED_BY,False
529900PM64WH8AF1E917,BASF SE,549300U74XN4M2HMDP63,BASF METALS RECYCLING LIMITED,00933890,IS_DIRECTLY_CONSOLIDATED_BY,False
H7FNTJ4851HG0EXQ1Z70,LLOYDS BANK PLC,2138001OWTUWHWL62506,CARDNET MERCHANT SERVICES LIMITED,00735844,IS_DIRECTLY_CONSOLIDATED_BY,False
H7FNTJ4851HG0EXQ1Z70,LLOYDS BANK PLC,2138001UFXVDGMVOYE70,LLOYDS BANKING GROUP PENSIONS TRUSTEES LIMITED,09919377,IS_DIRECTLY_CONSOLIDATED_BY,False
H7FNTJ4851HG0EXQ1Z70,LLOYDS BANK PLC,21380024UGD1Y1F2BY86,HALIFAX PENSION NOMINEES LIMITED,01594721,IS_DIRECTLY_CONSOLIDATED_BY,False
H7FNTJ4851HG0EXQ1Z70,LLOYDS BANK PLC,2138002H4PLNENRY4B76,LLOYDS BANK TRUSTEE SERVICES LIMITED,03002817,IS_DIRECTLY_CONSOLIDATED_BY,False
H7FNTJ4851HG0EXQ1Z70,LLOYDS BANK PLC,21380038DCP45OUBDB08,LBCF LIMITED,01761573,IS_DIRECTLY_CONSOLIDATED_BY,False
H7FNTJ4851HG0EXQ1Z70,LLOYDS BANK PLC,2138003KGVWNVO31MD63,LLOYDS (NIMROD) SPECIALIST FINANCE LIMITED,02353803,IS_DIRECTLY_CONSOLIDATED_BY,False
H7FNTJ4851HG0EXQ1Z70,LLOYDS BANK PLC,2138003O8MK58J3RCN48,LB HEALTHCARE TRUSTEE LIMITED,04980220,IS_DIRECTLY_CONSOLIDATED_BY,False
H7FNTJ4851HG0EXQ1Z70,LLOYDS BANK PLC,2138003SYYEOPJ42VE77,WARD NOMINEES (ABINGDON) LIMITED,02520929,IS_DIRECTLY_CONSOLIDATED_BY,False
H7FNTJ4851HG0EXQ1Z70,LLOYDS BANK PLC,21380043J5BY1FZKXK23,GRESHAM RECEIVABLES (NO. 34) UK LIMITED,07807235,IS_DIRECTLY_CONSOLIDATED_BY,False
H7FNTJ4851HG0EXQ1Z70,LLOYDS BANK PLC,2138004QFJO4M2STF145,LLOYDS GENERAL LEASING LIMITED,02520898,IS_DIRECTLY_CONSOLIDATED_BY,False
H7FNTJ4851HG0EXQ1Z70,LLOYDS BANK PLC,213800589JT3O7S6PM20,RETAIL REVIVAL (BURGESS HILL) INVESTMENTS LIMITED,03043825,IS_DIRECTLY_CONSOLIDATED_BY,False
H7FNTJ4851HG0EXQ1Z70,LLOYDS BANK PLC,2138005CDSNRAFWRWY34,LLOYDS BANK CORPORATE ASSET FINANCE (NO. 3) LIMITED,04839393,IS_DIRECTLY_CONSOLIDATED_BY,False
H7FNTJ4851HG0EXQ1Z70,LLOYDS BANK PLC,2138005I3DNR2DCLRB46,A G FINANCE LIMITED,01923956,IS_DIRECTLY_CONSOLIDATED_BY,False
H7FNTJ4851HG0EXQ1Z70,LLOYDS BANK PLC,2138005IITHR3XLQSG70,EUROLEAD SERVICES HOLDINGS LIMITED,04050949,IS_DIRECTLY_CONSOLIDATED_BY,False
H7FNTJ4851HG0EXQ1Z70,LLOYDS BANK PLC,21380063NHXPX56NSP40,LLOYDS BANK PENSION ABCS (NO 1) LLP,OC350022,IS_DIRECTLY_CONSOLIDATED_BY,False
H7FNTJ4851HG0EXQ1Z70,LLOYDS BANK PLC,2138006NFYBODC56MI56,LLOYDS ASSET LEASING LIMITED,02065463,IS_DIRECTLY_CONSOLIDATED_BY,False
H7FNTJ4851HG0EXQ1Z70,LLOYDS BANK PLC,21380076S9G9G5GO8G18,LLOYDS BANK GENERAL LEASING (NO. 5) LIMITED,05148101,IS_DIRECTLY_CONSOLIDATED_BY,False
H7FNTJ4851HG0EXQ1Z70,LLOYDS BANK PLC,2138008GBUWKR84LI909,THE HUAL CAROLITA LIMITED PARTNERSHIP,LP005912,IS_DIRECTLY_CONSOLIDATED_BY,False
H7FNTJ4851HG0EXQ1Z70,LLOYDS BANK PLC,2138008KIJB17LKD8V94,LLOYDS BANK LEASING LIMITED,01004792,IS_DIRECTLY_CONSOLIDATED_BY,False
H7FNTJ4851HG0EXQ1Z70,LLOYDS BANK PLC,2138008M3NT1HRNQBQ25,LEX AUTOLEASE LIMITED,01090741,IS_DIRECTLY_CONSOLIDATED_BY,False
H7FNTJ4851HG0EXQ1Z70,LLOYDS BANK PLC,2138008PQYLJ2GK6J753,UNITED DOMINIONS TRUST LIMITED,00184739,IS_DIRECTLY_CONSOLIDATED_BY,False
H7FNTJ4851HG0EXQ1Z70,LLOYDS BANK PLC,2138008UXJZAK9L5PE86,BLACK HORSE LIMITED,00661204,IS_DIRECTLY_CONSOLIDATED_BY,False
H7FNTJ4851HG0EXQ1Z70,LLOYDS BANK PLC,21380097PEC5B2TMET57,LLOYDS BANK (COLONIAL & FOREIGN) NOMINEES LIMITED,00179491,IS_DIRECTLY_CONSOLIDATED_BY,False
H7FNTJ4851HG0EXQ1Z70,LLOYDS BANK PLC,2138009O58DNNXA3Q591,LEX AUTOLEASE (CH) LIMITED,02528691,IS_DIRECTLY_CONSOLIDATED_BY,False
H7FNTJ4851HG0EXQ1Z70,LLOYDS BANK PLC,2138009Q9H5NS33EBR60,CHELTENHAM & GLOUCESTER PLC,02299428,IS_DIRECTLY_CONSOLIDATED_BY,False
H7FNTJ4851HG0EXQ1Z70,LLOYDS BANK PLC,213800A8OJXV3VAY1F65,PROTON FINANCE LIMITED,00519068,IS_DIRECTLY_CONSOLIDATED_BY,False
H7FNTJ4851HG0EXQ1Z70,LLOYDS BANK PLC,213800AFU9OT57FX5F77,HAMSARD 3352 LIMITED,09257269,IS_DIRECTLY_CONSOLIDATED_BY,False
H7FNTJ4851HG0EXQ1Z70,LLOYDS BANK PLC,213800AYP76H6GGB1F69,LLOYDS BANK COMMERCIAL FINANCE LIMITED,00733011,IS_DIRECTLY_CONSOLIDATED_BY,False
H7FNTJ4851HG0EXQ1Z70,LLOYDS BANK PLC,213800B1Z32XM8GG8Q14,LLOYDS BANK MARITIME LEASING (NO. 10) LIMITED,04440166,IS_DIRECTLY_CONSOLIDATED_BY,False
H7FNTJ4851HG0EXQ1Z70,LLOYDS BANK PLC,213800B5SFRU7D6MME50,LLOYDS BANK GENERAL LEASING (NO. 3) LIMITED,05148088,IS_DIRECTLY_CONSOLIDATED_BY,False
H7FNTJ4851HG0EXQ1Z70,LLOYDS BANK PLC,213800B9GIBEU6JM4B82,GRESHAM NOMINEE 2 LIMITED,04336799,IS_DIRECTLY_CONSOLIDATED_BY,False
H7FNTJ4851HG0EXQ1Z70,LLOYDS BANK PLC,213800BJGLVZQY79EC32,LLOYDS BANK FINANCIAL SERVICES (HOLDINGS) LIMITED,01397437,IS_DIRECTLY_CONSOLIDATED_BY,False
H7FNTJ4851HG0EXQ1Z70,LLOYDS BANK PLC,213800BQOW8UW98DBE57,BLACK HORSE FINANCE HOLDINGS LIMITED,03853896,IS_DIRECTLY_CONSOLIDATED_BY,False
H7FNTJ4851HG0EXQ1Z70,LLOYDS BANK PLC,213800BZB7ULHAV4IZ02,LLOYDS BANK PROPERTY COMPANY LIMITED,00747129,IS_DIRECTLY_CONSOLIDATED_BY,False
H7FNTJ4851HG0EXQ1Z70,LLOYDS BANK PLC,213800C1PWYVQC1ENH67,GRESHAM RECEIVABLES (NO.45) UK LIMITED,10261592,IS_DIRECTLY_CONSOLIDATED_BY,False
H7FNTJ4851HG0EXQ1Z70,LLOYDS BANK PLC,213800C7LX7XF9FNFZ07,GRESHAM RECEIVABLES (NO.36) UK LIMITED,08494320,IS_DIRECTLY_CONSOLIDATED_BY,False
H7FNTJ4851HG0EXQ1Z70,LLOYDS BANK PLC,213800D5S7AP7GJWTI81,UNITED DOMINIONS LEASING LIMITED,00824614,IS_DIRECTLY_CONSOLIDATED_BY,False
H7FNTJ4851HG0EXQ1Z70,LLOYDS BANK PLC,213800DSCRLWBGYYCW47,LLOYDS UDT LIMITED,00216649,IS_DIRECTLY_CONSOLIDATED_BY,False
H7FNTJ4851HG0EXQ1Z70,LLOYDS BANK PLC,213800DTRGUWLTYXAC62,GRESHAM RECEIVABLES (NO.40) UK LIMITED,09809786,IS_DIRECTLY_CONSOLIDATED_BY,False
H7FNTJ4851HG0EXQ1Z70,LLOYDS BANK PLC,213800E67LKVRPBSMC75,LLOYDS BANK S.F. NOMINEES LIMITED,00312901,IS_DIRECTLY_CONSOLIDATED_BY,False
H7FNTJ4851HG0EXQ1Z70,LLOYDS BANK PLC,213800E9B98TPVM71X21,GRESHAM RECEIVABLES (NO.48) UK LIMITED,11632682,IS_DIRECTLY_CONSOLIDATED_BY,False
H7FNTJ4851HG0EXQ1Z70,LLOYDS BANK PLC,213800EGZZEBB7BROV68,GRESHAM RECEIVABLES (NO. 32) UK LIMITED,07805880,IS_DIRECTLY_CONSOLIDATED_BY,False
H7FNTJ4851HG0EXQ1Z70,LLOYDS BANK PLC,213800EN8ZE6HAU3KC44,LLOYDS INDUSTRIAL LEASING LIMITED,01387402,IS_DIRECTLY_CONSOLIDATED_BY,False
H7FNTJ4851HG0EXQ1Z70,LLOYDS BANK PLC,213800EP51TCNXZLRQ50,GRESHAM RECEIVABLES (NO.27) UK LIMITED,07404978,IS_DIRECTLY_CONSOLIDATED_BY,False
H7FNTJ4851HG0EXQ1Z70,LLOYDS BANK PLC,213800EZ349R9MTMEG29,R.F. SPENCER AND COMPANY LIMITED,01892694,IS_DIRECTLY_CONSOLIDATED_BY,False
H7FNTJ4851HG0EXQ1Z70,LLOYDS BANK PLC,213800F6SXR1JN8B1527,AQUILUS LIMITED,06314051,IS_DIRECTLY_CONSOLIDATED_BY,False
H7FNTJ4851HG0EXQ1Z70,LLOYDS BANK PLC,213800FGULDW449ENT36,ALEX LAWRIE FACTORS LIMITED,01003815,IS_DIRECTLY_CONSOLIDATED_BY,False
H7FNTJ4851HG0EXQ1Z70,LLOYDS BANK PLC,213800FJK5E2U65Z1P50,LLOYDS BANK CORPORATE ASSET FINANCE (NO. 4) LIMITED,04839397,IS_DIRECTLY_CONSOLIDATED_BY,False
H7FNTJ4851HG0EXQ1Z70,LLOYDS BANK PLC,213800FK1IWZRM9FEC84,SUZUKI FINANCIAL SERVICES LIMITED,03015566,IS_DIRECTLY_CONSOLIDATED_BY,False
H7FNTJ4851HG0EXQ1Z70,LLOYDS BANK PLC,213800FRI978XP6HTZ13,LLOYDS BANK COVERED BONDS LLP,OC340094,IS_DIRECTLY_CONSOLIDATED_BY,False
H7FNTJ4851HG0EXQ1Z70,LLOYDS BANK PLC,213800GHR1DZZDZC2U17,LBI LEASING LIMITED,00747346,IS_DIRECTLY_CONSOLIDATED_BY,False
H7FNTJ4851HG0EXQ1Z70,LLOYDS BANK PLC,213800GY4V2A571PUG20,LOTUS FINANCE LIMITED,03266110,IS_DIRECTLY_CONSOLIDATED_BY,False
H7FNTJ4851HG0EXQ1Z70,LLOYDS BANK PLC,213800H4HDHFRMC34C32,LLOYDS BANK (I.D.) NOMINEES LIMITED,00433171,IS_DIRECTLY_CONSOLIDATED_BY,False
H7FNTJ4851HG0EXQ1Z70,LLOYDS BANK PLC,213800HMXQY1MEJ7ZD62,INTERNATIONAL MOTORS FINANCE LIMITED,02956040,IS_DIRECTLY_CONSOLIDATED_BY,False
H7FNTJ4851HG0EXQ1Z70,LLOYDS BANK PLC,213800HS45M73TS3AR98,LLOYDS PLANT LEASING LIMITED,02049526,IS_DIRECTLY_CONSOLIDATED_BY,False
H7FNTJ4851HG0EXQ1Z70,LLOYDS BANK PLC,213800HXU1UPN48YSA60,CONQUEST SECURITIES LIMITED,01580616,IS_DIRECTLY_CONSOLIDATED_BY,False
H7FNTJ4851HG0EXQ1Z70,LLOYDS BANK PLC,213800I1CG6SWACJVR48,VOCALINK HOLDINGS LIMITED,06119036,IS_DIRECTLY_CONSOLIDATED_BY,False
H7FNTJ4851HG0EXQ1Z70,LLOYDS BANK PLC,213800IEUAIVRHXK6W82,SAVBAN LEASING LIMITED,01567751,IS_DIRECTLY_CONSOLIDATED_BY,False
H7FNTJ4851HG0EXQ1Z70,LLOYDS BANK PLC,213800IF6P8WCFYJZU72,LLOYDS UDT LEASING LIMITED,00665240,IS_DIRECTLY_CONSOLIDATED_BY,False
H7FNTJ4851HG0EXQ1Z70,LLOYDS BANK PLC,213800IMPUY58OLYYQ84,RANELAGH NOMINEES LIMITED,00293241,IS_DIRECTLY_CONSOLIDATED_BY,False
H7FNTJ4851HG0EXQ1Z70,LLOYDS BANK PLC,213800IYUCY8XJ4WS867,GRESHAM RECEIVABLES (NO.47) UK LIMITED,10986000,IS_DIRECTLY_CONSOLIDATED_BY,False
H7FNTJ4851HG0EXQ1Z70,LLOYDS BANK PLC,213800J739XIOI4UTO34,CALENDULA III LP,SL015207,IS_DIRECTLY_CONSOLIDATED_BY,False
H7FNTJ4851HG0EXQ1Z70,LLOYDS BANK PLC,213800J9Y7Z7DTZIN773,LLOYDS BANK EQUIPMENT LEASING (NO. 7) LIMITED,04440298,IS_DIRECTLY_CONSOLIDATED_BY,False
H7FNTJ4851HG0EXQ1Z70,LLOYDS BANK PLC,213800JAL6TI1QEQRF88,THE AGRICULTURAL MORTGAGE CORPORATION PLC,00234742,IS_DIRECTLY_CONSOLIDATED_BY,False
H7FNTJ4851HG0EXQ1Z70,LLOYDS BANK PLC,213800JJ97CGWLDPSL93,WOOD STREET LEASING LIMITED,01132261,IS_DIRECTLY_CONSOLIDATED_BY,False
H7FNTJ4851HG0EXQ1Z70,LLOYDS BANK PLC,213800JJQNIRZ3UL7436,HILL SAMUEL LEASING CO. LIMITED,00938603,IS_DIRECTLY_CONSOLIDATED_BY,False
H7FNTJ4851HG0EXQ1Z70,LLOYDS BANK PLC,213800KEGD3741IIJ322,LLOYDS BANK EQUIPMENT LEASING (NO. 9) LIMITED,04440277,IS_DIRECTLY_CONSOLIDATED_BY,False
H7FNTJ4851HG0EXQ1Z70,LLOYDS BANK PLC,213800KGI9VHJ2G62256,SHOGUN FINANCE LIMITED,01963821,IS_DIRECTLY_CONSOLIDATED_BY,False
H7FNTJ4851HG0EXQ1Z70,LLOYDS BANK PLC,213800LHNKAETY2W2H92,ACL AUTOLEASE HOLDINGS LIMITED,03674114,IS_DIRECTLY_CONSOLIDATED_BY,False
H7FNTJ4851HG0EXQ1Z70,LLOYDS BANK PLC,213800LK5IBC1IV78105,BLACK HORSE (TRF) LIMITED,03845557,IS_DIRECTLY_CONSOLIDATED_BY,False
H7FNTJ4851HG0EXQ1Z70,LLOYDS BANK PLC,213800N37X6ROKLGW307,HEIDI FINANCE HOLDINGS (UK) LIMITED,01212279,IS_DIRECTLY_CONSOLIDATED_BY,False
H7FNTJ4851HG0EXQ1Z70,LLOYDS BANK PLC,213800NC1V3EFJYTCO23,BIRCHCROWN FINANCE LIMITED,01583334,IS_DIRECTLY_CONSOLIDATED_BY,False
H7FNTJ4851HG0EXQ1Z70,LLOYDS BANK PLC,213800NSSR3JWH39VU13,BLACK HORSE GROUP LIMITED,02498806,IS_DIRECTLY_CONSOLIDATED_BY,False
H7FNTJ4851HG0EXQ1Z70,LLOYDS BANK PLC,213800NUJXDXSKF7AB35,LLOYDS BANK PENSION ABCS (NO 2) LLP,OC350023,IS_DIRECTLY_CONSOLIDATED_BY,False
H7FNTJ4851HG0EXQ1Z70,LLOYDS BANK PLC,213800OWG4X5ABSOEH56,A.C.L. LIMITED,00744977,IS_DIRECTLY_CONSOLIDATED_BY,False
H7FNTJ4851HG0EXQ1Z70,LLOYDS BANK PLC,213800P9Y5F7E9LEXJ37,GRESHAM NOMINEE 1 LIMITED,04336802,IS_DIRECTLY_CONSOLIDATED_BY,False
H7FNTJ4851HG0EXQ1Z70,LLOYDS BANK PLC,213800PK8KDPQBTA8342,HYUNDAI CAR FINANCE LIMITED,02160191,IS_DIRECTLY_CONSOLIDATED_BY,False
H7FNTJ4851HG0EXQ1Z70,LLOYDS BANK PLC,213800PYTCRTZHHXAL54,MARITIME LEASING (NO. 19) LIMITED,05017378,IS_DIRECTLY_CONSOLIDATED_BY,False
H7FNTJ4851HG0EXQ1Z70,LLOYDS BANK PLC,213800R7BY8645S52638,LEX AUTOLEASE CARSELECT LIMITED,02849105,IS_DIRECTLY_CONSOLIDATED_BY,False
H7FNTJ4851HG0EXQ1Z70,LLOYDS BANK PLC,213800RZGAIJHBVKVR67,LLOYDS LEASING (NORTH SEA TRANSPORT) LIMITED,01107543,IS_DIRECTLY_CONSOLIDATED_BY,False
H7FNTJ4851HG0EXQ1Z70,LLOYDS BANK PLC,213800S4V4Q3NFVVBM96,LONDON TAXI FINANCE LIMITED,02141786,IS_DIRECTLY_CONSOLIDATED_BY,False
H7FNTJ4851HG0EXQ1Z70,LLOYDS BANK PLC,213800SP78ZUXB266L33,LLOYDS BANK CORPORATE ASSET FINANCE (HP) LIMITED,04839408,IS_DIRECTLY_CONSOLIDATED_BY,False
H7FNTJ4851HG0EXQ1Z70,LLOYDS BANK PLC,213800SXC8KEOT7ENY74,LLOYDS (GRESHAM) LIMITED,01089268,IS_DIRECTLY_CONSOLIDATED_BY,False
H7FNTJ4851HG0EXQ1Z70,LLOYDS BANK PLC,213800T7KFZ6R8QRNQ95,LLOYDS PORTFOLIO LEASING LIMITED,02366518,IS_DIRECTLY_CONSOLIDATED_BY,False
H7FNTJ4851HG0EXQ1Z70,LLOYDS BANK PLC,213800TBZHMZ6ND4CC76,AMBERDATE LIMITED,02574129,IS_DIRECTLY_CONSOLIDATED_BY,False
H7FNTJ4851HG0EXQ1Z70,LLOYDS BANK PLC,213800UQRZ2EJ993RN77,PERRY NOMINEES LIMITED,02338157,IS_DIRECTLY_CONSOLIDATED_BY,False
H7FNTJ4851HG0EXQ1Z70,LLOYDS BANK PLC,213800V1X5RZTFEMOR06,HAMSARD 3353 LIMITED,09257308,IS_DIRECTLY_CONSOLIDATED_BY,False
H7FNTJ4851HG0EXQ1Z70,LLOYDS BANK PLC,213800V9MRYIR26WZC81,CASHFRIDAY LIMITED,02557171,IS_DIRECTLY_CONSOLIDATED_BY,False
H7FNTJ4851HG0EXQ1Z70,LLOYDS BANK PLC,213800VGPVZEIRT3FD24,LLOYDS BANK LEASING (NO. 6) LIMITED,05148211,IS_DIRECTLY_CONSOLIDATED_BY,False
H7FNTJ4851HG0EXQ1Z70,LLOYDS BANK PLC,213800WNMENTGS1JPL42,GRESHAM RECEIVABLES (NO.13) UK LIMITED,05945382,IS_DIRECTLY_CONSOLIDATED_BY,False
H7FNTJ4851HG0EXQ1Z70,LLOYDS BANK PLC,213800WNUBYQVYTXL868,ALEX. LAWRIE RECEIVABLES FINANCING LIMITED,00987840,IS_DIRECTLY_CONSOLIDATED_BY,False
H7FNTJ4851HG0EXQ1Z70,LLOYDS BANK PLC,213800X8T7VKMOU95S40,HVF LIMITED,02238952,IS_DIRECTLY_CONSOLIDATED_BY,False
H7FNTJ4851HG0EXQ1Z70,LLOYDS BANK PLC,213800Y6IDSEQW5L9760,DUNSTAN INVESTMENTS (UK) LIMITED,05890451,IS_DIRECTLY_CONSOLIDATED_BY,False
H7FNTJ4851HG0EXQ1Z70,LLOYDS BANK PLC,213800Y7EOQPLUULSV51,LLOYDS BANK CORPORATE ASSET FINANCE (NO. 2) LIMITED,04839361,IS_DIRECTLY_CONSOLIDATED_BY,False
H7FNTJ4851HG0EXQ1Z70,LLOYDS BANK PLC,213800Z8S22PDYO96L22,LLOYDS PROJECT LEASING LIMITED,01280300,IS_DIRECTLY_CONSOLIDATED_BY,False
H7FNTJ4851HG0EXQ1Z70,LLOYDS BANK PLC,213800ZB55NJEF2VKX43,LLOYDS BANK NOMINEES LIMITED,00981600,IS_DIRECTLY_CONSOLIDATED_BY,False
H7FNTJ4851HG0EXQ1Z70,LLOYDS BANK PLC,213800ZEMRROT651IE19,HILL SAMUEL FINANCE LIMITED,01580252,IS_DIRECTLY_CONSOLIDATED_BY,False
H7FNTJ4851HG0EXQ1Z70,LLOYDS BANK PLC,213800ZHQHSLXKE8UP16,LLOYDS BANK ASSET FINANCE LIMITED,00615235,IS_DIRECTLY_CONSOLIDATED_BY,False
H7FNTJ4851HG0EXQ1Z70,LLOYDS BANK PLC,213800ZIMX1FNQERMM02,BOLTRO NOMINEES LIMITED,03718756,IS_DIRECTLY_CONSOLIDATED_BY,False
H7FNTJ4851HG0EXQ1Z70,LLOYDS BANK PLC,213800ZPYQJZYCF8D955,ALCHEMILLA I LP,SL010070,IS_DIRECTLY_CONSOLIDATED_BY,False
H7FNTJ4851HG0EXQ1Z70,LLOYDS BANK PLC,213800ZRUJ1144GF3R56,LLOYDS BANK SUBSIDIARIES LIMITED,00117008,IS_DIRECTLY_CONSOLIDATED_BY,False
H7FNTJ4851HG0EXQ1Z70,LLOYDS BANK PLC,213800ZYOUG3TMK3KT25,LEX AUTOLEASE (VC) LIMITED,01428787,IS_DIRECTLY_CONSOLIDATED_BY,False
H7FNTJ4851HG0EXQ1Z70,LLOYDS BANK PLC,54930012F1DP3NIO7C56,CORBIERE ASSET INVESTMENTS LTD,09429655,IS_DIRECTLY_CONSOLIDATED_BY,False
H7FNTJ4851HG0EXQ1Z70,LLOYDS BANK PLC,549300MBRI4JXHQB1L50,PIPS ASSET INVESTMENTS LIMITED,08068457,IS_DIRECTLY_CONSOLIDATED_BY,False
H7FNTJ4851HG0EXQ1Z70,LLOYDS BANK PLC,6354006GQBBANLIO8R45,CARDIFF AUTO RECEIVABLES SECURITISATION 2024-1 PLC,15764788,IS_DIRECTLY_CONSOLIDATED_BY,False
529900VBK42Y5HHRMD23,"BlackRock, Inc.",5493002MILWZXR28TB76,BLACKROCK ASSET MANAGEMENT INVESTOR SERVICES LIMITED,02793079,IS_DIRECTLY_CONSOLIDATED_BY,False
529900VBK42Y5HHRMD23,"BlackRock, Inc.",5493004SGW9YX3JHBL20,BLACKROCK UK (BETA) LIMITED,10264412,IS_DIRECTLY_CONSOLIDATED_BY,False
529900VBK42Y5HHRMD23,"BlackRock, Inc.",5493004Y7H5NH3JK6881,BLACKROCK UK HOLDCO LIMITED,01550489,IS_DIRECTLY_CONSOLIDATED_BY,False
529900VBK42Y5HHRMD23,"BlackRock, Inc.",549300976S9FZQSLJL06,BLACKROCK UK 2 LLP,OC371080,IS_DIRECTLY_CONSOLIDATED_BY,False
529900VBK42Y5HHRMD23,"BlackRock, Inc.",5493009JCH7XO1GXR716,BLACKROCK FINANCE EUROPE LIMITED,07075607,IS_DIRECTLY_CONSOLIDATED_BY,False
529900VBK42Y5HHRMD23,"BlackRock, Inc.",549300BQQY26AKRDWS06,BLACKROCK UK A LLP,OC399377,IS_DIRECTLY_CONSOLIDATED_BY,False
529900VBK42Y5HHRMD23,"BlackRock, Inc.",549300DNMJKZFC0LMX57,BLACKROCK GROUP LIMITED,00951043,IS_DIRECTLY_CONSOLIDATED_BY,False
529900VBK42Y5HHRMD23,"BlackRock, Inc.",549300EVLJ8QEV5EDY50,BLACKROCK PENSIONS LIMITED,02348841,IS_DIRECTLY_CONSOLIDATED_BY,False
529900VBK42Y5HHRMD23,"BlackRock, Inc.",549300FELVLYD7N20726,BLACKROCK UK HOLDCO 2 LIMITED,11946039,IS_DIRECTLY_CONSOLIDATED_BY,False
529900VBK42Y5HHRMD23,"BlackRock, Inc.",549300FG7N8PPBL7CA97,EFRONT LTD,03650489,IS_DIRECTLY_CONSOLIDATED_BY,False
529900VBK42Y5HHRMD23,"BlackRock, Inc.",549300G1L71URGQBIF24,BLACKROCK FINCO UK LTD,05853856,IS_DIRECTLY_CONSOLIDATED_BY,False
529900VBK42Y5HHRMD23,"BlackRock, Inc.",549300HQCTVA2RJNC138,BLACKROCK LIFE LIMITED,02223202,IS_DIRECTLY_CONSOLIDATED_BY,False
529900VBK42Y5HHRMD23,"BlackRock, Inc.",549300HWJ27O6H2DYJ12,BLACKROCK UK 3 LLP,OC371085,IS_DIRECTLY_CONSOLIDATED_BY,False
529900VBK42Y5HHRMD23,"BlackRock, Inc.",549300J1FW04J8B6P742,BLACKROCK UK (ALPHA) LIMITED,10256728,IS_DIRECTLY_CONSOLIDATED_BY,False
529900VBK42Y5HHRMD23,"BlackRock, Inc.",549300JBLOS90W1SE311,BLACKROCK UK 4 LLP,OC371088,IS_DIRECTLY_CONSOLIDATED_BY,False
529900VBK42Y5HHRMD23,"BlackRock, Inc.",549300LM7VWDLE8S3N49,BLACKROCK ADVISORS (UK) LIMITED,00796793,IS_DIRECTLY_CONSOLIDATED_BY,False
529900VBK42Y5HHRMD23,"BlackRock, Inc.",549300O2OCIJU74PSB07,BLACKROCK ASSET MANAGEMENT UK LIMITED,02058176,IS_DIRECTLY_CONSOLIDATED_BY,False
529900VBK42Y5HHRMD23,"BlackRock, Inc.",549300RU9HL2YJ5LTJ28,BLACKROCK UK (DELTA) LP,LP017496,IS_DIRECTLY_CONSOLIDATED_BY,False
529900VBK42Y5HHRMD23,"BlackRock, Inc.",549300RZZ5LX35CTX678,BLACKROCK UK (SIGMA) LIMITED,10269600,IS_DIRECTLY_CONSOLIDATED_BY,False
529900VBK42Y5HHRMD23,"BlackRock, Inc.",549300UN77J1HP4TMS44,GROSVENOR ALTERNATE PARTNER LIMITED,02231072,IS_DIRECTLY_CONSOLIDATED_BY,False
529900VBK42Y5HHRMD23,"BlackRock, Inc.",549300VFKOP68G1VKJ56,GROSVENOR VENTURES LIMITED,02513741,IS_DIRECTLY_CONSOLIDATED_BY,False
529900VBK42Y5HHRMD23,"BlackRock, Inc.",549300XGPOF48GVY4D26,BLACKROCK FUND MANAGERS LIMITED,01102517,IS_DIRECTLY_CONSOLIDATED_BY,False
213800FERQ5LE3H7WJ58,DENTSU INTERNATIONAL LIMITED,2138003BOKRBC51SNN50,DENTSU INTERNATIONAL TREASURY LIMITED,02103374,IS_DIRECTLY_CONSOLIDATED_BY,False
213800FERQ5LE3H7WJ58,DENTSU INTERNATIONAL LIMITED,2138007F6ORTRXO4TU03,DENTSU INTERNATIONAL HOLDINGS LIMITED,03118854,IS_DIRECTLY_CONSOLIDATED_BY,False
213800FERQ5LE3H7WJ58,DENTSU INTERNATIONAL LIMITED,2138008FAV4ZXL4NIC61,DENTSU INTERNATIONAL TRITON LIMITED,08319668,IS_DIRECTLY_CONSOLIDATED_BY,False
213800FERQ5LE3H7WJ58,DENTSU INTERNATIONAL LIMITED,213800DA81E4G5WAB593,AMPLIFI GLOBAL LIMITED,08411447,IS_DIRECTLY_CONSOLIDATED_BY,False
213800FERQ5LE3H7WJ58,DENTSU INTERNATIONAL LIMITED,213800G2528KT4CDYT79,DENTSU INTERNATIONAL GROUP PARTICIPATIONS LIMITED,06673979,IS_DIRECTLY_CONSOLIDATED_BY,False
213800FERQ5LE3H7WJ58,DENTSU INTERNATIONAL LIMITED,213800H7RXA27W9Q8831,MERKLE MARKETING LIMITED,08528114,IS_DIRECTLY_CONSOLIDATED_BY,False
213800FERQ5LE3H7WJ58,DENTSU INTERNATIONAL LIMITED,213800HEN558T136HV53,MERKLE UK ONE LIMITED,04238272,IS_DIRECTLY_CONSOLIDATED_BY,False
213800FERQ5LE3H7WJ58,DENTSU INTERNATIONAL LIMITED,213800IFS84SSEXS7W87,DAVID WOOD & ASSOCIATES LIMITED,03160384,IS_DIRECTLY_CONSOLIDATED_BY,False
213800FERQ5LE3H7WJ58,DENTSU INTERNATIONAL LIMITED,213800OA9IBN2PNROQ31,AEGIS MEDIA PACIFIC LTD,07093243,IS_DIRECTLY_CONSOLIDATED_BY,False
213800FERQ5LE3H7WJ58,DENTSU INTERNATIONAL LIMITED,213800WKGHOBJU35JH41,DENTSU INTERNATIONAL GPS HOLDINGS LIMITED,06697731,IS_DIRECTLY_CONSOLIDATED_BY,False
213800FERQ5LE3H7WJ58,DENTSU INTERNATIONAL LIMITED,213800Y5K5LI7TLZ1652,DENTSU UK LIMITED,01939690,IS_DIRECTLY_CONSOLIDATED_BY,False
549300J4U55H3WP1XT59,Bayer Aktiengesellschaft,529900AL10S5DQT15C15,BAYER PUBLIC LIMITED COMPANY,00935048,IS_DIRECTLY_CONSOLIDATED_BY,False
549300J4U55H3WP1XT59,Bayer Aktiengesellschaft,529900QNM3U4BRYKSF69,BAYER CROPSCIENCE LIMITED,00218826,IS_DIRECTLY_CONSOLIDATED_BY,False
I07WOS4YJ0N7YRFE7309,RTX CORPORATION,5493009ZFZHEZMGG3K71,BE AEROSPACE THERMAL AND POWER MANAGEMENT HOLDINGS (UK) LIMITED,07471665,IS_DIRECTLY_CONSOLIDATED_BY,False
I07WOS4YJ0N7YRFE7309,RTX CORPORATION,549300CXHMEWHN303U55,GOODRICH CONTROL SYSTEMS,04482312,IS_DIRECTLY_CONSOLIDATED_BY,False
I07WOS4YJ0N7YRFE7309,RTX CORPORATION,549300J3OWVKY2NM3I24,B/E AEROSPACE (UK) LIMITED,03599118,IS_DIRECTLY_CONSOLIDATED_BY,False
I07WOS4YJ0N7YRFE7309,RTX CORPORATION,549300JD8URVJOGQ0X28,ROCKWELL COLLINS UK LIMITED,00543016,IS_DIRECTLY_CONSOLIDATED_BY,False
I07WOS4YJ0N7YRFE7309,RTX CORPORATION,549300RBUIYYZWWWSJ38,RAYTHEON MENA GROUP LIMITED,09964922,IS_DIRECTLY_CONSOLIDATED_BY,False
I07WOS4YJ0N7YRFE7309,RTX CORPORATION,549300S3T0CV8CPSYD97,WESSEX ADVANCED SWITCHING PRODUCTS LIMITED,03846820,IS_DIRECTLY_CONSOLIDATED_BY,False
I07WOS4YJ0N7YRFE7309,RTX CORPORATION,549300ZQTDPWQOBZTP61,SILVER AERO LIMITED,11854472,IS_DIRECTLY_CONSOLIDATED_BY,False
I07WOS4YJ0N7YRFE7309,RTX CORPORATION,8945006NKQVDG4D11M93,LAHI UK II Limited,15191994,IS_DIRECTLY_CONSOLIDATED_BY,False
I07WOS4YJ0N7YRFE7309,RTX CORPORATION,894500OLYE0BBZM9VV05,Pulse.Aero Limited,08251078,IS_DIRECTLY_CONSOLIDATED_BY,False
I07WOS4YJ0N7YRFE7309,RTX CORPORATION,894500Q3JOAHB60B6273,LAHI UK Limited,15191919,IS_DIRECTLY_CONSOLIDATED_BY,False
I07WOS4YJ0N7YRFE7309,RTX CORPORATION,894500Z24BNVP6BEYY63,Hamilton Sundstrand UK Holdings Limited,04108931,IS_DIRECTLY_CONSOLIDATED_BY,False
I07WOS4YJ0N7YRFE7309,RTX CORPORATION,894500Z29V7NC5NAMI46,Crompton Holdings Limited,04079172,IS_DIRECTLY_CONSOLIDATED_BY,False
I07WOS4YJ0N7YRFE7309,RTX CORPORATION,KZSJNRMICBYSJV5SPE53,RAYTHEON SYSTEMS LIMITED,00406809,IS_DIRECTLY_CONSOLIDATED_BY,False
529900S21EQ1BO4ESM68,TotalEnergies SE,5299009K13VHVM451M53,TOTALENERGIES UK FINANCE LIMITED,03988955,IS_DIRECTLY_CONSOLIDATED_BY,False
529900S21EQ1BO4ESM68,TotalEnergies SE,5299009QIZD6FPDNSN53,NEO NEXT+ ENERGY E&P UK LIMITED,00811900,IS_DIRECTLY_CONSOLIDATED_BY,False
529900S21EQ1BO4ESM68,TotalEnergies SE,529900KPRFJFA7KLU983,ELF EXPLORATION UK LIMITED,00810743,IS_DIRECTLY_CONSOLIDATED_BY,False
529900S21EQ1BO4ESM68,TotalEnergies SE,529900MCWJAXTYV7OY32,TOTALENERGIES RENEWABLES UK LIMITED,02466611,IS_DIRECTLY_CONSOLIDATED_BY,False
529900S21EQ1BO4ESM68,TotalEnergies SE,529900MGIDKWLPNCSA72,E. F. OIL AND GAS LIMITED,03430228,IS_DIRECTLY_CONSOLIDATED_BY,False
529900S21EQ1BO4ESM68,TotalEnergies SE,529900PUDAQOD983V650,ELF PETROLEUM UK LIMITED,01290174,IS_DIRECTLY_CONSOLIDATED_BY,False
529900S21EQ1BO4ESM68,TotalEnergies SE,529900ZN1BZ1L3PJZ803,TOTALENERGIES MARKETING UK LIMITED,00553535,IS_DIRECTLY_CONSOLIDATED_BY,False
529900S21EQ1BO4ESM68,TotalEnergies SE,549300KCO24ZX5TKY880,TOTALENERGIES GAS & POWER LIMITED,02172239,IS_DIRECTLY_CONSOLIDATED_BY,False
9695005MSX1OYEMGDF46,BPCE,213800FGXSTSQ16Z2F75,MIROVA UK LIMITED,07740692,IS_DIRECTLY_CONSOLIDATED_BY,False
9695005MSX1OYEMGDF46,BPCE,213800IYVZHUS1PIG990,AEW UK INVESTMENT MANAGEMENT LLP,OC367686,IS_DIRECTLY_CONSOLIDATED_BY,False
9695005MSX1OYEMGDF46,BPCE,549300QAVOZFRDBIYO34,BPCE EQUIPMENT SOLUTIONS UK LIMITED,03596854,IS_DIRECTLY_CONSOLIDATED_BY,False
2138001P49OLAEU33T68,STANDARD LIFE PLC,2138001ZOXFC79PEZS19,PEARL TRUSTEES LIMITED,02665203,IS_DIRECTLY_CONSOLIDATED_BY,False
2138001P49OLAEU33T68,STANDARD LIFE PLC,2138002124DJU5NAJB47,PEARL GROUP HOLDINGS (NO. 2) LIMITED,05282342,IS_DIRECTLY_CONSOLIDATED_BY,False
2138001P49OLAEU33T68,STANDARD LIFE PLC,213800288SWHO9SYPM36,G FINANCIAL SERVICES LIMITED,01035097,IS_DIRECTLY_CONSOLIDATED_BY,False
2138001P49OLAEU33T68,STANDARD LIFE PLC,2138002CJZVH844BO431,PG DORMANT (NO 4) LIMITED,01565099,IS_DIRECTLY_CONSOLIDATED_BY,False
2138001P49OLAEU33T68,STANDARD LIFE PLC,21380039WGL689JN6E44,PHOENIX ER3 LIMITED,10844152,IS_DIRECTLY_CONSOLIDATED_BY,False
2138001P49OLAEU33T68,STANDARD LIFE PLC,2138003N16KHLOXD3D04,PHOENIX SPV2 LIMITED,11418573,IS_DIRECTLY_CONSOLIDATED_BY,False
2138001P49OLAEU33T68,STANDARD LIFE PLC,2138003PPIEA27377A59,SUNLIFE LIMITED,05460862,IS_DIRECTLY_CONSOLIDATED_BY,False
2138001P49OLAEU33T68,STANDARD LIFE PLC,2138003URY7NYBK77767,G TRUSTEES LTD,02030135,IS_DIRECTLY_CONSOLIDATED_BY,False
2138001P49OLAEU33T68,STANDARD LIFE PLC,2138005CNV9TY74WAR28,PHOENIX GROUP MANAGEMENT SERVICES LIMITED,03588063,IS_DIRECTLY_CONSOLIDATED_BY,False
2138001P49OLAEU33T68,STANDARD LIFE PLC,2138005INFYUNFGXD528,PEARL LIFE HOLDINGS LIMITED,04560778,IS_DIRECTLY_CONSOLIDATED_BY,False
2138001P49OLAEU33T68,STANDARD LIFE PLC,2138005IQK4DZ2N8UH82,PEARL GROUP SECRETARIAT SERVICES LIMITED,03588041,IS_DIRECTLY_CONSOLIDATED_BY,False
2138001P49OLAEU33T68,STANDARD LIFE PLC,2138005P7ZYYWWBCRY26,PHOENIX SCP PENSIONS TRUSTEES LIMITED,02404622,IS_DIRECTLY_CONSOLIDATED_BY,False
2138001P49OLAEU33T68,STANDARD LIFE PLC,21380065SBT1KWR9GL23,NATIONAL PROVIDENT INSTITUTION,ZC000065,IS_DIRECTLY_CONSOLIDATED_BY,False
2138001P49OLAEU33T68,STANDARD LIFE PLC,21380067P35533CPS717,PEARL ASSURANCE GROUP HOLDINGS LIMITED,03245996,IS_DIRECTLY_CONSOLIDATED_BY,False
2138001P49OLAEU33T68,STANDARD LIFE PLC,213800696N9OI66X5I18,THE LONDON LIFE ASSOCIATION LIMITED,00041503,IS_DIRECTLY_CONSOLIDATED_BY,False
2138001P49OLAEU33T68,STANDARD LIFE PLC,2138006AVN3BGVP6FN70,ABBEY LIFE TRUST SECURITIES LIMITED,00843568,IS_DIRECTLY_CONSOLIDATED_BY,False
2138001P49OLAEU33T68,STANDARD LIFE PLC,2138006XCBKUGVOLOT84,REASSURE TRUSTEES LIMITED,01767383,IS_DIRECTLY_CONSOLIDATED_BY,False
2138001P49OLAEU33T68,STANDARD LIFE PLC,2138007DV547Q2B7MR04,PHOENIX ER1 LIMITED,10196658,IS_DIRECTLY_CONSOLIDATED_BY,False
2138001P49OLAEU33T68,STANDARD LIFE PLC,21380089ZAQLRGSTXL02,STANDARD LIFE GROUP LIMITED,05447500,IS_DIRECTLY_CONSOLIDATED_BY,False
2138001P49OLAEU33T68,STANDARD LIFE PLC,2138008TTY2T2R99JH73,PHOENIX ER5 LIMITED,11720413,IS_DIRECTLY_CONSOLIDATED_BY,False
2138001P49OLAEU33T68,STANDARD LIFE PLC,2138008XWGP2LK6Z9532,REASSURE PENSION TRUSTEES LIMITED,01800078,IS_DIRECTLY_CONSOLIDATED_BY,False
2138001P49OLAEU33T68,STANDARD LIFE PLC,2138009129G12OFZWC28,NP LIFE HOLDINGS LIMITED,03725026,IS_DIRECTLY_CONSOLIDATED_BY,False
2138001P49OLAEU33T68,STANDARD LIFE PLC,2138009BU7B91VZP2M65,PHOENIX GROUP MANAGEMENT LTD,04002195,IS_DIRECTLY_CONSOLIDATED_BY,False
2138001P49OLAEU33T68,STANDARD LIFE PLC,2138009GKYVM1UUHJA96,PHOENIX ER6 LIMITED,12139423,IS_DIRECTLY_CONSOLIDATED_BY,False
2138001P49OLAEU33T68,STANDARD LIFE PLC,2138009JDIENFDLD9M78,NAMULAS PENSION TRUSTEES LIMITED,00980864,IS_DIRECTLY_CONSOLIDATED_BY,False
2138001P49OLAEU33T68,STANDARD LIFE PLC,2138009PGTUXA25AU785,PHOENIX LIFE HOLDINGS LIMITED,06977344,IS_DIRECTLY_CONSOLIDATED_BY,False
2138001P49OLAEU33T68,STANDARD LIFE PLC,2138009SCXYSOTLSXH75,NM LIFE TRUSTEES LIMITED,01860464,IS_DIRECTLY_CONSOLIDATED_BY,False
2138001P49OLAEU33T68,STANDARD LIFE PLC,213800C2PGN9I9C33L82,CENTURY TRUSTEE SERVICES LIMITED,01905318,IS_DIRECTLY_CONSOLIDATED_BY,False
2138001P49OLAEU33T68,STANDARD LIFE PLC,213800COYKUWIUR3SG48,PHOENIX SPV1 LIMITED,11418551,IS_DIRECTLY_CONSOLIDATED_BY,False
2138001P49OLAEU33T68,STANDARD LIFE PLC,213800CPL9WKRMHYQN02,THE PEARL MARTINEAU LIMITED PARTNERSHIP,LP006988,IS_DIRECTLY_CONSOLIDATED_BY,False
2138001P49OLAEU33T68,STANDARD LIFE PLC,213800CZWH4VG2X7HP11,PA (GI) LIMITED,00071805,IS_DIRECTLY_CONSOLIDATED_BY,False
2138001P49OLAEU33T68,STANDARD LIFE PLC,213800DJMETF2ALADE56,PHOENIX & LONDON ASSURANCE LIMITED,00894616,IS_DIRECTLY_CONSOLIDATED_BY,False
2138001P49OLAEU33T68,STANDARD LIFE PLC,213800EEKY3ZQDUYKV60,PEARL MP BIRMINGHAM LIMITED,04002164,IS_DIRECTLY_CONSOLIDATED_BY,False
2138001P49OLAEU33T68,STANDARD LIFE PLC,213800F4I4AWU6NBME19,CITYFOURINC,03871807,IS_DIRECTLY_CONSOLIDATED_BY,False
2138001P49OLAEU33T68,STANDARD LIFE PLC,213800F8BC7QS1SGPG53,PHOENIX LIFE LIMITED,01016269,IS_DIRECTLY_CONSOLIDATED_BY,False
2138001P49OLAEU33T68,STANDARD LIFE PLC,213800F9J1GCM4FMTU87,PEARL CUSTOMER CARE LIMITED,03947540,IS_DIRECTLY_CONSOLIDATED_BY,False
2138001P49OLAEU33T68,STANDARD LIFE PLC,213800GXSEN5TJWQMI72,PGS 2 LIMITED,03725038,IS_DIRECTLY_CONSOLIDATED_BY,False
2138001P49OLAEU33T68,STANDARD LIFE PLC,213800GYRULRXGODMH68,REASSURE UK LIFE ASSURANCE COMPANY LIMITED,00676139,IS_DIRECTLY_CONSOLIDATED_BY,False
2138001P49OLAEU33T68,STANDARD LIFE PLC,213800H867B9CB2RM694,LONDON LIFE TRUSTEES LIMITED,00934044,IS_DIRECTLY_CONSOLIDATED_BY,False
2138001P49OLAEU33T68,STANDARD LIFE PLC,213800IHCXV68Y68RU96,PHOENIX WEALTH TRUSTEE SERVICES LIMITED,02155360,IS_DIRECTLY_CONSOLIDATED_BY,False
2138001P49OLAEU33T68,STANDARD LIFE PLC,213800ILIUK3NF5H7465,PHOENIX ER4 LIMITED,11121610,IS_DIRECTLY_CONSOLIDATED_BY,False
2138001P49OLAEU33T68,STANDARD LIFE PLC,213800J8J5RG7CXMLT47,BRITANNIC GROUP SERVICES LIMITED,02090476,IS_DIRECTLY_CONSOLIDATED_BY,False
2138001P49OLAEU33T68,STANDARD LIFE PLC,213800JSKEG8KHZF9G80,BL TELFORD LIMITED,00151731,IS_DIRECTLY_CONSOLIDATED_BY,False
2138001P49OLAEU33T68,STANDARD LIFE PLC,213800JTP4IW1CLE8Q08,PHOENIX PENSIONS TRUSTEE SERVICES LIMITED,01967589,IS_DIRECTLY_CONSOLIDATED_BY,False
2138001P49OLAEU33T68,STANDARD LIFE PLC,213800JU1AQEHLXNFB22,PHOENIX SL DIRECT LIMITED,00586343,IS_DIRECTLY_CONSOLIDATED_BY,False
2138001P49OLAEU33T68,STANDARD LIFE PLC,213800KR6QUMTDIX5H91,PEARL GROUP SERVICES LIMITED,05549998,IS_DIRECTLY_CONSOLIDATED_BY,False
2138001P49OLAEU33T68,STANDARD LIFE PLC,213800KSY8FMU99DE175,PHOENIX PENSION SCHEME (TRUSTEES) LIMITED,01912908,IS_DIRECTLY_CONSOLIDATED_BY,False
2138001P49OLAEU33T68,STANDARD LIFE PLC,213800L9MD2TYUF2M658,G ASSURANCE & PENSION SERVICES LTD,02150733,IS_DIRECTLY_CONSOLIDATED_BY,False
2138001P49OLAEU33T68,STANDARD LIFE PLC,213800LHZHSXHFZ59970,PHOENIX LIFE ASSURANCE LIMITED,00001419,IS_DIRECTLY_CONSOLIDATED_BY,False
2138001P49OLAEU33T68,STANDARD LIFE PLC,213800LJMZ4QEJ8AUV97,PHOENIX ULA LIMITED,00928046,IS_DIRECTLY_CONSOLIDATED_BY,False
2138001P49OLAEU33T68,STANDARD LIFE PLC,213800LU36TP1TUUMI19,G LIFE H LIMITED,00960516,IS_DIRECTLY_CONSOLIDATED_BY,False
2138001P49OLAEU33T68,STANDARD LIFE PLC,213800MQMHVIR9ZA1Y57,STANDARD LIFE LIMITED,01179800,IS_DIRECTLY_CONSOLIDATED_BY,False
2138001P49OLAEU33T68,STANDARD LIFE PLC,213800MTFCWA4G695463,NM PENSIONS LIMITED,04240147,IS_DIRECTLY_CONSOLIDATED_BY,False
2138001P49OLAEU33T68,STANDARD LIFE PLC,213800N5TUHIA7XVOB84,PHOENIX SPV4 LIMITED,11418621,IS_DIRECTLY_CONSOLIDATED_BY,False
2138001P49OLAEU33T68,STANDARD LIFE PLC,213800NDZUFCLVRMYQ89,PHOENIX GROUP HOLDINGS LIMITED,10691596,IS_DIRECTLY_CONSOLIDATED_BY,False
2138001P49OLAEU33T68,STANDARD LIFE PLC,213800NG1JUVIV3DGS16,PHOENIX SPV3 LIMITED,11418612,IS_DIRECTLY_CONSOLIDATED_BY,False
2138001P49OLAEU33T68,STANDARD LIFE PLC,213800O1YBZJ7WJK2567,SL LIVERPOOL LIMITED,02529609,IS_DIRECTLY_CONSOLIDATED_BY,False
2138001P49OLAEU33T68,STANDARD LIFE PLC,213800OCFONM4ZNJBB35,BRITANNIC MONEY INVESTMENT SERVICES LIMITED,02171236,IS_DIRECTLY_CONSOLIDATED_BY,False
2138001P49OLAEU33T68,STANDARD LIFE PLC,213800PO6LOTMSXHAP71,PEARL GROUP HOLDINGS (NO. 1) LIMITED,03524909,IS_DIRECTLY_CONSOLIDATED_BY,False
2138001P49OLAEU33T68,STANDARD LIFE PLC,213800PSSLEQR5IDJ351,PHOENIX WEALTH SERVICES LIMITED,02238458,IS_DIRECTLY_CONSOLIDATED_BY,False
2138001P49OLAEU33T68,STANDARD LIFE PLC,213800Q3CZMOFF9OE643,NPI (WESTGATE) LIMITED,03939272,IS_DIRECTLY_CONSOLIDATED_BY,False
2138001P49OLAEU33T68,STANDARD LIFE PLC,213800QSPR2LRLU34T67,ABBEY LIFE TRUSTEE SERVICES LIMITED,01451364,IS_DIRECTLY_CONSOLIDATED_BY,False
2138001P49OLAEU33T68,STANDARD LIFE PLC,213800R8PJ9EPBQLWP58,THE PEARL MARTINEAU GALLERIES LIMITED PARTNERSHIP,LP006989,IS_DIRECTLY_CONSOLIDATED_BY,False
2138001P49OLAEU33T68,STANDARD LIFE PLC,213800RGEZJWU7O2EQ55,PG DORMANT (NO 6) LIMITED,00165018,IS_DIRECTLY_CONSOLIDATED_BY,False
2138001P49OLAEU33T68,STANDARD LIFE PLC,213800RKSNN1SLFPXO64,ERIP LIMITED PARTNERSHIP,LP012555,IS_DIRECTLY_CONSOLIDATED_BY,False
2138001P49OLAEU33T68,STANDARD LIFE PLC,213800RUJKNJ1A9ZX173,STANDARD LIFE FUND MANAGERS LIMITED,03588031,IS_DIRECTLY_CONSOLIDATED_BY,False
2138001P49OLAEU33T68,STANDARD LIFE PLC,213800S88OB7OOLWB337,BRITANNIC FINANCE LIMITED,03588089,IS_DIRECTLY_CONSOLIDATED_BY,False
2138001P49OLAEU33T68,STANDARD LIFE PLC,213800SHU5OGZS6PJZ19,PEARL (COVENT GARDEN) LIMITED,04152541,IS_DIRECTLY_CONSOLIDATED_BY,False
2138001P49OLAEU33T68,STANDARD LIFE PLC,213800UL2ISGIL5ZYH43,PEARL (MOOR HOUSE) LIMITED,04209012,IS_DIRECTLY_CONSOLIDATED_BY,False
2138001P49OLAEU33T68,STANDARD LIFE PLC,213800URB5NH1X13VR38,REASSURE LIFE PENSION TRUSTEES LIMITED,01538109,IS_DIRECTLY_CONSOLIDATED_BY,False
2138001P49OLAEU33T68,STANDARD LIFE PLC,213800V2138XI4IYEZ47,REASSURE UK SERVICES LIMITED,07860886,IS_DIRECTLY_CONSOLIDATED_BY,False
2138001P49OLAEU33T68,STANDARD LIFE PLC,213800V8BBPFHQH81386,PEARL RLG LIMITED,04560770,IS_DIRECTLY_CONSOLIDATED_BY,False
2138001P49OLAEU33T68,STANDARD LIFE PLC,213800XBTJGEIJPJIT08,PHOENIX ER2 LIMITED,10196579,IS_DIRECTLY_CONSOLIDATED_BY,False
2138001P49OLAEU33T68,STANDARD LIFE PLC,213800XE3S51YKKDFC05,PHOENIX WEALTH HOLDINGS LIMITED,03223752,IS_DIRECTLY_CONSOLIDATED_BY,False
2138001P49OLAEU33T68,STANDARD LIFE PLC,213800Y7LOTDOSDNEL59,PHOENIX ADVISERS LIMITED,04339390,IS_DIRECTLY_CONSOLIDATED_BY,False
2138001P49OLAEU33T68,STANDARD LIFE PLC,213800YA6KBR5F6X5773,PHOENIX AW LIMITED,01225468,IS_DIRECTLY_CONSOLIDATED_BY,False
2138001P49OLAEU33T68,STANDARD LIFE PLC,213800YBYX8PMP3QQM09,PG DORMANT (NO 5) LIMITED,01621367,IS_DIRECTLY_CONSOLIDATED_BY,False
2138001P49OLAEU33T68,STANDARD LIFE PLC,213800YSR6GTJ8MVUS19,IMPALA HOLDINGS LIMITED,06306909,IS_DIRECTLY_CONSOLIDATED_BY,False
2138001P49OLAEU33T68,STANDARD LIFE PLC,213800YXNP7NQGER8E10,PHOENIX CUSTOMER CARE LIMITED,03315193,IS_DIRECTLY_CONSOLIDATED_BY,False
2138001P49OLAEU33T68,STANDARD LIFE PLC,213800ZFL26XQ7UIFU39,GRESHAM LIFE ASSURANCE SOCIETY LIMITED(THE),00039345,IS_DIRECTLY_CONSOLIDATED_BY,False
2138001P49OLAEU33T68,STANDARD LIFE PLC,213800ZILLOABHU4ZT66,SCOTTISH MUTUAL ASSURANCE LIMITED,SC133846,IS_DIRECTLY_CONSOLIDATED_BY,False
2138001P49OLAEU33T68,STANDARD LIFE PLC,5493004S4OGUNITLEY46,ERIP GENERAL PARTNER LIMITED,06416546,IS_DIRECTLY_CONSOLIDATED_BY,False
2138001P49OLAEU33T68,STANDARD LIFE PLC,5493005FMXD1DF7H5U38,ABBEY LIFE ASSURANCE COMPANY LIMITED,00710383,IS_DIRECTLY_CONSOLIDATED_BY,False
2138001P49OLAEU33T68,STANDARD LIFE PLC,5493005LF51QP7R4SS09,REASSURE LIFE LIMITED,01363932,IS_DIRECTLY_CONSOLIDATED_BY,False
2138001P49OLAEU33T68,STANDARD LIFE PLC,549300890XJXTPM3FM60,REASSURE GROUP LIMITED,11597179,IS_DIRECTLY_CONSOLIDATED_BY,False
2138001P49OLAEU33T68,STANDARD LIFE PLC,BQYCTFWOEM1JRDE6F109,REASSURE LIMITED,00754167,IS_DIRECTLY_CONSOLIDATED_BY,False
L3I9ZG2KFGXZ61BMYR72,THE BANK OF NOVA SCOTIA,5G6NVP4WADOI32VUUB17,SCOTIABANK EUROPE LIMITED,00817692,IS_DIRECTLY_CONSOLIDATED_BY,False
529900NNUPAGGOMPXZ31,VOLKSWAGEN AKTIENGESELLSCHAFT,529900RKV8QCFPSFUR46,VOLKSWAGEN FINANCIAL SERVICES (UK) LIMITED,02835230,IS_DIRECTLY_CONSOLIDATED_BY,False
529900NNUPAGGOMPXZ31,VOLKSWAGEN AKTIENGESELLSCHAFT,529900WYQD7NVHT77J02,EVERLLENCE UK LIMITED,00759517,IS_DIRECTLY_CONSOLIDATED_BY,False
529900NNUPAGGOMPXZ31,VOLKSWAGEN AKTIENGESELLSCHAFT,529900XV3G9LB0F1P877,BENTLEY MOTORS LIMITED,00992897,IS_DIRECTLY_CONSOLIDATED_BY,False
549300PPXHEU2JF0AM85,LLOYDS BANKING GROUP PLC,21380019EAD6N1LBHW48,LDC X LP,LP021583,IS_DIRECTLY_CONSOLIDATED_BY,False
549300PPXHEU2JF0AM85,LLOYDS BANKING GROUP PLC,2138001C4C9LQ4TDCK58,PRESTBURY 1 LIMITED PARTNERSHIP,LP011435,IS_DIRECTLY_CONSOLIDATED_BY,False
549300PPXHEU2JF0AM85,LLOYDS BANKING GROUP PLC,2138001KD31PXIQAC308,UBERIOR INFRASTRUCTURE INVESTMENTS (NO2) LIMITED,03743500,IS_DIRECTLY_CONSOLIDATED_BY,False
549300PPXHEU2JF0AM85,LLOYDS BANKING GROUP PLC,2138002EMG9DRRXUXS82,LDC (MANAGERS) LIMITED,02495714,IS_DIRECTLY_CONSOLIDATED_BY,False
549300PPXHEU2JF0AM85,LLOYDS BANKING GROUP PLC,21380044FC9WSFEAIV26,HOUSING GROWTH PARTNERSHIP II GP LLP,OC435445,IS_DIRECTLY_CONSOLIDATED_BY,False
549300PPXHEU2JF0AM85,LLOYDS BANKING GROUP PLC,2138004UYFT5O8NRMX98,HBOS FINANCIAL SERVICES LIMITED,03322151,IS_DIRECTLY_CONSOLIDATED_BY,False
549300PPXHEU2JF0AM85,LLOYDS BANKING GROUP PLC,2138005ASNB8XE2FYS15,LBG EQUITY INVESTMENTS LIMITED,02412574,IS_DIRECTLY_CONSOLIDATED_BY,False
549300PPXHEU2JF0AM85,LLOYDS BANKING GROUP PLC,2138005MBPD189RF9P42,HALIFAX FINANCIAL SERVICES LIMITED,02045934,IS_DIRECTLY_CONSOLIDATED_BY,False
549300PPXHEU2JF0AM85,LLOYDS BANKING GROUP PLC,2138005YIA4G95CSZM46,LLOYDS WEALTH MANAGEMENT (ACD) LIMITED,11722973,IS_DIRECTLY_CONSOLIDATED_BY,False
549300PPXHEU2JF0AM85,LLOYDS BANKING GROUP PLC,21380068U4D4AXRAVR55,LLOYDS BANK GENERAL INSURANCE HOLDINGS LIMITED,01628564,IS_DIRECTLY_CONSOLIDATED_BY,False
549300PPXHEU2JF0AM85,LLOYDS BANKING GROUP PLC,2138006AZECFVF4BN875,LLOYDS DEVELOPMENT CAPITAL (HOLDINGS) LIMITED,01107542,IS_DIRECTLY_CONSOLIDATED_BY,False
549300PPXHEU2JF0AM85,LLOYDS BANKING GROUP PLC,21380085W79IVAMVQT89,HOUSING GROWTH PARTNERSHIP LP,LP016825,IS_DIRECTLY_CONSOLIDATED_BY,False
549300PPXHEU2JF0AM85,LLOYDS BANKING GROUP PLC,2138008D6DXAWF4DJX57,MBNA EUROPE HOLDINGS LIMITED,02898169,IS_DIRECTLY_CONSOLIDATED_BY,False
549300PPXHEU2JF0AM85,LLOYDS BANKING GROUP PLC,2138008GEQPXPDJUNU76,HALIFAX FINANCIAL SERVICES (HOLDINGS) LIMITED,02357558,IS_DIRECTLY_CONSOLIDATED_BY,False
549300PPXHEU2JF0AM85,LLOYDS BANKING GROUP PLC,2138009G34NH3A71QP11,LLOYDS BANK MTCH LIMITED,06610429,IS_DIRECTLY_CONSOLIDATED_BY,False
549300PPXHEU2JF0AM85,LLOYDS BANKING GROUP PLC,2138009LZMNKPGZ3QC04,LDC (NOMINEES) LIMITED,06713621,IS_DIRECTLY_CONSOLIDATED_BY,False
549300PPXHEU2JF0AM85,LLOYDS BANKING GROUP PLC,213800AJ2VQEDVXK9596,LLOYDS BANK INSURANCE SERVICES LIMITED,00968406,IS_DIRECTLY_CONSOLIDATED_BY,False
549300PPXHEU2JF0AM85,LLOYDS BANKING GROUP PLC,213800BQNPLS1AJZIW46,LDC IX LP,LP020800,IS_DIRECTLY_CONSOLIDATED_BY,False
549300PPXHEU2JF0AM85,LLOYDS BANKING GROUP PLC,213800CJTZX5MPGKGV13,HOUSING GROWTH PARTNERSHIP II LP,LP021570,IS_DIRECTLY_CONSOLIDATED_BY,False
549300PPXHEU2JF0AM85,LLOYDS BANKING GROUP PLC,213800E2QOJCEOOJ3773,HALIFAX GENERAL INSURANCE SERVICES LIMITED,02791889,IS_DIRECTLY_CONSOLIDATED_BY,False
549300PPXHEU2JF0AM85,LLOYDS BANKING GROUP PLC,213800E35VDDQK69Y112,LDC (GENERAL PARTNER) LIMITED,02495635,IS_DIRECTLY_CONSOLIDATED_BY,False
549300PPXHEU2JF0AM85,LLOYDS BANKING GROUP PLC,213800F1NMFWVYDBLK10,CITRA LIVING PROPERTIES (NO. 6) LIMITED,15668093,IS_DIRECTLY_CONSOLIDATED_BY,False
549300PPXHEU2JF0AM85,LLOYDS BANKING GROUP PLC,213800G7WLZPCJP4QO83,CLERICAL MEDICAL FINANCE LIMITED,03850542,IS_DIRECTLY_CONSOLIDATED_BY,False
549300PPXHEU2JF0AM85,LLOYDS BANKING GROUP PLC,213800G9LNIZUTNGAG91,HALIFAX SHARE DEALING LIMITED,03195646,IS_DIRECTLY_CONSOLIDATED_BY,False
549300PPXHEU2JF0AM85,LLOYDS BANKING GROUP PLC,213800GKOID4446N9O09,HOUSING GROWTH PARTNERSHIP III LP,LP021569,IS_DIRECTLY_CONSOLIDATED_BY,False
549300PPXHEU2JF0AM85,LLOYDS BANKING GROUP PLC,213800GOHY4U1KR5OF08,HOUSING GROWTH PARTNERSHIP III GP LLP,OC435446,IS_DIRECTLY_CONSOLIDATED_BY,False
549300PPXHEU2JF0AM85,LLOYDS BANKING GROUP PLC,213800HQLYI41D2LD131,CITRA PATHWAYS LIMITED,15662072,IS_DIRECTLY_CONSOLIDATED_BY,False
549300PPXHEU2JF0AM85,LLOYDS BANKING GROUP PLC,213800ICM1O2MOA5KI63,LDC XII LP,LP022998,IS_DIRECTLY_CONSOLIDATED_BY,False
549300PPXHEU2JF0AM85,LLOYDS BANKING GROUP PLC,213800J34HSJ8KOWHO05,LDC PARALLEL (NOMINEES) LIMITED,03066501,IS_DIRECTLY_CONSOLIDATED_BY,False
549300PPXHEU2JF0AM85,LLOYDS BANKING GROUP PLC,213800KZU634L3FFD913,SHARE DEALING NOMINEES LIMITED,02583340,IS_DIRECTLY_CONSOLIDATED_BY,False
549300PPXHEU2JF0AM85,LLOYDS BANKING GROUP PLC,213800L6AFRWDKEU5W12,HOUSING GROWTH PARTNERSHIP MANAGER LIMITED,09507116,IS_DIRECTLY_CONSOLIDATED_BY,False
549300PPXHEU2JF0AM85,LLOYDS BANKING GROUP PLC,213800L7VTN5DQC2WM06,LDC XI LP,LP022251,IS_DIRECTLY_CONSOLIDATED_BY,False
549300PPXHEU2JF0AM85,LLOYDS BANKING GROUP PLC,213800M5XAJ462V4LF15,CITRA LIVING LIMITED,13120129,IS_DIRECTLY_CONSOLIDATED_BY,False
549300PPXHEU2JF0AM85,LLOYDS BANKING GROUP PLC,213800MBWEIJDM5CU638,LLOYDS BANK CORPORATE MARKETS PLC,10399850,IS_DIRECTLY_CONSOLIDATED_BY,False
549300PPXHEU2JF0AM85,LLOYDS BANKING GROUP PLC,213800N147LHLDNHLQ31,CITY & GENERAL SECURITIES LIMITED,04772368,IS_DIRECTLY_CONSOLIDATED_BY,False
549300PPXHEU2JF0AM85,LLOYDS BANKING GROUP PLC,213800NO6R1EURZXSU76,LLOYDS WEALTH MANAGEMENT HOLDINGS LIMITED,11722485,IS_DIRECTLY_CONSOLIDATED_BY,False
549300PPXHEU2JF0AM85,LLOYDS BANKING GROUP PLC,213800OG6I7J2Y2FPC29,LLOYDS WEALTH MANAGEMENT LIMITED,11722983,IS_DIRECTLY_CONSOLIDATED_BY,False
549300PPXHEU2JF0AM85,LLOYDS BANKING GROUP PLC,213800OGODGD6CGK2980,CITRA LIVING PROPERTIES (NO. 1) LIMITED,13306073,IS_DIRECTLY_CONSOLIDATED_BY,False
549300PPXHEU2JF0AM85,LLOYDS BANKING GROUP PLC,213800PAXY3M2WPLQK98,LLOYDS BANK GENERAL INSURANCE LIMITED,00204373,IS_DIRECTLY_CONSOLIDATED_BY,False
549300PPXHEU2JF0AM85,LLOYDS BANKING GROUP PLC,213800QLPXVY9MLGG515,CITRA LIVING OPERATING COMPANY (NO. 1) LIMITED,15667663,IS_DIRECTLY_CONSOLIDATED_BY,False
549300PPXHEU2JF0AM85,LLOYDS BANKING GROUP PLC,213800QUZ637GQF47G95,CITRA LIVING PROPERTIES (NO.2) LIMITED,14566978,IS_DIRECTLY_CONSOLIDATED_BY,False
549300PPXHEU2JF0AM85,LLOYDS BANKING GROUP PLC,213800R6JVSVD3G9KP54,HSDL NOMINEES LIMITED,02249630,IS_DIRECTLY_CONSOLIDATED_BY,False
549300PPXHEU2JF0AM85,LLOYDS BANKING GROUP PLC,213800RLE5MGEO9MAV80,ST ANDREW'S GROUP LIMITED,03011193,IS_DIRECTLY_CONSOLIDATED_BY,False
549300PPXHEU2JF0AM85,LLOYDS BANKING GROUP PLC,213800RN8G8WGY7GS835,HOUSING GROWTH PARTNERSHIP LIMITED,09504850,IS_DIRECTLY_CONSOLIDATED_BY,False
549300PPXHEU2JF0AM85,LLOYDS BANKING GROUP PLC,213800RZBM85XM1ZXA71,BERGAMOT VENTURES LIMITED,04585071,IS_DIRECTLY_CONSOLIDATED_BY,False
549300PPXHEU2JF0AM85,LLOYDS BANKING GROUP PLC,213800TKDMVMCUH3SZ31,HOUSING GROWTH PARTNERSHIP GP LLP,OC399747,IS_DIRECTLY_CONSOLIDATED_BY,False
549300PPXHEU2JF0AM85,LLOYDS BANKING GROUP PLC,213800UEEB5S7YP9JB61,EUROPA PROPERTY COMPANY (NORTHERN) LIMITED,02873450,IS_DIRECTLY_CONSOLIDATED_BY,False
549300PPXHEU2JF0AM85,LLOYDS BANKING GROUP PLC,213800UN4TBK5IUTI311,LDC VIII LP,LP019919,IS_DIRECTLY_CONSOLIDATED_BY,False
549300PPXHEU2JF0AM85,LLOYDS BANKING GROUP PLC,213800UPELTKCH9ZFB94,HALIFAX FINANCIAL BROKERS LIMITED,02367078,IS_DIRECTLY_CONSOLIDATED_BY,False
549300PPXHEU2JF0AM85,LLOYDS BANKING GROUP PLC,213800ZTGESXHAQML653,CITRA DEVELOPMENT COMPANY (NO.1) LIMITED,14137837,IS_DIRECTLY_CONSOLIDATED_BY,False
549300PPXHEU2JF0AM85,LLOYDS BANKING GROUP PLC,213800ZZZG1D5RRPEK89,STROMA GROUP LIMITED,08960979,IS_DIRECTLY_CONSOLIDATED_BY,False
549300PPXHEU2JF0AM85,LLOYDS BANKING GROUP PLC,549300CSEJXYFOJD5N62,ST ANDREW'S INSURANCE PLC,03104671,IS_DIRECTLY_CONSOLIDATED_BY,False
549300PPXHEU2JF0AM85,LLOYDS BANKING GROUP PLC,549300EZC54I6DDUTR91,CLERICAL MEDICAL INVESTMENT FUND MANAGERS LIMITED,02792006,IS_DIRECTLY_CONSOLIDATED_BY,False
549300PPXHEU2JF0AM85,LLOYDS BANKING GROUP PLC,549300S3P4IT9YL69L18,HBOS INVESTMENT FUND MANAGERS LIMITED,00941082,IS_DIRECTLY_CONSOLIDATED_BY,False
549300PPXHEU2JF0AM85,LLOYDS BANKING GROUP PLC,549300ZT0RVWCG8T4L55,SCOTTISH WIDOWS LIMITED,03196171,IS_DIRECTLY_CONSOLIDATED_BY,False
549300PPXHEU2JF0AM85,LLOYDS BANKING GROUP PLC,H7FNTJ4851HG0EXQ1Z70,LLOYDS BANK PLC,00002065,IS_DIRECTLY_CONSOLIDATED_BY,False
21380068P1DRHMJ8KU70,SHELL PLC,2138002JVA2ZUA57SF18,SHELL U.K. LIMITED,00140141,IS_DIRECTLY_CONSOLIDATED_BY,False
21380068P1DRHMJ8KU70,SHELL PLC,21380042XUTN3V9YGL02,THE SHELL COMPANY OF THAILAND LIMITED,00130588,IS_DIRECTLY_CONSOLIDATED_BY,False
21380068P1DRHMJ8KU70,SHELL PLC,2138004F93X61K6AI365,SHELL AIRCRAFT LIMITED,00602872,IS_DIRECTLY_CONSOLIDATED_BY,False
21380068P1DRHMJ8KU70,SHELL PLC,2138004VFYZFYLELHT92,BRAZIL SHIPPING I LIMITED,07211438,IS_DIRECTLY_CONSOLIDATED_BY,False
21380068P1DRHMJ8KU70,SHELL PLC,2138005GO89SL7POC895,SHELL GAS HOLDINGS (MALAYSIA) LIMITED,04474791,IS_DIRECTLY_CONSOLIDATED_BY,False
21380068P1DRHMJ8KU70,SHELL PLC,2138006IGRYMYIBZEA22,SHELL COMPANY OF TÜRKIYE LIMITED,00188307,IS_DIRECTLY_CONSOLIDATED_BY,False
21380068P1DRHMJ8KU70,SHELL PLC,2138007T8JHOSVJUR255,SHELL OVERSEAS HOLDINGS LIMITED,00596107,IS_DIRECTLY_CONSOLIDATED_BY,False
21380068P1DRHMJ8KU70,SHELL PLC,2138008C2D8YCSIHGT37,SHELL U.K. OIL PRODUCTS LIMITED,03625633,IS_DIRECTLY_CONSOLIDATED_BY,False
21380068P1DRHMJ8KU70,SHELL PLC,213800DWOM4CZ22IEQ48,SHELL RESEARCH LIMITED,00539964,IS_DIRECTLY_CONSOLIDATED_BY,False
21380068P1DRHMJ8KU70,SHELL PLC,213800EDPV6T4K835K83,SHELL PETROLEUM COMPANY LIMITED(THE),00077861,IS_DIRECTLY_CONSOLIDATED_BY,False
21380068P1DRHMJ8KU70,SHELL PLC,213800J66OH9C7FUCN18,SABAH SHELL PETROLEUM COMPANY LIMITED,00342234,IS_DIRECTLY_CONSOLIDATED_BY,False
21380068P1DRHMJ8KU70,SHELL PLC,213800LZT3VHLC9GTW24,DERIVATIVES TRADING ATLANTIC LIMITED,11730247,IS_DIRECTLY_CONSOLIDATED_BY,False
21380068P1DRHMJ8KU70,SHELL PLC,213800NHY5QDMAWYGJ09,BG NORTH SEA HOLDINGS LIMITED,02383911,IS_DIRECTLY_CONSOLIDATED_BY,False
21380068P1DRHMJ8KU70,SHELL PLC,213800TUEBQ8SX1DFN77,SHELL INTERNATIONAL PETROLEUM COMPANY LIMITED,00621148,IS_DIRECTLY_CONSOLIDATED_BY,False
21380068P1DRHMJ8KU70,SHELL PLC,213800UFZSMODL7XP424,SHELL TREASURY DOLLAR COMPANY LIMITED,03469401,IS_DIRECTLY_CONSOLIDATED_BY,False
21380068P1DRHMJ8KU70,SHELL PLC,213800WIHSFSGMYPTK39,ENTERPRISE OIL LIMITED,01682048,IS_DIRECTLY_CONSOLIDATED_BY,False
21380068P1DRHMJ8KU70,SHELL PLC,213800Y74U3ETGXOC947,SHELL MALAYSIA LIMITED,00114428,IS_DIRECTLY_CONSOLIDATED_BY,False
21380068P1DRHMJ8KU70,SHELL PLC,549300466KCJI317XO26,SHELL INTERNATIONAL TRADING AND SHIPPING COMPANY LIMITED,00525037,IS_DIRECTLY_CONSOLIDATED_BY,False
21380068P1DRHMJ8KU70,SHELL PLC,5493008LFEFSN1CR8I42,SHELL TREASURY CENTRE LIMITED,03466994,IS_DIRECTLY_CONSOLIDATED_BY,False
21380068P1DRHMJ8KU70,SHELL PLC,549300BNUNV6S8FNT410,SHELL GLOBAL LNG LIMITED,01287989,IS_DIRECTLY_CONSOLIDATED_BY,False
21380068P1DRHMJ8KU70,SHELL PLC,549300C63TY5E3U3HI12,SHELL CHINA EXPLORATION AND PRODUCTION COMPANY LIMITED,01169677,IS_DIRECTLY_CONSOLIDATED_BY,False
21380068P1DRHMJ8KU70,SHELL PLC,549300P5UUSTGZSUO841,METHANE SERVICES LIMITED,00737366,IS_DIRECTLY_CONSOLIDATED_BY,False
21380068P1DRHMJ8KU70,SHELL PLC,549300PM7ZTRSEBUN003,BG GROUP PENSION TRUSTEES LIMITED,04229722,IS_DIRECTLY_CONSOLIDATED_BY,False
21380068P1DRHMJ8KU70,SHELL PLC,549300WG0L370P0UP204,STT (DAS BENEFICIARY) LIMITED,05416740,IS_DIRECTLY_CONSOLIDATED_BY,False
21380068P1DRHMJ8KU70,SHELL PLC,549300WVOTTC0QW0ZM23,SHELL UPSTREAM OVERSEAS SERVICES (I) LIMITED,07657243,IS_DIRECTLY_CONSOLIDATED_BY,False
21380068P1DRHMJ8KU70,SHELL PLC,S2M8QDKEE05NZN8JD460,BG ENERGY CAPITAL PLC,04222391,IS_DIRECTLY_CONSOLIDATED_BY,False
21380068P1DRHMJ8KU70,SHELL PLC,V1LV067AJN766PCJIG11,BG ENERGY HOLDINGS LIMITED,03763515,IS_DIRECTLY_CONSOLIDATED_BY,False
Q9MAIUP40P25UFBFG033,E.ON SE,5299001VIIAOBB0WOZ43,NPOWER NORTHERN LIMITED,03432100,IS_DIRECTLY_CONSOLIDATED_BY,False
Q9MAIUP40P25UFBFG033,E.ON SE,529900L2VE933OFI2F20,NPOWER LIMITED,03653277,IS_DIRECTLY_CONSOLIDATED_BY,False
Q9MAIUP40P25UFBFG033,E.ON SE,529900Q906JI1RUGNX91,E.ON NEXT ENERGY LIMITED,03782443,IS_DIRECTLY_CONSOLIDATED_BY,False
Q9MAIUP40P25UFBFG033,E.ON SE,5493002W8WQVR23VZ510,E.ON ENERGY SOLUTIONS LIMITED,03407430,IS_DIRECTLY_CONSOLIDATED_BY,False
Q9MAIUP40P25UFBFG033,E.ON SE,54930033NVZ42A64JU25,E.ON UK PLC,02366970,IS_DIRECTLY_CONSOLIDATED_BY,False
Q9MAIUP40P25UFBFG033,E.ON SE,5493006ZU7QPSNDCHI30,E.ON UK ENERGY MARKETS LIMITED,09884706,IS_DIRECTLY_CONSOLIDATED_BY,False
Q9MAIUP40P25UFBFG033,E.ON SE,5493007FW7V3WDHH2E20,E.ON UK HOLDING COMPANY LIMITED,01313782,IS_DIRECTLY_CONSOLIDATED_BY,False
Q9MAIUP40P25UFBFG033,E.ON SE,549300CBBNTDG1FHCL58,E.ON UK CHP LIMITED,02684288,IS_DIRECTLY_CONSOLIDATED_BY,False
Q9MAIUP40P25UFBFG033,E.ON SE,549300IAB9HYD6D3QM47,E.ON CONNECTING ENERGIES LIMITED,07592412,IS_DIRECTLY_CONSOLIDATED_BY,False
Q9MAIUP40P25UFBFG033,E.ON SE,549300NCO3GH2FNJV266,CITIGEN (LONDON) LIMITED,02427823,IS_DIRECTLY_CONSOLIDATED_BY,False
Q9MAIUP40P25UFBFG033,E.ON SE,549300PJK6W5LDR27J42,E.ON IT UK LIMITED,05617434,IS_DIRECTLY_CONSOLIDATED_BY,False
Q9MAIUP40P25UFBFG033,E.ON SE,549300QV61PFU1OJ4I57,E.ON UK GREEN FUNDING SOLUTIONS LIMITED,02730697,IS_DIRECTLY_CONSOLIDATED_BY,False
Q9MAIUP40P25UFBFG033,E.ON SE,549300STL7GHOROZCJ52,LIGHTING FOR STAFFORDSHIRE LIMITED,04636331,IS_DIRECTLY_CONSOLIDATED_BY,False
Q9MAIUP40P25UFBFG033,E.ON SE,549300UTD0OPT3YMXQ62,E.ON UK INFRASTRUCTURE SERVICES LIMITED,07537806,IS_DIRECTLY_CONSOLIDATED_BY,False
Q9MAIUP40P25UFBFG033,E.ON SE,549300WTIZK35OVYJ596,E.ON UK STEVEN’S CROFT LIMITED,10253456,IS_DIRECTLY_CONSOLIDATED_BY,False
Q9MAIUP40P25UFBFG033,E.ON SE,549300X72Q309VDP3O57,KEMSLEY CHP LIMITED,10082985,IS_DIRECTLY_CONSOLIDATED_BY,False
353800VHQU5VIXVUA841,ＮＴＴ株式会社,2138004Q6C8ED3TBI118,NTT LIMITED,12035182,IS_DIRECTLY_CONSOLIDATED_BY,False
353800VHQU5VIXVUA841,ＮＴＴ株式会社,213800JDB9L35MKP6U36,NTT DATA UK LIMITED,03085018,IS_DIRECTLY_CONSOLIDATED_BY,False
353800VHQU5VIXVUA841,ＮＴＴ株式会社,213800KTZZIRPQU5NL95,NTT LTD GROUP SERVICES UNITED KINGDOM LIMITED,09749205,IS_DIRECTLY_CONSOLIDATED_BY,False
353800VHQU5VIXVUA841,ＮＴＴ株式会社,213800P1O5IEOB5VAQ06,E2Y LIMITED,08914061,IS_DIRECTLY_CONSOLIDATED_BY,False
353800VHQU5VIXVUA841,ＮＴＴ株式会社,213800PXHYHS3AA1W502,DIMENSION DATA HOLDINGS LIMITED,03704278,IS_DIRECTLY_CONSOLIDATED_BY,False
353800VHQU5VIXVUA841,ＮＴＴ株式会社,213800TSQSAK13IF4U29,NTT UNITED KINGDOM LIMITED,01505004,IS_DIRECTLY_CONSOLIDATED_BY,False
353800VHQU5VIXVUA841,ＮＴＴ株式会社,213800XKN2X13ALO1D59,NTT LTD COMMERCE CENTRE UNITED KINGDOM LIMITED,09679891,IS_DIRECTLY_CONSOLIDATED_BY,False
353800VHQU5VIXVUA841,ＮＴＴ株式会社,5299008KJTGZLM6HIR79,NTT SECURITY (UK) LIMITED,03403334,IS_DIRECTLY_CONSOLIDATED_BY,False
YF0Y5B0IB8SM0ZFG9G81,AVIVA PLC,2138002WKX95PIGU7A48,SUSTAINABLE HOUSING HOLDCO LIMITED,13856599,IS_DIRECTLY_CONSOLIDATED_BY,False
YF0Y5B0IB8SM0ZFG9G81,AVIVA PLC,21380034CF6JEEMU2H58,PROBITAS MANAGING AGENCY LIMITED,12242600,IS_DIRECTLY_CONSOLIDATED_BY,False
YF0Y5B0IB8SM0ZFG9G81,AVIVA PLC,2138003CYXQ7ZSMFIW51,AVIVA MANAGEMENT SERVICES UK LIMITED,00983330,IS_DIRECTLY_CONSOLIDATED_BY,False
YF0Y5B0IB8SM0ZFG9G81,AVIVA PLC,2138003FG2HTZMDU6M40,GRESHAM INSURANCE COMPANY LIMITED,00110410,IS_DIRECTLY_CONSOLIDATED_BY,False
YF0Y5B0IB8SM0ZFG9G81,AVIVA PLC,2138003KZYQ26LC2HG58,43 LOWNDES SQUARE MANAGEMENT COMPANY LIMITED,01842649,IS_DIRECTLY_CONSOLIDATED_BY,False
YF0Y5B0IB8SM0ZFG9G81,AVIVA PLC,2138003LQQL7N6C6WG29,AVIVA UKLAP DE-RISKING LIMITED,03491273,IS_DIRECTLY_CONSOLIDATED_BY,False
YF0Y5B0IB8SM0ZFG9G81,AVIVA PLC,2138005J84RYUEEHDO66,FRIENDS PROVIDENT INVESTMENT HOLDINGS LIMITED,04078710,IS_DIRECTLY_CONSOLIDATED_BY,False
YF0Y5B0IB8SM0ZFG9G81,AVIVA PLC,213800634C1GHSJAB594,SESAME BANKHALL VALUATION SERVICES LIMITED,04219521,IS_DIRECTLY_CONSOLIDATED_BY,False
YF0Y5B0IB8SM0ZFG9G81,AVIVA PLC,2138006BFAKHS8UKT527,AVIVA UK DIGITAL LIMITED,09766150,IS_DIRECTLY_CONSOLIDATED_BY,False
YF0Y5B0IB8SM0ZFG9G81,AVIVA PLC,2138006JVBQW12P27J28,AVIVA LIFE SERVICES UK LIMITED,02403746,IS_DIRECTLY_CONSOLIDATED_BY,False
YF0Y5B0IB8SM0ZFG9G81,AVIVA PLC,2138006MPUJZINSD3Y02,GATEWAY SPECIALIST ADVICE SERVICES LIMITED,07077821,IS_DIRECTLY_CONSOLIDATED_BY,False
YF0Y5B0IB8SM0ZFG9G81,AVIVA PLC,2138006T7BLV9T8N2H78,AXCESS 10 MANAGEMENT COMPANY LIMITED,03195337,IS_DIRECTLY_CONSOLIDATED_BY,False
YF0Y5B0IB8SM0ZFG9G81,AVIVA PLC,21380077FR2ST4ZDKX44,AVIVA EMPLOYMENT SERVICES LIMITED,03280551,IS_DIRECTLY_CONSOLIDATED_BY,False
YF0Y5B0IB8SM0ZFG9G81,AVIVA PLC,2138007R5QMBMWU6NW33,AVIVA INVESTORS SECURE INCOME REIT LIMITED,10985117,IS_DIRECTLY_CONSOLIDATED_BY,False
YF0Y5B0IB8SM0ZFG9G81,AVIVA PLC,2138008EY5V67I9UY420,AVIVA WRAP UK LIMITED,04470008,IS_DIRECTLY_CONSOLIDATED_BY,False
YF0Y5B0IB8SM0ZFG9G81,AVIVA PLC,2138009ZHAJ56NONAY14,AVIVA LIFE INVESTMENTS INTERNATIONAL (RECOVERY) LIMITED,02052824,IS_DIRECTLY_CONSOLIDATED_BY,False
YF0Y5B0IB8SM0ZFG9G81,AVIVA PLC,213800AF9R6ANNVL4V97,FRIENDS LIFE COMPANY LIMITED,03291349,IS_DIRECTLY_CONSOLIDATED_BY,False
YF0Y5B0IB8SM0ZFG9G81,AVIVA PLC,213800CHQ5ZAJLKFY951,41-42 LOWNDES SQUARE MANAGEMENT COMPANY LIMITED,04045531,IS_DIRECTLY_CONSOLIDATED_BY,False
YF0Y5B0IB8SM0ZFG9G81,AVIVA PLC,213800EAQGGC37SGYS04,AVIVA PENSION TRUSTEES UK LIMITED,02407799,IS_DIRECTLY_CONSOLIDATED_BY,False
YF0Y5B0IB8SM0ZFG9G81,AVIVA PLC,213800EWQSA9QGOT3X46,SOLUS (LONDON) LIMITED,03078842,IS_DIRECTLY_CONSOLIDATED_BY,False
YF0Y5B0IB8SM0ZFG9G81,AVIVA PLC,213800FB37RSH65YWP61,SUNTRUST LIMITED,01460956,IS_DIRECTLY_CONSOLIDATED_BY,False
YF0Y5B0IB8SM0ZFG9G81,AVIVA PLC,213800HMXWRSS9ZJ4D73,SESAME BANKHALL GROUP LIMITED,03573352,IS_DIRECTLY_CONSOLIDATED_BY,False
YF0Y5B0IB8SM0ZFG9G81,AVIVA PLC,213800J8VNRRHRJWKU77,AVIVA EUROPE UK SOCIETAS,SE000031,IS_DIRECTLY_CONSOLIDATED_BY,False
YF0Y5B0IB8SM0ZFG9G81,AVIVA PLC,213800KA5DH8W46SEF79,HEALTHCODE LIMITED,03867872,IS_DIRECTLY_CONSOLIDATED_BY,False
YF0Y5B0IB8SM0ZFG9G81,AVIVA PLC,213800KNENEKZ31V2H15,AVIVA ERFA 15 UK LIMITED,06518135,IS_DIRECTLY_CONSOLIDATED_BY,False
YF0Y5B0IB8SM0ZFG9G81,AVIVA PLC,213800NBNVCKDZKLWL64,AVIVA INTERNATIONAL HOLDINGS LIMITED,02180206,IS_DIRECTLY_CONSOLIDATED_BY,False
YF0Y5B0IB8SM0ZFG9G81,AVIVA PLC,213800NHWV8Q6Q76SF08,AVIVA CREDIT SERVICES UK LIMITED,00184857,IS_DIRECTLY_CONSOLIDATED_BY,False
YF0Y5B0IB8SM0ZFG9G81,AVIVA PLC,213800ODSFH727DWUG33,OPAL (UK) HOLDINGS LIMITED,04927446,IS_DIRECTLY_CONSOLIDATED_BY,False
YF0Y5B0IB8SM0ZFG9G81,AVIVA PLC,213800P3H6VP4IE2TA21,STONEBRIDGE CROSS MANAGEMENT LIMITED,03823556,IS_DIRECTLY_CONSOLIDATED_BY,False
YF0Y5B0IB8SM0ZFG9G81,AVIVA PLC,213800PL3PRHOJJPX274,AVIVA WEALTH HOLDINGS UK LIMITED,06861305,IS_DIRECTLY_CONSOLIDATED_BY,False
YF0Y5B0IB8SM0ZFG9G81,AVIVA PLC,213800PQ8U39UAMJ4B52,SHR IPSWICH LIMITED,14068191,IS_DIRECTLY_CONSOLIDATED_BY,False
YF0Y5B0IB8SM0ZFG9G81,AVIVA PLC,213800Q93FUZEKDNTD30,POLARIS U.K. LIMITED,02911441,IS_DIRECTLY_CONSOLIDATED_BY,False
YF0Y5B0IB8SM0ZFG9G81,AVIVA PLC,213800QOW312BVT1VA98,AIG LIFE LIMITED,06367921,IS_DIRECTLY_CONSOLIDATED_BY,False
YF0Y5B0IB8SM0ZFG9G81,AVIVA PLC,213800R324WNWH8U7X39,UNDERSHAFT LIMITED,04075935,IS_DIRECTLY_CONSOLIDATED_BY,False
YF0Y5B0IB8SM0ZFG9G81,AVIVA PLC,213800R5KOS6SXS8NL24,AVIVA LIFE HOLDINGS UK LIMITED,02403518,IS_DIRECTLY_CONSOLIDATED_BY,False
YF0Y5B0IB8SM0ZFG9G81,AVIVA PLC,213800RBUXTOSUDEN413,SESAME LIMITED,02844161,IS_DIRECTLY_CONSOLIDATED_BY,False
YF0Y5B0IB8SM0ZFG9G81,AVIVA PLC,213800S774FDVGM56C45,LONDON AND MANCHESTER GROUP LIMITED,01594941,IS_DIRECTLY_CONSOLIDATED_BY,False
YF0Y5B0IB8SM0ZFG9G81,AVIVA PLC,213800SIS1U8O6VJJ697,SESAME GENERAL INSURANCE SERVICES LIMITED,01902998,IS_DIRECTLY_CONSOLIDATED_BY,False
YF0Y5B0IB8SM0ZFG9G81,AVIVA PLC,213800TS9W8PN1Y94J21,IQUO LIMITED,03558333,IS_DIRECTLY_CONSOLIDATED_BY,False
YF0Y5B0IB8SM0ZFG9G81,AVIVA PLC,213800U4N8B1RZ3NDP78,SESAME SERVICES LIMITED,02338540,IS_DIRECTLY_CONSOLIDATED_BY,False
YF0Y5B0IB8SM0ZFG9G81,AVIVA PLC,213800U5RJ6DAM5NBX96,6-10 LOWNDES SQUARE MANAGEMENT COMPANY LIMITED,01842646,IS_DIRECTLY_CONSOLIDATED_BY,False
YF0Y5B0IB8SM0ZFG9G81,AVIVA PLC,213800UWBEW1ZJRF5624,AVIVA HEALTH UK LIMITED,02464270,IS_DIRECTLY_CONSOLIDATED_BY,False
YF0Y5B0IB8SM0ZFG9G81,AVIVA PLC,213800VDVMLD48N5IJ72,SINFONIA ASSET MANAGEMENT LIMITED,06309491,IS_DIRECTLY_CONSOLIDATED_BY,False
YF0Y5B0IB8SM0ZFG9G81,AVIVA PLC,213800WF9T5RAGP31J59,OPUS PARK MANAGEMENT LIMITED,02831142,IS_DIRECTLY_CONSOLIDATED_BY,False
YF0Y5B0IB8SM0ZFG9G81,AVIVA PLC,213800WX34B26U97VY16,THE LANCASHIRE AND YORKSHIRE REVERSIONARY INTEREST COMPANY LIMITED,00019770,IS_DIRECTLY_CONSOLIDATED_BY,False
YF0Y5B0IB8SM0ZFG9G81,AVIVA PLC,213800YHP3VDM1MKQ347,BANKHALL SUPPORT SERVICES LIMITED,02785381,IS_DIRECTLY_CONSOLIDATED_BY,False
YF0Y5B0IB8SM0ZFG9G81,AVIVA PLC,213800ZRHYVMTNLZ3W96,FRIENDS LIFE FPLMA LIMITED,00004599,IS_DIRECTLY_CONSOLIDATED_BY,False
YF0Y5B0IB8SM0ZFG9G81,AVIVA PLC,213800ZUJ98EFZ9DF930,AVIVA CENTRAL SERVICES UK LIMITED,03259447,IS_DIRECTLY_CONSOLIDATED_BY,False
YF0Y5B0IB8SM0ZFG9G81,AVIVA PLC,375OYQ6H0Q4PK394M105,AVIVA EQUITY RELEASE UK LIMITED,03286484,IS_DIRECTLY_CONSOLIDATED_BY,False
YF0Y5B0IB8SM0ZFG9G81,AVIVA PLC,5493006NO0E0RU0BSO29,AVIVA UKGI INVESTMENTS LTD,02247671,IS_DIRECTLY_CONSOLIDATED_BY,False
YF0Y5B0IB8SM0ZFG9G81,AVIVA PLC,5493007CDYM7I1M5DZ80,AVIVA INVESTMENT SOLUTIONS UK LIMITED,06389025,IS_DIRECTLY_CONSOLIDATED_BY,False
YF0Y5B0IB8SM0ZFG9G81,AVIVA PLC,5493008NEQ31JQSE1K52,AVIVA GROUP HOLDINGS LIMITED,01555746,IS_DIRECTLY_CONSOLIDATED_BY,False
YF0Y5B0IB8SM0ZFG9G81,AVIVA PLC,549300F7DBOD216GB097,AVIVA STAFF PENSION TRUSTEE LIMITED,01438185,IS_DIRECTLY_CONSOLIDATED_BY,False
YF0Y5B0IB8SM0ZFG9G81,AVIVA PLC,549300KTLIAIKSMMBO32,AVIVA ADMINISTRATION LIMITED,03424940,IS_DIRECTLY_CONSOLIDATED_BY,False
YF0Y5B0IB8SM0ZFG9G81,AVIVA PLC,549300NYP1X2VF6BTW90,FRIENDS LIFE AND PENSIONS LIMITED,00475201,IS_DIRECTLY_CONSOLIDATED_BY,False
YF0Y5B0IB8SM0ZFG9G81,AVIVA PLC,IHNZN3GVPQJ4BFKMDO95,AVIVA LIFE & PENSIONS UK LIMITED,03253947,IS_DIRECTLY_CONSOLIDATED_BY,False
YF0Y5B0IB8SM0ZFG9G81,AVIVA PLC,WJHQ8HJCNBR1V6EQ1R27,AVIVA INVESTORS GLOBAL SERVICES LIMITED,01151805,IS_DIRECTLY_CONSOLIDATED_BY,False
YF0Y5B0IB8SM0ZFG9G81,AVIVA PLC,YVWKAYL3K13YWXAVNZ95,FRIENDS LIFE LIMITED,04096141,IS_DIRECTLY_CONSOLIDATED_BY,False
549300LO13MQ9HYSTR83,ARCHER-DANIELS-MIDLAND COMPANY,213800GNABQM2M887812,ADM INVESTOR SERVICES INTERNATIONAL LIMITED,02547805,IS_DIRECTLY_CONSOLIDATED_BY,False
549300LO13MQ9HYSTR83,ARCHER-DANIELS-MIDLAND COMPANY,213800UXM6VR4FN28Z39,ADM WILD UK LIMITED,02672448,IS_DIRECTLY_CONSOLIDATED_BY,False
549300LO13MQ9HYSTR83,ARCHER-DANIELS-MIDLAND COMPANY,213800VWG7AO5BN2AA65,FUERST DAY LAWSON LIMITED,00607374,IS_DIRECTLY_CONSOLIDATED_BY,False
549300LO13MQ9HYSTR83,ARCHER-DANIELS-MIDLAND COMPANY,254900AX2C4PUQ4M8V77,TOTALLY NATURAL SOLUTIONS LTD,08410460,IS_DIRECTLY_CONSOLIDATED_BY,False
549300LO13MQ9HYSTR83,ARCHER-DANIELS-MIDLAND COMPANY,529900370VKD5KX7R188,ADM AGRICULTURE LIMITED,00904957,IS_DIRECTLY_CONSOLIDATED_BY,False
549300LO13MQ9HYSTR83,ARCHER-DANIELS-MIDLAND COMPANY,5493003UK3DBNRS7F717,ARCHER DANIELS MIDLAND (UK) LIMITED,01090901,IS_DIRECTLY_CONSOLIDATED_BY,False
549300LO13MQ9HYSTR83,ARCHER-DANIELS-MIDLAND COMPANY,549300BZE563GRV83481,PURA FOODS LIMITED,02158570,IS_DIRECTLY_CONSOLIDATED_BY,False
549300LO13MQ9HYSTR83,ARCHER-DANIELS-MIDLAND COMPANY,549300CLL5K59ILSVL64,ARCHER DANIELS MIDLAND ERITH LIMITED,00159486,IS_DIRECTLY_CONSOLIDATED_BY,False
549300LO13MQ9HYSTR83,ARCHER-DANIELS-MIDLAND COMPANY,549300PBE3C30QWPET83,ADM PROTEXIN LIMITED,01122942,IS_DIRECTLY_CONSOLIDATED_BY,False
549300LO13MQ9HYSTR83,ARCHER-DANIELS-MIDLAND COMPANY,549300WHTHBDO120XJ46,ADM MILLING LIMITED,02445197,IS_DIRECTLY_CONSOLIDATED_BY,False
549300XMP3KDCKJXIU47,"MARSH & MCLENNAN COMPANIES, INC.",21380019CML8X4434616,CALM TREASURY HOLDINGS LIMITED,09787086,IS_DIRECTLY_CONSOLIDATED_BY,False
549300XMP3KDCKJXIU47,"MARSH & MCLENNAN COMPANIES, INC.",2138004OB9M9TL96L181,MMC SECURITIES LIMITED,01116930,IS_DIRECTLY_CONSOLIDATED_BY,False
549300XMP3KDCKJXIU47,"MARSH & MCLENNAN COMPANIES, INC.",2138004W3H2168MBE686,CALM FINANCE HOLDINGS LIMITED,06719097,IS_DIRECTLY_CONSOLIDATED_BY,False
549300XMP3KDCKJXIU47,"MARSH & MCLENNAN COMPANIES, INC.",2138005TW367EHU4UY96,MMC INTERNATIONAL LIMITED,03699550,IS_DIRECTLY_CONSOLIDATED_BY,False
549300XMP3KDCKJXIU47,"MARSH & MCLENNAN COMPANIES, INC.",2138006SO4JRFJ7WKG34,JLT WEALTH MANAGEMENT LIMITED,03876529,IS_DIRECTLY_CONSOLIDATED_BY,False
549300XMP3KDCKJXIU47,"MARSH & MCLENNAN COMPANIES, INC.",2138007X6O1YVTOGZE94,CARDANO HOLDING LIMITED,09740394,IS_DIRECTLY_CONSOLIDATED_BY,False
549300XMP3KDCKJXIU47,"MARSH & MCLENNAN COMPANIES, INC.",2138008UWQZ6AVLMHN26,MERCER AFRICA LIMITED,09093306,IS_DIRECTLY_CONSOLIDATED_BY,False
549300XMP3KDCKJXIU47,"MARSH & MCLENNAN COMPANIES, INC.",213800CDTWE98WGDPY11,MERCER ALTERNATIVES LIMITED,03471298,IS_DIRECTLY_CONSOLIDATED_BY,False
549300XMP3KDCKJXIU47,"MARSH & MCLENNAN COMPANIES, INC.",213800DG3XQI5OHDG690,MMC CAPITAL SOLUTIONS UK LIMITED,08728337,IS_DIRECTLY_CONSOLIDATED_BY,False
549300XMP3KDCKJXIU47,"MARSH & MCLENNAN COMPANIES, INC.",213800ELBQZYS85L2C05,GUY CARPENTER & COMPANY LIMITED,00335308,IS_DIRECTLY_CONSOLIDATED_BY,False
549300XMP3KDCKJXIU47,"MARSH & MCLENNAN COMPANIES, INC.",213800EUCGPGKGU56286,MMC FINANCE UK LIMITED,05843878,IS_DIRECTLY_CONSOLIDATED_BY,False
549300XMP3KDCKJXIU47,"MARSH & MCLENNAN COMPANIES, INC.",213800IVT16C5ICBZS66,OLIVER WYMAN LIMITED,02995605,IS_DIRECTLY_CONSOLIDATED_BY,False
549300XMP3KDCKJXIU47,"MARSH & MCLENNAN COMPANIES, INC.",213800IX16L7B7SBQZ26,MARSH LIMITED,01507274,IS_DIRECTLY_CONSOLIDATED_BY,False
549300XMP3KDCKJXIU47,"MARSH & MCLENNAN COMPANIES, INC.",213800JIVPB31RR4QK13,MMC FINANCE (US) LIMITED,09409156,IS_DIRECTLY_CONSOLIDATED_BY,False
549300XMP3KDCKJXIU47,"MARSH & MCLENNAN COMPANIES, INC.",213800JSA89Y5RGNAX77,MARSH MCLENNAN REGIONAL HOLDINGS LIMITED,13692557,IS_DIRECTLY_CONSOLIDATED_BY,False
549300XMP3KDCKJXIU47,"MARSH & MCLENNAN COMPANIES, INC.",213800P834FNX82EOX88,JLT PERU WHOLESALE LIMITED,05141565,IS_DIRECTLY_CONSOLIDATED_BY,False
549300XMP3KDCKJXIU47,"MARSH & MCLENNAN COMPANIES, INC.",213800P851UZCLVK4X17,MMC INTERNATIONAL TREASURY CENTRE LIMITED,05897457,IS_DIRECTLY_CONSOLIDATED_BY,False
549300XMP3KDCKJXIU47,"MARSH & MCLENNAN COMPANIES, INC.",213800QT5OWNTTW9B246,JLT LATIN AMERICAN HOLDINGS LIMITED,02604758,IS_DIRECTLY_CONSOLIDATED_BY,False
549300XMP3KDCKJXIU47,"MARSH & MCLENNAN COMPANIES, INC.",213800RSIZGJLW4E3S66,MMC HOLDINGS (UK) LIMITED,09831612,IS_DIRECTLY_CONSOLIDATED_BY,False
549300XMP3KDCKJXIU47,"MARSH & MCLENNAN COMPANIES, INC.",213800T6MMR46KXQWR88,MARSH CORPORATE SERVICES LIMITED,00439526,IS_DIRECTLY_CONSOLIDATED_BY,False
549300XMP3KDCKJXIU47,"MARSH & MCLENNAN COMPANIES, INC.",213800TGYWZHG9KPJO17,FUNDHOUSE BESPOKE LIMITED,10893119,IS_DIRECTLY_CONSOLIDATED_BY,False
549300XMP3KDCKJXIU47,"MARSH & MCLENNAN COMPANIES, INC.",213800UK9HYUCQ919I36,MMC FINANCE HOLDINGS (US) LIMITED,09409135,IS_DIRECTLY_CONSOLIDATED_BY,False
549300XMP3KDCKJXIU47,"MARSH & MCLENNAN COMPANIES, INC.",213800V75NKPVRS1XK51,CASCADE REGIONAL HOLDINGS LIMITED,10284928,IS_DIRECTLY_CONSOLIDATED_BY,False
549300XMP3KDCKJXIU47,"MARSH & MCLENNAN COMPANIES, INC.",213800VU2KBRQD45KG11,MARSH & MCLENNAN COMPANIES UK LIMITED,03053550,IS_DIRECTLY_CONSOLIDATED_BY,False
549300XMP3KDCKJXIU47,"MARSH & MCLENNAN COMPANIES, INC.",213800XRWB6SDDCZZ434,JLT GROUP HOLDINGS LIMITED,01679424,IS_DIRECTLY_CONSOLIDATED_BY,False
549300XMP3KDCKJXIU47,"MARSH & MCLENNAN COMPANIES, INC.",213800Y8ZDXBTHEIVW06,MERCER RISK MANAGEMENT LIMITED,09050863,IS_DIRECTLY_CONSOLIDATED_BY,False
549300XMP3KDCKJXIU47,"MARSH & MCLENNAN COMPANIES, INC.",549300YQE0KO6ODXA245,NOW:PENSION TRUSTEE LTD.,07768841,IS_DIRECTLY_CONSOLIDATED_BY,False
LAXUQCHT4FH58LRZDY46,ENGIE,213800LQJA72KRTW2992,STORENGY UK LIMITED,06311795,IS_DIRECTLY_CONSOLIDATED_BY,False
LAXUQCHT4FH58LRZDY46,ENGIE,5493008V893VA224W634,FIRST HYDRO COMPANY,02444277,IS_DIRECTLY_CONSOLIDATED_BY,False
LAXUQCHT4FH58LRZDY46,ENGIE,549300FPO0TOFSVYTL81,ENGIE GAS SHIPPER LIMITED,03814488,IS_DIRECTLY_CONSOLIDATED_BY,False
LAXUQCHT4FH58LRZDY46,ENGIE,549300OQT5EYR8YM6K76,ENGIE SERVICES LIMITED,00598379,IS_DIRECTLY_CONSOLIDATED_BY,False
LAXUQCHT4FH58LRZDY46,ENGIE,549300WNYNIK2NGBPG19,DEESIDE POWER (UK) LIMITED,08887001,IS_DIRECTLY_CONSOLIDATED_BY,False
XDFJ0CYCOO1FXRFTQS51,Fresenius SE & Co. KGaA,5299006GNI5MYGK74Q66,VAMED HEALTH PROJECTS UK LIMITED,10587588,IS_DIRECTLY_CONSOLIDATED_BY,False
XDFJ0CYCOO1FXRFTQS51,Fresenius SE & Co. KGaA,5299007UTHSOYE0W7D22,AVENSYS UK LTD,05320267,IS_DIRECTLY_CONSOLIDATED_BY,False
XDFJ0CYCOO1FXRFTQS51,Fresenius SE & Co. KGaA,529900H7GR9KKHV9Z165,CALEA UK LIMITED,02506615,IS_DIRECTLY_CONSOLIDATED_BY,False
XDFJ0CYCOO1FXRFTQS51,Fresenius SE & Co. KGaA,529900I6G494JYIC7978,AVENSYS UK TRAINING LIMITED,09870529,IS_DIRECTLY_CONSOLIDATED_BY,False
XDFJ0CYCOO1FXRFTQS51,Fresenius SE & Co. KGaA,529900IQ3NYSD08O6G73,AUDERE MEDICAL SERVICES LIMITED,04328849,IS_DIRECTLY_CONSOLIDATED_BY,False
XDFJ0CYCOO1FXRFTQS51,Fresenius SE & Co. KGaA,529900NEX4ZUHXE14W40,IHSS LIMITED,05233636,IS_DIRECTLY_CONSOLIDATED_BY,False
XDFJ0CYCOO1FXRFTQS51,Fresenius SE & Co. KGaA,529900XL9YJ045QPDL24,FHC (HOLDINGS) LIMITED,00886829,IS_DIRECTLY_CONSOLIDATED_BY,False
XDFJ0CYCOO1FXRFTQS51,Fresenius SE & Co. KGaA,529900YN2I1LHYRV6M44,AVENSYS UK GROUP LIMITED,09870525,IS_DIRECTLY_CONSOLIDATED_BY,False
XDFJ0CYCOO1FXRFTQS51,Fresenius SE & Co. KGaA,549300BCK5HHNDTXR523,FRESENIUS KABI LIMITED,02182135,IS_DIRECTLY_CONSOLIDATED_BY,False
CYSD4L2598RQ9BPPCB72,CITIBANK OVERSEAS INVESTMENT CORPORATION,549300U8H3KN0K301B23,CITIBANK UK LIMITED,11283101,IS_DIRECTLY_CONSOLIDATED_BY,False
549300PHUU0ZZWO8EO07,GEA Group Aktiengesellschaft,529900127I7LZDRE9233,GEA PROCESS ENGINEERING LIMITED,01275022,IS_DIRECTLY_CONSOLIDATED_BY,False
549300PHUU0ZZWO8EO07,GEA Group Aktiengesellschaft,529900EC1KOC5CICCI19,GEA REFRIGERATION UK LIMITED,01730289,IS_DIRECTLY_CONSOLIDATED_BY,False
549300PHUU0ZZWO8EO07,GEA Group Aktiengesellschaft,529900L44LBWUCS1A073,GEA MECHANICAL EQUIPMENT UK LIMITED,00611624,IS_DIRECTLY_CONSOLIDATED_BY,False
549300PHUU0ZZWO8EO07,GEA Group Aktiengesellschaft,529900QI5ZXQLXEDRY05,GEA FARM TECHNOLOGIES (UK) LTD,00999260,IS_DIRECTLY_CONSOLIDATED_BY,False
549300PHUU0ZZWO8EO07,GEA Group Aktiengesellschaft,529900U9J3OSQW8YW021,GEA FOOD SOLUTIONS UK & IRELAND LTD,03278948,IS_DIRECTLY_CONSOLIDATED_BY,False
5299005CHJZ14D4FDJ62,Siemens Energy AG,21380034AM15UNA7I430,INDUSTRIAL TURBINE COMPANY (UK) LIMITED,09003402,IS_DIRECTLY_CONSOLIDATED_BY,False
5299005CHJZ14D4FDJ62,Siemens Energy AG,529900HU060EDAERQH26,SIEMENS ENERGY INDUSTRIAL TURBOMACHINERY LIMITED,04729734,IS_DIRECTLY_CONSOLIDATED_BY,False
5299005CHJZ14D4FDJ62,Siemens Energy AG,529900JBTVJ0QAFBTB19,SIEMENS GAMESA RENEWABLE ENERGY LIMITED,10253129,IS_DIRECTLY_CONSOLIDATED_BY,False
5299005CHJZ14D4FDJ62,Siemens Energy AG,529900R18A1LYQAJ1025,SIEMENS ENERGY LIMITED,00631825,IS_DIRECTLY_CONSOLIDATED_BY,False
5299005CHJZ14D4FDJ62,Siemens Energy AG,529900R9H69320NY0Q21,MATERIALS SOLUTIONS LIMITED,09364823,IS_DIRECTLY_CONSOLIDATED_BY,False
5493003UOETFYRONLG31,RELIANCE INDUSTRIES LIMITED,254900WB9F3303L38961,RELIANCE GLOBAL ENERGY SERVICES LIMITED,06626084,IS_DIRECTLY_CONSOLIDATED_BY,False
52990098TR1QJBWIYG58,MAHLE GmbH,52990095KXI9S3E04Z87,MAHLE AFTERMARKET LIMITED,06739653,IS_DIRECTLY_CONSOLIDATED_BY,False
52990098TR1QJBWIYG58,MAHLE GmbH,529900AL53IA1Q9GZH27,MAHLE FILTER SYSTEMS UK LIMITED,01550410,IS_DIRECTLY_CONSOLIDATED_BY,False
52990098TR1QJBWIYG58,MAHLE GmbH,529900DS2DW0T427F760,MAHLE POWERTRAIN LIMITED,03565155,IS_DIRECTLY_CONSOLIDATED_BY,False
52990098TR1QJBWIYG58,MAHLE GmbH,529900H9PJI3FDYNY431,MAHLE INDUSTRIES UK LIMITED,06433638,IS_DIRECTLY_CONSOLIDATED_BY,False
52990098TR1QJBWIYG58,MAHLE GmbH,529900WLNBVEBVP6OY67,MAHLE ENGINE SYSTEMS UK LIMITED,06080706,IS_DIRECTLY_CONSOLIDATED_BY,False
3C7474T6CDKPR9K6YT90,GENERAL ELECTRIC COMPANY,2FHSX229PLPMHZ0Q3R04,GE ENERGY POWER CONVERSION UK LIMITED,05571739,IS_DIRECTLY_CONSOLIDATED_BY,False
3C7474T6CDKPR9K6YT90,GENERAL ELECTRIC COMPANY,39MCOC43REWU7FXHQ382,GE AVIATION UK,06051522,IS_DIRECTLY_CONSOLIDATED_BY,False
3C7474T6CDKPR9K6YT90,GENERAL ELECTRIC COMPANY,529900QXIIT5Z64FHA25,GENERAL ELECTRIC UK HOLDINGS LTD.,04267912,IS_DIRECTLY_CONSOLIDATED_BY,False
3C7474T6CDKPR9K6YT90,GENERAL ELECTRIC COMPANY,5493004SW37DVC6SAW58,GEH HOLDINGS,05414492,IS_DIRECTLY_CONSOLIDATED_BY,False
3C7474T6CDKPR9K6YT90,GENERAL ELECTRIC COMPANY,549300BCY43HOIW2W946,GE AVIATION SYSTEMS GROUP LIMITED,05138145,IS_DIRECTLY_CONSOLIDATED_BY,False
3C7474T6CDKPR9K6YT90,GENERAL ELECTRIC COMPANY,549300BFH6UE4CROCT97,GE VERNOVA PENSION TRUST LIMITED,03579649,IS_DIRECTLY_CONSOLIDATED_BY,False
3C7474T6CDKPR9K6YT90,GENERAL ELECTRIC COMPANY,549300QVM3V434ZQJW13,IGE USA HOLDINGS,09690010,IS_DIRECTLY_CONSOLIDATED_BY,False
3C7474T6CDKPR9K6YT90,GENERAL ELECTRIC COMPANY,549300WRXMSU4ZHPL714,GE CAPITAL INTERNATIONAL LIMITED,09666326,IS_DIRECTLY_CONSOLIDATED_BY,False
3C7474T6CDKPR9K6YT90,GENERAL ELECTRIC COMPANY,CGTBS7SBCF3N8JOGDY70,GE UK GROUP,06486634,IS_DIRECTLY_CONSOLIDATED_BY,False
3C7474T6CDKPR9K6YT90,GENERAL ELECTRIC COMPANY,RCOVJQIBFVXNY7PAPC42,GE MEDICAL SYSTEMS LIMITED,00252567,IS_DIRECTLY_CONSOLIDATED_BY,False
3C7474T6CDKPR9K6YT90,GENERAL ELECTRIC COMPANY,SLKR86JNU86MDTWEYB50,GE LIGHTING LIMITED,02072152,IS_DIRECTLY_CONSOLIDATED_BY,False
3C7474T6CDKPR9K6YT90,GENERAL ELECTRIC COMPANY,VRA3J77FZVM3XWZYY091,GE HEALTHCARE LIMITED,01002610,IS_DIRECTLY_CONSOLIDATED_BY,False
5299001BUUGXAREGE533,Bertelsmann SE & Co. KGaA,529900325LER05U9YD34,HAY HOUSE UK LIMITED,04567610,IS_DIRECTLY_CONSOLIDATED_BY,False
5299001BUUGXAREGE533,Bertelsmann SE & Co. KGaA,5299004NU7DNRT9M4K21,PENGUIN BOOKS LIMITED,00861590,IS_DIRECTLY_CONSOLIDATED_BY,False
5299001BUUGXAREGE533,Bertelsmann SE & Co. KGaA,5299004VG19C6PIPX870,THE RANDOM HOUSE GROUP LIMITED,00954009,IS_DIRECTLY_CONSOLIDATED_BY,False
5299001BUUGXAREGE533,Bertelsmann SE & Co. KGaA,5299006DIO5VDD7GHP18,BMG RIGHTS MANAGEMENT SERVICES (UK) LIMITED,00946978,IS_DIRECTLY_CONSOLIDATED_BY,False
5299001BUUGXAREGE533,Bertelsmann SE & Co. KGaA,5299008SSRSEMTIXO106,STRIPES PUBLISHING LIMITED,05464522,IS_DIRECTLY_CONSOLIDATED_BY,False
5299001BUUGXAREGE533,Bertelsmann SE & Co. KGaA,529900BESQNB2S6N5F59,PENGUIN RANDOM HOUSE LIMITED,00734421,IS_DIRECTLY_CONSOLIDATED_BY,False
5299001BUUGXAREGE533,Bertelsmann SE & Co. KGaA,529900EF8V4SPESGFL37,Rough Guides Limited (The),01969090,IS_DIRECTLY_CONSOLIDATED_BY,False
5299001BUUGXAREGE533,Bertelsmann SE & Co. KGaA,529900F4VNICKN0T2417,BMG RIGHTS MANAGEMENT (UK) LIMITED,06705101,IS_DIRECTLY_CONSOLIDATED_BY,False
5299001BUUGXAREGE533,Bertelsmann SE & Co. KGaA,529900QGTH0LCUZWS208,PRINOVIS UK LIMITED,05063783,IS_DIRECTLY_CONSOLIDATED_BY,False
5299001BUUGXAREGE533,Bertelsmann SE & Co. KGaA,529900QW5KKZKHOITM86,BERTELSMANN UK LIMITED,03185285,IS_DIRECTLY_CONSOLIDATED_BY,False
5299001BUUGXAREGE533,Bertelsmann SE & Co. KGaA,529900SQB2NY21RMRW61,CATERPILLAR BOOKS LTD,04642292,IS_DIRECTLY_CONSOLIDATED_BY,False
5299001BUUGXAREGE533,Bertelsmann SE & Co. KGaA,529900YXJR7PK2NJWA29,LITTLE TIGER PRESS LIMITED,05464513,IS_DIRECTLY_CONSOLIDATED_BY,False
549300VZCL1HTH4O4Y49,Henkel AG & Co. KGaA,529900UVPBBR5ZT2RK61,HENKEL INDUSTRIAL ADHESIVES LTD,06520477,IS_DIRECTLY_CONSOLIDATED_BY,False
549300VZCL1HTH4O4Y49,Henkel AG & Co. KGaA,529900YQNV78NXANRR03,HENKEL LIMITED,00215496,IS_DIRECTLY_CONSOLIDATED_BY,False
213800FKA5MF17RJKT63,BRITISH AMERICAN TOBACCO P.L.C.,2138001S874P3WKNCV04,BRITISH AMERICAN TOBACCO INTERNATIONAL HOLDINGS (UK) LIMITED,00086661,IS_DIRECTLY_CONSOLIDATED_BY,False
213800FKA5MF17RJKT63,BRITISH AMERICAN TOBACCO P.L.C.,2138002355GFTVDT3I09,B.A.T INDUSTRIES P.L.C.,00233112,IS_DIRECTLY_CONSOLIDATED_BY,False
213800FKA5MF17RJKT63,BRITISH AMERICAN TOBACCO P.L.C.,213800298B1BSZP4H254,NICOVENTURES TRADING LIMITED,06665343,IS_DIRECTLY_CONSOLIDATED_BY,False
213800FKA5MF17RJKT63,BRITISH AMERICAN TOBACCO P.L.C.,21380041YBGOQDFAC823,B.A.T. INTERNATIONAL FINANCE P.L.C.,01060930,IS_DIRECTLY_CONSOLIDATED_BY,False
213800FKA5MF17RJKT63,BRITISH AMERICAN TOBACCO P.L.C.,2138007XVJNWWNBL9O44,ROTHMANS INTERNATIONAL ENTERPRISES LIMITED,02694154,IS_DIRECTLY_CONSOLIDATED_BY,False
213800FKA5MF17RJKT63,BRITISH AMERICAN TOBACCO P.L.C.,213800D56CDVTPTJJ720,NICOVENTURES HOLDINGS LIMITED,08318038,IS_DIRECTLY_CONSOLIDATED_BY,False
213800FKA5MF17RJKT63,BRITISH AMERICAN TOBACCO P.L.C.,213800LMO4G4SGV12J35,WESTON INVESTMENT COMPANY LIMITED,00179244,IS_DIRECTLY_CONSOLIDATED_BY,False
213800FKA5MF17RJKT63,BRITISH AMERICAN TOBACCO P.L.C.,213800M5MYIVPDTPLE03,NICOVENTURES RETAIL (UK) LIMITED,10235033,IS_DIRECTLY_CONSOLIDATED_BY,False
213800FKA5MF17RJKT63,BRITISH AMERICAN TOBACCO P.L.C.,213800M7P82ERM2OLT81,MYDDLETON INVESTMENT COMPANY LIMITED,00207434,IS_DIRECTLY_CONSOLIDATED_BY,False
213800FKA5MF17RJKT63,BRITISH AMERICAN TOBACCO P.L.C.,213800OFAHZ8213M6D24,BRITISH AMERICAN TOBACCO EXPORTS LIMITED,05203113,IS_DIRECTLY_CONSOLIDATED_BY,False
213800FKA5MF17RJKT63,BRITISH AMERICAN TOBACCO P.L.C.,213800OMMIS2SMS6GH89,BTOMORROW VENTURES LIMITED,12068843,IS_DIRECTLY_CONSOLIDATED_BY,False
213800FKA5MF17RJKT63,BRITISH AMERICAN TOBACCO P.L.C.,213800PBC3JAY7M62H32,BRITISH AMERICAN TOBACCO (GLP) LIMITED,06238103,IS_DIRECTLY_CONSOLIDATED_BY,False
213800FKA5MF17RJKT63,BRITISH AMERICAN TOBACCO P.L.C.,213800Q219U2AZ7CHB56,BRITISH AMERICAN TOBACCO (2009) LIMITED,07069075,IS_DIRECTLY_CONSOLIDATED_BY,False
213800FKA5MF17RJKT63,BRITISH AMERICAN TOBACCO P.L.C.,213800QBB5FT1WMREA08,B.A.T (U.K. AND EXPORT) LIMITED,00239762,IS_DIRECTLY_CONSOLIDATED_BY,False
213800FKA5MF17RJKT63,BRITISH AMERICAN TOBACCO P.L.C.,213800TRMRK1926IPZ46,NICOVATIONS LIMITED,07412694,IS_DIRECTLY_CONSOLIDATED_BY,False
213800FKA5MF17RJKT63,BRITISH AMERICAN TOBACCO P.L.C.,213800X96FS8DZ3REQ79,BRITISH AMERICAN TOBACCO UK LIMITED,02346565,IS_DIRECTLY_CONSOLIDATED_BY,False
969500MMPQVHK671GT54,L'AIR LIQUIDE SOCIETE ANONYME POUR L'ETUDE ET L'EXPLOITATION DES PROCEDES GEORGES CLAUDE,52990017FMIHKGHEQ214,AIR LIQUIDE OIL AND GAS SERVICES LIMITED,08811231,IS_DIRECTLY_CONSOLIDATED_BY,False
969500MMPQVHK671GT54,L'AIR LIQUIDE SOCIETE ANONYME POUR L'ETUDE ET L'EXPLOITATION DES PROCEDES GEORGES CLAUDE,5299005U0OZNHN0WV831,ENERGAS LIMITED,01603643,IS_DIRECTLY_CONSOLIDATED_BY,False
969500MMPQVHK671GT54,L'AIR LIQUIDE SOCIETE ANONYME POUR L'ETUDE ET L'EXPLOITATION DES PROCEDES GEORGES CLAUDE,5299007XCZOO3GW2MK78,DI GLOBAL LIMITED,10397152,IS_DIRECTLY_CONSOLIDATED_BY,False
969500MMPQVHK671GT54,L'AIR LIQUIDE SOCIETE ANONYME POUR L'ETUDE ET L'EXPLOITATION DES PROCEDES GEORGES CLAUDE,529900FOLL19K8OLI008,AIR LIQUIDE HEALTHCARE LIMITED,02230411,IS_DIRECTLY_CONSOLIDATED_BY,False
969500MMPQVHK671GT54,L'AIR LIQUIDE SOCIETE ANONYME POUR L'ETUDE ET L'EXPLOITATION DES PROCEDES GEORGES CLAUDE,529900HPBKMUL9SEW230,AIR LIQUIDE UK LIMITED,00232592,IS_DIRECTLY_CONSOLIDATED_BY,False
969500MMPQVHK671GT54,L'AIR LIQUIDE SOCIETE ANONYME POUR L'ETUDE ET L'EXPLOITATION DES PROCEDES GEORGES CLAUDE,529900YNPIH4FJY90O60,AIR LIQUIDE LIMITED,02103630,IS_DIRECTLY_CONSOLIDATED_BY,False
529900FNDVTQJOVVPZ19,THALES,5299002CRHOLJ5A5KL15,THALES AVIONICS LIMITED,00523160,IS_DIRECTLY_CONSOLIDATED_BY,False
529900FNDVTQJOVVPZ19,THALES,5299006N6RLSQ1L5ZZ32,THALES MISSILE ELECTRONICS LIMITED,03004769,IS_DIRECTLY_CONSOLIDATED_BY,False
529900FNDVTQJOVVPZ19,THALES,5299008GMAC1PPXUFP98,THALES TRANSPORT AND SECURITY LIMITED,03132438,IS_DIRECTLY_CONSOLIDATED_BY,False
529900FNDVTQJOVVPZ19,THALES,5299009OOT2KKUDVG287,THALES ALENIA SPACE UK LIMITED,08647225,IS_DIRECTLY_CONSOLIDATED_BY,False
529900FNDVTQJOVVPZ19,THALES,529900LRNTHR84V8V925,THALES CORPORATE SERVICES LIMITED,00959962,IS_DIRECTLY_CONSOLIDATED_BY,False
529900FNDVTQJOVVPZ19,THALES,529900N6FZ14ONRL3T09,THALES GROUND TRANSPORTATION SYSTEMS UK LIMITED,05805963,IS_DIRECTLY_CONSOLIDATED_BY,False
529900FNDVTQJOVVPZ19,THALES,529900PU375XQQD18K97,THALES UK LIMITED,00868273,IS_DIRECTLY_CONSOLIDATED_BY,False
529900FNDVTQJOVVPZ19,THALES,529900Q3O7N07G3ONH51,THALES E-SECURITY LIMITED,02518805,IS_DIRECTLY_CONSOLIDATED_BY,False
529900FNDVTQJOVVPZ19,THALES,529900UHCNBOTSMBGH13,XPI SIMULATION LIMITED,05576728,IS_DIRECTLY_CONSOLIDATED_BY,False
529900FNDVTQJOVVPZ19,THALES,529900UVQIGVXVFRTB34,THALES TRAINING & SIMULATION (ACE) LIMITED,03023510,IS_DIRECTLY_CONSOLIDATED_BY,False
529900FNDVTQJOVVPZ19,THALES,529900VQLSG38JOJHP18,THALES TRAINING AND SIMULATION LIMITED,00426402,IS_DIRECTLY_CONSOLIDATED_BY,False
529900FNDVTQJOVVPZ19,THALES,529900WW6PBJX27ZSQ27,THALES NAVAL LIMITED,03957722,IS_DIRECTLY_CONSOLIDATED_BY,False
529900FNDVTQJOVVPZ19,THALES,529900XD91NRHPRTL974,THALES ATM LIMITED,03229755,IS_DIRECTLY_CONSOLIDATED_BY,False
549300B206THJHUTBP43,ESSILOR INTERNATIONAL,549300CBTY8VRAGK2167,NIKON OPTICAL U.K. LIMITED,03471182,IS_DIRECTLY_CONSOLIDATED_BY,False
549300B206THJHUTBP43,ESSILOR INTERNATIONAL,549300FI3D0FOVD2QZ58,FGX EUROPE LIMITED,03487910,IS_DIRECTLY_CONSOLIDATED_BY,False
549300B206THJHUTBP43,ESSILOR INTERNATIONAL,549300G0GSODGZH94Z69,VISION DIRECT EUROPE LTD,06537157,IS_DIRECTLY_CONSOLIDATED_BY,False
549300B206THJHUTBP43,ESSILOR INTERNATIONAL,549300J6YMCJ7SQIN765,EMNUK LIMITED,02108102,IS_DIRECTLY_CONSOLIDATED_BY,False
549300B206THJHUTBP43,ESSILOR INTERNATIONAL,549300JNOEGKUYES6V84,BBGR LIMITED,03986153,IS_DIRECTLY_CONSOLIDATED_BY,False
549300B206THJHUTBP43,ESSILOR INTERNATIONAL,549300OO89TODXM8FJ80,FABRIS LANE LTD.,03429759,IS_DIRECTLY_CONSOLIDATED_BY,False
549300B206THJHUTBP43,ESSILOR INTERNATIONAL,549300UBIO330OYX3Y53,MYOPTIQUE GROUP LTD,05139004,IS_DIRECTLY_CONSOLIDATED_BY,False
549300B206THJHUTBP43,ESSILOR INTERNATIONAL,549300XM19CFWDDX8D65,ESSILOR LIMITED,00852410,IS_DIRECTLY_CONSOLIDATED_BY,False
G5GSEF7VJP5I7OUK5573,BARCLAYS BANK PLC,2138002D2Q4SDWONEG28,BARCLAYS CAPITAL NOMINEES LIMITED,01957372,IS_DIRECTLY_CONSOLIDATED_BY,False
G5GSEF7VJP5I7OUK5573,BARCLAYS BANK PLC,2138002L2HV3B9GO6A52,BARCLAYS CAPITAL NOMINEES (NO.3) LIMITED,02532430,IS_DIRECTLY_CONSOLIDATED_BY,False
G5GSEF7VJP5I7OUK5573,BARCLAYS BANK PLC,2138005N3JW755QCZS33,NORTH DOCK NO.1 LIMITED,10940608,IS_DIRECTLY_CONSOLIDATED_BY,False
G5GSEF7VJP5I7OUK5573,BARCLAYS BANK PLC,2138008R1J655IXN7H52,KIRSCHE INVESTMENTS LIMITED,02223006,IS_DIRECTLY_CONSOLIDATED_BY,False
G5GSEF7VJP5I7OUK5573,BARCLAYS BANK PLC,2138009SSOO37PWSBY25,SWAN LANE INVESTMENTS LIMITED,02793078,IS_DIRECTLY_CONSOLIDATED_BY,False
G5GSEF7VJP5I7OUK5573,BARCLAYS BANK PLC,213800AD7R63KFXK9Y84,BARSEC NOMINEES LIMITED,01957772,IS_DIRECTLY_CONSOLIDATED_BY,False
G5GSEF7VJP5I7OUK5573,BARCLAYS BANK PLC,213800AG8D8HD1R8KC86,BARCLAYS LONG ISLAND LIMITED,06714962,IS_DIRECTLY_CONSOLIDATED_BY,False
G5GSEF7VJP5I7OUK5573,BARCLAYS BANK PLC,213800ALEEEJFR1KMY30,BARCLAYS CAPITAL NOMINEES (NO.2) LIMITED,02511441,IS_DIRECTLY_CONSOLIDATED_BY,False
G5GSEF7VJP5I7OUK5573,BARCLAYS BANK PLC,213800DDSSBKJYCSOU11,BARCLAYS OCIO SERVICES LIMITED,14106652,IS_DIRECTLY_CONSOLIDATED_BY,False
G5GSEF7VJP5I7OUK5573,BARCLAYS BANK PLC,213800GVKUDB4UVJN507,SHELBY REAL ESTATE FUNDING LIMITED,09915311,IS_DIRECTLY_CONSOLIDATED_BY,False
G5GSEF7VJP5I7OUK5573,BARCLAYS BANK PLC,213800GXU1MKJMFXM261,ISLE OF WIGHT HOME LOANS LIMITED,12088067,IS_DIRECTLY_CONSOLIDATED_BY,False
G5GSEF7VJP5I7OUK5573,BARCLAYS BANK PLC,213800HLQJCTOTIW5890,WEDD JEFFERSON (NOMINEES) LIMITED,00393012,IS_DIRECTLY_CONSOLIDATED_BY,False
G5GSEF7VJP5I7OUK5573,BARCLAYS BANK PLC,213800KEDEBMLHKVFE83,BARCLAYS CCP FUNDING LLP,OC359024,IS_DIRECTLY_CONSOLIDATED_BY,False
G5GSEF7VJP5I7OUK5573,BARCLAYS BANK PLC,213800KTWQRMSI9KD473,EAGLE FINANCIAL AND LEASING SERVICES (UK) LIMITED,02522321,IS_DIRECTLY_CONSOLIDATED_BY,False
G5GSEF7VJP5I7OUK5573,BARCLAYS BANK PLC,213800MP61RBXUCEIJ65,BARCLAYS CAPITAL SECURITIES CLIENT NOMINEE LIMITED,01764681,IS_DIRECTLY_CONSOLIDATED_BY,False
G5GSEF7VJP5I7OUK5573,BARCLAYS BANK PLC,213800MS8QPF29THLX67,BARCLAYS INVESTMENT MANAGEMENT LIMITED,01996052,IS_DIRECTLY_CONSOLIDATED_BY,False
G5GSEF7VJP5I7OUK5573,BARCLAYS BANK PLC,213800NTYP2VH2UHEB75,NORTHWHARF NOMINEES LIMITED,00669978,IS_DIRECTLY_CONSOLIDATED_BY,False
G5GSEF7VJP5I7OUK5573,BARCLAYS BANK PLC,213800O4Z2W64REQCO26,SIRIUS FUNDING PLC,11192492,IS_DIRECTLY_CONSOLIDATED_BY,False
G5GSEF7VJP5I7OUK5573,BARCLAYS BANK PLC,213800OVGRB89R7U8352,BB CLIENT NOMINEES LIMITED,01756745,IS_DIRECTLY_CONSOLIDATED_BY,False
G5GSEF7VJP5I7OUK5573,BARCLAYS BANK PLC,213800YIGVX8K23WYS91,GLOBE NOMINEES LIMITED,03911777,IS_DIRECTLY_CONSOLIDATED_BY,False
G5GSEF7VJP5I7OUK5573,BARCLAYS BANK PLC,213800Z3Z6VPPYFW3G28,HAWKINS FUNDING LIMITED,04559179,IS_DIRECTLY_CONSOLIDATED_BY,False
G5GSEF7VJP5I7OUK5573,BARCLAYS BANK PLC,54930038DZR54NJ0BV89,US REAL ESTATE HOLDINGS NO. 6 LIMITED,06961824,IS_DIRECTLY_CONSOLIDATED_BY,False
G5GSEF7VJP5I7OUK5573,BARCLAYS BANK PLC,5493003F8FNWI1CAF862,US REAL ESTATE HOLDINGS NO.5 LIMITED,06959175,IS_DIRECTLY_CONSOLIDATED_BY,False
G5GSEF7VJP5I7OUK5573,BARCLAYS BANK PLC,54930081XF4GV6YCYN45,REAL ESTATE PARTICIPATION SERVICES LIMITED,08116589,IS_DIRECTLY_CONSOLIDATED_BY,False
G5GSEF7VJP5I7OUK5573,BARCLAYS BANK PLC,549300DXBYV6KQ8I1Z79,BARCLAYS TERM FUNDING LIMITED LIABILITY PARTNERSHIP,OC347260,IS_DIRECTLY_CONSOLIDATED_BY,False
G5GSEF7VJP5I7OUK5573,BARCLAYS BANK PLC,549300E1SSZR385SNZ84,NAXOS INVESTMENTS LIMITED,05403971,IS_DIRECTLY_CONSOLIDATED_BY,False
G5GSEF7VJP5I7OUK5573,BARCLAYS BANK PLC,549300JUS3OXY7EN1P29,BARCLAYS ALDERSGATE INVESTMENTS LIMITED,02223073,IS_DIRECTLY_CONSOLIDATED_BY,False
G5GSEF7VJP5I7OUK5573,BARCLAYS BANK PLC,549300P081SUIUCK3O24,AEQUOR INVESTMENTS LIMITED,07662889,IS_DIRECTLY_CONSOLIDATED_BY,False
G5GSEF7VJP5I7OUK5573,BARCLAYS BANK PLC,549300PYU8X5VE3DXO15,MENLO INVESTMENTS LIMITED,03479178,IS_DIRECTLY_CONSOLIDATED_BY,False
G5GSEF7VJP5I7OUK5573,BARCLAYS BANK PLC,549300QXL2UKKQVRBP43,BARCLAYS PELLEAS INVESTMENTS LIMITED PARTNERSHIP,LP011941,IS_DIRECTLY_CONSOLIDATED_BY,False
G5GSEF7VJP5I7OUK5573,BARCLAYS BANK PLC,549300T5ZWV3XQUJZ156,BARCLAYS CLAUDAS INVESTMENTS LIMITED PARTNERSHIP,LP012389,IS_DIRECTLY_CONSOLIDATED_BY,False
G5GSEF7VJP5I7OUK5573,BARCLAYS BANK PLC,549300TCM5K3HI140016,WESTFERRY INVESTMENTS LIMITED,03479278,IS_DIRECTLY_CONSOLIDATED_BY,False
G5GSEF7VJP5I7OUK5573,BARCLAYS BANK PLC,549300UB2OXM9G6UHH56,ALYNORE INVESTMENTS LIMITED PARTNERSHIP,LP014482,IS_DIRECTLY_CONSOLIDATED_BY,False
G5GSEF7VJP5I7OUK5573,BARCLAYS BANK PLC,549300VJD3UWIWLCKY25,BARCLAYS US REAL ESTATE LLP,OC359978,IS_DIRECTLY_CONSOLIDATED_BY,False
G5GSEF7VJP5I7OUK5573,BARCLAYS BANK PLC,549300WIIL1YGXFTMR13,BLOSSOM FINANCE LIMITED PARTNERSHIP,LP010698,IS_DIRECTLY_CONSOLIDATED_BY,False
G5GSEF7VJP5I7OUK5573,BARCLAYS BANK PLC,549300XRZQRJZM6RBD55,CHAPELCREST INVESTMENTS LIMITED,07026575,IS_DIRECTLY_CONSOLIDATED_BY,False
G5GSEF7VJP5I7OUK5573,BARCLAYS BANK PLC,549300ZL2JBI0IJS5732,BARCLAYS INVESTMENT SOLUTIONS LIMITED,02752982,IS_DIRECTLY_CONSOLIDATED_BY,False
G5GSEF7VJP5I7OUK5573,BARCLAYS BANK PLC,K9WDOH4D2PYBSLSOB484,BARCLAYS CAPITAL SECURITIES LIMITED,01929333,IS_DIRECTLY_CONSOLIDATED_BY,False
549300MKFYEKVRWML317,UNILEVER PLC,5493002I3S7TGKYK0P44,UNILEVER GLOBAL IP LIMITED,12920301,IS_DIRECTLY_CONSOLIDATED_BY,False
549300MKFYEKVRWML317,UNILEVER PLC,5493003UBWGSYIWIWI94,UNILEVER OVERSEAS HOLDINGS LIMITED,00174036,IS_DIRECTLY_CONSOLIDATED_BY,False
549300MKFYEKVRWML317,UNILEVER PLC,54930059AYBFBM5Y2L55,DERMALOGICA (UK) LIMITED,02263856,IS_DIRECTLY_CONSOLIDATED_BY,False
549300MKFYEKVRWML317,UNILEVER PLC,5493006CQEEGKM6L5T06,UNILEVER SOUTH INDIA ESTATES LIMITED,01619192,IS_DIRECTLY_CONSOLIDATED_BY,False
549300MKFYEKVRWML317,UNILEVER PLC,5493007ZV9V31T20K571,TWENTY NINE CAPITAL PARTNERS (GENERAL PARTNER) LIMITED,13273408,IS_DIRECTLY_CONSOLIDATED_BY,False
549300MKFYEKVRWML317,UNILEVER PLC,549300FFQECOEXLSUZ76,UNILEVER S.K. HOLDINGS LIMITED,00413828,IS_DIRECTLY_CONSOLIDATED_BY,False
549300MKFYEKVRWML317,UNILEVER PLC,549300HWTESJD1V4UZ21,UNILEVER U.K. CENTRAL RESOURCES LIMITED,00029140,IS_DIRECTLY_CONSOLIDATED_BY,False
549300MKFYEKVRWML317,UNILEVER PLC,549300JDEB2OPC0A5F18,TWENTY NINE CAPITAL PARTNERS LIMITED PARTNERSHIP,LP021511,IS_DIRECTLY_CONSOLIDATED_BY,False
549300MKFYEKVRWML317,UNILEVER PLC,549300MD5X41UEQSKN80,UNILEVER U.K. HOLDINGS LIMITED,00017049,IS_DIRECTLY_CONSOLIDATED_BY,False
549300MKFYEKVRWML317,UNILEVER PLC,549300V2U8DC564CK756,UNILEVER GROUP LIMITED,00036581,IS_DIRECTLY_CONSOLIDATED_BY,False
549300MKFYEKVRWML317,UNILEVER PLC,549300VWGK6VDYE07K51,UNILEVER VENTURES III L.P.,LP016826,IS_DIRECTLY_CONSOLIDATED_BY,False
5493006QMFDDMYWIAM13,BANCO SANTANDER S.A.,213800HUGB31PIZSSY46,EBURY PARTNERS LIMITED,07086058,IS_DIRECTLY_CONSOLIDATED_BY,False
5493006QMFDDMYWIAM13,BANCO SANTANDER S.A.,549300F5XIFGNNW4CF72,SANTANDER UK GROUP HOLDINGS PLC,08700698,IS_DIRECTLY_CONSOLIDATED_BY,False
213800UPS1QEE4TD3T45,DCC ENERGY PUBLIC LIMITED COMPANY,2138002QDXGHWSGAXX52,WILLIAMS MEDICAL SUPPLIES LIMITED,04240054,IS_DIRECTLY_CONSOLIDATED_BY,False
213800UPS1QEE4TD3T45,DCC ENERGY PUBLIC LIMITED COMPANY,2138006UFBRP4QDT8F88,DCC TREASURY 2014 LIMITED,08878065,IS_DIRECTLY_CONSOLIDATED_BY,False
213800UPS1QEE4TD3T45,DCC ENERGY PUBLIC LIMITED COMPANY,2138009C4PCFDKDUGP14,EUROCAPS LIMITED,02878879,IS_DIRECTLY_CONSOLIDATED_BY,False
213800UPS1QEE4TD3T45,DCC ENERGY PUBLIC LIMITED COMPANY,213800AQB95OGICUA651,SQUADRON MEDICAL LIMITED,03081982,IS_DIRECTLY_CONSOLIDATED_BY,False
213800UPS1QEE4TD3T45,DCC ENERGY PUBLIC LIMITED COMPANY,213800B5DZTL1QHAXN17,THOMPSON AND CAPPER LIMITED,00235815,IS_DIRECTLY_CONSOLIDATED_BY,False
213800UPS1QEE4TD3T45,DCC ENERGY PUBLIC LIMITED COMPANY,213800BWUFLIGRM1SA66,LALEHAM HEALTH AND BEAUTY LIMITED,00997221,IS_DIRECTLY_CONSOLIDATED_BY,False
213800UPS1QEE4TD3T45,DCC ENERGY PUBLIC LIMITED COMPANY,213800ESLNW5LB7JEA14,EXERTIS (UK) LTD,01511931,IS_DIRECTLY_CONSOLIDATED_BY,False
213800UPS1QEE4TD3T45,DCC ENERGY PUBLIC LIMITED COMPANY,213800EV2PDRF8XCME25,NEXORA CONTINENTAL EUROPE HOLDINGS LIMITED,03341568,IS_DIRECTLY_CONSOLIDATED_BY,False
213800UPS1QEE4TD3T45,DCC ENERGY PUBLIC LIMITED COMPANY,213800FL6TGT7OP13174,DCC HOLDINGS (UK) LIMITED,02836380,IS_DIRECTLY_CONSOLIDATED_BY,False
213800UPS1QEE4TD3T45,DCC ENERGY PUBLIC LIMITED COMPANY,213800HG4FMUN1HWLF66,STAMPEDE GLOBAL UK LIMITED,05341872,IS_DIRECTLY_CONSOLIDATED_BY,False
213800UPS1QEE4TD3T45,DCC ENERGY PUBLIC LIMITED COMPANY,213800JVGJH77H27ZX90,FUEL CARD SERVICES LIMITED,02107821,IS_DIRECTLY_CONSOLIDATED_BY,False
213800UPS1QEE4TD3T45,DCC ENERGY PUBLIC LIMITED COMPANY,213800NL959TIJV5FK66,CERTAS ENERGY UK LIMITED,04168225,IS_DIRECTLY_CONSOLIDATED_BY,False
213800UPS1QEE4TD3T45,DCC ENERGY PUBLIC LIMITED COMPANY,213800NZB2WRAP6TMA83,DCC LIMITED,04709270,IS_DIRECTLY_CONSOLIDATED_BY,False
213800UPS1QEE4TD3T45,DCC ENERGY PUBLIC LIMITED COMPANY,213800O3V1CRPPJBHE72,DESIGN PLUS HEALTH & BEAUTY LIMITED,03864598,IS_DIRECTLY_CONSOLIDATED_BY,False
213800UPS1QEE4TD3T45,DCC ENERGY PUBLIC LIMITED COMPANY,213800RZT267X6REYZ24,MEDICAL GAS SOLUTIONS LIMITED,04967365,IS_DIRECTLY_CONSOLIDATED_BY,False
213800UPS1QEE4TD3T45,DCC ENERGY PUBLIC LIMITED COMPANY,213800T3EBZZFWJAAQ30,EXERTIS HAMMER LIMITED,02640532,IS_DIRECTLY_CONSOLIDATED_BY,False
213800UPS1QEE4TD3T45,DCC ENERGY PUBLIC LIMITED COMPANY,213800VHR5EMQPQM3W16,FANNIN (UK) LIMITED,02663514,IS_DIRECTLY_CONSOLIDATED_BY,False
213800UPS1QEE4TD3T45,DCC ENERGY PUBLIC LIMITED COMPANY,213800YV2M2XSYTK5P94,FLOGAS BRITAIN LIMITED,00993638,IS_DIRECTLY_CONSOLIDATED_BY,False
ZULHQJBZHTUV5CCBYQ53,CITIGROUP FINANCIAL PRODUCTS INC.,5493009MO8D3PKFH2439,CITIGROUP GLOBAL MARKETS EUROPE FINANCE LIMITED,04988945,IS_DIRECTLY_CONSOLIDATED_BY,False
C6J3FGIWG6MBDGTE8F80,BROOKFIELD CORPORATION,2138003TI244HRD8QX40,KYPE MUIR WIND FARM LIMITED,06917667,IS_DIRECTLY_CONSOLIDATED_BY,False
C6J3FGIWG6MBDGTE8F80,BROOKFIELD CORPORATION,2138008D25VGJVQMUV69,MIDDLE MUIR WIND FARM LIMITED,07376956,IS_DIRECTLY_CONSOLIDATED_BY,False
C6J3FGIWG6MBDGTE8F80,BROOKFIELD CORPORATION,213800MI2V7PNOZUBV34,HL FINCO LIMITED,11286656,IS_DIRECTLY_CONSOLIDATED_BY,False
C6J3FGIWG6MBDGTE8F80,BROOKFIELD CORPORATION,213800OW6DAO4UPGG786,HMA FINANCE LIMITED,11216984,IS_DIRECTLY_CONSOLIDATED_BY,False
C6J3FGIWG6MBDGTE8F80,BROOKFIELD CORPORATION,213800WFH3N9MDAEXK97,PH FINANCE LIMITED,11217309,IS_DIRECTLY_CONSOLIDATED_BY,False
C6J3FGIWG6MBDGTE8F80,BROOKFIELD CORPORATION,213800XV4L6EL4OGIK36,MOOR HOUSE WIND FARM LIMITED,06969180,IS_DIRECTLY_CONSOLIDATED_BY,False
C6J3FGIWG6MBDGTE8F80,BROOKFIELD CORPORATION,5493007UPOBO9ZRLFN28,MULTIPLEX GLOBAL LIMITED,09948128,IS_DIRECTLY_CONSOLIDATED_BY,False
C6J3FGIWG6MBDGTE8F80,BROOKFIELD CORPORATION,549300PHOBQCL5TWTW82,BID II EURO AGGREGATOR LP,LP021606,IS_DIRECTLY_CONSOLIDATED_BY,False
C6J3FGIWG6MBDGTE8F80,BROOKFIELD CORPORATION,894500I4ZS7QH5CWW996,Brookfield Asset Manager (UK) Holdco Limited,14208395,IS_DIRECTLY_CONSOLIDATED_BY,False
529900MUFAH07Q1TAX06,EDP RENEWABLES SOCIEDAD ANONIMA,529900KZUQYA9R6ZUQ85,HARRINGTON FRANKLIN LIMITED,12344894,IS_DIRECTLY_CONSOLIDATED_BY,False
529900MUFAH07Q1TAX06,EDP RENEWABLES SOCIEDAD ANONIMA,529900Z7C1JHW1G5FR12,BALNACRAIG BATTERY STORAGE LIMITED,SC725328,IS_DIRECTLY_CONSOLIDATED_BY,False
529900ZAXBMQDIWPNB72,voestalpine AG,5299001X83315XJV8L71,VOESTALPINE SPECIALTY METALS UK LIMITED,14829637,IS_DIRECTLY_CONSOLIDATED_BY,False
529900ZAXBMQDIWPNB72,voestalpine AG,52990056T6AUI176H715,VOESTALPINE BOHLER WELDING UK LTD,01760660,IS_DIRECTLY_CONSOLIDATED_BY,False
529900ZAXBMQDIWPNB72,voestalpine AG,529900BRJTE5VD2CU457,VOESTALPINE HIGH PERFORMANCE METALS UK LIMITED,00229550,IS_DIRECTLY_CONSOLIDATED_BY,False
549300VZKC61IR5U8G96,Andritz AG,5493008VXZ2WE8DQKO96,ANDRITZ FABRICS AND ROLLS HOLDINGS LIMITED,05162571,IS_DIRECTLY_CONSOLIDATED_BY,False
549300VZKC61IR5U8G96,Andritz AG,549300J8JMSF1BC8VO65,ANDRITZ LIMITED,02937921,IS_DIRECTLY_CONSOLIDATED_BY,False
549300VZKC61IR5U8G96,Andritz AG,549300YU3GGGKPXR3452,ANDRITZ FEED & BIOFUEL LIMITED,04122501,IS_DIRECTLY_CONSOLIDATED_BY,False
2138004KW8BV57III342,PUBLICIS GROUPE SA,21380033BEBWT5ZE2K89,ZENITH INTERNATIONAL (MEDIA) LIMITED,02142261,IS_DIRECTLY_CONSOLIDATED_BY,False
2138004KW8BV57III342,PUBLICIS GROUPE SA,2138005GMCR89DYST911,MSLGROUP LONDON LIMITED,02107327,IS_DIRECTLY_CONSOLIDATED_BY,False
2138004KW8BV57III342,PUBLICIS GROUPE SA,2138005HVDKGF3WS2W21,BARTLE BOGLE HEGARTY LIMITED,01622226,IS_DIRECTLY_CONSOLIDATED_BY,False
2138004KW8BV57III342,PUBLICIS GROUPE SA,213800671RQ7VS5D1S95,LION RE:SOURCES UK LIMITED,04239427,IS_DIRECTLY_CONSOLIDATED_BY,False
2138004KW8BV57III342,PUBLICIS GROUPE SA,2138006GKNOF7JM1YT98,SPARK FOUNDRY LIMITED,03457650,IS_DIRECTLY_CONSOLIDATED_BY,False
2138004KW8BV57III342,PUBLICIS GROUPE SA,2138007VXTT9V49AQG03,PUBLICIS MEDIA LIMITED,04244479,IS_DIRECTLY_CONSOLIDATED_BY,False
2138004KW8BV57III342,PUBLICIS GROUPE SA,21380086CXZQBBTXLS23,ZENITH UK (MEDIA) LIMITED,01921320,IS_DIRECTLY_CONSOLIDATED_BY,False
2138004KW8BV57III342,PUBLICIS GROUPE SA,21380095TMD77JZZUS72,ZENITH SERVICES (MEDIA) LIMITED,02645326,IS_DIRECTLY_CONSOLIDATED_BY,False
2138004KW8BV57III342,PUBLICIS GROUPE SA,213800AFGPN2NMPFAC86,MMS UK HOLDINGS LIMITED,04982095,IS_DIRECTLY_CONSOLIDATED_BY,False
2138004KW8BV57III342,PUBLICIS GROUPE SA,213800APJHTCPJPPUC52,LEO BURNETT LIMITED,00903797,IS_DIRECTLY_CONSOLIDATED_BY,False
2138004KW8BV57III342,PUBLICIS GROUPE SA,213800I5Z1TEU8UEO505,STARCOM WORLDWIDE LIMITED,02555573,IS_DIRECTLY_CONSOLIDATED_BY,False
2138004KW8BV57III342,PUBLICIS GROUPE SA,213800IPY8262DU3IS65,PRODIGIOUS UK LIMITED,00294029,IS_DIRECTLY_CONSOLIDATED_BY,False
2138004KW8BV57III342,PUBLICIS GROUPE SA,213800JJLSPBOMST9415,PUBLICIS MEDIA EXCHANGE LIMITED,03423055,IS_DIRECTLY_CONSOLIDATED_BY,False
2138004KW8BV57III342,PUBLICIS GROUPE SA,213800KY1RDCJ3NTLX59,PUBLICIS LIMITED,01046052,IS_DIRECTLY_CONSOLIDATED_BY,False
2138004KW8BV57III342,PUBLICIS GROUPE SA,213800ONX62LVXLC2A24,CNC-COMMUNICATIONS & NETWORK CONSULTING LIMITED,04131534,IS_DIRECTLY_CONSOLIDATED_BY,False
2138004KW8BV57III342,PUBLICIS GROUPE SA,213800RK7T5PW2DHHM71,BBH PARTNERS LLP,OC355051,IS_DIRECTLY_CONSOLIDATED_BY,False
2138004KW8BV57III342,PUBLICIS GROUPE SA,213800TOA6R3U1O3XZ86,PUBLICIS MEDIA UK LIMITED,05358138,IS_DIRECTLY_CONSOLIDATED_BY,False
2138004KW8BV57III342,PUBLICIS GROUPE SA,213800W4V7ZGS6YY3R58,SAATCHI & SAATCHI GROUP LTD,00231824,IS_DIRECTLY_CONSOLIDATED_BY,False
2138004KW8BV57III342,PUBLICIS GROUPE SA,213800WUHFSARX9FXU92,PUBLICIS HEALTHCARE COMMUNICATIONS GROUP LIMITED,01072087,IS_DIRECTLY_CONSOLIDATED_BY,False
5299003APZ54EDTSRO20,Dürr Aktiengesellschaft,213800TJKA6OAUF3IF94,HOMAG U.K. LTD.,01150111,IS_DIRECTLY_CONSOLIDATED_BY,False
5299003APZ54EDTSRO20,Dürr Aktiengesellschaft,529900NDADW4KQ6FRZ29,DURR LIMITED,01002684,IS_DIRECTLY_CONSOLIDATED_BY,False
213800JH9QQWHLO99821,LEGAL & GENERAL GROUP PLC,21380081MP6MEQJET187,LEGAL & GENERAL RETAIL INVESTMENTS (HOLDINGS) LIMITED,04315644,IS_DIRECTLY_CONSOLIDATED_BY,False
213800JH9QQWHLO99821,LEGAL & GENERAL GROUP PLC,213800AJC8I72ZCD2E71,LEGAL & GENERAL FINANCE PLC,02338444,IS_DIRECTLY_CONSOLIDATED_BY,False
213800JH9QQWHLO99821,LEGAL & GENERAL GROUP PLC,213800FO8VPW3UGEXQ86,LEGAL & GENERAL CAPITAL INVESTMENTS LIMITED,08428232,IS_DIRECTLY_CONSOLIDATED_BY,False
213800JH9QQWHLO99821,LEGAL & GENERAL GROUP PLC,213800HR77K2NMOFU194,LGIM INTERNATIONAL LIMITED,07716001,IS_DIRECTLY_CONSOLIDATED_BY,False
213800JH9QQWHLO99821,LEGAL & GENERAL GROUP PLC,213800JK8U46713L3454,LGIM REAL ASSETS (OPERATOR) LIMITED,05522016,IS_DIRECTLY_CONSOLIDATED_BY,False
213800JH9QQWHLO99821,LEGAL & GENERAL GROUP PLC,213800LKFXEMM8WLMA04,LEGAL AND GENERAL ASSURANCE SOCIETY LIMITED,00166055,IS_DIRECTLY_CONSOLIDATED_BY,False
213800JH9QQWHLO99821,LEGAL & GENERAL GROUP PLC,213800MCLBTNE3X4NH27,L&G - ASSET MANAGEMENT LIMITED,04303322,IS_DIRECTLY_CONSOLIDATED_BY,False
213800JH9QQWHLO99821,LEGAL & GENERAL GROUP PLC,213800WT2FV8TTBG4574,LEGAL & GENERAL (PORTFOLIO MANAGEMENT SERVICES) LIMITED,02457525,IS_DIRECTLY_CONSOLIDATED_BY,False
213800JH9QQWHLO99821,LEGAL & GENERAL GROUP PLC,984500B4363B86AF4K31,LEGAL & GENERAL MIDDLE EAST LIMITED,06632289,IS_DIRECTLY_CONSOLIDATED_BY,False
529900CAYOWB8YIG7X25,ZF Friedrichshafen AG,529900JA4W5QZKI1JJ59,ZF SERVICES UK LIMITED,01137722,IS_DIRECTLY_CONSOLIDATED_BY,False
529900CAYOWB8YIG7X25,ZF Friedrichshafen AG,529900TYD3EQIVDVMG29,ZF LEMFORDER UK LIMITED,02370396,IS_DIRECTLY_CONSOLIDATED_BY,False
529900CAYOWB8YIG7X25,ZF Friedrichshafen AG,549300GJK5L917KX7790,ZF AUTOMOTIVE UK LIMITED,00872948,IS_DIRECTLY_CONSOLIDATED_BY,False
529900CAYOWB8YIG7X25,ZF Friedrichshafen AG,549300O6NQFLJ3XDOC47,ZF INTERNATIONAL UK LIMITED,00054802,IS_DIRECTLY_CONSOLIDATED_BY,False
529900CAYOWB8YIG7X25,ZF Friedrichshafen AG,549300UQJZNSTWFPTH39,ZF CV Distribution UK Limited,00709827,IS_DIRECTLY_CONSOLIDATED_BY,False
529900CAYOWB8YIG7X25,ZF Friedrichshafen AG,549300WZNAQGZYPI3422,LUCASVARITY,03207774,IS_DIRECTLY_CONSOLIDATED_BY,False
35GDVHRBMFE7NWATNM84,3I GROUP PLC,2138001YRXK8OT1GR195,3I EFV GP LIMITED,05840692,IS_DIRECTLY_CONSOLIDATED_BY,False
35GDVHRBMFE7NWATNM84,3I GROUP PLC,2138006HH3RH7E824Q54,3I PE 2019-22 B LP,LP020195,IS_DIRECTLY_CONSOLIDATED_BY,False
35GDVHRBMFE7NWATNM84,3I GROUP PLC,2138006LND2ME3V8S926,3I GC GP LIMITED,07106395,IS_DIRECTLY_CONSOLIDATED_BY,False
35GDVHRBMFE7NWATNM84,3I GROUP PLC,2138007KC5NXJCF5WS31,BIIF GP LIMITED,04836947,IS_DIRECTLY_CONSOLIDATED_BY,False
35GDVHRBMFE7NWATNM84,3I GROUP PLC,2138007S1XORV8SB5N49,3I EFV NOMINEES B LIMITED,05985584,IS_DIRECTLY_CONSOLIDATED_BY,False
35GDVHRBMFE7NWATNM84,3I GROUP PLC,2138007WT4L4MKN56B60,3I GP 2013 LTD,08489159,IS_DIRECTLY_CONSOLIDATED_BY,False
35GDVHRBMFE7NWATNM84,3I GROUP PLC,2138008OTHRO3627UZ34,3I PE 2016-19A LP,LP017410,IS_DIRECTLY_CONSOLIDATED_BY,False
35GDVHRBMFE7NWATNM84,3I GROUP PLC,2138009381M7QMH5JD82,3I GROWTH CARRY A LP,SL007668,IS_DIRECTLY_CONSOLIDATED_BY,False
35GDVHRBMFE7NWATNM84,3I GROUP PLC,2138009M2A1ATTC5TK32,3I UK PRIVATE EQUITY 2004-06 LP,LP009320,IS_DIRECTLY_CONSOLIDATED_BY,False
35GDVHRBMFE7NWATNM84,3I GROUP PLC,2138009UJEA9HXESWM80,3I PE 2022-25 B LP,LP022438,IS_DIRECTLY_CONSOLIDATED_BY,False
35GDVHRBMFE7NWATNM84,3I GROUP PLC,213800BJV45PY23E1153,3I PAN EUROPEAN GROWTH CAPITAL 2005-06 LP,LP010353,IS_DIRECTLY_CONSOLIDATED_BY,False
35GDVHRBMFE7NWATNM84,3I GROUP PLC,213800BN4YJ2W9PW4J65,3I PE 2022-25 A LP,LP022439,IS_DIRECTLY_CONSOLIDATED_BY,False
35GDVHRBMFE7NWATNM84,3I GROUP PLC,213800C8EY9T36WEKG20,3I PE 2013-16C LP,LP015629,IS_DIRECTLY_CONSOLIDATED_BY,False
35GDVHRBMFE7NWATNM84,3I GROUP PLC,213800C9AAB3M8UK5Q25,3I PE 2019-22 WAREHOUSE LP,SL033846,IS_DIRECTLY_CONSOLIDATED_BY,False
35GDVHRBMFE7NWATNM84,3I GROUP PLC,213800CEI5ODQXU6LF96,3I INTERNATIONAL SERVICES PLC,04206469,IS_DIRECTLY_CONSOLIDATED_BY,False
35GDVHRBMFE7NWATNM84,3I GROUP PLC,213800DYZCB8YRTOF768,3I NOMINEES LIMITED,02916955,IS_DIRECTLY_CONSOLIDATED_BY,False
35GDVHRBMFE7NWATNM84,3I GROUP PLC,213800HEW5SA2D4NUH77,3I GC NOMINEES B LIMITED,07220427,IS_DIRECTLY_CONSOLIDATED_BY,False
35GDVHRBMFE7NWATNM84,3I GROUP PLC,213800HOOTLDZ523EG51,3I GP 2019 LIMITED,11929444,IS_DIRECTLY_CONSOLIDATED_BY,False
35GDVHRBMFE7NWATNM84,3I GROUP PLC,213800HRSK7HZZKAMU52,3I 2023 CO-INVESTMENT LP,LP023261,IS_DIRECTLY_CONSOLIDATED_BY,False
35GDVHRBMFE7NWATNM84,3I GROUP PLC,213800IWGUQS3U4V8953,3I HOLDINGS PLC,02591431,IS_DIRECTLY_CONSOLIDATED_BY,False
35GDVHRBMFE7NWATNM84,3I GROUP PLC,213800J3JD2DTGRUOT39,GARDENS NOMINEES LIMITED,00632717,IS_DIRECTLY_CONSOLIDATED_BY,False
35GDVHRBMFE7NWATNM84,3I GROUP PLC,213800JCHRT8VHBRFZ80,3I INDIA INFRASTRUCTURE FUND B LP,LP012432,IS_DIRECTLY_CONSOLIDATED_BY,False
35GDVHRBMFE7NWATNM84,3I GROUP PLC,213800JECL3D66WPGW35,3I EFV NOMINEES A LIMITED,05985597,IS_DIRECTLY_CONSOLIDATED_BY,False
35GDVHRBMFE7NWATNM84,3I GROUP PLC,213800JG78B2MY2KXG89,3I PAN EUROPEAN BUY-OUTS 2004-06 LP,LP009323,IS_DIRECTLY_CONSOLIDATED_BY,False
35GDVHRBMFE7NWATNM84,3I GROUP PLC,213800LGIMN5VTIZDV92,GARDENS PENSION TRUSTEES LIMITED,00888568,IS_DIRECTLY_CONSOLIDATED_BY,False
35GDVHRBMFE7NWATNM84,3I GROUP PLC,213800M6GAFS27PC5I42,3I GC NOMINEES A LIMITED,07220175,IS_DIRECTLY_CONSOLIDATED_BY,False
35GDVHRBMFE7NWATNM84,3I GROUP PLC,213800MGMWHXC8GCVZ40,3I OSPREY GP LIMITED,06100576,IS_DIRECTLY_CONSOLIDATED_BY,False
35GDVHRBMFE7NWATNM84,3I GROUP PLC,213800O61OSVJEU68877,3I GP 2010 LIMITED,07146784,IS_DIRECTLY_CONSOLIDATED_BY,False
35GDVHRBMFE7NWATNM84,3I GROUP PLC,213800QOMH5113BU3932,BEIF MANAGEMENT LIMITED,04186911,IS_DIRECTLY_CONSOLIDATED_BY,False
35GDVHRBMFE7NWATNM84,3I GROUP PLC,213800S5SSKFSHUROI64,3I GROWTH CAPITAL G LP,LP013827,IS_DIRECTLY_CONSOLIDATED_BY,False
35GDVHRBMFE7NWATNM84,3I GROUP PLC,213800S7225F3T2GIP96,3I PE 2019-22 A LP,LP020194,IS_DIRECTLY_CONSOLIDATED_BY,False
35GDVHRBMFE7NWATNM84,3I GROUP PLC,213800VJHRJYSWT12298,INVESTORS IN INDUSTRY PLC,00510431,IS_DIRECTLY_CONSOLIDATED_BY,False
35GDVHRBMFE7NWATNM84,3I GROUP PLC,213800XA5ZPMQOKSMF50,3I NORDIC PRIVATE EQUITY 2004-06 LP,LP009319,IS_DIRECTLY_CONSOLIDATED_BY,False
35GDVHRBMFE7NWATNM84,3I GROUP PLC,213800ZSL7JJ2G5VD895,3I GROWTH CAPITAL A LP,LP013777,IS_DIRECTLY_CONSOLIDATED_BY,False
35GDVHRBMFE7NWATNM84,3I GROUP PLC,549300DWJK34SARAI193,3I NORDIC PLC,04166374,IS_DIRECTLY_CONSOLIDATED_BY,False
35GDVHRBMFE7NWATNM84,3I GROUP PLC,549300HLM33WX4KWIX82,3I EUROPE PLC,02817344,IS_DIRECTLY_CONSOLIDATED_BY,False
35GDVHRBMFE7NWATNM84,3I GROUP PLC,549300L66TI5OHG57024,3I INVESTMENTS PLC,03975789,IS_DIRECTLY_CONSOLIDATED_BY,False
549300CP8NY40UP89Q40,Fresenius Medical Care AG,529900ARIITGH6K51965,OPTIMAL RENAL CARE UK LIMITED,03777311,IS_DIRECTLY_CONSOLIDATED_BY,False
549300CP8NY40UP89Q40,Fresenius Medical Care AG,529900FT15FY8NVFIU87,FRESENIUS MEDICAL CARE (HOLDINGS) LIMITED,03218090,IS_DIRECTLY_CONSOLIDATED_BY,False
549300CP8NY40UP89Q40,Fresenius Medical Care AG,529900IKZSGQSVOFFE83,FRESENIUS MEDICAL CARE RENAL SERVICES (SS) LIMITED,06682562,IS_DIRECTLY_CONSOLIDATED_BY,False
549300CP8NY40UP89Q40,Fresenius Medical Care AG,529900KLJXO11F9N5J44,FRESENIUS MEDICAL CARE RENAL SERVICES (UK) LIMITED,03353201,IS_DIRECTLY_CONSOLIDATED_BY,False
549300CP8NY40UP89Q40,Fresenius Medical Care AG,529900N2HOROQSUO4C24,FRESENIUS MEDICAL CARE RENAL SERVICES LIMITED,02768342,IS_DIRECTLY_CONSOLIDATED_BY,False
549300CP8NY40UP89Q40,Fresenius Medical Care AG,529900P8WTZRG5B70G97,"NXSTAGE MEDICAL UK, LTD.",07857151,IS_DIRECTLY_CONSOLIDATED_BY,False
549300CP8NY40UP89Q40,Fresenius Medical Care AG,529900WZUI5235JCD270,FRESENIUS MEDICAL CARE RENAL SERVICES (IDC) LIMITED,06138507,IS_DIRECTLY_CONSOLIDATED_BY,False
549300CP8NY40UP89Q40,Fresenius Medical Care AG,5493005D6EZSBKZU3797,FRESENIUS MEDICAL CARE (UK) LIMITED,03203279,IS_DIRECTLY_CONSOLIDATED_BY,False
IOG4E947OATN0KJYSD45,LVMH MOET HENNESSY LOUIS VUITTON,529900IFI14ZO002OQ43,BENEFIT COSMETICS LIMITED,03922046,IS_DIRECTLY_CONSOLIDATED_BY,False
IOG4E947OATN0KJYSD45,LVMH MOET HENNESSY LOUIS VUITTON,529900TLFOZOIU256P42,LOUIS VUITTON UK LIMITED,01633350,IS_DIRECTLY_CONSOLIDATED_BY,False
IOG4E947OATN0KJYSD45,LVMH MOET HENNESSY LOUIS VUITTON,529900Y905BSK9EUXS72,SOFIDIV UK LIMITED,04130215,IS_DIRECTLY_CONSOLIDATED_BY,False
