company_number,period_end,concept_qname,caption_text,value,unit,decimals,sign,context_ref,is_subtotal_guess,parse_status
12521524,2025-10-31,core:TurnoverRevenue,Turnover,"51,090,206",GBP,0,,FY1.segment.bus-GroupCompanyDataDimension.bus-Consolidated,False,ok
12521524,2024-10-31,core:TurnoverRevenue,Turnover,"50,803,832",GBP,0,,FY2.segment.bus-GroupCompanyDataDimension.bus-Consolidated,False,ok
12521524,2025-10-31,core:CostSales,Cost of sales,"44,042,568",GBP,0,,FY1.segment.bus-GroupCompanyDataDimension.bus-Consolidated,False,ok
12521524,2024-10-31,core:CostSales,Cost of sales,"43,557,341",GBP,0,,FY2.segment.bus-GroupCompanyDataDimension.bus-Consolidated,False,ok
12521524,2025-10-31,core:GrossProfitLoss,Gross profit,"7,047,638",GBP,0,,FY1.segment.bus-GroupCompanyDataDimension.bus-Consolidated,False,ok
12521524,2024-10-31,core:GrossProfitLoss,Gross profit,"7,246,491",GBP,0,,FY2.segment.bus-GroupCompanyDataDimension.bus-Consolidated,False,ok
12521524,2025-10-31,core:DistributionCosts,Distribution costs,"73,225",GBP,0,,FY1.segment.bus-GroupCompanyDataDimension.bus-Consolidated,False,ok
12521524,2024-10-31,core:DistributionCosts,Distribution costs,"87,949",GBP,0,,FY2.segment.bus-GroupCompanyDataDimension.bus-Consolidated,False,ok
12521524,2025-10-31,core:AdministrativeExpenses,Administrative expenses,"6,855,121",GBP,0,,FY1.segment.bus-GroupCompanyDataDimension.bus-Consolidated,False,ok
12521524,2024-10-31,core:AdministrativeExpenses,Administrative expenses,"8,310,273",GBP,0,,FY2.segment.bus-GroupCompanyDataDimension.bus-Consolidated,False,ok
12521524,2025-10-31,core:OtherOperatingIncomeFormat1,Other operating income,"791,819",GBP,0,,FY1.segment.bus-GroupCompanyDataDimension.bus-Consolidated,False,ok
12521524,2024-10-31,core:OtherOperatingIncomeFormat1,Other operating income,"1,038,751",GBP,0,,FY2.segment.bus-GroupCompanyDataDimension.bus-Consolidated,False,ok
12521524,2025-10-31,core:OperatingProfitLoss,Operating profit/(loss),"911,111",GBP,0,,FY1.segment.bus-GroupCompanyDataDimension.bus-Consolidated,False,ok
12521524,2024-10-31,core:OperatingProfitLoss,Operating profit/(loss),"112,980",GBP,0,-,FY2.segment.bus-GroupCompanyDataDimension.bus-Consolidated,False,ok
12521524,2025-10-31,core:IncomeFromAssociatesJointVenturesParticipatingInterests,Income from participating interests,"340,000",GBP,0,,FY1.segment.bus-GroupCompanyDataDimension.bus-Consolidated,False,ok
12521524,2025-10-31,core:OtherInterestReceivableSimilarIncomeFinanceIncome,Other interest receivable and similar income,"344,032",GBP,0,,FY1.segment.bus-GroupCompanyDataDimension.bus-Consolidated,False,ok
12521524,2024-10-31,core:OtherInterestReceivableSimilarIncomeFinanceIncome,Other interest receivable and similar income,"461,319",GBP,0,,FY2.segment.bus-GroupCompanyDataDimension.bus-Consolidated,False,ok
12521524,2025-10-31,core:InterestPayableSimilarChargesFinanceCosts,Interest payable and similar charges,"556,255",GBP,0,,FY1.segment.bus-GroupCompanyDataDimension.bus-Consolidated,False,ok
12521524,2024-10-31,core:InterestPayableSimilarChargesFinanceCosts,Interest payable and similar charges,"594,147",GBP,0,,FY2.segment.bus-GroupCompanyDataDimension.bus-Consolidated,False,ok
12521524,2025-10-31,core:ShareProfitLossAssociatesJointVenturesAccountedForUsingEquityMethod,Share of profit of equity accounted investees,"933,431",GBP,0,,FY1.segment.bus-GroupCompanyDataDimension.bus-Consolidated,False,ok
12521524,2024-10-31,core:ShareProfitLossAssociatesJointVenturesAccountedForUsingEquityMethod,Share of profit of equity accounted investees,"632,524",GBP,0,,FY2.segment.bus-GroupCompanyDataDimension.bus-Consolidated,False,ok
12521524,2025-10-31,core:ProfitLossOnOrdinaryActivitiesBeforeTax,Profit before tax,"1,972,319",GBP,0,,FY1.segment.bus-GroupCompanyDataDimension.bus-Consolidated,False,ok
12521524,2024-10-31,core:ProfitLossOnOrdinaryActivitiesBeforeTax,Profit before tax,"386,716",GBP,0,,FY2.segment.bus-GroupCompanyDataDimension.bus-Consolidated,False,ok
12521524,2025-10-31,core:TaxTaxCreditOnProfitOrLossOnOrdinaryActivities,Taxation,"362,507",GBP,0,-,FY1.segment.bus-GroupCompanyDataDimension.bus-Consolidated,False,ok
12521524,2024-10-31,core:TaxTaxCreditOnProfitOrLossOnOrdinaryActivities,Taxation,"100,777",GBP,0,,FY2.segment.bus-GroupCompanyDataDimension.bus-Consolidated,False,ok
12521524,2025-10-31,core:ProfitLoss,Profit for the financial year,"2,334,826",GBP,0,,FY1.segment.bus-GroupCompanyDataDimension.bus-Consolidated,False,ok
12521524,2024-10-31,core:ProfitLoss,Profit for the financial year,"285,939",GBP,0,,FY2.segment.bus-GroupCompanyDataDimension.bus-Consolidated,False,ok
12521524,2025-10-31,core:ProfitLossAttributableToOwnersParent,Owners of the company,"2,213,568",GBP,0,,FY1.segment.bus-GroupCompanyDataDimension.bus-Consolidated,False,ok
12521524,2024-10-31,core:ProfitLossAttributableToOwnersParent,Owners of the company,"187,118",GBP,0,,FY2.segment.bus-GroupCompanyDataDimension.bus-Consolidated,False,ok
12521524,2025-10-31,core:ProfitLossAttributableToNon-controllingInterests,Minority interests,"121,258",GBP,0,,FY1.segment.bus-GroupCompanyDataDimension.bus-Consolidated,False,ok
12521524,2024-10-31,core:ProfitLossAttributableToNon-controllingInterests,Minority interests,"98,821",GBP,0,,FY2.segment.bus-GroupCompanyDataDimension.bus-Consolidated,False,ok
12521524,2025-10-31,core:ProfitLoss,Minority interests,"2,334,826",GBP,0,,FY1.segment.bus-GroupCompanyDataDimension.bus-Consolidated,False,ok
12521524,2024-10-31,core:ProfitLoss,Minority interests,"285,939",GBP,0,,FY2.segment.bus-GroupCompanyDataDimension.bus-Consolidated,False,ok
12521524,2025-10-31,core:ProfitLoss,Profit for the year,"2,334,826",GBP,0,,FY1.segment.bus-GroupCompanyDataDimension.bus-Consolidated,False,ok
12521524,2024-10-31,core:ProfitLoss,Profit for the year,"285,939",GBP,0,,FY2.segment.bus-GroupCompanyDataDimension.bus-Consolidated,False,ok
12521524,2025-10-31,core:ComprehensiveIncomeExpense,Total comprehensive income for the year,"2,334,826",GBP,0,,FY1.segment.bus-GroupCompanyDataDimension.bus-Consolidated,False,ok
12521524,2024-10-31,core:ComprehensiveIncomeExpense,Total comprehensive income for the year,"285,939",GBP,0,,FY2.segment.bus-GroupCompanyDataDimension.bus-Consolidated,False,ok
12521524,2025-10-31,core:ComprehensiveIncomeExpenseAttributableToOwnersParent,Owners of the company,"2,213,568",GBP,0,,FY1.segment.bus-GroupCompanyDataDimension.bus-Consolidated,False,ok
12521524,2024-10-31,core:ComprehensiveIncomeExpenseAttributableToOwnersParent,Owners of the company,"187,118",GBP,0,,FY2.segment.bus-GroupCompanyDataDimension.bus-Consolidated,False,ok
12521524,2025-10-31,core:ComprehensiveIncomeExpenseAttributableToNon-controllingInterests,Minority interests,"121,258",GBP,0,,FY1.segment.bus-GroupCompanyDataDimension.bus-Consolidated,False,ok
12521524,2024-10-31,core:ComprehensiveIncomeExpenseAttributableToNon-controllingInterests,Minority interests,"98,821",GBP,0,,FY2.segment.bus-GroupCompanyDataDimension.bus-Consolidated,False,ok
12521524,2025-10-31,core:ComprehensiveIncomeExpense,Minority interests,"2,334,826",GBP,0,,FY1.segment.bus-GroupCompanyDataDimension.bus-Consolidated,False,ok
12521524,2024-10-31,core:ComprehensiveIncomeExpense,Minority interests,"285,939",GBP,0,,FY2.segment.bus-GroupCompanyDataDimension.bus-Consolidated,False,ok
12521524,2025-10-31,core:IntangibleAssets,Intangible assets,"90,000",GBP,0,,FY1.END.segment.bus-GroupCompanyDataDimension.bus-Consolidated,False,ok
12521524,2024-10-31,core:IntangibleAssets,Intangible assets,"100,000",GBP,0,,FY2.END.segment.bus-GroupCompanyDataDimension.bus-Consolidated,False,ok
12521524,2025-10-31,core:PropertyPlantEquipment,Tangible assets,"15,245,679",GBP,0,,FY1.END.segment.bus-GroupCompanyDataDimension.bus-Consolidated,False,ok
12521524,2024-10-31,core:PropertyPlantEquipment,Tangible assets,"17,627,456",GBP,0,,FY2.END.segment.bus-GroupCompanyDataDimension.bus-Consolidated,False,ok
12521524,2025-10-31,core:InvestmentProperty,Investment property,"1,585,631",GBP,0,,FY1.END.segment.bus-GroupCompanyDataDimension.bus-Consolidated,False,ok
12521524,2024-10-31,core:InvestmentProperty,Investment property,"1,585,631",GBP,0,,FY2.END.segment.bus-GroupCompanyDataDimension.bus-Consolidated,False,ok
12521524,2025-10-31,core:InvestmentsFixedAssets,Investments,"5,315,310",GBP,0,,FY1.END.segment.bus-GroupCompanyDataDimension.bus-Consolidated,False,ok
12521524,2024-10-31,core:InvestmentsFixedAssets,Investments,"4,381,928",GBP,0,,FY2.END.segment.bus-GroupCompanyDataDimension.bus-Consolidated,False,ok
12521524,2025-10-31,core:FixedAssets,Investments,"22,236,620",GBP,0,,FY1.END.segment.bus-GroupCompanyDataDimension.bus-Consolidated,True,ok
12521524,2024-10-31,core:FixedAssets,Investments,"23,695,015",GBP,0,,FY2.END.segment.bus-GroupCompanyDataDimension.bus-Consolidated,True,ok
12521524,2025-10-31,core:TotalInventories,Stocks,"383,688",GBP,0,,FY1.END.segment.bus-GroupCompanyDataDimension.bus-Consolidated,True,ok
12521524,2024-10-31,core:TotalInventories,Stocks,"383,367",GBP,0,,FY2.END.segment.bus-GroupCompanyDataDimension.bus-Consolidated,True,ok
12521524,2025-10-31,core:Debtors,Debtors,"12,538,929",GBP,0,,FY1.END.segment.core-FinancialInstrumentCurrentNon-currentDimension.core-CurrentFinancialInstruments.bus-GroupCompanyDataDimension.bus-Consolidated,False,ok
12521524,2024-10-31,core:Debtors,Debtors,"12,247,872",GBP,0,,FY2.END.segment.core-FinancialInstrumentCurrentNon-currentDimension.core-CurrentFinancialInstruments.bus-GroupCompanyDataDimension.bus-Consolidated,False,ok
12521524,2025-10-31,core:CashBankOnHand,Cash at bank and in hand,"13,258,186",GBP,0,,FY1.END.segment.bus-GroupCompanyDataDimension.bus-Consolidated,False,ok
12521524,2024-10-31,core:CashBankOnHand,Cash at bank and in hand,"12,837,907",GBP,0,,FY2.END.segment.bus-GroupCompanyDataDimension.bus-Consolidated,False,ok
12521524,2025-10-31,core:CurrentAssets,Cash at bank and in hand,"26,180,803",GBP,0,,FY1.END.segment.bus-GroupCompanyDataDimension.bus-Consolidated,True,ok
12521524,2024-10-31,core:CurrentAssets,Cash at bank and in hand,"25,469,146",GBP,0,,FY2.END.segment.bus-GroupCompanyDataDimension.bus-Consolidated,True,ok
12521524,2025-10-31,core:Creditors,: Amounts falling due within one year,"9,506,998",GBP,0,,FY1.END.segment.core-FinancialInstrumentCurrentNon-currentDimension.core-CurrentFinancialInstruments.core-MaturitiesOrExpirationPeriodsDimension.core-WithinOneYear.bus-GroupCompanyDataDimension.bus-Consolidated,False,ok
12521524,2024-10-31,core:Creditors,: Amounts falling due within one year,"10,657,854",GBP,0,,FY2.END.segment.core-FinancialInstrumentCurrentNon-currentDimension.core-CurrentFinancialInstruments.core-MaturitiesOrExpirationPeriodsDimension.core-WithinOneYear.bus-GroupCompanyDataDimension.bus-Consolidated,False,ok
12521524,2025-10-31,core:NetCurrentAssetsLiabilities,assets,"16,673,805",GBP,0,,FY1.END.segment.bus-GroupCompanyDataDimension.bus-Consolidated,True,ok
12521524,2024-10-31,core:NetCurrentAssetsLiabilities,assets,"14,811,292",GBP,0,,FY2.END.segment.bus-GroupCompanyDataDimension.bus-Consolidated,True,ok
12521524,2025-10-31,core:TotalAssetsLessCurrentLiabilities,Total assets less current liabilities,"38,910,425",GBP,0,,FY1.END.segment.bus-GroupCompanyDataDimension.bus-Consolidated,True,ok
12521524,2024-10-31,core:TotalAssetsLessCurrentLiabilities,Total assets less current liabilities,"38,506,307",GBP,0,,FY2.END.segment.bus-GroupCompanyDataDimension.bus-Consolidated,True,ok
12521524,2025-10-31,core:Creditors,: Amounts falling due after more than one year,"6,958,151",GBP,0,,FY1.END.segment.core-FinancialInstrumentCurrentNon-currentDimension.core-Non-currentFinancialInstruments.core-MaturitiesOrExpirationPeriodsDimension.core-AfterOneYear.bus-GroupCompanyDataDimension.bus-Consolidated,False,ok
12521524,2024-10-31,core:Creditors,: Amounts falling due after more than one year,"8,704,588",GBP,0,,FY2.END.segment.core-FinancialInstrumentCurrentNon-currentDimension.core-Non-currentFinancialInstruments.core-MaturitiesOrExpirationPeriodsDimension.core-AfterOneYear.bus-GroupCompanyDataDimension.bus-Consolidated,False,ok
12521524,2025-10-31,core:ProvisionsForLiabilitiesBalanceSheetSubtotal,Provisions for liabilities,"1,393,095",GBP,0,,FY1.END.segment.bus-GroupCompanyDataDimension.bus-Consolidated,False,ok
12521524,2024-10-31,core:ProvisionsForLiabilitiesBalanceSheetSubtotal,Provisions for liabilities,"1,506,573",GBP,0,,FY2.END.segment.bus-GroupCompanyDataDimension.bus-Consolidated,False,ok
12521524,2025-10-31,core:NetAssetsLiabilities,assets,"30,559,179",GBP,0,,FY1.END.segment.bus-GroupCompanyDataDimension.bus-Consolidated,True,ok
12521524,2024-10-31,core:NetAssetsLiabilities,assets,"28,295,146",GBP,0,,FY2.END.segment.bus-GroupCompanyDataDimension.bus-Consolidated,True,ok
12521524,2025-10-31,core:Equity,Called up share capital,"10,000",GBP,0,,FY1.END.segment.core-EquityClassesDimension.core-ShareCapital.bus-GroupCompanyDataDimension.bus-Consolidated,True,ok
12521524,2024-10-31,core:Equity,Called up share capital,"10,000",GBP,0,,FY2.END.segment.core-EquityClassesDimension.core-ShareCapital.bus-GroupCompanyDataDimension.bus-Consolidated,True,ok
12521524,2025-10-31,core:Equity,Share premium reserve,"11,676",GBP,0,,FY1.END.segment.core-EquityClassesDimension.core-SharePremium.bus-GroupCompanyDataDimension.bus-Consolidated,True,ok
12521524,2024-10-31,core:Equity,Share premium reserve,"11,676",GBP,0,,FY2.END.segment.core-EquityClassesDimension.core-SharePremium.bus-GroupCompanyDataDimension.bus-Consolidated,True,ok
12521524,2025-10-31,core:Equity,Other reserves,"3,700,000",GBP,0,,FY1.END.segment.core-EquityClassesDimension.core-OtherReservesSubtotal.bus-GroupCompanyDataDimension.bus-Consolidated,True,ok
12521524,2024-10-31,core:Equity,Other reserves,"3,700,000",GBP,0,,FY2.END.segment.core-EquityClassesDimension.core-OtherReservesSubtotal.bus-GroupCompanyDataDimension.bus-Consolidated,True,ok
12521524,2025-10-31,core:Equity,Retained earnings,"26,386,867",GBP,0,,FY1.END.segment.core-EquityClassesDimension.core-RetainedEarningsAccumulatedLosses.bus-GroupCompanyDataDimension.bus-Consolidated,True,ok
12521524,2024-10-31,core:Equity,Retained earnings,"24,244,092",GBP,0,,FY2.END.segment.core-EquityClassesDimension.core-RetainedEarningsAccumulatedLosses.bus-GroupCompanyDataDimension.bus-Consolidated,True,ok
12521524,2025-10-31,core:Equity,Equity attributable to owners of the company,"30,108,543",GBP,0,,FY1.END.segment.core-EquityClassesDimension.core-TotalEquityAttributableToOwnersParentBeforeNon-controllingInterests.bus-GroupCompanyDataDimension.bus-Consolidated,True,ok
12521524,2024-10-31,core:Equity,Equity attributable to owners of the company,"27,965,768",GBP,0,,FY2.END.segment.core-EquityClassesDimension.core-TotalEquityAttributableToOwnersParentBeforeNon-controllingInterests.bus-GroupCompanyDataDimension.bus-Consolidated,True,ok
12521524,2025-10-31,core:Equity,Minority interests,"450,636",GBP,0,,FY1.END.segment.core-EquityClassesDimension.core-Non-controllingInterests.bus-GroupCompanyDataDimension.bus-Consolidated,True,ok
12521524,2024-10-31,core:Equity,Minority interests,"329,378",GBP,0,,FY2.END.segment.core-EquityClassesDimension.core-Non-controllingInterests.bus-GroupCompanyDataDimension.bus-Consolidated,True,ok
12521524,2025-10-31,core:Equity,Shareholders' funds,"30,559,179",GBP,0,,FY1.END.segment.bus-GroupCompanyDataDimension.bus-Consolidated,True,ok
12521524,2024-10-31,core:Equity,Shareholders' funds,"28,295,146",GBP,0,,FY2.END.segment.bus-GroupCompanyDataDimension.bus-Consolidated,True,ok
12521524,2025-10-31,core:PropertyPlantEquipment,Tangible assets,"2,195,446",GBP,0,,FY1.END,False,ok
12521524,2024-10-31,core:PropertyPlantEquipment,Tangible assets,"2,308,086",GBP,0,,FY2.END,False,ok
12521524,2025-10-31,core:InvestmentProperty,Investment property,"1,585,631",GBP,0,,FY1.END,False,ok
12521524,2024-10-31,core:InvestmentProperty,Investment property,"1,585,631",GBP,0,,FY2.END,False,ok
12521524,2025-10-31,core:InvestmentsFixedAssets,Investments,"10,149",GBP,0,,FY1.END,False,ok
12521524,2024-10-31,core:InvestmentsFixedAssets,Investments,"10,149",GBP,0,,FY2.END,False,ok
12521524,2025-10-31,core:FixedAssets,Investments,"3,791,226",GBP,0,,FY1.END,True,ok
12521524,2024-10-31,core:FixedAssets,Investments,"3,903,866",GBP,0,,FY2.END,True,ok
12521524,2025-10-31,core:Debtors,Debtors,"401,844",GBP,0,,FY1.END.segment.core-FinancialInstrumentCurrentNon-currentDimension.core-CurrentFinancialInstruments,False,ok
12521524,2024-10-31,core:Debtors,Debtors,"91,016",GBP,0,,FY2.END.segment.core-FinancialInstrumentCurrentNon-currentDimension.core-CurrentFinancialInstruments,False,ok
12521524,2025-10-31,core:CashBankOnHand,Cash at bank and in hand,"2,336,548",GBP,0,,FY1.END,False,ok
12521524,2024-10-31,core:CashBankOnHand,Cash at bank and in hand,"1,655,851",GBP,0,,FY2.END,False,ok
12521524,2025-10-31,core:CurrentAssets,Cash at bank and in hand,"2,738,392",GBP,0,,FY1.END,True,ok
12521524,2024-10-31,core:CurrentAssets,Cash at bank and in hand,"1,746,867",GBP,0,,FY2.END,True,ok
12521524,2025-10-31,core:Creditors,: Amounts falling due within one year,"66,619",GBP,0,,FY1.END.segment.core-FinancialInstrumentCurrentNon-currentDimension.core-CurrentFinancialInstruments.core-MaturitiesOrExpirationPeriodsDimension.core-WithinOneYear,False,ok
12521524,2024-10-31,core:Creditors,: Amounts falling due within one year,"82,289",GBP,0,,FY2.END.segment.core-FinancialInstrumentCurrentNon-currentDimension.core-CurrentFinancialInstruments.core-MaturitiesOrExpirationPeriodsDimension.core-WithinOneYear,False,ok
12521524,2025-10-31,core:NetCurrentAssetsLiabilities,assets,"2,671,773",GBP,0,,FY1.END,True,ok
12521524,2024-10-31,core:NetCurrentAssetsLiabilities,assets,"1,664,578",GBP,0,,FY2.END,True,ok
12521524,2025-10-31,core:NetAssetsLiabilities,assets,"6,462,999",GBP,0,,FY1.END,True,ok
12521524,2024-10-31,core:NetAssetsLiabilities,assets,"5,568,444",GBP,0,,FY2.END,True,ok
12521524,2025-10-31,core:Equity,Called up share capital,"10,000",GBP,0,,FY1.END.segment.core-EquityClassesDimension.core-ShareCapital,True,ok
12521524,2024-10-31,core:Equity,Called up share capital,"10,000",GBP,0,,FY2.END.segment.core-EquityClassesDimension.core-ShareCapital,True,ok
12521524,2025-10-31,core:Equity,Retained earnings,"6,452,999",GBP,0,,FY1.END.segment.core-EquityClassesDimension.core-RetainedEarningsAccumulatedLosses,True,ok
12521524,2024-10-31,core:Equity,Retained earnings,"5,558,444",GBP,0,,FY2.END.segment.core-EquityClassesDimension.core-RetainedEarningsAccumulatedLosses,True,ok
12521524,2025-10-31,core:Equity,Shareholders' funds,"6,462,999",GBP,0,,FY1.END,True,ok
12521524,2024-10-31,core:Equity,Shareholders' funds,"5,568,444",GBP,0,,FY2.END,True,ok
12521524,2024-10-31,core:Equity,At 1 November 2024,"10,000",GBP,0,,FY1.START.segment.core-EquityClassesDimension.core-ShareCapital.bus-GroupCompanyDataDimension.bus-Consolidated,True,ok
12521524,2024-10-31,core:Equity,At 1 November 2024,"11,676",GBP,0,,FY1.START.segment.core-EquityClassesDimension.core-SharePremium.bus-GroupCompanyDataDimension.bus-Consolidated,True,ok
12521524,2024-10-31,core:Equity,At 1 November 2024,"3,700,000",GBP,0,,FY1.START.segment.core-EquityClassesDimension.core-MergerReserve.bus-GroupCompanyDataDimension.bus-Consolidated,True,ok
12521524,2024-10-31,core:Equity,At 1 November 2024,"24,244,092",GBP,0,,FY1.START.segment.core-EquityClassesDimension.core-RetainedEarningsAccumulatedLosses.bus-GroupCompanyDataDimension.bus-Consolidated,True,ok
12521524,2024-10-31,core:Equity,At 1 November 2024,"27,965,768",GBP,0,,FY1.START.segment.core-EquityClassesDimension.core-TotalEquityAttributableToOwnersParentBeforeNon-controllingInterests.bus-GroupCompanyDataDimension.bus-Consolidated,True,ok
12521524,2024-10-31,core:Equity,At 1 November 2024,"329,378",GBP,0,,FY1.START.segment.core-EquityClassesDimension.core-Non-controllingInterests.bus-GroupCompanyDataDimension.bus-Consolidated,True,ok
12521524,2024-10-31,core:Equity,At 1 November 2024,"28,295,146",GBP,0,,FY1.START.segment.bus-GroupCompanyDataDimension.bus-Consolidated,True,ok
12521524,2025-10-31,core:ProfitLoss,Profit for the year,"2,213,568",GBP,0,,FY1.segment.core-EquityClassesDimension.core-RetainedEarningsAccumulatedLosses.bus-GroupCompanyDataDimension.bus-Consolidated,False,ok
12521524,2025-10-31,core:ProfitLoss,Profit for the year,"2,213,568",GBP,0,,FY1.segment.core-EquityClassesDimension.core-TotalEquityAttributableToOwnersParentBeforeNon-controllingInterests.bus-GroupCompanyDataDimension.bus-Consolidated,False,ok
12521524,2025-10-31,core:ProfitLoss,Profit for the year,"121,258",GBP,0,,FY1.segment.core-EquityClassesDimension.core-Non-controllingInterests.bus-GroupCompanyDataDimension.bus-Consolidated,False,ok
12521524,2025-10-31,core:ProfitLoss,Profit for the year,"2,334,826",GBP,0,,FY1.segment.bus-GroupCompanyDataDimension.bus-Consolidated,False,ok
12521524,2025-10-31,core:DividendsPaid,Dividends,"70,793",GBP,0,-,FY1.segment.core-EquityClassesDimension.core-RetainedEarningsAccumulatedLosses.bus-GroupCompanyDataDimension.bus-Consolidated,False,ok
12521524,2025-10-31,core:DividendsPaid,Dividends,"70,793",GBP,0,-,FY1.segment.core-EquityClassesDimension.core-TotalEquityAttributableToOwnersParentBeforeNon-controllingInterests.bus-GroupCompanyDataDimension.bus-Consolidated,False,ok
12521524,2025-10-31,core:DividendsPaid,Dividends,"70,793",GBP,0,-,FY1.segment.bus-GroupCompanyDataDimension.bus-Consolidated,False,ok
12521524,2025-10-31,core:Equity,At 31 October 2025,"10,000",GBP,0,,FY1.END.segment.core-EquityClassesDimension.core-ShareCapital.bus-GroupCompanyDataDimension.bus-Consolidated,True,ok
12521524,2025-10-31,core:Equity,At 31 October 2025,"11,676",GBP,0,,FY1.END.segment.core-EquityClassesDimension.core-SharePremium.bus-GroupCompanyDataDimension.bus-Consolidated,True,ok
12521524,2025-10-31,core:Equity,At 31 October 2025,"3,700,000",GBP,0,,FY1.END.segment.core-EquityClassesDimension.core-MergerReserve.bus-GroupCompanyDataDimension.bus-Consolidated,True,ok
12521524,2025-10-31,core:Equity,At 31 October 2025,"26,386,867",GBP,0,,FY1.END.segment.core-EquityClassesDimension.core-RetainedEarningsAccumulatedLosses.bus-GroupCompanyDataDimension.bus-Consolidated,True,ok
12521524,2025-10-31,core:Equity,At 31 October 2025,"30,108,543",GBP,0,,FY1.END.segment.core-EquityClassesDimension.core-TotalEquityAttributableToOwnersParentBeforeNon-controllingInterests.bus-GroupCompanyDataDimension.bus-Consolidated,True,ok
12521524,2025-10-31,core:Equity,At 31 October 2025,"450,636",GBP,0,,FY1.END.segment.core-EquityClassesDimension.core-Non-controllingInterests.bus-GroupCompanyDataDimension.bus-Consolidated,True,ok
12521524,2025-10-31,core:Equity,At 31 October 2025,"30,559,179",GBP,0,,FY1.END.segment.bus-GroupCompanyDataDimension.bus-Consolidated,True,ok
12521524,2023-10-31,core:Equity,At 1 November 2023,"10,000",GBP,0,,FY2.START.segment.core-EquityClassesDimension.core-ShareCapital.bus-GroupCompanyDataDimension.bus-Consolidated,True,ok
12521524,2023-10-31,core:Equity,At 1 November 2023,"11,676",GBP,0,,FY2.START.segment.core-EquityClassesDimension.core-SharePremium.bus-GroupCompanyDataDimension.bus-Consolidated,True,ok
12521524,2023-10-31,core:Equity,At 1 November 2023,"3,700,000",GBP,0,,FY2.START.segment.core-EquityClassesDimension.core-MergerReserve.bus-GroupCompanyDataDimension.bus-Consolidated,True,ok
12521524,2023-10-31,core:Equity,At 1 November 2023,"24,108,136",GBP,0,,FY2.START.segment.core-EquityClassesDimension.core-RetainedEarningsAccumulatedLosses.bus-GroupCompanyDataDimension.bus-Consolidated,True,ok
12521524,2023-10-31,core:Equity,At 1 November 2023,"27,829,812",GBP,0,,FY2.START.segment.core-EquityClassesDimension.core-TotalEquityAttributableToOwnersParentBeforeNon-controllingInterests.bus-GroupCompanyDataDimension.bus-Consolidated,True,ok
12521524,2023-10-31,core:Equity,At 1 November 2023,"230,557",GBP,0,,FY2.START.segment.core-EquityClassesDimension.core-Non-controllingInterests.bus-GroupCompanyDataDimension.bus-Consolidated,True,ok
12521524,2023-10-31,core:Equity,At 1 November 2023,"28,060,369",GBP,0,,FY2.START.segment.bus-GroupCompanyDataDimension.bus-Consolidated,True,ok
12521524,2024-10-31,core:ProfitLoss,Profit for the year,"187,118",GBP,0,,FY2.segment.core-EquityClassesDimension.core-RetainedEarningsAccumulatedLosses.bus-GroupCompanyDataDimension.bus-Consolidated,False,ok
12521524,2024-10-31,core:ProfitLoss,Profit for the year,"187,118",GBP,0,,FY2.segment.core-EquityClassesDimension.core-TotalEquityAttributableToOwnersParentBeforeNon-controllingInterests.bus-GroupCompanyDataDimension.bus-Consolidated,False,ok
12521524,2024-10-31,core:ProfitLoss,Profit for the year,"98,821",GBP,0,,FY2.segment.core-EquityClassesDimension.core-Non-controllingInterests.bus-GroupCompanyDataDimension.bus-Consolidated,False,ok
12521524,2024-10-31,core:ProfitLoss,Profit for the year,"285,939",GBP,0,,FY2.segment.bus-GroupCompanyDataDimension.bus-Consolidated,False,ok
12521524,2024-10-31,core:DividendsPaid,Dividends,"51,162",GBP,0,-,FY2.segment.core-EquityClassesDimension.core-RetainedEarningsAccumulatedLosses.bus-GroupCompanyDataDimension.bus-Consolidated,False,ok
12521524,2024-10-31,core:DividendsPaid,Dividends,"51,162",GBP,0,-,FY2.segment.core-EquityClassesDimension.core-TotalEquityAttributableToOwnersParentBeforeNon-controllingInterests.bus-GroupCompanyDataDimension.bus-Consolidated,False,ok
12521524,2024-10-31,core:DividendsPaid,Dividends,"51,162",GBP,0,-,FY2.segment.bus-GroupCompanyDataDimension.bus-Consolidated,False,ok
12521524,2024-10-31,core:Equity,At 1 November 2024,"10,000",GBP,0,,FY1.START.segment.core-EquityClassesDimension.core-ShareCapital,True,ok
12521524,2024-10-31,core:Equity,At 1 November 2024,"5,558,444",GBP,0,,FY1.START.segment.core-EquityClassesDimension.core-RetainedEarningsAccumulatedLosses,True,ok
12521524,2024-10-31,core:Equity,At 1 November 2024,"5,568,444",GBP,0,,FY1.START,True,ok
12521524,2025-10-31,core:ProfitLoss,Profit for the year,"894,555",GBP,0,,FY1.segment.core-EquityClassesDimension.core-RetainedEarningsAccumulatedLosses,False,ok
12521524,2025-10-31,core:ProfitLoss,Profit for the year,"894,555",GBP,0,,FY1,False,ok
12521524,2025-10-31,core:Equity,At 31 October 2025,"10,000",GBP,0,,FY1.END.segment.core-EquityClassesDimension.core-ShareCapital,True,ok
12521524,2025-10-31,core:Equity,At 31 October 2025,"6,452,999",GBP,0,,FY1.END.segment.core-EquityClassesDimension.core-RetainedEarningsAccumulatedLosses,True,ok
12521524,2025-10-31,core:Equity,At 31 October 2025,"6,462,999",GBP,0,,FY1.END,True,ok
12521524,2023-10-31,core:Equity,At 1 November 2023,"10,000",GBP,0,,FY2.START.segment.core-EquityClassesDimension.core-ShareCapital,True,ok
12521524,2023-10-31,core:Equity,At 1 November 2023,"5,048,295",GBP,0,,FY2.START.segment.core-EquityClassesDimension.core-RetainedEarningsAccumulatedLosses,True,ok
12521524,2023-10-31,core:Equity,At 1 November 2023,"5,058,295",GBP,0,,FY2.START,True,ok
12521524,2024-10-31,core:ProfitLoss,Profit for the year,"510,149",GBP,0,,FY2.segment.core-EquityClassesDimension.core-RetainedEarningsAccumulatedLosses,False,ok
12521524,2024-10-31,core:ProfitLoss,Profit for the year,"510,149",GBP,0,,FY2,False,ok
12521524,2025-10-31,core:ProfitLoss,Profit for the year,"2,334,826",GBP,0,,FY1.segment.bus-GroupCompanyDataDimension.bus-Consolidated,False,ok
12521524,2024-10-31,core:ProfitLoss,Profit for the year,"285,939",GBP,0,,FY2.segment.bus-GroupCompanyDataDimension.bus-Consolidated,False,ok
12521524,2025-10-31,core:DepreciationAmortisationExpense,Depreciation and amortisation,"3,784,867",GBP,0,,FY1.segment.bus-GroupCompanyDataDimension.bus-Consolidated,False,ok
12521524,2024-10-31,core:DepreciationAmortisationExpense,Depreciation and amortisation,"3,612,621",GBP,0,,FY2.segment.bus-GroupCompanyDataDimension.bus-Consolidated,False,ok
12521524,2025-10-31,core:GainLossOnDisposalsPropertyPlantEquipment,Loss on disposal of tangible assets,"288,258",GBP,0,-,FY1.segment.bus-GroupCompanyDataDimension.bus-Consolidated,False,ok
12521524,2024-10-31,core:GainLossOnDisposalsPropertyPlantEquipment,Loss on disposal of tangible assets,"134,826",GBP,0,-,FY2.segment.bus-GroupCompanyDataDimension.bus-Consolidated,False,ok
12521524,2025-10-31,core:GainLossOnDisposalInvestmentsInSubsidiariesAssociatesJointVentures,Profit from disposals of investments,"49,951",GBP,0,,FY1.segment.bus-GroupCompanyDataDimension.bus-Consolidated,False,ok
12521524,2025-10-31,core:InterestReceivedClassifiedAsOperatingActivities,Finance income,"344,032",GBP,0,,FY1.segment.bus-GroupCompanyDataDimension.bus-Consolidated,False,ok
12521524,2024-10-31,core:InterestReceivedClassifiedAsOperatingActivities,Finance income,"461,319",GBP,0,,FY2.segment.bus-GroupCompanyDataDimension.bus-Consolidated,False,ok
12521524,2025-10-31,core:InterestPaidClassifiedAsOperatingActivities,Finance costs,"556,255",GBP,0,,FY1,False,ok
12521524,2024-10-31,core:InterestPaidClassifiedAsOperatingActivities,Finance costs,"594,147",GBP,0,,FY2,False,ok
12521524,2025-10-31,core:ShareProfitLossAssociatesAccountedForByEquityMethod,Share of profit/loss of equity accounted investees,"933,431",GBP,0,,FY1.segment.bus-GroupCompanyDataDimension.bus-Consolidated,False,ok
12521524,2024-10-31,core:ShareProfitLossAssociatesAccountedForByEquityMethod,Share of profit/loss of equity accounted investees,"632,524",GBP,0,,FY2.segment.bus-GroupCompanyDataDimension.bus-Consolidated,False,ok
12521524,2025-10-31,core:TaxTaxCreditOnProfitOrLossOnOrdinaryActivities,Income tax expense,"362,507",GBP,0,-,FY1.segment.bus-GroupCompanyDataDimension.bus-Consolidated,False,ok
12521524,2024-10-31,core:TaxTaxCreditOnProfitOrLossOnOrdinaryActivities,Income tax expense,"100,777",GBP,0,,FY2.segment.bus-GroupCompanyDataDimension.bus-Consolidated,False,ok
12521524,2025-10-31,core:NetCashInflowOutflowFromOperationsBeforeMovementsInWorkingCapital,"(340,000)","4,934,285",GBP,0,,FY1.segment.bus-GroupCompanyDataDimension.bus-Consolidated,False,ok
12521524,2024-10-31,core:NetCashInflowOutflowFromOperationsBeforeMovementsInWorkingCapital,"(340,000)","3,634,467",GBP,0,,FY2.segment.bus-GroupCompanyDataDimension.bus-Consolidated,False,ok
12521524,2025-10-31,core:GainLossInCashFlowsFromChangeInInventories,Increase in stocks,321,GBP,0,,FY1.segment.bus-GroupCompanyDataDimension.bus-Consolidated,False,ok
12521524,2024-10-31,core:GainLossInCashFlowsFromChangeInInventories,Increase in stocks,"120,459",GBP,0,,FY2.segment.bus-GroupCompanyDataDimension.bus-Consolidated,False,ok
12521524,2025-10-31,core:GainLossInCashFlowsFromChangeInDebtorsTradeOtherReceivables,(Increase)/decrease in trade debtors,"284,671",GBP,0,,FY1.segment.bus-GroupCompanyDataDimension.bus-Consolidated,False,ok
12521524,2024-10-31,core:GainLossInCashFlowsFromChangeInDebtorsTradeOtherReceivables,(Increase)/decrease in trade debtors,"126,655",GBP,0,-,FY2.segment.bus-GroupCompanyDataDimension.bus-Consolidated,False,ok
12521524,2025-10-31,core:GainLossInCashFlowsFromChangeInCreditorsTradeOtherPayables,(Decrease)/increase in trade creditors,"1,235,547",GBP,0,-,FY1.segment.bus-GroupCompanyDataDimension.bus-Consolidated,False,ok
12521524,2024-10-31,core:GainLossInCashFlowsFromChangeInCreditorsTradeOtherPayables,(Decrease)/increase in trade creditors,"626,117",GBP,0,,FY2.segment.bus-GroupCompanyDataDimension.bus-Consolidated,False,ok
12521524,2025-10-31,core:NetCashGeneratedFromOperations,Cash generated from operations,"3,413,746",GBP,0,,FY1.segment.bus-GroupCompanyDataDimension.bus-Consolidated,False,ok
12521524,2024-10-31,core:NetCashGeneratedFromOperations,Cash generated from operations,"4,266,780",GBP,0,,FY2.segment.bus-GroupCompanyDataDimension.bus-Consolidated,False,ok
12521524,2025-10-31,core:IncomeTaxesPaidRefundClassifiedAsOperatingActivities,Income taxes received,"321,119",GBP,0,-,FY1.segment.bus-GroupCompanyDataDimension.bus-Consolidated,False,ok
12521524,2024-10-31,core:IncomeTaxesPaidRefundClassifiedAsOperatingActivities,Income taxes received,"428,156",GBP,0,-,FY2.segment.bus-GroupCompanyDataDimension.bus-Consolidated,False,ok
12521524,2025-10-31,core:NetCashFlowsFromUsedInOperatingActivities,Net cash flow from operating activities,"3,734,865",GBP,0,,FY1.segment.bus-GroupCompanyDataDimension.bus-Consolidated,False,ok
12521524,2024-10-31,core:NetCashFlowsFromUsedInOperatingActivities,Net cash flow from operating activities,"4,694,936",GBP,0,,FY2.segment.bus-GroupCompanyDataDimension.bus-Consolidated,False,ok
12521524,2025-10-31,core:InterestReceivedClassifiedAsInvestingActivities,Interest received,"344,032",GBP,0,,FY1.segment.bus-GroupCompanyDataDimension.bus-Consolidated,False,ok
12521524,2024-10-31,core:InterestReceivedClassifiedAsInvestingActivities,Interest received,"461,319",GBP,0,,FY2.segment.bus-GroupCompanyDataDimension.bus-Consolidated,False,ok
12521524,2025-10-31,core:PurchasePropertyPlantEquipment,Acquisitions of tangible assets,"862,375",GBP,0,-,FY1.segment.bus-GroupCompanyDataDimension.bus-Consolidated,False,ok
12521524,2024-10-31,core:PurchasePropertyPlantEquipment,Acquisitions of tangible assets,"959,356",GBP,0,-,FY2.segment.bus-GroupCompanyDataDimension.bus-Consolidated,False,ok
12521524,2025-10-31,core:ProceedsFromSalesPropertyPlantEquipment,Proceeds from sale of tangible assets,"649,911",GBP,0,,FY1.segment.bus-GroupCompanyDataDimension.bus-Consolidated,False,ok
12521524,2024-10-31,core:ProceedsFromSalesPropertyPlantEquipment,Proceeds from sale of tangible assets,"319,891",GBP,0,,FY2.segment.bus-GroupCompanyDataDimension.bus-Consolidated,False,ok
12521524,2024-10-31,core:PurchaseIntangibleAssets,Acquisition of intangible assets,"100,000",GBP,0,-,FY2.segment.bus-GroupCompanyDataDimension.bus-Consolidated,False,ok
12521524,2025-10-31,core:CashReceiptsFromSalesInterestsInJointVenturesAssociatesParticipatingInterests,Proceeds from disposal of investments in joint ventures and associates,"50,000",GBP,0,,FY1.segment.bus-GroupCompanyDataDimension.bus-Consolidated,False,ok
12521524,2025-10-31,core:NetCashFlowsFromUsedInInvestingActivities,Net cash flows from investing activities,"521,568",GBP,0,,FY1.segment.bus-GroupCompanyDataDimension.bus-Consolidated,False,ok
12521524,2024-10-31,core:NetCashFlowsFromUsedInInvestingActivities,Net cash flows from investing activities,"278,146",GBP,0,-,FY2.segment.bus-GroupCompanyDataDimension.bus-Consolidated,False,ok
12521524,2025-10-31,core:InterestPaidClassifiedAsFinancingActivities,Interest paid,"556,255",GBP,0,-,FY1.segment.bus-GroupCompanyDataDimension.bus-Consolidated,False,ok
12521524,2024-10-31,core:InterestPaidClassifiedAsFinancingActivities,Interest paid,"594,147",GBP,0,-,FY2.segment.bus-GroupCompanyDataDimension.bus-Consolidated,False,ok
12521524,2025-10-31,core:PaymentsFinanceLeaseLiabilitiesClassifiedAsFinancingActivities,Net payments to finance lease creditors,"3,209,106",GBP,0,-,FY1.segment.bus-GroupCompanyDataDimension.bus-Consolidated,False,ok
12521524,2024-10-31,core:PaymentsFinanceLeaseLiabilitiesClassifiedAsFinancingActivities,Net payments to finance lease creditors,"2,294,702",GBP,0,-,FY2.segment.bus-GroupCompanyDataDimension.bus-Consolidated,False,ok
12521524,2025-10-31,core:DividendsPaidClassifiedAsFinancingActivities,Dividends paid,"70,793",GBP,0,-,FY1.segment.bus-GroupCompanyDataDimension.bus-Consolidated,False,ok
12521524,2024-10-31,core:DividendsPaidClassifiedAsFinancingActivities,Dividends paid,"51,162",GBP,0,-,FY2.segment.bus-GroupCompanyDataDimension.bus-Consolidated,False,ok
12521524,2025-10-31,core:NetCashFlowsFromUsedInFinancingActivities,Net cash flows from financing activities,"3,836,154",GBP,0,-,FY1.segment.bus-GroupCompanyDataDimension.bus-Consolidated,False,ok
12521524,2024-10-31,core:NetCashFlowsFromUsedInFinancingActivities,Net cash flows from financing activities,"2,940,011",GBP,0,-,FY2.segment.bus-GroupCompanyDataDimension.bus-Consolidated,False,ok
12521524,2025-10-31,core:IncreaseDecreaseInCashCashEquivalentsBeforeForeignExchangeDifferencesChangesInConsolidation,Net increase in cash and cash equivalents,"420,279",GBP,0,,FY1.segment.bus-GroupCompanyDataDimension.bus-Consolidated,False,ok
12521524,2024-10-31,core:IncreaseDecreaseInCashCashEquivalentsBeforeForeignExchangeDifferencesChangesInConsolidation,Net increase in cash and cash equivalents,"1,476,779",GBP,0,,FY2.segment.bus-GroupCompanyDataDimension.bus-Consolidated,False,ok
12521524,2024-10-31,core:CashCashEquivalentsCashFlowValue,Cash and cash equivalents at 1 November 2024,"12,837,907",GBP,0,,FY1.START.segment.bus-GroupCompanyDataDimension.bus-Consolidated,False,ok
12521524,2023-10-31,core:CashCashEquivalentsCashFlowValue,Cash and cash equivalents at 1 November 2024,"11,361,128",GBP,0,,FY2.START.segment.bus-GroupCompanyDataDimension.bus-Consolidated,False,ok
12521524,2025-10-31,core:OtherRevenue,Workshop and tyre fitting,"424,887",GBP,0,,FY1.segment.bus-GroupCompanyDataDimension.bus-Consolidated,False,ok
12521524,2024-10-31,core:OtherRevenue,Workshop and tyre fitting,"430,961",GBP,0,,FY2.segment.bus-GroupCompanyDataDimension.bus-Consolidated,False,ok
12521524,2025-10-31,core:TurnoverRevenue,Workshop and tyre fitting,"51,090,206",GBP,0,,FY1.segment.bus-GroupCompanyDataDimension.bus-Consolidated,False,ok
12521524,2024-10-31,core:TurnoverRevenue,Workshop and tyre fitting,"50,803,832",GBP,0,,FY2.segment.bus-GroupCompanyDataDimension.bus-Consolidated,False,ok
12521524,2025-10-31,core:OtherOperatingIncomeFormat1,"93,473","791,819",GBP,0,,FY1.segment.bus-GroupCompanyDataDimension.bus-Consolidated,False,ok
12521524,2024-10-31,core:OtherOperatingIncomeFormat1,"93,473","1,038,751",GBP,0,,FY2.segment.bus-GroupCompanyDataDimension.bus-Consolidated,False,ok
12521524,2025-10-31,core:DepreciationExpensePropertyPlantEquipment,Depreciation expense,"3,773,814",GBP,0,,FY1.segment.bus-GroupCompanyDataDimension.bus-Consolidated,False,ok
12521524,2024-10-31,core:DepreciationExpensePropertyPlantEquipment,Depreciation expense,"3,612,621",GBP,0,,FY2.segment.bus-GroupCompanyDataDimension.bus-Consolidated,False,ok
12521524,2025-10-31,core:AmortisationExpenseIntangibleAssets,Amortisation expense,"10,000",GBP,0,,FY1.segment.bus-GroupCompanyDataDimension.bus-Consolidated,False,ok
12521524,2025-10-31,core:TotalOperatingLeasePayments,Operating lease expense - plant and machinery,"4,085,795",GBP,0,,FY1.segment.core-OperatingLeasePurposeDimension.core-PlantEquipmentUnderOperatingLeases.bus-GroupCompanyDataDimension.bus-Consolidated,True,ok
12521524,2024-10-31,core:TotalOperatingLeasePayments,Operating lease expense - plant and machinery,"4,759,711",GBP,0,,FY2.segment.core-OperatingLeasePurposeDimension.core-PlantEquipmentUnderOperatingLeases.bus-GroupCompanyDataDimension.bus-Consolidated,True,ok
12521524,2025-10-31,core:TotalOperatingLeasePayments,Operating lease expense - other,"1,294",GBP,0,,FY1.segment.core-OperatingLeasePurposeDimension.core-OtherAssetsUnderOperatingLeases.bus-GroupCompanyDataDimension.bus-Consolidated,True,ok
12521524,2024-10-31,core:TotalOperatingLeasePayments,Operating lease expense - other,"1,574",GBP,0,,FY2.segment.core-OperatingLeasePurposeDimension.core-OtherAssetsUnderOperatingLeases.bus-GroupCompanyDataDimension.bus-Consolidated,True,ok
12521524,2025-10-31,core:GainLossOnDisposalsPropertyPlantEquipment,"Loss on disposal of property, plant and equipment","288,258",GBP,0,-,FY1.segment.bus-GroupCompanyDataDimension.bus-Consolidated,False,ok
12521524,2024-10-31,core:GainLossOnDisposalsPropertyPlantEquipment,"Loss on disposal of property, plant and equipment","134,826",GBP,0,-,FY2.segment.bus-GroupCompanyDataDimension.bus-Consolidated,False,ok
12521524,2025-10-31,core:InterestIncomeOnBankDeposits,Interest income on bank deposits,"315,583",GBP,0,,FY1.segment.bus-GroupCompanyDataDimension.bus-Consolidated,False,ok
12521524,2024-10-31,core:InterestIncomeOnBankDeposits,Interest income on bank deposits,"429,817",GBP,0,,FY2.segment.bus-GroupCompanyDataDimension.bus-Consolidated,False,ok
12521524,2025-10-31,core:OtherFinanceIncome,Other finance income,"28,449",GBP,0,,FY1.segment.bus-GroupCompanyDataDimension.bus-Consolidated,False,ok
12521524,2024-10-31,core:OtherFinanceIncome,Other finance income,"31,502",GBP,0,,FY2.segment.bus-GroupCompanyDataDimension.bus-Consolidated,False,ok
12521524,2025-10-31,core:OtherInterestReceivableSimilarIncomeFinanceIncome,Other finance income,"344,032",GBP,0,,FY1.segment.bus-GroupCompanyDataDimension.bus-Consolidated,False,ok
12521524,2024-10-31,core:OtherInterestReceivableSimilarIncomeFinanceIncome,Other finance income,"461,319",GBP,0,,FY2.segment.bus-GroupCompanyDataDimension.bus-Consolidated,False,ok
12521524,2025-10-31,core:InterestExpenseOnBankOverdraftsBankLoansSimilarBorrowings,Interest on bank overdrafts and borrowings,"10,725",GBP,0,,FY1.segment.bus-GroupCompanyDataDimension.bus-Consolidated,False,ok
12521524,2024-10-31,core:InterestExpenseOnBankOverdraftsBankLoansSimilarBorrowings,Interest on bank overdrafts and borrowings,"9,561",GBP,0,,FY2.segment.bus-GroupCompanyDataDimension.bus-Consolidated,False,ok
12521524,2025-10-31,core:InterestExpenseOnObligationsUnderFinanceLeasesHirePurchaseContracts,Interest on obligations under finance leases and hire purchase contracts,"544,442",GBP,0,,FY1.segment.bus-GroupCompanyDataDimension.bus-Consolidated,False,ok
12521524,2024-10-31,core:InterestExpenseOnObligationsUnderFinanceLeasesHirePurchaseContracts,Interest on obligations under finance leases and hire purchase contracts,"584,586",GBP,0,,FY2.segment.bus-GroupCompanyDataDimension.bus-Consolidated,False,ok
12521524,2025-10-31,core:InterestExpenseOnFinancialLiabilitiesFairValueThroughProfitOrLoss,Interest expense on other finance liabilities,"1,088",GBP,0,,FY1.segment.bus-GroupCompanyDataDimension.bus-Consolidated,False,ok
12521524,2025-10-31,core:InterestPayableSimilarChargesFinanceCosts,Interest expense on other finance liabilities,"556,255",GBP,0,,FY1.segment.bus-GroupCompanyDataDimension.bus-Consolidated,False,ok
12521524,2024-10-31,core:InterestPayableSimilarChargesFinanceCosts,Interest expense on other finance liabilities,"594,147",GBP,0,,FY2.segment.bus-GroupCompanyDataDimension.bus-Consolidated,False,ok
12521524,2025-10-31,core:WagesSalaries,Wages and salaries,"15,736,575",GBP,0,,FY1.segment.bus-GroupCompanyDataDimension.bus-Consolidated,False,ok
12521524,2024-10-31,core:WagesSalaries,Wages and salaries,"17,010,088",GBP,0,,FY2.segment.bus-GroupCompanyDataDimension.bus-Consolidated,False,ok
12521524,2025-10-31,core:SocialSecurityCosts,Social security costs,"1,843,202",GBP,0,,FY1.segment.bus-GroupCompanyDataDimension.bus-Consolidated,False,ok
12521524,2024-10-31,core:SocialSecurityCosts,Social security costs,"1,615,313",GBP,0,,FY2.segment.bus-GroupCompanyDataDimension.bus-Consolidated,False,ok
12521524,2025-10-31,core:PensionCostsDefinedContributionPlan,"Pension costs, defined contribution scheme","707,586",GBP,0,,FY1.segment.bus-GroupCompanyDataDimension.bus-Consolidated,False,ok
12521524,2024-10-31,core:PensionCostsDefinedContributionPlan,"Pension costs, defined contribution scheme","904,144",GBP,0,,FY2.segment.bus-GroupCompanyDataDimension.bus-Consolidated,False,ok
12521524,2025-10-31,core:OtherEmployeeExpense,Other employee expense,"7,092",GBP,0,,FY1.segment.bus-GroupCompanyDataDimension.bus-Consolidated,False,ok
12521524,2024-10-31,core:OtherEmployeeExpense,Other employee expense,"7,933",GBP,0,,FY2.segment.bus-GroupCompanyDataDimension.bus-Consolidated,False,ok
12521524,2025-10-31,core:StaffCostsEmployeeBenefitsExpense,Other employee expense,"18,294,455",GBP,0,,FY1.segment.bus-GroupCompanyDataDimension.bus-Consolidated,False,ok
12521524,2024-10-31,core:StaffCostsEmployeeBenefitsExpense,Other employee expense,"19,537,478",GBP,0,,FY2.segment.bus-GroupCompanyDataDimension.bus-Consolidated,False,ok
12521524,2025-10-31,core:ProductionAverageNumberEmployees,Production,251,pure,0,,FY1.segment.bus-GroupCompanyDataDimension.bus-Consolidated,False,ok
12521524,2024-10-31,core:ProductionAverageNumberEmployees,Production,277,pure,0,,FY2.segment.bus-GroupCompanyDataDimension.bus-Consolidated,False,ok
12521524,2025-10-31,core:AdministrationSupportAverageNumberEmployees,Administration and support,100,pure,0,,FY1.segment.bus-GroupCompanyDataDimension.bus-Consolidated,False,ok
12521524,2024-10-31,core:AdministrationSupportAverageNumberEmployees,Administration and support,88,pure,0,,FY2.segment.bus-GroupCompanyDataDimension.bus-Consolidated,False,ok
12521524,2025-10-31,core:AverageNumberEmployeesDuringPeriod,Administration and support,351,pure,0,,FY1.segment.bus-GroupCompanyDataDimension.bus-Consolidated,False,ok
12521524,2024-10-31,core:AverageNumberEmployeesDuringPeriod,Administration and support,365,pure,0,,FY2.segment.bus-GroupCompanyDataDimension.bus-Consolidated,False,ok
12521524,2025-10-31,direp:DirectorRemuneration,Remuneration,"76,131",GBP,0,,FY1.segment.bus-GroupCompanyDataDimension.bus-Consolidated,False,ok
12521524,2024-10-31,direp:DirectorRemuneration,Remuneration,"77,605",GBP,0,,FY2.segment.bus-GroupCompanyDataDimension.bus-Consolidated,False,ok
12521524,2025-10-31,aurep:AuditFeesExpenses,"34,250","40,400",GBP,0,,FY1.segment.bus-GroupCompanyDataDimension.bus-Consolidated,False,ok
12521524,2024-10-31,aurep:AuditFeesExpenses,"34,250","39,000",GBP,0,,FY2.segment.bus-GroupCompanyDataDimension.bus-Consolidated,False,ok
12521524,2025-10-31,aurep:TaxationComplianceServicesFees,Taxation compliance services,"13,650",GBP,0,,FY1.segment.bus-GroupCompanyDataDimension.bus-Consolidated,False,ok
12521524,2024-10-31,aurep:TaxationComplianceServicesFees,Taxation compliance services,"11,650",GBP,0,,FY2.segment.bus-GroupCompanyDataDimension.bus-Consolidated,False,ok
12521524,2025-10-31,aurep:OtherNon-auditServicesFees,All other non-audit services,"15,575",GBP,0,,FY1.segment.bus-GroupCompanyDataDimension.bus-Consolidated,False,ok
12521524,2024-10-31,aurep:OtherNon-auditServicesFees,All other non-audit services,"13,400",GBP,0,,FY2.segment.bus-GroupCompanyDataDimension.bus-Consolidated,False,ok
12521524,2025-10-31,aurep:FeesForNon-auditServices,All other non-audit services,"29,225",GBP,0,,FY1.segment.bus-GroupCompanyDataDimension.bus-Consolidated,False,ok
12521524,2024-10-31,aurep:FeesForNon-auditServices,All other non-audit services,"25,050",GBP,0,,FY2.segment.bus-GroupCompanyDataDimension.bus-Consolidated,False,ok
12521524,2025-10-31,core:CurrentTaxForPeriod,UK corporation tax,"327,505",GBP,0,-,FY1.segment.core-TaxJurisdictionDimension.core-UKTax.bus-GroupCompanyDataDimension.bus-Consolidated,False,ok
12521524,2024-10-31,core:CurrentTaxForPeriod,UK corporation tax,"337,758",GBP,0,-,FY2.segment.core-TaxJurisdictionDimension.core-UKTax.bus-GroupCompanyDataDimension.bus-Consolidated,False,ok
12521524,2025-10-31,core:DeferredTaxExpenseCreditRelatingToOriginationReversalTimingDifferences,Arising from origination and reversal of timing differences,"35,002",GBP,0,-,FY1.segment.bus-GroupCompanyDataDimension.bus-Consolidated,False,ok
12521524,2024-10-31,core:DeferredTaxExpenseCreditRelatingToOriginationReversalTimingDifferences,Arising from origination and reversal of timing differences,"438,535",GBP,0,,FY2.segment.bus-GroupCompanyDataDimension.bus-Consolidated,False,ok
12521524,2025-10-31,core:TaxTaxCreditOnProfitOrLossOnOrdinaryActivities,Tax (receipt)/expense in the income statement,"362,507",GBP,0,-,FY1.segment.bus-GroupCompanyDataDimension.bus-Consolidated,False,ok
12521524,2024-10-31,core:TaxTaxCreditOnProfitOrLossOnOrdinaryActivities,Tax (receipt)/expense in the income statement,"100,777",GBP,0,,FY2.segment.bus-GroupCompanyDataDimension.bus-Consolidated,False,ok
12521524,2025-10-31,core:ApplicableTaxRate,The tax on profit before tax for the year is lower than the standard rate of corporation tax in the UK (2024 - lower than the standard rate of corporation tax in the UK) of,25,pure,2,,FY1.segment.core-TaxJurisdictionDimension.core-UKTax.bus-GroupCompanyDataDimension.bus-Consolidated,False,ok
12521524,2024-10-31,core:ApplicableTaxRate,(2024 -,25,pure,2,,FY2.segment.core-TaxJurisdictionDimension.core-UKTax.bus-GroupCompanyDataDimension.bus-Consolidated,False,ok
12521524,2025-10-31,core:ProfitLossOnOrdinaryActivitiesBeforeTax,Profit before tax,"1,972,319",GBP,0,,FY1.segment.bus-GroupCompanyDataDimension.bus-Consolidated,False,ok
12521524,2024-10-31,core:ProfitLossOnOrdinaryActivitiesBeforeTax,Profit before tax,"386,716",GBP,0,,FY2.segment.bus-GroupCompanyDataDimension.bus-Consolidated,False,ok
12521524,2025-10-31,core:TaxExpenseCreditApplicableTaxRate,Corporation tax at standard rate,"493,080",GBP,0,,FY1.segment.bus-GroupCompanyDataDimension.bus-Consolidated,False,ok
12521524,2024-10-31,core:TaxExpenseCreditApplicableTaxRate,Corporation tax at standard rate,"96,679",GBP,0,,FY2.segment.bus-GroupCompanyDataDimension.bus-Consolidated,False,ok
12521524,2025-10-31,core:TaxIncreaseDecreaseFromEffectCapitalAllowancesDepreciation,Tax increase from effect of capital allowances and depreciation,"318,654",GBP,0,,FY1.segment.bus-GroupCompanyDataDimension.bus-Consolidated,False,ok
12521524,2024-10-31,core:TaxIncreaseDecreaseFromEffectCapitalAllowancesDepreciation,Tax increase from effect of capital allowances and depreciation,"2,047,857",GBP,0,,FY2.segment.bus-GroupCompanyDataDimension.bus-Consolidated,False,ok
12521524,2025-10-31,core:TaxIncreaseDecreaseFromEffectExpensesNotDeductibleInDeterminingTaxableProfitOrLoss,Effect of expense not deductible in determining taxable profit (tax loss),"170,618",GBP,0,,FY1.segment.bus-GroupCompanyDataDimension.bus-Consolidated,False,ok
12521524,2024-10-31,core:TaxIncreaseDecreaseFromEffectExpensesNotDeductibleInDeterminingTaxableProfitOrLoss,Effect of expense not deductible in determining taxable profit (tax loss),"4,535",GBP,0,,FY2.segment.bus-GroupCompanyDataDimension.bus-Consolidated,False,ok
12521524,2025-10-31,core:TaxDecreaseFromUtilisationTaxLosses,Effect of tax losses,"449,421",GBP,0,-,FY1.segment.bus-GroupCompanyDataDimension.bus-Consolidated,False,ok
12521524,2024-10-31,core:TaxDecreaseFromUtilisationTaxLosses,Effect of tax losses,"1,562,659",GBP,0,-,FY2.segment.bus-GroupCompanyDataDimension.bus-Consolidated,False,ok
12521524,2025-10-31,core:TaxDecreaseFromTaxLossesForWhichNoDeferredTaxAssetWasRecognised,Decrease from tax losses for which no deferred tax asset was recognised,"98,549",GBP,0,-,FY1.segment.bus-GroupCompanyDataDimension.bus-Consolidated,False,ok
12521524,2025-10-31,core:TaxIncreaseDecreaseFromEffectJointVenturesAssociatesResultsReportedNetTax,Decrease from effect of joint-ventures and associates results reported net of tax,"233,358",GBP,0,-,FY1.segment.bus-GroupCompanyDataDimension.bus-Consolidated,False,ok
12521524,2024-10-31,core:TaxIncreaseDecreaseFromEffectJointVenturesAssociatesResultsReportedNetTax,Decrease from effect of joint-ventures and associates results reported net of tax,"158,131",GBP,0,-,FY2.segment.bus-GroupCompanyDataDimension.bus-Consolidated,False,ok
12521524,2025-10-31,core:TaxIncreaseDecreaseFromEffectDividendsFromCompanies,Tax decrease from effect of dividends from UK companies,"85,000",GBP,0,-,FY1.segment.bus-GroupCompanyDataDimension.bus-Consolidated,False,ok
12521524,2025-10-31,core:TaxIncreaseDecreaseFromEffectAdjustmentInResearchDevelopmentTaxCredit,Tax decrease from effect of adjustment in research and development tax credit,"327,504",GBP,0,-,FY1.segment.bus-GroupCompanyDataDimension.bus-Consolidated,False,ok
12521524,2024-10-31,core:TaxIncreaseDecreaseFromEffectAdjustmentInResearchDevelopmentTaxCredit,Tax decrease from effect of adjustment in research and development tax credit,"327,504",GBP,0,-,FY2.segment.bus-GroupCompanyDataDimension.bus-Consolidated,False,ok
12521524,2025-10-31,core:TaxTaxCreditOnProfitOrLossOnOrdinaryActivities,Total tax (credit)/charge,"362,507",GBP,0,-,FY1.segment.bus-GroupCompanyDataDimension.bus-Consolidated,False,ok
12521524,2024-10-31,core:TaxTaxCreditOnProfitOrLossOnOrdinaryActivities,Total tax (credit)/charge,"100,777",GBP,0,,FY2.segment.bus-GroupCompanyDataDimension.bus-Consolidated,False,ok
12521524,2024-10-31,core:IntangibleAssetsGrossCost,At 1 November 2024,"622,840",GBP,0,,FY1.START.segment.core-IntangibleAssetClassesDimension.core-Goodwill.bus-GroupCompanyDataDimension.bus-Consolidated,False,ok
12521524,2024-10-31,core:IntangibleAssetsGrossCost,At 1 November 2024,"622,840",GBP,0,,FY1.START.segment.bus-GroupCompanyDataDimension.bus-Consolidated,False,ok
12521524,2025-10-31,core:IntangibleAssetsGrossCost,At 31 October 2025,"622,840",GBP,0,,FY1.END.segment.core-IntangibleAssetClassesDimension.core-Goodwill.bus-GroupCompanyDataDimension.bus-Consolidated,False,ok
12521524,2025-10-31,core:IntangibleAssetsGrossCost,At 31 October 2025,"622,840",GBP,0,,FY1.END.segment.bus-GroupCompanyDataDimension.bus-Consolidated,False,ok
12521524,2024-10-31,core:AccumulatedAmortisationImpairmentIntangibleAssets,At 1 November 2024,"522,840",GBP,0,,FY1.START.segment.core-IntangibleAssetClassesDimension.core-Goodwill.bus-GroupCompanyDataDimension.bus-Consolidated,False,ok
12521524,2024-10-31,core:AccumulatedAmortisationImpairmentIntangibleAssets,At 1 November 2024,"522,840",GBP,0,,FY1.START.segment.bus-GroupCompanyDataDimension.bus-Consolidated,False,ok
12521524,2025-10-31,core:IncreaseFromAmortisationChargeForYearIntangibleAssets,Amortisation charge,"10,000",GBP,0,,FY1.segment.core-IntangibleAssetClassesDimension.core-Goodwill.bus-GroupCompanyDataDimension.bus-Consolidated,False,ok
12521524,2025-10-31,core:IncreaseFromAmortisationChargeForYearIntangibleAssets,Amortisation charge,"10,000",GBP,0,,FY1.segment.bus-GroupCompanyDataDimension.bus-Consolidated,False,ok
12521524,2025-10-31,core:AccumulatedAmortisationImpairmentIntangibleAssets,At 31 October 2025,"532,840",GBP,0,,FY1.END.segment.core-IntangibleAssetClassesDimension.core-Goodwill.bus-GroupCompanyDataDimension.bus-Consolidated,False,ok
12521524,2025-10-31,core:AccumulatedAmortisationImpairmentIntangibleAssets,At 31 October 2025,"532,840",GBP,0,,FY1.END.segment.bus-GroupCompanyDataDimension.bus-Consolidated,False,ok
12521524,2025-10-31,core:IntangibleAssets,At 31 October 2025,"90,000",GBP,0,,FY1.END.segment.core-IntangibleAssetClassesDimension.core-Goodwill.bus-GroupCompanyDataDimension.bus-Consolidated,False,ok
12521524,2025-10-31,core:IntangibleAssets,At 31 October 2025,"90,000",GBP,0,,FY1.END.segment.bus-GroupCompanyDataDimension.bus-Consolidated,False,ok
12521524,2024-10-31,core:IntangibleAssets,At 31 October 2024,"100,000",GBP,0,,FY2.END.segment.core-IntangibleAssetClassesDimension.core-Goodwill.bus-GroupCompanyDataDimension.bus-Consolidated,False,ok
12521524,2024-10-31,core:IntangibleAssets,At 31 October 2024,"100,000",GBP,0,,FY2.END.segment.bus-GroupCompanyDataDimension.bus-Consolidated,False,ok
12521524,2024-10-31,core:PropertyPlantEquipmentGrossCost,At 1 November 2024,"3,509,347",GBP,0,,FY1.START.segment.core-PropertyPlantEquipmentClassesDimension.core-LandBuildings.bus-GroupCompanyDataDimension.bus-Consolidated,False,ok
12521524,2024-10-31,core:PropertyPlantEquipmentGrossCost,At 1 November 2024,"682,880",GBP,0,,FY1.START.segment.core-PropertyPlantEquipmentClassesDimension.core-FurnitureFittingsToolsEquipment.bus-GroupCompanyDataDimension.bus-Consolidated,False,ok
12521524,2024-10-31,core:PropertyPlantEquipmentGrossCost,At 1 November 2024,"452,555",GBP,0,,FY1.START.segment.core-PropertyPlantEquipmentClassesDimension.core-MotorVehicles.bus-GroupCompanyDataDimension.bus-Consolidated,False,ok
12521524,2024-10-31,core:PropertyPlantEquipmentGrossCost,At 1 November 2024,"2,175,630",GBP,0,,FY1.START.segment.core-PropertyPlantEquipmentClassesDimension.core-PlantMachinery.bus-GroupCompanyDataDimension.bus-Consolidated,False,ok
12521524,2024-10-31,core:PropertyPlantEquipmentGrossCost,At 1 November 2024,"38,665,635",GBP,0,,FY1.START.segment.core-PropertyPlantEquipmentClassesDimension.core-OtherPropertyPlantEquipment.bus-GroupCompanyDataDimension.bus-Consolidated,False,ok
12521524,2024-10-31,core:PropertyPlantEquipmentGrossCost,At 1 November 2024,"45,486,047",GBP,0,,FY1.START.segment.bus-GroupCompanyDataDimension.bus-Consolidated,False,ok
12521524,2025-10-31,core:AdditionsOtherThanThroughBusinessCombinationsPropertyPlantEquipment,Additions,"1,426",GBP,0,,FY1.segment.core-PropertyPlantEquipmentClassesDimension.core-FurnitureFittingsToolsEquipment.bus-GroupCompanyDataDimension.bus-Consolidated,False,ok
12521524,2025-10-31,core:AdditionsOtherThanThroughBusinessCombinationsPropertyPlantEquipment,Additions,"27,106",GBP,0,,FY1.segment.core-PropertyPlantEquipmentClassesDimension.core-MotorVehicles.bus-GroupCompanyDataDimension.bus-Consolidated,False,ok
12521524,2025-10-31,core:AdditionsOtherThanThroughBusinessCombinationsPropertyPlantEquipment,Additions,"64,852",GBP,0,,FY1.segment.core-PropertyPlantEquipmentClassesDimension.core-PlantMachinery.bus-GroupCompanyDataDimension.bus-Consolidated,False,ok
12521524,2025-10-31,core:AdditionsOtherThanThroughBusinessCombinationsPropertyPlantEquipment,Additions,"2,237,875",GBP,0,,FY1.segment.core-PropertyPlantEquipmentClassesDimension.core-OtherPropertyPlantEquipment.bus-GroupCompanyDataDimension.bus-Consolidated,False,ok
12521524,2025-10-31,core:AdditionsOtherThanThroughBusinessCombinationsPropertyPlantEquipment,Additions,"2,331,259",GBP,0,,FY1.segment.bus-GroupCompanyDataDimension.bus-Consolidated,False,ok
12521524,2025-10-31,core:DisposalsPropertyPlantEquipment,Disposals,"80,560",GBP,0,-,FY1.segment.core-PropertyPlantEquipmentClassesDimension.core-MotorVehicles.bus-GroupCompanyDataDimension.bus-Consolidated,False,ok
12521524,2025-10-31,core:DisposalsPropertyPlantEquipment,Disposals,"1,048,493",GBP,0,-,FY1.segment.core-PropertyPlantEquipmentClassesDimension.core-PlantMachinery.bus-GroupCompanyDataDimension.bus-Consolidated,False,ok
12521524,2025-10-31,core:DisposalsPropertyPlantEquipment,Disposals,"3,900,165",GBP,0,-,FY1.segment.core-PropertyPlantEquipmentClassesDimension.core-OtherPropertyPlantEquipment.bus-GroupCompanyDataDimension.bus-Consolidated,False,ok
12521524,2025-10-31,core:DisposalsPropertyPlantEquipment,Disposals,"5,029,218",GBP,0,-,FY1.segment.bus-GroupCompanyDataDimension.bus-Consolidated,False,ok
12521524,2025-10-31,core:PropertyPlantEquipmentGrossCost,At 31 October 2025,"3,509,347",GBP,0,,FY1.END.segment.core-PropertyPlantEquipmentClassesDimension.core-LandBuildings.bus-GroupCompanyDataDimension.bus-Consolidated,False,ok
12521524,2025-10-31,core:PropertyPlantEquipmentGrossCost,At 31 October 2025,"684,306",GBP,0,,FY1.END.segment.core-PropertyPlantEquipmentClassesDimension.core-FurnitureFittingsToolsEquipment.bus-GroupCompanyDataDimension.bus-Consolidated,False,ok
12521524,2025-10-31,core:PropertyPlantEquipmentGrossCost,At 31 October 2025,"399,101",GBP,0,,FY1.END.segment.core-PropertyPlantEquipmentClassesDimension.core-MotorVehicles.bus-GroupCompanyDataDimension.bus-Consolidated,False,ok
12521524,2025-10-31,core:PropertyPlantEquipmentGrossCost,At 31 October 2025,"1,191,989",GBP,0,,FY1.END.segment.core-PropertyPlantEquipmentClassesDimension.core-PlantMachinery.bus-GroupCompanyDataDimension.bus-Consolidated,False,ok
12521524,2025-10-31,core:PropertyPlantEquipmentGrossCost,At 31 October 2025,"37,003,345",GBP,0,,FY1.END.segment.core-PropertyPlantEquipmentClassesDimension.core-OtherPropertyPlantEquipment.bus-GroupCompanyDataDimension.bus-Consolidated,False,ok
12521524,2025-10-31,core:PropertyPlantEquipmentGrossCost,At 31 October 2025,"42,788,088",GBP,0,,FY1.END.segment.bus-GroupCompanyDataDimension.bus-Consolidated,False,ok
12521524,2024-10-31,core:AccumulatedDepreciationImpairmentPropertyPlantEquipment,At 1 November 2024,"675,003",GBP,0,,FY1.START.segment.core-PropertyPlantEquipmentClassesDimension.core-LandBuildings.bus-GroupCompanyDataDimension.bus-Consolidated,False,ok
12521524,2024-10-31,core:AccumulatedDepreciationImpairmentPropertyPlantEquipment,At 1 November 2024,"429,915",GBP,0,,FY1.START.segment.core-PropertyPlantEquipmentClassesDimension.core-FurnitureFittingsToolsEquipment.bus-GroupCompanyDataDimension.bus-Consolidated,False,ok
12521524,2024-10-31,core:AccumulatedDepreciationImpairmentPropertyPlantEquipment,At 1 November 2024,"248,766",GBP,0,,FY1.START.segment.core-PropertyPlantEquipmentClassesDimension.core-MotorVehicles.bus-GroupCompanyDataDimension.bus-Consolidated,False,ok
12521524,2024-10-31,core:AccumulatedDepreciationImpairmentPropertyPlantEquipment,At 1 November 2024,"1,709,959",GBP,0,,FY1.START.segment.core-PropertyPlantEquipmentClassesDimension.core-PlantMachinery.bus-GroupCompanyDataDimension.bus-Consolidated,False,ok
12521524,2024-10-31,core:AccumulatedDepreciationImpairmentPropertyPlantEquipment,At 1 November 2024,"24,794,948",GBP,0,,FY1.START.segment.core-PropertyPlantEquipmentClassesDimension.core-OtherPropertyPlantEquipment.bus-GroupCompanyDataDimension.bus-Consolidated,False,ok
12521524,2024-10-31,core:AccumulatedDepreciationImpairmentPropertyPlantEquipment,At 1 November 2024,"27,858,591",GBP,0,,FY1.START.segment.bus-GroupCompanyDataDimension.bus-Consolidated,False,ok
12521524,2025-10-31,core:IncreaseFromDepreciationChargeForYearPropertyPlantEquipment,Charge for the year,"114,385",GBP,0,,FY1.segment.core-PropertyPlantEquipmentClassesDimension.core-LandBuildings.bus-GroupCompanyDataDimension.bus-Consolidated,False,ok
12521524,2025-10-31,core:IncreaseFromDepreciationChargeForYearPropertyPlantEquipment,Charge for the year,265,GBP,0,,FY1.segment.core-PropertyPlantEquipmentClassesDimension.core-FurnitureFittingsToolsEquipment.bus-GroupCompanyDataDimension.bus-Consolidated,False,ok
12521524,2025-10-31,core:IncreaseFromDepreciationChargeForYearPropertyPlantEquipment,Charge for the year,"52,706",GBP,0,,FY1.segment.core-PropertyPlantEquipmentClassesDimension.core-MotorVehicles.bus-GroupCompanyDataDimension.bus-Consolidated,False,ok
12521524,2025-10-31,core:IncreaseFromDepreciationChargeForYearPropertyPlantEquipment,Charge for the year,"85,250",GBP,0,,FY1.segment.core-PropertyPlantEquipmentClassesDimension.core-PlantMachinery.bus-GroupCompanyDataDimension.bus-Consolidated,False,ok
12521524,2025-10-31,core:IncreaseFromDepreciationChargeForYearPropertyPlantEquipment,Charge for the year,"3,522,261",GBP,0,,FY1.segment.core-PropertyPlantEquipmentClassesDimension.core-OtherPropertyPlantEquipment.bus-GroupCompanyDataDimension.bus-Consolidated,False,ok
12521524,2025-10-31,core:IncreaseFromDepreciationChargeForYearPropertyPlantEquipment,Charge for the year,"3,774,867",GBP,0,,FY1.segment.bus-GroupCompanyDataDimension.bus-Consolidated,False,ok
12521524,2025-10-31,core:DisposalsDecreaseInDepreciationImpairmentPropertyPlantEquipment,Eliminated on disposal,"45,627",GBP,0,-,FY1.segment.core-PropertyPlantEquipmentClassesDimension.core-MotorVehicles.bus-GroupCompanyDataDimension.bus-Consolidated,False,ok
12521524,2025-10-31,core:DisposalsDecreaseInDepreciationImpairmentPropertyPlantEquipment,Eliminated on disposal,"920,129",GBP,0,-,FY1.segment.core-PropertyPlantEquipmentClassesDimension.core-PlantMachinery.bus-GroupCompanyDataDimension.bus-Consolidated,False,ok
12521524,2025-10-31,core:DisposalsDecreaseInDepreciationImpairmentPropertyPlantEquipment,Eliminated on disposal,"3,125,293",GBP,0,-,FY1.segment.core-PropertyPlantEquipmentClassesDimension.core-OtherPropertyPlantEquipment.bus-GroupCompanyDataDimension.bus-Consolidated,False,ok
12521524,2025-10-31,core:DisposalsDecreaseInDepreciationImpairmentPropertyPlantEquipment,Eliminated on disposal,"4,091,049",GBP,0,-,FY1.segment.bus-GroupCompanyDataDimension.bus-Consolidated,False,ok
12521524,2025-10-31,core:AccumulatedDepreciationImpairmentPropertyPlantEquipment,At 31 October 2025,"789,388",GBP,0,,FY1.END.segment.core-PropertyPlantEquipmentClassesDimension.core-LandBuildings.bus-GroupCompanyDataDimension.bus-Consolidated,False,ok
12521524,2025-10-31,core:AccumulatedDepreciationImpairmentPropertyPlantEquipment,At 31 October 2025,"430,180",GBP,0,,FY1.END.segment.core-PropertyPlantEquipmentClassesDimension.core-FurnitureFittingsToolsEquipment.bus-GroupCompanyDataDimension.bus-Consolidated,False,ok
12521524,2025-10-31,core:AccumulatedDepreciationImpairmentPropertyPlantEquipment,At 31 October 2025,"255,845",GBP,0,,FY1.END.segment.core-PropertyPlantEquipmentClassesDimension.core-MotorVehicles.bus-GroupCompanyDataDimension.bus-Consolidated,False,ok
12521524,2025-10-31,core:AccumulatedDepreciationImpairmentPropertyPlantEquipment,At 31 October 2025,"875,080",GBP,0,,FY1.END.segment.core-PropertyPlantEquipmentClassesDimension.core-PlantMachinery.bus-GroupCompanyDataDimension.bus-Consolidated,False,ok
12521524,2025-10-31,core:AccumulatedDepreciationImpairmentPropertyPlantEquipment,At 31 October 2025,"25,191,916",GBP,0,,FY1.END.segment.core-PropertyPlantEquipmentClassesDimension.core-OtherPropertyPlantEquipment.bus-GroupCompanyDataDimension.bus-Consolidated,False,ok
12521524,2025-10-31,core:AccumulatedDepreciationImpairmentPropertyPlantEquipment,At 31 October 2025,"27,542,409",GBP,0,,FY1.END.segment.bus-GroupCompanyDataDimension.bus-Consolidated,False,ok
12521524,2025-10-31,core:PropertyPlantEquipment,At 31 October 2025,"2,719,959",GBP,0,,FY1.END.segment.core-PropertyPlantEquipmentClassesDimension.core-LandBuildings.bus-GroupCompanyDataDimension.bus-Consolidated,False,ok
12521524,2025-10-31,core:PropertyPlantEquipment,At 31 October 2025,"254,126",GBP,0,,FY1.END.segment.core-PropertyPlantEquipmentClassesDimension.core-FurnitureFittingsToolsEquipment.bus-GroupCompanyDataDimension.bus-Consolidated,False,ok
12521524,2025-10-31,core:PropertyPlantEquipment,At 31 October 2025,"143,256",GBP,0,,FY1.END.segment.core-PropertyPlantEquipmentClassesDimension.core-MotorVehicles.bus-GroupCompanyDataDimension.bus-Consolidated,False,ok
12521524,2025-10-31,core:PropertyPlantEquipment,At 31 October 2025,"316,909",GBP,0,,FY1.END.segment.core-PropertyPlantEquipmentClassesDimension.core-PlantMachinery.bus-GroupCompanyDataDimension.bus-Consolidated,False,ok
12521524,2025-10-31,core:PropertyPlantEquipment,At 31 October 2025,"11,811,429",GBP,0,,FY1.END.segment.core-PropertyPlantEquipmentClassesDimension.core-OtherPropertyPlantEquipment.bus-GroupCompanyDataDimension.bus-Consolidated,False,ok
12521524,2025-10-31,core:PropertyPlantEquipment,At 31 October 2025,"15,245,679",GBP,0,,FY1.END.segment.bus-GroupCompanyDataDimension.bus-Consolidated,False,ok
12521524,2024-10-31,core:PropertyPlantEquipment,At 31 October 2024,"2,834,344",GBP,0,,FY2.END.segment.core-PropertyPlantEquipmentClassesDimension.core-LandBuildings.bus-GroupCompanyDataDimension.bus-Consolidated,False,ok
12521524,2024-10-31,core:PropertyPlantEquipment,At 31 October 2024,"252,965",GBP,0,,FY2.END.segment.core-PropertyPlantEquipmentClassesDimension.core-FurnitureFittingsToolsEquipment.bus-GroupCompanyDataDimension.bus-Consolidated,False,ok
12521524,2024-10-31,core:PropertyPlantEquipment,At 31 October 2024,"203,789",GBP,0,,FY2.END.segment.core-PropertyPlantEquipmentClassesDimension.core-MotorVehicles.bus-GroupCompanyDataDimension.bus-Consolidated,False,ok
12521524,2024-10-31,core:PropertyPlantEquipment,At 31 October 2024,"465,671",GBP,0,,FY2.END.segment.core-PropertyPlantEquipmentClassesDimension.core-PlantMachinery.bus-GroupCompanyDataDimension.bus-Consolidated,False,ok
12521524,2024-10-31,core:PropertyPlantEquipment,At 31 October 2024,"13,870,687",GBP,0,,FY2.END.segment.core-PropertyPlantEquipmentClassesDimension.core-OtherPropertyPlantEquipment.bus-GroupCompanyDataDimension.bus-Consolidated,False,ok
12521524,2024-10-31,core:PropertyPlantEquipment,At 31 October 2024,"17,627,456",GBP,0,,FY2.END.segment.bus-GroupCompanyDataDimension.bus-Consolidated,False,ok
12521524,2025-10-31,core:CarryingAmountPropertyPlantEquipmentPledgedAsSecurityForLiabilities,with a carrying amount of £,"9,841,801",GBP,0,,FY1.END.segment.core-PropertyPlantEquipmentClassesDimension.core-OtherPropertyPlantEquipment.bus-GroupCompanyDataDimension.bus-Consolidated,False,ok
12521524,2024-10-31,core:CarryingAmountPropertyPlantEquipmentPledgedAsSecurityForLiabilities,(2024 - £,"11,440,125",GBP,0,,FY2.END.segment.core-PropertyPlantEquipmentClassesDimension.core-OtherPropertyPlantEquipment.bus-GroupCompanyDataDimension.bus-Consolidated,False,ok
12521524,2024-10-31,core:PropertyPlantEquipmentGrossCost,At 1 November 2024,"2,428,299",GBP,0,,FY1.START.segment.core-PropertyPlantEquipmentClassesDimension.core-LandBuildings,False,ok
12521524,2024-10-31,core:PropertyPlantEquipmentGrossCost,At 1 November 2024,"55,104",GBP,0,,FY1.START.segment.core-PropertyPlantEquipmentClassesDimension.core-MotorVehicles,False,ok
12521524,2024-10-31,core:PropertyPlantEquipmentGrossCost,At 1 November 2024,"30,900",GBP,0,,FY1.START.segment.core-PropertyPlantEquipmentClassesDimension.core-PlantMachinery,False,ok
12521524,2024-10-31,core:PropertyPlantEquipmentGrossCost,At 1 November 2024,"2,514,303",GBP,0,,FY1.START,False,ok
12521524,2025-10-31,core:PropertyPlantEquipmentGrossCost,At 31 October 2025,"2,428,299",GBP,0,,FY1.END.segment.core-PropertyPlantEquipmentClassesDimension.core-LandBuildings,False,ok
12521524,2025-10-31,core:PropertyPlantEquipmentGrossCost,At 31 October 2025,"55,104",GBP,0,,FY1.END.segment.core-PropertyPlantEquipmentClassesDimension.core-MotorVehicles,False,ok
12521524,2025-10-31,core:PropertyPlantEquipmentGrossCost,At 31 October 2025,"30,900",GBP,0,,FY1.END.segment.core-PropertyPlantEquipmentClassesDimension.core-PlantMachinery,False,ok
12521524,2025-10-31,core:PropertyPlantEquipmentGrossCost,At 31 October 2025,"2,514,303",GBP,0,,FY1.END,False,ok
12521524,2024-10-31,core:AccumulatedDepreciationImpairmentPropertyPlantEquipment,At 1 November 2024,"163,416",GBP,0,,FY1.START.segment.core-PropertyPlantEquipmentClassesDimension.core-LandBuildings,False,ok
12521524,2024-10-31,core:AccumulatedDepreciationImpairmentPropertyPlantEquipment,At 1 November 2024,"15,505",GBP,0,,FY1.START.segment.core-PropertyPlantEquipmentClassesDimension.core-MotorVehicles,False,ok
12521524,2024-10-31,core:AccumulatedDepreciationImpairmentPropertyPlantEquipment,At 1 November 2024,"27,296",GBP,0,,FY1.START.segment.core-PropertyPlantEquipmentClassesDimension.core-PlantMachinery,False,ok
12521524,2024-10-31,core:AccumulatedDepreciationImpairmentPropertyPlantEquipment,At 1 November 2024,"206,217",GBP,0,,FY1.START,False,ok
12521524,2025-10-31,core:IncreaseFromDepreciationChargeForYearPropertyPlantEquipment,Charge for the year,"99,136",GBP,0,,FY1.segment.core-PropertyPlantEquipmentClassesDimension.core-LandBuildings,False,ok
12521524,2025-10-31,core:IncreaseFromDepreciationChargeForYearPropertyPlantEquipment,Charge for the year,"9,900",GBP,0,,FY1.segment.core-PropertyPlantEquipmentClassesDimension.core-MotorVehicles,False,ok
12521524,2025-10-31,core:IncreaseFromDepreciationChargeForYearPropertyPlantEquipment,Charge for the year,"3,604",GBP,0,,FY1.segment.core-PropertyPlantEquipmentClassesDimension.core-PlantMachinery,False,ok
12521524,2025-10-31,core:IncreaseFromDepreciationChargeForYearPropertyPlantEquipment,Charge for the year,"112,640",GBP,0,,FY1,False,ok
12521524,2025-10-31,core:AccumulatedDepreciationImpairmentPropertyPlantEquipment,At 31 October 2025,"262,552",GBP,0,,FY1.END.segment.core-PropertyPlantEquipmentClassesDimension.core-LandBuildings,False,ok
12521524,2025-10-31,core:AccumulatedDepreciationImpairmentPropertyPlantEquipment,At 31 October 2025,"25,405",GBP,0,,FY1.END.segment.core-PropertyPlantEquipmentClassesDimension.core-MotorVehicles,False,ok
12521524,2025-10-31,core:AccumulatedDepreciationImpairmentPropertyPlantEquipment,At 31 October 2025,"30,900",GBP,0,,FY1.END.segment.core-PropertyPlantEquipmentClassesDimension.core-PlantMachinery,False,ok
12521524,2025-10-31,core:AccumulatedDepreciationImpairmentPropertyPlantEquipment,At 31 October 2025,"318,857",GBP,0,,FY1.END,False,ok
12521524,2025-10-31,core:PropertyPlantEquipment,At 31 October 2025,"2,165,747",GBP,0,,FY1.END.segment.core-PropertyPlantEquipmentClassesDimension.core-LandBuildings,False,ok
12521524,2025-10-31,core:PropertyPlantEquipment,At 31 October 2025,"29,699",GBP,0,,FY1.END.segment.core-PropertyPlantEquipmentClassesDimension.core-MotorVehicles,False,ok
12521524,2025-10-31,core:PropertyPlantEquipment,At 31 October 2025,"2,195,446",GBP,0,,FY1.END,False,ok
12521524,2024-10-31,core:PropertyPlantEquipment,At 31 October 2024,"2,264,883",GBP,0,,FY2.END.segment.core-PropertyPlantEquipmentClassesDimension.core-LandBuildings,False,ok
12521524,2024-10-31,core:PropertyPlantEquipment,At 31 October 2024,"39,599",GBP,0,,FY2.END.segment.core-PropertyPlantEquipmentClassesDimension.core-MotorVehicles,False,ok
12521524,2024-10-31,core:PropertyPlantEquipment,At 31 October 2024,"3,604",GBP,0,,FY2.END.segment.core-PropertyPlantEquipmentClassesDimension.core-PlantMachinery,False,ok
12521524,2024-10-31,core:PropertyPlantEquipment,At 31 October 2024,"2,308,086",GBP,0,,FY2.END,False,ok
12521524,2024-10-31,core:InvestmentPropertyFairValueModel,At 1 November 2024 and 31 October 2025,"1,585,631",GBP,0,,FY1.START.segment.bus-GroupCompanyDataDimension.bus-Consolidated,False,ok
12521524,2025-10-31,core:ShareProfitLossAssociatesAccountedForByEquityMethod,Group's share of profit or loss in associates,"933,431",GBP,0,,FY1.segment.bus-GroupCompanyDataDimension.bus-Consolidated,False,ok
12521524,2024-10-31,core:ShareProfitLossAssociatesAccountedForByEquityMethod,Group's share of profit or loss in associates,"632,524",GBP,0,,FY2.segment.bus-GroupCompanyDataDimension.bus-Consolidated,False,ok
12521524,2025-10-31,core:OwnershipInterestInAssociatePercent,Ordinary,50,pure,2,,FY1.segment.core-AssociatesDimension.core-Associate1.bus-GroupCompanyDataDimension.bus-Consolidated,False,ok
12521524,2024-10-31,core:OwnershipInterestInAssociatePercent,%,50,pure,2,,FY2.segment.core-AssociatesDimension.core-Associate1.bus-GroupCompanyDataDimension.bus-Consolidated,False,ok
12521524,2025-10-31,core:OwnershipInterestInAssociatePercent,Ordinary,25,pure,2,,FY1.segment.core-AssociatesDimension.core-Associate2.bus-GroupCompanyDataDimension.bus-Consolidated,False,ok
12521524,2024-10-31,core:OwnershipInterestInAssociatePercent,%,25,pure,2,,FY2.segment.core-AssociatesDimension.core-Associate2.bus-GroupCompanyDataDimension.bus-Consolidated,False,ok
12521524,2025-10-31,core:OwnershipInterestInAssociatePercent,Ordinary,0,pure,2,,FY1.segment.core-AssociatesDimension.core-Associate3.bus-GroupCompanyDataDimension.bus-Consolidated,False,ok
12521524,2024-10-31,core:OwnershipInterestInAssociatePercent,%,49,pure,2,,FY2.segment.core-AssociatesDimension.core-Associate3.bus-GroupCompanyDataDimension.bus-Consolidated,False,ok
12521524,2025-10-31,core:OwnershipInterestInAssociatePercent,Ordinary,45,pure,2,,FY1.segment.core-AssociatesDimension.core-Associate4.bus-GroupCompanyDataDimension.bus-Consolidated,False,ok
12521524,2024-10-31,core:OwnershipInterestInAssociatePercent,%,25,pure,2,,FY2.segment.core-AssociatesDimension.core-Associate4.bus-GroupCompanyDataDimension.bus-Consolidated,False,ok
12521524,2025-10-31,core:OwnershipInterestInAssociatePercent,Ordinary,45,pure,2,,FY1.segment.core-AssociatesDimension.core-Associate5.bus-GroupCompanyDataDimension.bus-Consolidated,False,ok
12521524,2024-10-31,core:OwnershipInterestInAssociatePercent,%,25,pure,2,,FY2.segment.core-AssociatesDimension.core-Associate5.bus-GroupCompanyDataDimension.bus-Consolidated,False,ok
12521524,2025-10-31,core:InvestmentsInSubsidiaries,Investments in subsidiaries,"10,099",GBP,0,,FY1.END,False,ok
12521524,2024-10-31,core:InvestmentsInSubsidiaries,Investments in subsidiaries,"10,099",GBP,0,,FY2.END,False,ok
12521524,2025-10-31,core:InvestmentsInAssociates,Investments in associates,50,GBP,0,,FY1.END,False,ok
12521524,2024-10-31,core:InvestmentsInAssociates,Investments in associates,50,GBP,0,,FY2.END,False,ok
12521524,2025-10-31,core:InvestmentsInGroupUndertakingsParticipatingInterests,Investments in associates,"10,149",GBP,0,,FY1.END,False,ok
12521524,2024-10-31,core:InvestmentsInGroupUndertakingsParticipatingInterests,Investments in associates,"10,149",GBP,0,,FY2.END,False,ok
12521524,2024-10-31,core:InvestmentsInSubsidiaries,At 1 November 2024,"10,099",GBP,0,,FY1.START.segment.core-InvestmentsMovementsDimension.core-CostValuation,False,ok
12521524,2025-10-31,core:InvestmentsInSubsidiaries,At 31 October 2025,"10,099",GBP,0,,FY1.END,False,ok
12521524,2024-10-31,core:InvestmentsInSubsidiaries,At 31 October 2024,"10,099",GBP,0,,FY2.END,False,ok
12521524,2024-10-31,core:InvestmentsInAssociates,At 1 November 2024,50,GBP,0,,FY1.START.segment.core-InvestmentsMovementsDimension.core-CostValuation,False,ok
12521524,2025-10-31,core:InvestmentsInAssociates,At 31 October 2025,50,GBP,0,,FY1.END,False,ok
12521524,2024-10-31,core:InvestmentsInAssociates,At 31 October 2024,50,GBP,0,,FY2.END,False,ok
12521524,2025-10-31,core:OwnershipInterestInSubsidiaryPercent,Ordinary,100,pure,2,,FY1.segment.core-SubsidiariesDimension.core-Subsidiary1,False,ok
12521524,2024-10-31,core:OwnershipInterestInSubsidiaryPercent,%,100,pure,2,,FY2.segment.core-SubsidiariesDimension.core-Subsidiary1,False,ok
12521524,2025-10-31,core:OwnershipInterestInSubsidiaryPercent,Ordinary,100,pure,2,,FY1.segment.core-SubsidiariesDimension.core-Subsidiary2,False,ok
12521524,2024-10-31,core:OwnershipInterestInSubsidiaryPercent,%,100,pure,2,,FY2.segment.core-SubsidiariesDimension.core-Subsidiary2,False,ok
12521524,2025-10-31,core:OwnershipInterestInAssociatePercent,Ordinary,50,pure,2,,FY1.segment.core-AssociatesDimension.core-Associate1,False,ok
12521524,2024-10-31,core:OwnershipInterestInAssociatePercent,%,50,pure,2,,FY2.segment.core-AssociatesDimension.core-Associate1,False,ok
12521524,2025-10-31,core:OwnershipInterestInAssociatePercent,Ordinary,45,pure,2,,FY1.segment.core-AssociatesDimension.core-Associate2,False,ok
12521524,2024-10-31,core:OwnershipInterestInAssociatePercent,%,25,pure,2,,FY2.segment.core-AssociatesDimension.core-Associate2,False,ok
12521524,2025-10-31,core:OwnershipInterestInAssociatePercent,Ordinary,45,pure,2,,FY1.segment.core-AssociatesDimension.core-Associate3,False,ok
12521524,2024-10-31,core:OwnershipInterestInAssociatePercent,%,25,pure,2,,FY2.segment.core-AssociatesDimension.core-Associate3,False,ok
12521524,2025-10-31,core:OtherInventories,Stocks,"383,688",GBP,0,,FY1.END.segment.bus-GroupCompanyDataDimension.bus-Consolidated,False,ok
12521524,2024-10-31,core:OtherInventories,Stocks,"383,367",GBP,0,,FY2.END.segment.bus-GroupCompanyDataDimension.bus-Consolidated,False,ok
12521524,2025-10-31,core:TradeDebtorsTradeReceivables,Trade debtors,"10,519,932",GBP,0,,FY1.END.segment.core-FinancialInstrumentCurrentNon-currentDimension.core-CurrentFinancialInstruments.core-MaturitiesOrExpirationPeriodsDimension.core-WithinOneYear.bus-GroupCompanyDataDimension.bus-Consolidated,False,ok
12521524,2024-10-31,core:TradeDebtorsTradeReceivables,Trade debtors,"9,784,102",GBP,0,,FY2.END.segment.core-FinancialInstrumentCurrentNon-currentDimension.core-CurrentFinancialInstruments.core-MaturitiesOrExpirationPeriodsDimension.core-WithinOneYear.bus-GroupCompanyDataDimension.bus-Consolidated,False,ok
12521524,2025-10-31,core:TradeDebtorsTradeReceivables,Trade debtors,"47,398",GBP,0,,FY1.END.segment.core-FinancialInstrumentCurrentNon-currentDimension.core-CurrentFinancialInstruments.core-MaturitiesOrExpirationPeriodsDimension.core-WithinOneYear,False,ok
12521524,2024-10-31,core:TradeDebtorsTradeReceivables,Trade debtors,"72,995",GBP,0,,FY2.END.segment.core-FinancialInstrumentCurrentNon-currentDimension.core-CurrentFinancialInstruments.core-MaturitiesOrExpirationPeriodsDimension.core-WithinOneYear,False,ok
12521524,2025-10-31,core:OtherDebtors,Other debtors,"106,070",GBP,0,,FY1.END.segment.core-FinancialInstrumentCurrentNon-currentDimension.core-CurrentFinancialInstruments.core-MaturitiesOrExpirationPeriodsDimension.core-WithinOneYear.bus-GroupCompanyDataDimension.bus-Consolidated,False,ok
12521524,2024-10-31,core:OtherDebtors,Other debtors,"122,765",GBP,0,,FY2.END.segment.core-FinancialInstrumentCurrentNon-currentDimension.core-CurrentFinancialInstruments.core-MaturitiesOrExpirationPeriodsDimension.core-WithinOneYear.bus-GroupCompanyDataDimension.bus-Consolidated,False,ok
12521524,2024-10-31,core:OtherDebtors,Other debtors,928,GBP,0,,FY2.END.segment.core-FinancialInstrumentCurrentNon-currentDimension.core-CurrentFinancialInstruments.core-MaturitiesOrExpirationPeriodsDimension.core-WithinOneYear,False,ok
12521524,2025-10-31,core:Prepayments,Prepayments,"1,146,881",GBP,0,,FY1.END.segment.core-FinancialInstrumentCurrentNon-currentDimension.core-CurrentFinancialInstruments.core-MaturitiesOrExpirationPeriodsDimension.core-WithinOneYear.bus-GroupCompanyDataDimension.bus-Consolidated,False,ok
12521524,2024-10-31,core:Prepayments,Prepayments,"1,546,494",GBP,0,,FY2.END.segment.core-FinancialInstrumentCurrentNon-currentDimension.core-CurrentFinancialInstruments.core-MaturitiesOrExpirationPeriodsDimension.core-WithinOneYear.bus-GroupCompanyDataDimension.bus-Consolidated,False,ok
12521524,2025-10-31,core:Prepayments,Prepayments,"20,996",GBP,0,,FY1.END.segment.core-FinancialInstrumentCurrentNon-currentDimension.core-CurrentFinancialInstruments.core-MaturitiesOrExpirationPeriodsDimension.core-WithinOneYear,False,ok
12521524,2024-10-31,core:Prepayments,Prepayments,"17,093",GBP,0,,FY2.END.segment.core-FinancialInstrumentCurrentNon-currentDimension.core-CurrentFinancialInstruments.core-MaturitiesOrExpirationPeriodsDimension.core-WithinOneYear,False,ok
12521524,2025-10-31,core:FurtherItemDebtorsComponentTotalDebtors,Corporation tax,"195,851",GBP,0,,FY1.END.segment.core-FinancialInstrumentCurrentNon-currentDimension.core-CurrentFinancialInstruments.core-MaturitiesOrExpirationPeriodsDimension.core-WithinOneYear.bus-GroupCompanyDataDimension.bus-Consolidated.common-X-AnalysisDimension.2,True,ok
12521524,2024-10-31,core:FurtherItemDebtorsComponentTotalDebtors,Corporation tax,"189,465",GBP,0,,FY2.END.segment.core-FinancialInstrumentCurrentNon-currentDimension.core-CurrentFinancialInstruments.core-MaturitiesOrExpirationPeriodsDimension.core-WithinOneYear.bus-GroupCompanyDataDimension.bus-Consolidated.common-X-AnalysisDimension.2,True,ok
12521524,2025-10-31,core:Debtors,Corporation tax,"12,538,929",GBP,0,,FY1.END.segment.core-FinancialInstrumentCurrentNon-currentDimension.core-CurrentFinancialInstruments.core-MaturitiesOrExpirationPeriodsDimension.core-WithinOneYear.bus-GroupCompanyDataDimension.bus-Consolidated,False,ok
12521524,2024-10-31,core:Debtors,Corporation tax,"12,247,872",GBP,0,,FY2.END.segment.core-FinancialInstrumentCurrentNon-currentDimension.core-CurrentFinancialInstruments.core-MaturitiesOrExpirationPeriodsDimension.core-WithinOneYear.bus-GroupCompanyDataDimension.bus-Consolidated,False,ok
12521524,2025-10-31,core:Debtors,Corporation tax,"401,844",GBP,0,,FY1.END.segment.core-FinancialInstrumentCurrentNon-currentDimension.core-CurrentFinancialInstruments.core-MaturitiesOrExpirationPeriodsDimension.core-WithinOneYear,False,ok
12521524,2024-10-31,core:Debtors,Corporation tax,"91,016",GBP,0,,FY2.END.segment.core-FinancialInstrumentCurrentNon-currentDimension.core-CurrentFinancialInstruments.core-MaturitiesOrExpirationPeriodsDimension.core-WithinOneYear,False,ok
12521524,2025-10-31,core:CashOnHand,Cash on hand,"1,358",GBP,0,,FY1.END.segment.bus-GroupCompanyDataDimension.bus-Consolidated,False,ok
12521524,2024-10-31,core:CashOnHand,Cash on hand,"1,154",GBP,0,,FY2.END.segment.bus-GroupCompanyDataDimension.bus-Consolidated,False,ok
12521524,2025-10-31,core:CashOnHand,Cash on hand,1,GBP,0,,FY1.END,False,ok
12521524,2024-10-31,core:CashOnHand,Cash on hand,1,GBP,0,,FY2.END,False,ok
12521524,2025-10-31,core:BalancesWithBanks,Cash at bank,"6,890,042",GBP,0,,FY1.END.segment.bus-GroupCompanyDataDimension.bus-Consolidated,False,ok
12521524,2024-10-31,core:BalancesWithBanks,Cash at bank,"6,184,780",GBP,0,,FY2.END.segment.bus-GroupCompanyDataDimension.bus-Consolidated,False,ok
12521524,2025-10-31,core:BalancesWithBanks,Cash at bank,"2,336,547",GBP,0,,FY1.END,False,ok
12521524,2024-10-31,core:BalancesWithBanks,Cash at bank,"1,655,850",GBP,0,,FY2.END,False,ok
12521524,2025-10-31,core:Short-termDepositsClassifiedAsCashEquivalents,Short-term deposits,"6,366,786",GBP,0,,FY1.END.segment.bus-GroupCompanyDataDimension.bus-Consolidated,False,ok
12521524,2024-10-31,core:Short-termDepositsClassifiedAsCashEquivalents,Short-term deposits,"6,651,973",GBP,0,,FY2.END.segment.bus-GroupCompanyDataDimension.bus-Consolidated,False,ok
12521524,2025-10-31,core:CashCashEquivalents,Short-term deposits,"13,258,186",GBP,0,,FY1.END.segment.bus-GroupCompanyDataDimension.bus-Consolidated,False,ok
12521524,2024-10-31,core:CashCashEquivalents,Short-term deposits,"12,837,907",GBP,0,,FY2.END.segment.bus-GroupCompanyDataDimension.bus-Consolidated,False,ok
12521524,2025-10-31,core:CashCashEquivalents,Short-term deposits,"2,336,548",GBP,0,,FY1.END,False,ok
12521524,2024-10-31,core:CashCashEquivalents,Short-term deposits,"1,655,851",GBP,0,,FY2.END,False,ok
12521524,2025-10-31,core:TotalBorrowings,Loans and borrowings,"2,961,815",GBP,0,,FY1.END.segment.core-FinancialInstrumentCurrentNon-currentDimension.core-CurrentFinancialInstruments.core-MaturitiesOrExpirationPeriodsDimension.core-WithinOneYear.bus-GroupCompanyDataDimension.bus-Consolidated,True,ok
12521524,2024-10-31,core:TotalBorrowings,Loans and borrowings,"2,877,124",GBP,0,,FY2.END.segment.core-FinancialInstrumentCurrentNon-currentDimension.core-CurrentFinancialInstruments.core-MaturitiesOrExpirationPeriodsDimension.core-WithinOneYear.bus-GroupCompanyDataDimension.bus-Consolidated,True,ok
12521524,2025-10-31,core:TradeCreditorsTradePayables,Trade creditors,"3,828,636",GBP,0,,FY1.END.segment.bus-GroupCompanyDataDimension.bus-Consolidated,False,ok
12521524,2024-10-31,core:TradeCreditorsTradePayables,Trade creditors,"4,414,059",GBP,0,,FY2.END.segment.bus-GroupCompanyDataDimension.bus-Consolidated,False,ok
12521524,2025-10-31,core:TradeCreditorsTradePayables,Trade creditors,"30,423",GBP,0,,FY1.END,False,ok
12521524,2024-10-31,core:TradeCreditorsTradePayables,Trade creditors,"35,812",GBP,0,,FY2.END,False,ok
12521524,2025-10-31,core:TaxationSocialSecurityPayable,Social security and other taxes,"1,815,756",GBP,0,,FY1.END.segment.bus-GroupCompanyDataDimension.bus-Consolidated,False,ok
12521524,2024-10-31,core:TaxationSocialSecurityPayable,Social security and other taxes,"1,280,065",GBP,0,,FY2.END.segment.bus-GroupCompanyDataDimension.bus-Consolidated,False,ok
12521524,2025-10-31,core:TaxationSocialSecurityPayable,Social security and other taxes,"21,699",GBP,0,,FY1.END,False,ok
12521524,2024-10-31,core:TaxationSocialSecurityPayable,Social security and other taxes,"22,455",GBP,0,,FY2.END,False,ok
12521524,2025-10-31,core:UnpaidContributionsToPensionSchemes,Outstanding defined contribution pension costs,"34,594",GBP,0,,FY1.END.segment.bus-GroupCompanyDataDimension.bus-Consolidated,False,ok
12521524,2024-10-31,core:UnpaidContributionsToPensionSchemes,Outstanding defined contribution pension costs,"34,347",GBP,0,,FY2.END.segment.bus-GroupCompanyDataDimension.bus-Consolidated,False,ok
12521524,2025-10-31,core:UnpaidContributionsToPensionSchemes,Outstanding defined contribution pension costs,198,GBP,0,,FY1.END,False,ok
12521524,2024-10-31,core:UnpaidContributionsToPensionSchemes,Outstanding defined contribution pension costs,340,GBP,0,,FY2.END,False,ok
12521524,2025-10-31,core:OtherCreditors,Other creditors,"582,695",GBP,0,,FY1.END.segment.bus-GroupCompanyDataDimension.bus-Consolidated,False,ok
12521524,2024-10-31,core:OtherCreditors,Other creditors,"620,335",GBP,0,,FY2.END.segment.bus-GroupCompanyDataDimension.bus-Consolidated,False,ok
12521524,2025-10-31,core:OtherCreditors,Other creditors,"3,882",GBP,0,,FY1.END,False,ok
12521524,2024-10-31,core:OtherCreditors,Other creditors,"2,454",GBP,0,,FY2.END,False,ok
12521524,2025-10-31,core:OtherPayablesAccruedExpenses,Accrued expenses,"283,502",GBP,0,,FY1.END.segment.bus-GroupCompanyDataDimension.bus-Consolidated,False,ok
12521524,2024-10-31,core:OtherPayablesAccruedExpenses,Accrued expenses,"1,431,924",GBP,0,,FY2.END.segment.bus-GroupCompanyDataDimension.bus-Consolidated,False,ok
12521524,2025-10-31,core:OtherPayablesAccruedExpenses,Accrued expenses,"10,417",GBP,0,,FY1.END,False,ok
12521524,2024-10-31,core:OtherPayablesAccruedExpenses,Accrued expenses,"10,415",GBP,0,,FY2.END,False,ok
12521524,2025-10-31,core:Creditors,Accrued expenses,"9,506,998",GBP,0,,FY1.END.segment.core-FinancialInstrumentCurrentNon-currentDimension.core-CurrentFinancialInstruments.core-MaturitiesOrExpirationPeriodsDimension.core-WithinOneYear.bus-GroupCompanyDataDimension.bus-Consolidated,False,ok
12521524,2024-10-31,core:Creditors,Accrued expenses,"10,657,854",GBP,0,,FY2.END.segment.core-FinancialInstrumentCurrentNon-currentDimension.core-CurrentFinancialInstruments.core-MaturitiesOrExpirationPeriodsDimension.core-WithinOneYear.bus-GroupCompanyDataDimension.bus-Consolidated,False,ok
12521524,2025-10-31,core:Creditors,Accrued expenses,"66,619",GBP,0,,FY1.END.segment.core-FinancialInstrumentCurrentNon-currentDimension.core-CurrentFinancialInstruments.core-MaturitiesOrExpirationPeriodsDimension.core-WithinOneYear,False,ok
12521524,2024-10-31,core:Creditors,Accrued expenses,"82,289",GBP,0,,FY2.END.segment.core-FinancialInstrumentCurrentNon-currentDimension.core-CurrentFinancialInstruments.core-MaturitiesOrExpirationPeriodsDimension.core-WithinOneYear,False,ok
12521524,2025-10-31,core:TotalBorrowings,Loans and borrowings,"6,958,151",GBP,0,,FY1.END.segment.core-FinancialInstrumentCurrentNon-currentDimension.core-Non-currentFinancialInstruments.core-MaturitiesOrExpirationPeriodsDimension.core-AfterOneYear.bus-GroupCompanyDataDimension.bus-Consolidated,True,ok
12521524,2024-10-31,core:TotalBorrowings,Loans and borrowings,"8,704,588",GBP,0,,FY2.END.segment.core-FinancialInstrumentCurrentNon-currentDimension.core-Non-currentFinancialInstruments.core-MaturitiesOrExpirationPeriodsDimension.core-AfterOneYear.bus-GroupCompanyDataDimension.bus-Consolidated,True,ok
12521524,2024-10-31,core:Provisions,At 1 November 2024,"1,506,573",GBP,0,,FY1.START.segment.core-ProvisionsClassesDimension.core-DeferredTaxation.bus-GroupCompanyDataDimension.bus-Consolidated,False,ok
12521524,2024-10-31,core:Provisions,At 1 November 2024,"1,506,573",GBP,0,,FY1.START.segment.bus-GroupCompanyDataDimension.bus-Consolidated,False,ok
12521524,2025-10-31,core:IncreaseDecreaseInExistingProvisions,Increase (decrease) in existing provisions,"113,478",GBP,0,-,FY1.segment.core-ProvisionsClassesDimension.core-DeferredTaxation.bus-GroupCompanyDataDimension.bus-Consolidated,False,ok
12521524,2025-10-31,core:IncreaseDecreaseInExistingProvisions,Increase (decrease) in existing provisions,"113,478",GBP,0,-,FY1.segment.bus-GroupCompanyDataDimension.bus-Consolidated,False,ok
12521524,2025-10-31,core:Provisions,At 31 October 2025,"1,393,095",GBP,0,,FY1.END.segment.core-ProvisionsClassesDimension.core-DeferredTaxation.bus-GroupCompanyDataDimension.bus-Consolidated,False,ok
12521524,2025-10-31,core:Provisions,At 31 October 2025,"1,393,095",GBP,0,,FY1.END.segment.bus-GroupCompanyDataDimension.bus-Consolidated,False,ok
12521524,2025-10-31,core:DeferredTaxLiabilities,Tax depreciation,"2,538,232",GBP,0,,FY1.END.segment.core-DeferredTaxAssetLiabilityClassesDimension.core-AcceleratedTaxDepreciationDeferredTax.bus-GroupCompanyDataDimension.bus-Consolidated,False,ok
12521524,2025-10-31,core:DeferredTaxAssets,Provisions,"16,909",GBP,0,,FY1.END.segment.core-DeferredTaxAssetLiabilityClassesDimension.core-ProvisionsDeferredTax.bus-GroupCompanyDataDimension.bus-Consolidated,False,ok
12521524,2025-10-31,core:DeferredTaxAssets,Tax losses,"1,128,228",GBP,0,,FY1.END.segment.core-DeferredTaxAssetLiabilityClassesDimension.core-TaxLossesCarry-forwardsDeferredTax.bus-GroupCompanyDataDimension.bus-Consolidated,False,ok
12521524,2025-10-31,core:DeferredTaxAssets,Tax losses,"1,145,137",GBP,0,,FY1.END.segment.bus-GroupCompanyDataDimension.bus-Consolidated,False,ok
12521524,2025-10-31,core:DeferredTaxLiabilities,Tax losses,"2,538,232",GBP,0,,FY1.END.segment.bus-GroupCompanyDataDimension.bus-Consolidated,False,ok
12521524,2024-10-31,core:DeferredTaxLiabilities,Tax depreciation,"2,854,066",GBP,0,,FY2.END.segment.core-DeferredTaxAssetLiabilityClassesDimension.core-AcceleratedTaxDepreciationDeferredTax.bus-GroupCompanyDataDimension.bus-Consolidated,False,ok
12521524,2024-10-31,core:DeferredTaxAssets,Provisions,"12,292",GBP,0,,FY2.END.segment.core-DeferredTaxAssetLiabilityClassesDimension.core-ProvisionsDeferredTax.bus-GroupCompanyDataDimension.bus-Consolidated,False,ok
12521524,2024-10-31,core:DeferredTaxAssets,Tax losses,"1,335,201",GBP,0,,FY2.END.segment.core-DeferredTaxAssetLiabilityClassesDimension.core-TaxLossesCarry-forwardsDeferredTax.bus-GroupCompanyDataDimension.bus-Consolidated,False,ok
12521524,2024-10-31,core:DeferredTaxAssets,Tax losses,"1,347,493",GBP,0,,FY2.END.segment.bus-GroupCompanyDataDimension.bus-Consolidated,False,ok
12521524,2024-10-31,core:DeferredTaxLiabilities,Tax losses,"2,854,066",GBP,0,,FY2.END.segment.bus-GroupCompanyDataDimension.bus-Consolidated,False,ok
12521524,2025-10-31,core:PensionCostsDefinedContributionPlan,The Group operates a defined contribution pension scheme. The pension cost charge for the year represents contributions payable by the Group to the scheme and amounted to,"707,586",GBP,0,,FY1.segment.bus-GroupCompanyDataDimension.bus-Consolidated,False,ok
12521524,2024-10-31,core:PensionCostsDefinedContributionPlan,(2024 -,"904,144",GBP,0,,FY2.segment.bus-GroupCompanyDataDimension.bus-Consolidated,False,ok
12521524,2025-10-31,core:OutstandingPre-paidContributionsToDefinedContributionPlanReportingDate,Contributions totalling,"34,594",GBP,0,,FY1.END.segment.bus-GroupCompanyDataDimension.bus-Consolidated,False,ok
12521524,2024-10-31,core:OutstandingPre-paidContributionsToDefinedContributionPlanReportingDate,(2024 - £,"34,347",GBP,0,,FY2.END.segment.bus-GroupCompanyDataDimension.bus-Consolidated,False,ok
12521524,2025-10-31,core:FinanceLeaseLiabilitiesPresentValueTotal,Hire purchase contracts,"2,961,148",GBP,0,,FY1.END.segment.core-FinanceLeaseContractTypeDimension.core-HirePurchaseContracts.core-FinancialInstrumentCurrentNon-currentDimension.core-CurrentFinancialInstruments.bus-GroupCompanyDataDimension.bus-Consolidated,True,ok
12521524,2024-10-31,core:FinanceLeaseLiabilitiesPresentValueTotal,Hire purchase contracts,"2,877,124",GBP,0,,FY2.END.segment.core-FinanceLeaseContractTypeDimension.core-HirePurchaseContracts.core-FinancialInstrumentCurrentNon-currentDimension.core-CurrentFinancialInstruments.bus-GroupCompanyDataDimension.bus-Consolidated,True,ok
12521524,2025-10-31,core:OtherRemainingBorrowings,Other borrowings,667,GBP,0,,FY1.END.segment.core-FinancialInstrumentCurrentNon-currentDimension.core-CurrentFinancialInstruments.bus-GroupCompanyDataDimension.bus-Consolidated,False,ok
12521524,2025-10-31,core:TotalBorrowings,Other borrowings,"2,961,815",GBP,0,,FY1.END.segment.core-FinancialInstrumentCurrentNon-currentDimension.core-CurrentFinancialInstruments.bus-GroupCompanyDataDimension.bus-Consolidated,True,ok
12521524,2024-10-31,core:TotalBorrowings,Other borrowings,"2,877,124",GBP,0,,FY2.END.segment.core-FinancialInstrumentCurrentNon-currentDimension.core-CurrentFinancialInstruments.bus-GroupCompanyDataDimension.bus-Consolidated,True,ok
12521524,2025-10-31,core:FinanceLeaseLiabilitiesPresentValueTotal,Hire purchase contracts,"6,958,151",GBP,0,,FY1.END.segment.core-FinanceLeaseContractTypeDimension.core-HirePurchaseContracts.core-FinancialInstrumentCurrentNon-currentDimension.core-Non-currentFinancialInstruments.bus-GroupCompanyDataDimension.bus-Consolidated,True,ok
12521524,2024-10-31,core:FinanceLeaseLiabilitiesPresentValueTotal,Hire purchase contracts,"8,704,588",GBP,0,,FY2.END.segment.core-FinanceLeaseContractTypeDimension.core-HirePurchaseContracts.core-FinancialInstrumentCurrentNon-currentDimension.core-Non-currentFinancialInstruments.bus-GroupCompanyDataDimension.bus-Consolidated,True,ok
12521524,2025-10-31,core:FutureMinimumLeasePaymentsUnderNon-cancellableOperatingLeases,Not later than one year,"135,230",GBP,0,,FY1.END.segment.core-MaturitiesOrExpirationPeriodsDimension.core-WithinOneYear.bus-GroupCompanyDataDimension.bus-Consolidated,False,ok
12521524,2024-10-31,core:FutureMinimumLeasePaymentsUnderNon-cancellableOperatingLeases,Not later than one year,"139,980",GBP,0,,FY2.END.segment.core-MaturitiesOrExpirationPeriodsDimension.core-WithinOneYear.bus-GroupCompanyDataDimension.bus-Consolidated,False,ok
12521524,2025-10-31,core:FutureMinimumLeasePaymentsUnderNon-cancellableOperatingLeases,Later than one year and not later than five years,"58,920",GBP,0,,FY1.END.segment.core-MaturitiesOrExpirationPeriodsDimension.core-BetweenTwoFiveYears.bus-GroupCompanyDataDimension.bus-Consolidated,False,ok
12521524,2024-10-31,core:FutureMinimumLeasePaymentsUnderNon-cancellableOperatingLeases,Later than one year and not later than five years,"179,420",GBP,0,,FY2.END.segment.core-MaturitiesOrExpirationPeriodsDimension.core-BetweenTwoFiveYears.bus-GroupCompanyDataDimension.bus-Consolidated,False,ok
12521524,2025-10-31,core:FutureMinimumLeasePaymentsUnderNon-cancellableOperatingLeases,Later than five years,"751,230",GBP,0,,FY1.END.segment.core-MaturitiesOrExpirationPeriodsDimension.core-MoreThanFiveYears.bus-GroupCompanyDataDimension.bus-Consolidated,False,ok
12521524,2024-10-31,core:FutureMinimumLeasePaymentsUnderNon-cancellableOperatingLeases,Later than five years,"765,960",GBP,0,,FY2.END.segment.core-MaturitiesOrExpirationPeriodsDimension.core-MoreThanFiveYears.bus-GroupCompanyDataDimension.bus-Consolidated,False,ok
12521524,2025-10-31,core:FutureMinimumLeasePaymentsUnderNon-cancellableOperatingLeases,Later than five years,"945,380",GBP,0,,FY1.END.segment.bus-GroupCompanyDataDimension.bus-Consolidated,False,ok
12521524,2024-10-31,core:FutureMinimumLeasePaymentsUnderNon-cancellableOperatingLeases,Later than five years,"1,085,360",GBP,0,,FY2.END.segment.bus-GroupCompanyDataDimension.bus-Consolidated,False,ok
12521524,2025-10-31,core:MinimumOperatingLeasePaymentsRecognisedAsExpense,The amount of non-cancellable operating lease payments recognised as an expense during the year was £,"139,980",GBP,0,,FY1.segment.bus-GroupCompanyDataDimension.bus-Consolidated,False,ok
12521524,2024-10-31,core:MinimumOperatingLeasePaymentsRecognisedAsExpense,(2024 - £,"139,980",GBP,0,,FY2.segment.bus-GroupCompanyDataDimension.bus-Consolidated,False,ok
12521524,2025-10-31,core:KeyManagementPersonnelCompensationShort-termEmployeeBenefits,Salaries and other short term employee benefits,"659,259",GBP,0,,FY1.segment.bus-GroupCompanyDataDimension.bus-Consolidated,False,ok
12521524,2024-10-31,core:KeyManagementPersonnelCompensationShort-termEmployeeBenefits,Salaries and other short term employee benefits,"2,005,326",GBP,0,,FY2.segment.bus-GroupCompanyDataDimension.bus-Consolidated,False,ok
01841889,2025-10-31,core:TurnoverRevenue,Turnover,"27,235,428",GBP,0,,FY1.segment.bus-GroupCompanyDataDimension.bus-Consolidated,False,ok
01841889,2024-10-31,core:TurnoverRevenue,Turnover,"24,310,017",GBP,0,,FY2.segment.bus-GroupCompanyDataDimension.bus-Consolidated,False,ok
01841889,2025-10-31,core:CostSales,Cost of sales,"18,132,865",GBP,0,,FY1.segment.bus-GroupCompanyDataDimension.bus-Consolidated,False,ok
01841889,2024-10-31,core:CostSales,Cost of sales,"16,398,441",GBP,0,,FY2.segment.bus-GroupCompanyDataDimension.bus-Consolidated,False,ok
01841889,2025-10-31,core:GrossProfitLoss,Gross profit,"9,102,563",GBP,0,,FY1.segment.bus-GroupCompanyDataDimension.bus-Consolidated,False,ok
01841889,2024-10-31,core:GrossProfitLoss,Gross profit,"7,911,576",GBP,0,,FY2.segment.bus-GroupCompanyDataDimension.bus-Consolidated,False,ok
01841889,2025-10-31,core:AdministrativeExpenses,Administrative expenses,"5,229,925",GBP,0,,FY1.segment.bus-GroupCompanyDataDimension.bus-Consolidated,False,ok
01841889,2024-10-31,core:AdministrativeExpenses,Administrative expenses,"5,043,340",GBP,0,,FY2.segment.bus-GroupCompanyDataDimension.bus-Consolidated,False,ok
01841889,2025-10-31,core:OtherOperatingIncomeFormat1,Other operating income,"97,676",GBP,0,,FY1.segment.bus-GroupCompanyDataDimension.bus-Consolidated,False,ok
01841889,2024-10-31,core:OtherOperatingIncomeFormat1,Other operating income,"185,611",GBP,0,,FY2.segment.bus-GroupCompanyDataDimension.bus-Consolidated,False,ok
01841889,2025-10-31,core:OperatingProfitLoss,Operating profit,"3,970,314",GBP,0,,FY1.segment.bus-GroupCompanyDataDimension.bus-Consolidated,False,ok
01841889,2024-10-31,core:OperatingProfitLoss,Operating profit,"3,053,847",GBP,0,,FY2.segment.bus-GroupCompanyDataDimension.bus-Consolidated,False,ok
01841889,2025-10-31,core:OtherInterestReceivableSimilarIncomeFinanceIncome,Other interest receivable and similar income,"28,644",GBP,0,,FY1.segment.bus-GroupCompanyDataDimension.bus-Consolidated,False,ok
01841889,2024-10-31,core:OtherInterestReceivableSimilarIncomeFinanceIncome,Other interest receivable and similar income,"82,902",GBP,0,,FY2.segment.bus-GroupCompanyDataDimension.bus-Consolidated,False,ok
01841889,2025-10-31,core:InterestPayableSimilarChargesFinanceCosts,Interest payable and similar expenses,"3,132",GBP,0,,FY1.segment.bus-GroupCompanyDataDimension.bus-Consolidated,False,ok
01841889,2024-10-31,core:InterestPayableSimilarChargesFinanceCosts,Interest payable and similar expenses,"6,275",GBP,0,,FY2.segment.bus-GroupCompanyDataDimension.bus-Consolidated,False,ok
01841889,2025-10-31,core:ShareProfitLossAssociatesJointVenturesAccountedForUsingEquityMethod,Share of profit/(loss) of equity accounted investees,"174,908",GBP,0,,FY1.segment.bus-GroupCompanyDataDimension.bus-Consolidated,False,ok
01841889,2024-10-31,core:ShareProfitLossAssociatesJointVenturesAccountedForUsingEquityMethod,Share of profit/(loss) of equity accounted investees,"15,219",GBP,0,-,FY2.segment.bus-GroupCompanyDataDimension.bus-Consolidated,False,ok
01841889,2025-10-31,core:ProfitLossOnOrdinaryActivitiesBeforeTax,Profit before tax,"4,170,734",GBP,0,,FY1.segment.bus-GroupCompanyDataDimension.bus-Consolidated,False,ok
01841889,2024-10-31,core:ProfitLossOnOrdinaryActivitiesBeforeTax,Profit before tax,"3,115,255",GBP,0,,FY2.segment.bus-GroupCompanyDataDimension.bus-Consolidated,False,ok
01841889,2025-10-31,core:TaxTaxCreditOnProfitOrLossOnOrdinaryActivities,Tax on profit,"1,012,013",GBP,0,,FY1.segment.bus-GroupCompanyDataDimension.bus-Consolidated,False,ok
01841889,2024-10-31,core:TaxTaxCreditOnProfitOrLossOnOrdinaryActivities,Tax on profit,"779,787",GBP,0,,FY2.segment.bus-GroupCompanyDataDimension.bus-Consolidated,False,ok
01841889,2025-10-31,core:ProfitLoss,Profit for the financial year,"3,158,721",GBP,0,,FY1.segment.bus-GroupCompanyDataDimension.bus-Consolidated,False,ok
01841889,2024-10-31,core:ProfitLoss,Profit for the financial year,"2,335,468",GBP,0,,FY2.segment.bus-GroupCompanyDataDimension.bus-Consolidated,False,ok
01841889,2025-10-31,core:ProfitLoss,Profit for the year,"3,158,721",GBP,0,,FY1.segment.bus-GroupCompanyDataDimension.bus-Consolidated,False,ok
01841889,2024-10-31,core:ProfitLoss,Profit for the year,"2,335,468",GBP,0,,FY2.segment.bus-GroupCompanyDataDimension.bus-Consolidated,False,ok
01841889,2025-10-31,core:ComprehensiveIncomeExpense,Total comprehensive income for the year,"3,158,721",GBP,0,,FY1.segment.bus-GroupCompanyDataDimension.bus-Consolidated,False,ok
01841889,2024-10-31,core:ComprehensiveIncomeExpense,Total comprehensive income for the year,"2,335,468",GBP,0,,FY2.segment.bus-GroupCompanyDataDimension.bus-Consolidated,False,ok
01841889,2025-10-31,core:ComprehensiveIncomeExpenseAttributableToOwnersParent,Owners of the company,"3,043,901",GBP,0,,FY1.segment.bus-GroupCompanyDataDimension.bus-Consolidated,False,ok
01841889,2024-10-31,core:ComprehensiveIncomeExpenseAttributableToOwnersParent,Owners of the company,"2,168,779",GBP,0,,FY2.segment.bus-GroupCompanyDataDimension.bus-Consolidated,False,ok
01841889,2025-10-31,core:ComprehensiveIncomeExpenseAttributableToNon-controllingInterests,Non-controlling interests,"114,820",GBP,0,,FY1.segment.bus-GroupCompanyDataDimension.bus-Consolidated,False,ok
01841889,2024-10-31,core:ComprehensiveIncomeExpenseAttributableToNon-controllingInterests,Non-controlling interests,"166,689",GBP,0,,FY2.segment.bus-GroupCompanyDataDimension.bus-Consolidated,False,ok
01841889,2025-10-31,core:ComprehensiveIncomeExpense,Non-controlling interests,"3,158,721",GBP,0,,FY1.segment.bus-GroupCompanyDataDimension.bus-Consolidated,False,ok
01841889,2024-10-31,core:ComprehensiveIncomeExpense,Non-controlling interests,"2,335,468",GBP,0,,FY2.segment.bus-GroupCompanyDataDimension.bus-Consolidated,False,ok
01841889,2025-10-31,core:PropertyPlantEquipment,Tangible assets,"19,743,562",GBP,0,,FY1.END.segment.bus-GroupCompanyDataDimension.bus-Consolidated,False,ok
01841889,2024-10-31,core:PropertyPlantEquipment,Tangible assets,"19,952,789",GBP,0,,FY2.END.segment.bus-GroupCompanyDataDimension.bus-Consolidated,False,ok
01841889,2025-10-31,core:InvestmentProperty,Investment property,"8,843,200",GBP,0,,FY1.END.segment.bus-GroupCompanyDataDimension.bus-Consolidated,False,ok
01841889,2024-10-31,core:InvestmentProperty,Investment property,"8,843,200",GBP,0,,FY2.END.segment.bus-GroupCompanyDataDimension.bus-Consolidated,False,ok
01841889,2025-10-31,core:InvestmentsFixedAssets,Investments,"3,915,042",GBP,0,,FY1.END.segment.bus-GroupCompanyDataDimension.bus-Consolidated,False,ok
01841889,2024-10-31,core:InvestmentsFixedAssets,Investments,"2,794,391",GBP,0,,FY2.END.segment.bus-GroupCompanyDataDimension.bus-Consolidated,False,ok
01841889,2025-10-31,core:FixedAssets,"150,000","32,651,804",GBP,0,,FY1.END.segment.bus-GroupCompanyDataDimension.bus-Consolidated,True,ok
01841889,2024-10-31,core:FixedAssets,"150,000","31,740,380",GBP,0,,FY2.END.segment.bus-GroupCompanyDataDimension.bus-Consolidated,True,ok
01841889,2025-10-31,core:TotalInventories,Stocks,"3,560,809",GBP,0,,FY1.END.segment.bus-GroupCompanyDataDimension.bus-Consolidated,True,ok
01841889,2024-10-31,core:TotalInventories,Stocks,"3,740,251",GBP,0,,FY2.END.segment.bus-GroupCompanyDataDimension.bus-Consolidated,True,ok
01841889,2025-10-31,core:Debtors,Debtors,"1,614,510",GBP,0,,FY1.END.segment.bus-GroupCompanyDataDimension.bus-Consolidated,False,ok
01841889,2024-10-31,core:Debtors,Debtors,"1,578,903",GBP,0,,FY2.END.segment.bus-GroupCompanyDataDimension.bus-Consolidated,False,ok
01841889,2025-10-31,core:CashBankOnHand,Cash at bank and in hand,"4,496,056",GBP,0,,FY1.END.segment.bus-GroupCompanyDataDimension.bus-Consolidated,False,ok
01841889,2024-10-31,core:CashBankOnHand,Cash at bank and in hand,"2,326,387",GBP,0,,FY2.END.segment.bus-GroupCompanyDataDimension.bus-Consolidated,False,ok
01841889,2025-10-31,core:CurrentAssets,Cash at bank and in hand,"9,671,375",GBP,0,,FY1.END.segment.bus-GroupCompanyDataDimension.bus-Consolidated,True,ok
01841889,2024-10-31,core:CurrentAssets,Cash at bank and in hand,"7,645,541",GBP,0,,FY2.END.segment.bus-GroupCompanyDataDimension.bus-Consolidated,True,ok
01841889,2025-10-31,core:Creditors,: Amounts falling due within one year,"6,847,190",GBP,0,,FY1.END.segment.core-FinancialInstrumentCurrentNon-currentDimension.core-CurrentFinancialInstruments.core-MaturitiesOrExpirationPeriodsDimension.core-WithinOneYear.bus-GroupCompanyDataDimension.bus-Consolidated,False,ok
01841889,2024-10-31,core:Creditors,: Amounts falling due within one year,"6,308,888",GBP,0,,FY2.END.segment.core-FinancialInstrumentCurrentNon-currentDimension.core-CurrentFinancialInstruments.core-MaturitiesOrExpirationPeriodsDimension.core-WithinOneYear.bus-GroupCompanyDataDimension.bus-Consolidated,False,ok
01841889,2025-10-31,core:NetCurrentAssetsLiabilities,assets,"2,824,185",GBP,0,,FY1.END.segment.bus-GroupCompanyDataDimension.bus-Consolidated,True,ok
01841889,2024-10-31,core:NetCurrentAssetsLiabilities,assets,"1,336,653",GBP,0,,FY2.END.segment.bus-GroupCompanyDataDimension.bus-Consolidated,True,ok
01841889,2025-10-31,core:TotalAssetsLessCurrentLiabilities,Total assets less current liabilities,"35,475,989",GBP,0,,FY1.END.segment.bus-GroupCompanyDataDimension.bus-Consolidated,True,ok
01841889,2024-10-31,core:TotalAssetsLessCurrentLiabilities,Total assets less current liabilities,"33,077,033",GBP,0,,FY2.END.segment.bus-GroupCompanyDataDimension.bus-Consolidated,True,ok
01841889,2025-10-31,core:Creditors,: Amounts falling due after more than one year,"10,000",GBP,0,,FY1.END.segment.core-FinancialInstrumentCurrentNon-currentDimension.core-Non-currentFinancialInstruments.core-MaturitiesOrExpirationPeriodsDimension.core-AfterOneYear.bus-GroupCompanyDataDimension.bus-Consolidated,False,ok
01841889,2024-10-31,core:Creditors,: Amounts falling due after more than one year,"20,000",GBP,0,,FY2.END.segment.core-FinancialInstrumentCurrentNon-currentDimension.core-Non-currentFinancialInstruments.core-MaturitiesOrExpirationPeriodsDimension.core-AfterOneYear.bus-GroupCompanyDataDimension.bus-Consolidated,False,ok
01841889,2025-10-31,core:ProvisionsForLiabilitiesBalanceSheetSubtotal,Provisions for liabilities,"1,125,697",GBP,0,,FY1.END.segment.bus-GroupCompanyDataDimension.bus-Consolidated,False,ok
01841889,2024-10-31,core:ProvisionsForLiabilitiesBalanceSheetSubtotal,Provisions for liabilities,"1,144,462",GBP,0,,FY2.END.segment.bus-GroupCompanyDataDimension.bus-Consolidated,False,ok
01841889,2025-10-31,core:NetAssetsLiabilities,assets,"34,340,292",GBP,0,,FY1.END.segment.bus-GroupCompanyDataDimension.bus-Consolidated,True,ok
01841889,2024-10-31,core:NetAssetsLiabilities,assets,"31,912,571",GBP,0,,FY2.END.segment.bus-GroupCompanyDataDimension.bus-Consolidated,True,ok
01841889,2025-10-31,core:Equity,Called up share capital,"233,757",GBP,0,,FY1.END.segment.core-EquityClassesDimension.core-ShareCapital.bus-GroupCompanyDataDimension.bus-Consolidated,True,ok
01841889,2024-10-31,core:Equity,Called up share capital,"233,757",GBP,0,,FY2.END.segment.core-EquityClassesDimension.core-ShareCapital.bus-GroupCompanyDataDimension.bus-Consolidated,True,ok
01841889,2025-10-31,core:Equity,Capital redemption reserve,"16,243",GBP,0,,FY1.END.segment.core-EquityClassesDimension.core-CapitalRedemptionReserve.bus-GroupCompanyDataDimension.bus-Consolidated,True,ok
01841889,2024-10-31,core:Equity,Capital redemption reserve,"16,243",GBP,0,,FY2.END.segment.core-EquityClassesDimension.core-CapitalRedemptionReserve.bus-GroupCompanyDataDimension.bus-Consolidated,True,ok
01841889,2025-10-31,core:Equity,Capital reserve,"7,593",GBP,0,,FY1.END.segment.core-EquityClassesDimension.core-OtherReservesSubtotal.bus-GroupCompanyDataDimension.bus-Consolidated,True,ok
01841889,2024-10-31,core:Equity,Capital reserve,"7,593",GBP,0,,FY2.END.segment.core-EquityClassesDimension.core-OtherReservesSubtotal.bus-GroupCompanyDataDimension.bus-Consolidated,True,ok
01841889,2025-10-31,core:Equity,Profit and loss account,"33,299,721",GBP,0,,FY1.END.segment.core-EquityClassesDimension.core-RetainedEarningsAccumulatedLosses.bus-GroupCompanyDataDimension.bus-Consolidated,True,ok
01841889,2024-10-31,core:Equity,Profit and loss account,"30,985,820",GBP,0,,FY2.END.segment.core-EquityClassesDimension.core-RetainedEarningsAccumulatedLosses.bus-GroupCompanyDataDimension.bus-Consolidated,True,ok
01841889,2025-10-31,core:Equity,Equity attributable to owners of the company,"33,557,314",GBP,0,,FY1.END.segment.core-EquityClassesDimension.core-TotalEquityAttributableToOwnersParentBeforeNon-controllingInterests.bus-GroupCompanyDataDimension.bus-Consolidated,True,ok
01841889,2024-10-31,core:Equity,Equity attributable to owners of the company,"31,243,413",GBP,0,,FY2.END.segment.core-EquityClassesDimension.core-TotalEquityAttributableToOwnersParentBeforeNon-controllingInterests.bus-GroupCompanyDataDimension.bus-Consolidated,True,ok
01841889,2025-10-31,core:Equity,Non-controlling interests,"782,978",GBP,0,,FY1.END.segment.core-EquityClassesDimension.core-Non-controllingInterests.bus-GroupCompanyDataDimension.bus-Consolidated,True,ok
01841889,2024-10-31,core:Equity,Non-controlling interests,"669,158",GBP,0,,FY2.END.segment.core-EquityClassesDimension.core-Non-controllingInterests.bus-GroupCompanyDataDimension.bus-Consolidated,True,ok
01841889,2025-10-31,core:Equity,Total equity,"34,340,292",GBP,0,,FY1.END.segment.bus-GroupCompanyDataDimension.bus-Consolidated,True,ok
01841889,2024-10-31,core:Equity,Total equity,"31,912,571",GBP,0,,FY2.END.segment.bus-GroupCompanyDataDimension.bus-Consolidated,True,ok
01841889,2025-10-31,core:PropertyPlantEquipment,Tangible assets,"40,976",GBP,0,,FY1.END,False,ok
01841889,2024-10-31,core:PropertyPlantEquipment,Tangible assets,"2,062",GBP,0,,FY2.END,False,ok
01841889,2025-10-31,core:InvestmentsFixedAssets,Investments,"7,750,645",GBP,0,,FY1.END,False,ok
01841889,2024-10-31,core:InvestmentsFixedAssets,Investments,"6,804,902",GBP,0,,FY2.END,False,ok
01841889,2025-10-31,core:FixedAssets,"150,000","7,941,621",GBP,0,,FY1.END,True,ok
01841889,2024-10-31,core:FixedAssets,"150,000","6,956,964",GBP,0,,FY2.END,True,ok
01841889,2025-10-31,core:Debtors,Debtors,"9,429,371",GBP,0,,FY1.END.segment.core-FinancialInstrumentCurrentNon-currentDimension.core-CurrentFinancialInstruments,False,ok
01841889,2024-10-31,core:Debtors,Debtors,"10,348,165",GBP,0,,FY2.END.segment.core-FinancialInstrumentCurrentNon-currentDimension.core-CurrentFinancialInstruments,False,ok
01841889,2025-10-31,core:CashBankOnHand,Cash at bank and in hand,"2,059,615",GBP,0,,FY1.END,False,ok
01841889,2024-10-31,core:CashBankOnHand,Cash at bank and in hand,"609,982",GBP,0,,FY2.END,False,ok
01841889,2025-10-31,core:CurrentAssets,Cash at bank and in hand,"11,488,986",GBP,0,,FY1.END,True,ok
01841889,2024-10-31,core:CurrentAssets,Cash at bank and in hand,"10,958,147",GBP,0,,FY2.END,True,ok
01841889,2025-10-31,core:Creditors,: Amounts falling due within one year,"15,798,144",GBP,0,,FY1.END.segment.core-FinancialInstrumentCurrentNon-currentDimension.core-CurrentFinancialInstruments.core-MaturitiesOrExpirationPeriodsDimension.core-WithinOneYear,False,ok
01841889,2024-10-31,core:Creditors,: Amounts falling due within one year,"13,542,633",GBP,0,,FY2.END.segment.core-FinancialInstrumentCurrentNon-currentDimension.core-CurrentFinancialInstruments.core-MaturitiesOrExpirationPeriodsDimension.core-WithinOneYear,False,ok
01841889,2025-10-31,core:NetCurrentAssetsLiabilities,liabilities,"4,309,158",GBP,0,-,FY1.END,True,ok
01841889,2024-10-31,core:NetCurrentAssetsLiabilities,liabilities,"2,584,486",GBP,0,-,FY2.END,True,ok
01841889,2025-10-31,core:NetAssetsLiabilities,assets,"3,632,463",GBP,0,,FY1.END,True,ok
01841889,2024-10-31,core:NetAssetsLiabilities,assets,"4,372,478",GBP,0,,FY2.END,True,ok
01841889,2024-10-31,core:Equity,At 1 November 2024,"233,757",GBP,0,,FY1.START.segment.core-EquityClassesDimension.core-ShareCapital.bus-GroupCompanyDataDimension.bus-Consolidated,True,ok
01841889,2024-10-31,core:Equity,At 1 November 2024,"16,243",GBP,0,,FY1.START.segment.core-EquityClassesDimension.core-CapitalRedemptionReserve.bus-GroupCompanyDataDimension.bus-Consolidated,True,ok
01841889,2024-10-31,core:Equity,At 1 November 2024,"7,593",GBP,0,,FY1.START.segment.core-EquityClassesDimension.core-FurtherSpecificReserve1ComponentTotalEquity.bus-GroupCompanyDataDimension.bus-Consolidated,True,ok
01841889,2024-10-31,core:Equity,At 1 November 2024,"30,985,820",GBP,0,,FY1.START.segment.core-EquityClassesDimension.core-RetainedEarningsAccumulatedLosses.bus-GroupCompanyDataDimension.bus-Consolidated,True,ok
01841889,2024-10-31,core:Equity,At 1 November 2024,"31,243,413",GBP,0,,FY1.START.segment.core-EquityClassesDimension.core-TotalEquityAttributableToOwnersParentBeforeNon-controllingInterests.bus-GroupCompanyDataDimension.bus-Consolidated,True,ok
01841889,2024-10-31,core:Equity,At 1 November 2024,"669,158",GBP,0,,FY1.START.segment.core-EquityClassesDimension.core-Non-controllingInterests.bus-GroupCompanyDataDimension.bus-Consolidated,True,ok
01841889,2024-10-31,core:Equity,At 1 November 2024,"31,912,571",GBP,0,,FY1.START.segment.bus-GroupCompanyDataDimension.bus-Consolidated,True,ok
01841889,2025-10-31,core:ProfitLoss,Profit for the year,"3,043,901",GBP,0,,FY1.segment.core-EquityClassesDimension.core-RetainedEarningsAccumulatedLosses.bus-GroupCompanyDataDimension.bus-Consolidated,False,ok
01841889,2025-10-31,core:ProfitLoss,Profit for the year,"3,043,901",GBP,0,,FY1.segment.core-EquityClassesDimension.core-TotalEquityAttributableToOwnersParentBeforeNon-controllingInterests.bus-GroupCompanyDataDimension.bus-Consolidated,False,ok
01841889,2025-10-31,core:ProfitLoss,Profit for the year,"114,820",GBP,0,,FY1.segment.core-EquityClassesDimension.core-Non-controllingInterests.bus-GroupCompanyDataDimension.bus-Consolidated,False,ok
01841889,2025-10-31,core:ProfitLoss,Profit for the year,"3,158,721",GBP,0,,FY1.segment.bus-GroupCompanyDataDimension.bus-Consolidated,False,ok
01841889,2025-10-31,core:ComprehensiveIncomeExpense,Total comprehensive income,"3,043,901",GBP,0,,FY1.segment.core-EquityClassesDimension.core-RetainedEarningsAccumulatedLosses.bus-GroupCompanyDataDimension.bus-Consolidated,False,ok
01841889,2025-10-31,core:ComprehensiveIncomeExpense,Total comprehensive income,"3,043,901",GBP,0,,FY1.segment.core-EquityClassesDimension.core-TotalEquityAttributableToOwnersParentBeforeNon-controllingInterests.bus-GroupCompanyDataDimension.bus-Consolidated,False,ok
01841889,2025-10-31,core:ComprehensiveIncomeExpense,Total comprehensive income,"114,820",GBP,0,,FY1.segment.core-EquityClassesDimension.core-Non-controllingInterests.bus-GroupCompanyDataDimension.bus-Consolidated,False,ok
01841889,2025-10-31,core:ComprehensiveIncomeExpense,Total comprehensive income,"3,158,721",GBP,0,,FY1.segment.bus-GroupCompanyDataDimension.bus-Consolidated,False,ok
01841889,2025-10-31,core:DividendsPaid,Dividends,"730,000",GBP,0,-,FY1.segment.core-EquityClassesDimension.core-RetainedEarningsAccumulatedLosses.bus-GroupCompanyDataDimension.bus-Consolidated,False,ok
01841889,2025-10-31,core:DividendsPaid,Dividends,"730,000",GBP,0,-,FY1.segment.core-EquityClassesDimension.core-TotalEquityAttributableToOwnersParentBeforeNon-controllingInterests.bus-GroupCompanyDataDimension.bus-Consolidated,False,ok
01841889,2025-10-31,core:DividendsPaid,Dividends,"1,000",GBP,0,-,FY1.segment.core-EquityClassesDimension.core-Non-controllingInterests.bus-GroupCompanyDataDimension.bus-Consolidated,False,ok
01841889,2025-10-31,core:DividendsPaid,Dividends,"731,000",GBP,0,-,FY1.segment.bus-GroupCompanyDataDimension.bus-Consolidated,False,ok
01841889,2025-10-31,core:Equity,At 31 October 2025,"233,757",GBP,0,,FY1.END.segment.core-EquityClassesDimension.core-ShareCapital.bus-GroupCompanyDataDimension.bus-Consolidated,True,ok
01841889,2025-10-31,core:Equity,At 31 October 2025,"16,243",GBP,0,,FY1.END.segment.core-EquityClassesDimension.core-CapitalRedemptionReserve.bus-GroupCompanyDataDimension.bus-Consolidated,True,ok
01841889,2025-10-31,core:Equity,At 31 October 2025,"7,593",GBP,0,,FY1.END.segment.core-EquityClassesDimension.core-FurtherSpecificReserve1ComponentTotalEquity.bus-GroupCompanyDataDimension.bus-Consolidated,True,ok
01841889,2025-10-31,core:Equity,At 31 October 2025,"33,299,721",GBP,0,,FY1.END.segment.core-EquityClassesDimension.core-RetainedEarningsAccumulatedLosses.bus-GroupCompanyDataDimension.bus-Consolidated,True,ok
01841889,2025-10-31,core:Equity,At 31 October 2025,"33,557,314",GBP,0,,FY1.END.segment.core-EquityClassesDimension.core-TotalEquityAttributableToOwnersParentBeforeNon-controllingInterests.bus-GroupCompanyDataDimension.bus-Consolidated,True,ok
01841889,2025-10-31,core:Equity,At 31 October 2025,"782,978",GBP,0,,FY1.END.segment.core-EquityClassesDimension.core-Non-controllingInterests.bus-GroupCompanyDataDimension.bus-Consolidated,True,ok
01841889,2025-10-31,core:Equity,At 31 October 2025,"34,340,292",GBP,0,,FY1.END.segment.bus-GroupCompanyDataDimension.bus-Consolidated,True,ok
01841889,2023-10-31,core:Equity,At 1 November 2023,"233,757",GBP,0,,FY2.START.segment.core-EquityClassesDimension.core-ShareCapital.bus-GroupCompanyDataDimension.bus-Consolidated,True,ok
01841889,2023-10-31,core:Equity,At 1 November 2023,"16,243",GBP,0,,FY2.START.segment.core-EquityClassesDimension.core-CapitalRedemptionReserve.bus-GroupCompanyDataDimension.bus-Consolidated,True,ok
01841889,2023-10-31,core:Equity,At 1 November 2023,"7,593",GBP,0,,FY2.START.segment.core-EquityClassesDimension.core-FurtherSpecificReserve1ComponentTotalEquity.bus-GroupCompanyDataDimension.bus-Consolidated,True,ok
01841889,2023-10-31,core:Equity,At 1 November 2023,"30,000,580",GBP,0,,FY2.START.segment.core-EquityClassesDimension.core-RetainedEarningsAccumulatedLosses.bus-GroupCompanyDataDimension.bus-Consolidated,True,ok
01841889,2023-10-31,core:Equity,At 1 November 2023,"30,258,173",GBP,0,,FY2.START.segment.core-EquityClassesDimension.core-TotalEquityAttributableToOwnersParentBeforeNon-controllingInterests.bus-GroupCompanyDataDimension.bus-Consolidated,True,ok
01841889,2023-10-31,core:Equity,At 1 November 2023,"2,312,180",GBP,0,,FY2.START.segment.core-EquityClassesDimension.core-Non-controllingInterests.bus-GroupCompanyDataDimension.bus-Consolidated,True,ok
01841889,2023-10-31,core:Equity,At 1 November 2023,"32,570,353",GBP,0,,FY2.START.segment.bus-GroupCompanyDataDimension.bus-Consolidated,True,ok
01841889,2024-10-31,core:ProfitLoss,Profit for the year,"2,168,779",GBP,0,,FY2.segment.core-EquityClassesDimension.core-RetainedEarningsAccumulatedLosses.bus-GroupCompanyDataDimension.bus-Consolidated,False,ok
01841889,2024-10-31,core:ProfitLoss,Profit for the year,"2,168,779",GBP,0,,FY2.segment.core-EquityClassesDimension.core-TotalEquityAttributableToOwnersParentBeforeNon-controllingInterests.bus-GroupCompanyDataDimension.bus-Consolidated,False,ok
01841889,2024-10-31,core:ProfitLoss,Profit for the year,"166,689",GBP,0,,FY2.segment.core-EquityClassesDimension.core-Non-controllingInterests.bus-GroupCompanyDataDimension.bus-Consolidated,False,ok
01841889,2024-10-31,core:ProfitLoss,Profit for the year,"2,335,468",GBP,0,,FY2.segment.bus-GroupCompanyDataDimension.bus-Consolidated,False,ok
01841889,2024-10-31,core:ComprehensiveIncomeExpense,Total comprehensive income,"2,168,779",GBP,0,,FY2.segment.core-EquityClassesDimension.core-RetainedEarningsAccumulatedLosses.bus-GroupCompanyDataDimension.bus-Consolidated,False,ok
01841889,2024-10-31,core:ComprehensiveIncomeExpense,Total comprehensive income,"2,168,779",GBP,0,,FY2.segment.core-EquityClassesDimension.core-TotalEquityAttributableToOwnersParentBeforeNon-controllingInterests.bus-GroupCompanyDataDimension.bus-Consolidated,False,ok
01841889,2024-10-31,core:ComprehensiveIncomeExpense,Total comprehensive income,"166,689",GBP,0,,FY2.segment.core-EquityClassesDimension.core-Non-controllingInterests.bus-GroupCompanyDataDimension.bus-Consolidated,False,ok
01841889,2024-10-31,core:ComprehensiveIncomeExpense,Total comprehensive income,"2,335,468",GBP,0,,FY2.segment.bus-GroupCompanyDataDimension.bus-Consolidated,False,ok
01841889,2024-10-31,core:DividendsPaid,Dividends,"636,250",GBP,0,-,FY2.segment.core-EquityClassesDimension.core-RetainedEarningsAccumulatedLosses.bus-GroupCompanyDataDimension.bus-Consolidated,False,ok
01841889,2024-10-31,core:DividendsPaid,Dividends,"636,250",GBP,0,-,FY2.segment.core-EquityClassesDimension.core-TotalEquityAttributableToOwnersParentBeforeNon-controllingInterests.bus-GroupCompanyDataDimension.bus-Consolidated,False,ok
01841889,2024-10-31,core:DividendsPaid,Dividends,"95,750",GBP,0,-,FY2.segment.core-EquityClassesDimension.core-Non-controllingInterests.bus-GroupCompanyDataDimension.bus-Consolidated,False,ok
01841889,2024-10-31,core:DividendsPaid,Dividends,"732,000",GBP,0,-,FY2.segment.bus-GroupCompanyDataDimension.bus-Consolidated,False,ok
01841889,2024-10-31,core:IncreaseInNon-controllingInterestInSubsidiariesThatDoesNotResultInLossControlIncreaseInTotalEquity,Increase in ownership interests in subsidiaries,"547,289",GBP,0,-,FY2.segment.core-EquityClassesDimension.core-RetainedEarningsAccumulatedLosses.bus-GroupCompanyDataDimension.bus-Consolidated,True,ok
01841889,2024-10-31,core:IncreaseInNon-controllingInterestInSubsidiariesThatDoesNotResultInLossControlIncreaseInTotalEquity,Increase in ownership interests in subsidiaries,"547,289",GBP,0,-,FY2.segment.core-EquityClassesDimension.core-TotalEquityAttributableToOwnersParentBeforeNon-controllingInterests.bus-GroupCompanyDataDimension.bus-Consolidated,True,ok
01841889,2024-10-31,core:IncreaseInNon-controllingInterestInSubsidiariesThatDoesNotResultInLossControlIncreaseInTotalEquity,Increase in ownership interests in subsidiaries,"547,289",GBP,0,-,FY2.segment.bus-GroupCompanyDataDimension.bus-Consolidated,True,ok
01841889,2024-10-31,core:DecreaseInNon-controllingInterestInSubsidiariesDecreaseInEquity,Decrease in ownership interests in subsidiaries that do not result in a loss of control,"1,713,961",GBP,0,-,FY2.segment.core-EquityClassesDimension.core-Non-controllingInterests.bus-GroupCompanyDataDimension.bus-Consolidated,False,ok
01841889,2024-10-31,core:DecreaseInNon-controllingInterestInSubsidiariesDecreaseInEquity,Decrease in ownership interests in subsidiaries that do not result in a loss of control,"1,713,961",GBP,0,-,FY2.segment.bus-GroupCompanyDataDimension.bus-Consolidated,False,ok
01841889,2024-10-31,core:Equity,At 31 October 2024,"233,757",GBP,0,,FY2.END.segment.core-EquityClassesDimension.core-ShareCapital.bus-GroupCompanyDataDimension.bus-Consolidated,True,ok
01841889,2024-10-31,core:Equity,At 31 October 2024,"16,243",GBP,0,,FY2.END.segment.core-EquityClassesDimension.core-CapitalRedemptionReserve.bus-GroupCompanyDataDimension.bus-Consolidated,True,ok
01841889,2024-10-31,core:Equity,At 31 October 2024,"7,593",GBP,0,,FY2.END.segment.core-EquityClassesDimension.core-FurtherSpecificReserve1ComponentTotalEquity.bus-GroupCompanyDataDimension.bus-Consolidated,True,ok
01841889,2024-10-31,core:Equity,At 31 October 2024,"30,985,820",GBP,0,,FY2.END.segment.core-EquityClassesDimension.core-RetainedEarningsAccumulatedLosses.bus-GroupCompanyDataDimension.bus-Consolidated,True,ok
01841889,2024-10-31,core:Equity,At 31 October 2024,"31,243,413",GBP,0,,FY2.END.segment.core-EquityClassesDimension.core-TotalEquityAttributableToOwnersParentBeforeNon-controllingInterests.bus-GroupCompanyDataDimension.bus-Consolidated,True,ok
01841889,2024-10-31,core:Equity,At 31 October 2024,"669,158",GBP,0,,FY2.END.segment.core-EquityClassesDimension.core-Non-controllingInterests.bus-GroupCompanyDataDimension.bus-Consolidated,True,ok
01841889,2024-10-31,core:Equity,At 31 October 2024,"31,912,571",GBP,0,,FY2.END.segment.bus-GroupCompanyDataDimension.bus-Consolidated,True,ok
01841889,2024-10-31,core:Equity,At 1 November 2024,"233,757",GBP,0,,FY1.START.segment.core-EquityClassesDimension.core-ShareCapital,True,ok
01841889,2024-10-31,core:Equity,At 1 November 2024,"16,243",GBP,0,,FY1.START.segment.core-EquityClassesDimension.core-CapitalRedemptionReserve,True,ok
01841889,2024-10-31,core:Equity,At 1 November 2024,"4,122,478",GBP,0,,FY1.START.segment.core-EquityClassesDimension.core-RetainedEarningsAccumulatedLosses,True,ok
01841889,2024-10-31,core:Equity,At 1 November 2024,"4,372,478",GBP,0,,FY1.START,True,ok
01841889,2025-10-31,core:ProfitLoss,Loss for the year,"10,015",GBP,0,-,FY1.segment.core-EquityClassesDimension.core-RetainedEarningsAccumulatedLosses,False,ok
01841889,2025-10-31,core:ProfitLoss,Loss for the year,"10,015",GBP,0,-,FY1,False,ok
01841889,2025-10-31,core:ComprehensiveIncomeExpense,Total comprehensive income,"10,015",GBP,0,-,FY1.segment.core-EquityClassesDimension.core-RetainedEarningsAccumulatedLosses,False,ok
01841889,2025-10-31,core:ComprehensiveIncomeExpense,Total comprehensive income,"10,015",GBP,0,-,FY1,False,ok
01841889,2025-10-31,core:DividendsPaid,Dividends,"730,000",GBP,0,-,FY1.segment.core-EquityClassesDimension.core-RetainedEarningsAccumulatedLosses,False,ok
01841889,2025-10-31,core:DividendsPaid,Dividends,"730,000",GBP,0,-,FY1,False,ok
01841889,2025-10-31,core:Equity,At 31 October 2025,"233,757",GBP,0,,FY1.END.segment.core-EquityClassesDimension.core-ShareCapital,True,ok
01841889,2025-10-31,core:Equity,At 31 October 2025,"16,243",GBP,0,,FY1.END.segment.core-EquityClassesDimension.core-CapitalRedemptionReserve,True,ok
01841889,2025-10-31,core:Equity,At 31 October 2025,"3,382,463",GBP,0,,FY1.END.segment.core-EquityClassesDimension.core-RetainedEarningsAccumulatedLosses,True,ok
01841889,2025-10-31,core:Equity,At 31 October 2025,"3,632,463",GBP,0,,FY1.END,True,ok
01841889,2023-10-31,core:Equity,At 1 November 2023,"233,757",GBP,0,,FY2.START.segment.core-EquityClassesDimension.core-ShareCapital,True,ok
01841889,2023-10-31,core:Equity,At 1 November 2023,"16,243",GBP,0,,FY2.START.segment.core-EquityClassesDimension.core-CapitalRedemptionReserve,True,ok
01841889,2023-10-31,core:Equity,At 1 November 2023,"4,852,347",GBP,0,,FY2.START.segment.core-EquityClassesDimension.core-RetainedEarningsAccumulatedLosses,True,ok
01841889,2023-10-31,core:Equity,At 1 November 2023,"5,102,347",GBP,0,,FY2.START,True,ok
01841889,2024-10-31,core:ProfitLoss,Loss for the year,"93,619",GBP,0,-,FY2.segment.core-EquityClassesDimension.core-RetainedEarningsAccumulatedLosses,False,ok
01841889,2024-10-31,core:ProfitLoss,Loss for the year,"93,619",GBP,0,-,FY2,False,ok
01841889,2024-10-31,core:DividendsPaid,Dividends,"636,250",GBP,0,-,FY2.segment.core-EquityClassesDimension.core-RetainedEarningsAccumulatedLosses,False,ok
01841889,2024-10-31,core:DividendsPaid,Dividends,"636,250",GBP,0,-,FY2,False,ok
01841889,2025-10-31,core:ProfitLoss,Profit for the year,"3,158,721",GBP,0,,FY1.segment.bus-GroupCompanyDataDimension.bus-Consolidated,False,ok
01841889,2024-10-31,core:ProfitLoss,Profit for the year,"2,335,468",GBP,0,,FY2.segment.bus-GroupCompanyDataDimension.bus-Consolidated,False,ok
01841889,2025-10-31,core:DepreciationAmortisationExpense,Depreciation and amortisation,"554,769",GBP,0,,FY1.segment.bus-GroupCompanyDataDimension.bus-Consolidated,False,ok
01841889,2024-10-31,core:DepreciationAmortisationExpense,Depreciation and amortisation,"543,141",GBP,0,,FY2.segment.bus-GroupCompanyDataDimension.bus-Consolidated,False,ok
01841889,2025-10-31,core:GainLossOnDisposalsPropertyPlantEquipment,Profit on disposal of tangible assets,"15,043",GBP,0,,FY1.segment.bus-GroupCompanyDataDimension.bus-Consolidated,False,ok
01841889,2024-10-31,core:GainLossOnDisposalInvestmentsInSubsidiariesAssociatesJointVentures,Loss from disposals of subsidiaries,"7,960",GBP,0,-,FY2.segment.bus-GroupCompanyDataDimension.bus-Consolidated,False,ok
01841889,2025-10-31,core:InterestReceivedClassifiedAsOperatingActivities,Finance income,"347,644",GBP,0,,FY1.segment.bus-GroupCompanyDataDimension.bus-Consolidated,False,ok
01841889,2024-10-31,core:InterestReceivedClassifiedAsOperatingActivities,Finance income,"301,624",GBP,0,,FY2.segment.bus-GroupCompanyDataDimension.bus-Consolidated,False,ok
01841889,2025-10-31,core:InterestPaidClassifiedAsOperatingActivities,Finance costs,"3,132",GBP,0,,FY1.segment.bus-GroupCompanyDataDimension.bus-Consolidated,False,ok
01841889,2024-10-31,core:InterestPaidClassifiedAsOperatingActivities,Finance costs,"6,275",GBP,0,,FY2.segment.bus-GroupCompanyDataDimension.bus-Consolidated,False,ok
01841889,2025-10-31,core:ShareProfitLossAssociatesAccountedForByEquityMethod,Share of profit/loss of equity accounted investees,"174,908",GBP,0,,FY1.segment.bus-GroupCompanyDataDimension.bus-Consolidated,False,ok
01841889,2024-10-31,core:ShareProfitLossAssociatesAccountedForByEquityMethod,Share of profit/loss of equity accounted investees,"15,219",GBP,0,-,FY2.segment.bus-GroupCompanyDataDimension.bus-Consolidated,False,ok
01841889,2025-10-31,core:TaxTaxCreditOnProfitOrLossOnOrdinaryActivities,Income tax expense,"1,012,013",GBP,0,,FY1.segment.bus-GroupCompanyDataDimension.bus-Consolidated,False,ok
01841889,2024-10-31,core:TaxTaxCreditOnProfitOrLossOnOrdinaryActivities,Income tax expense,"779,787",GBP,0,,FY2.segment.bus-GroupCompanyDataDimension.bus-Consolidated,False,ok
01841889,2025-10-31,core:NetCashInflowOutflowFromOperationsBeforeMovementsInWorkingCapital,Income tax expense,"4,191,040",GBP,0,,FY1.segment.bus-GroupCompanyDataDimension.bus-Consolidated,False,ok
01841889,2024-10-31,core:NetCashInflowOutflowFromOperationsBeforeMovementsInWorkingCapital,Income tax expense,"3,386,226",GBP,0,,FY2.segment.bus-GroupCompanyDataDimension.bus-Consolidated,False,ok
01841889,2025-10-31,core:GainLossInCashFlowsFromChangeInInventories,Decrease/(increase) in stocks,"179,444",GBP,0,-,FY1.segment.bus-GroupCompanyDataDimension.bus-Consolidated,False,ok
01841889,2024-10-31,core:GainLossInCashFlowsFromChangeInInventories,Decrease/(increase) in stocks,"36,757",GBP,0,,FY2.segment.bus-GroupCompanyDataDimension.bus-Consolidated,False,ok
01841889,2025-10-31,core:GainLossInCashFlowsFromChangeInDebtorsTradeOtherReceivables,Increase in trade and other debtors,"2,087,942",GBP,0,,FY1.segment.bus-GroupCompanyDataDimension.bus-Consolidated,False,ok
01841889,2024-10-31,core:GainLossInCashFlowsFromChangeInDebtorsTradeOtherReceivables,Increase in trade and other debtors,"2,718,209",GBP,0,,FY2.segment.bus-GroupCompanyDataDimension.bus-Consolidated,False,ok
01841889,2025-10-31,core:GainLossInCashFlowsFromChangeInCreditorsTradeOtherPayables,Increase in trade and other creditors,"2,447,674",GBP,0,-,FY1.segment.bus-GroupCompanyDataDimension.bus-Consolidated,False,ok
01841889,2024-10-31,core:GainLossInCashFlowsFromChangeInCreditorsTradeOtherPayables,Increase in trade and other creditors,"2,562,008",GBP,0,-,FY2.segment.bus-GroupCompanyDataDimension.bus-Consolidated,False,ok
01841889,2025-10-31,core:NetCashGeneratedFromOperations,Cash generated from operations,"4,730,216",GBP,0,,FY1.segment.bus-GroupCompanyDataDimension.bus-Consolidated,False,ok
01841889,2024-10-31,core:NetCashGeneratedFromOperations,Cash generated from operations,"3,193,268",GBP,0,,FY2.segment.bus-GroupCompanyDataDimension.bus-Consolidated,False,ok
01841889,2025-10-31,core:IncomeTaxesPaidRefundClassifiedAsOperatingActivities,Income taxes paid,"897,817",GBP,0,,FY1.segment.bus-GroupCompanyDataDimension.bus-Consolidated,False,ok
01841889,2024-10-31,core:IncomeTaxesPaidRefundClassifiedAsOperatingActivities,Income taxes paid,"638,837",GBP,0,,FY2.segment.bus-GroupCompanyDataDimension.bus-Consolidated,False,ok
01841889,2025-10-31,core:NetCashFlowsFromUsedInOperatingActivities,Net cash flow from operating activities,"3,832,399",GBP,0,,FY1.segment.bus-GroupCompanyDataDimension.bus-Consolidated,False,ok
01841889,2024-10-31,core:NetCashFlowsFromUsedInOperatingActivities,Net cash flow from operating activities,"2,554,431",GBP,0,,FY2.segment.bus-GroupCompanyDataDimension.bus-Consolidated,False,ok
01841889,2025-10-31,core:InterestReceivedClassifiedAsInvestingActivities,Interest received,"347,644",GBP,0,,FY1.segment.bus-GroupCompanyDataDimension.bus-Consolidated,False,ok
01841889,2024-10-31,core:InterestReceivedClassifiedAsInvestingActivities,Interest received,"302,152",GBP,0,,FY2.segment.bus-GroupCompanyDataDimension.bus-Consolidated,False,ok
01841889,2024-10-31,core:CashFlowsUsedInAcquiringOrObtainingControlSubsidiariesOrOtherBusinessesClassifiedAsInvestingActivities,Acquisition of subsidiaries,"2,261,250",GBP,0,-,FY2.segment.bus-GroupCompanyDataDimension.bus-Consolidated,False,ok
01841889,2025-10-31,core:PurchasePropertyPlantEquipment,Acquisitions of tangible assets,"346,169",GBP,0,-,FY1.segment.bus-GroupCompanyDataDimension.bus-Consolidated,False,ok
01841889,2024-10-31,core:PurchasePropertyPlantEquipment,Acquisitions of tangible assets,"437,166",GBP,0,-,FY2.segment.bus-GroupCompanyDataDimension.bus-Consolidated,False,ok
01841889,2025-10-31,core:ProceedsFromSalesPropertyPlantEquipment,Proceeds from sale of tangible assets,"15,670",GBP,0,,FY1.segment.bus-GroupCompanyDataDimension.bus-Consolidated,False,ok
01841889,2024-10-31,core:ProceedsFromSalesIntangibleAssets,Proceeds from sale of intangible assets,"1,000",GBP,0,,FY2.segment.bus-GroupCompanyDataDimension.bus-Consolidated,False,ok
01841889,2025-10-31,core:PaymentsToAcquireInterestsInJointVenturesAssociatesParticipatingInterestsClassifiedAsInvestingActivities,Acquisitions of investments in joint ventures and associates,"945,743",GBP,0,-,FY1.segment.bus-GroupCompanyDataDimension.bus-Consolidated,False,ok
01841889,2024-10-31,core:PaymentsToAcquireInterestsInJointVenturesAssociatesParticipatingInterestsClassifiedAsInvestingActivities,Acquisitions of investments in joint ventures and associates,"2,809,610",GBP,0,-,FY2.segment.bus-GroupCompanyDataDimension.bus-Consolidated,False,ok
01841889,2025-10-31,core:NetCashFlowsFromUsedInInvestingActivities,Net cash flows from investing activities,"928,598",GBP,0,-,FY1.segment.bus-GroupCompanyDataDimension.bus-Consolidated,False,ok
01841889,2024-10-31,core:NetCashFlowsFromUsedInInvestingActivities,Net cash flows from investing activities,"5,204,874",GBP,0,-,FY2.segment.bus-GroupCompanyDataDimension.bus-Consolidated,False,ok
01841889,2025-10-31,core:InterestPaidClassifiedAsFinancingActivities,Interest paid,"3,132",GBP,0,-,FY1.segment.bus-GroupCompanyDataDimension.bus-Consolidated,False,ok
01841889,2024-10-31,core:InterestPaidClassifiedAsFinancingActivities,Interest paid,"6,276",GBP,0,-,FY2.segment.bus-GroupCompanyDataDimension.bus-Consolidated,False,ok
01841889,2024-10-31,core:FurtherItemCashFlowFromUsedInFinancingActivitiesComponentNetCashFlowsFromUsedInFinancingActivities,Repayment of other borrowing,"10,528",GBP,0,-,FY2.segment.bus-GroupCompanyDataDimension.bus-Consolidated.common-X-AnalysisDimension.3,False,ok
01841889,2024-10-31,core:PaymentsFinanceLeaseLiabilitiesClassifiedAsFinancingActivities,Payments to finance lease creditors,"5,925",GBP,0,-,FY2.segment.bus-GroupCompanyDataDimension.bus-Consolidated,False,ok
01841889,2025-10-31,core:DividendsPaidClassifiedAsFinancingActivities,Dividends paid,"731,000",GBP,0,-,FY1.segment.bus-GroupCompanyDataDimension.bus-Consolidated,False,ok
01841889,2024-10-31,core:DividendsPaidClassifiedAsFinancingActivities,Dividends paid,"732,000",GBP,0,-,FY2.segment.bus-GroupCompanyDataDimension.bus-Consolidated,False,ok
01841889,2025-10-31,core:NetCashFlowsFromUsedInFinancingActivities,Net cash flows from financing activities,"734,132",GBP,0,-,FY1.segment.bus-GroupCompanyDataDimension.bus-Consolidated,False,ok
01841889,2024-10-31,core:NetCashFlowsFromUsedInFinancingActivities,Net cash flows from financing activities,"754,729",GBP,0,-,FY2.segment.bus-GroupCompanyDataDimension.bus-Consolidated,False,ok
01841889,2025-10-31,core:IncreaseDecreaseInCashCashEquivalentsBeforeForeignExchangeDifferencesChangesInConsolidation,Net increase/(decrease) in cash and cash equivalents,"2,169,669",GBP,0,,FY1.segment.bus-GroupCompanyDataDimension.bus-Consolidated,False,ok
01841889,2024-10-31,core:IncreaseDecreaseInCashCashEquivalentsBeforeForeignExchangeDifferencesChangesInConsolidation,Net increase/(decrease) in cash and cash equivalents,"3,405,172",GBP,0,-,FY2.segment.bus-GroupCompanyDataDimension.bus-Consolidated,False,ok
01841889,2024-10-31,core:CashCashEquivalentsCashFlowValue,Cash and cash equivalents at 1 November 2024,"2,326,387",GBP,0,,FY1.START.segment.bus-GroupCompanyDataDimension.bus-Consolidated,False,ok
01841889,2023-10-31,core:CashCashEquivalentsCashFlowValue,Cash and cash equivalents at 1 November 2024,"5,731,559",GBP,0,,FY2.START.segment.bus-GroupCompanyDataDimension.bus-Consolidated,False,ok
01841889,2025-10-31,core:RevenueFromSaleGoods,Sale of goods,"17,251,816",GBP,0,,FY1.segment.bus-GroupCompanyDataDimension.bus-Consolidated,False,ok
01841889,2024-10-31,core:RevenueFromSaleGoods,Sale of goods,"14,823,821",GBP,0,,FY2.segment.bus-GroupCompanyDataDimension.bus-Consolidated,False,ok
01841889,2025-10-31,core:RevenueFromRenderingServices,Rendering of services,"9,096,169",GBP,0,,FY1.segment.bus-GroupCompanyDataDimension.bus-Consolidated,False,ok
01841889,2024-10-31,core:RevenueFromRenderingServices,Rendering of services,"8,649,795",GBP,0,,FY2.segment.bus-GroupCompanyDataDimension.bus-Consolidated,False,ok
01841889,2025-10-31,core:RentalIncomeFromInvestmentProperty,Rental income,"887,443",GBP,0,,FY1.segment.bus-GroupCompanyDataDimension.bus-Consolidated,False,ok
01841889,2024-10-31,core:RentalIncomeFromInvestmentProperty,Rental income,"836,401",GBP,0,,FY2.segment.bus-GroupCompanyDataDimension.bus-Consolidated,False,ok
01841889,2025-10-31,core:TurnoverRevenue,Rental income,"27,235,428",GBP,0,,FY1.segment.bus-GroupCompanyDataDimension.bus-Consolidated,False,ok
01841889,2024-10-31,core:TurnoverRevenue,Rental income,"24,310,017",GBP,0,,FY2.segment.bus-GroupCompanyDataDimension.bus-Consolidated,False,ok
01841889,2025-10-31,core:TurnoverRevenue,UK,"27,132,326",GBP,0,,FY1.segment.core-GeographicSegmentsDimension.countries-UnitedKingdom.bus-GroupCompanyDataDimension.bus-Consolidated,False,ok
01841889,2024-10-31,core:TurnoverRevenue,UK,"24,177,009",GBP,0,,FY2.segment.core-GeographicSegmentsDimension.countries-UnitedKingdom.bus-GroupCompanyDataDimension.bus-Consolidated,False,ok
01841889,2025-10-31,core:TurnoverRevenue,Europe,"103,102",GBP,0,,FY1.segment.core-GeographicSegmentsDimension.countries-Europe.bus-GroupCompanyDataDimension.bus-Consolidated,False,ok
01841889,2024-10-31,core:TurnoverRevenue,Europe,"133,008",GBP,0,,FY2.segment.core-GeographicSegmentsDimension.countries-Europe.bus-GroupCompanyDataDimension.bus-Consolidated,False,ok
01841889,2025-10-31,core:TurnoverRevenue,Europe,"27,235,428",GBP,0,,FY1.segment.bus-GroupCompanyDataDimension.bus-Consolidated,False,ok
01841889,2024-10-31,core:TurnoverRevenue,Europe,"24,310,017",GBP,0,,FY2.segment.bus-GroupCompanyDataDimension.bus-Consolidated,False,ok
01841889,2025-10-31,core:GainLossFromRevaluationPropertyPlantEquipmentRecognisedInProfitOrLoss,"Gain/(loss) on disposal of property, plant and equipment","15,043",GBP,0,,FY1.segment.bus-GroupCompanyDataDimension.bus-Consolidated,False,ok
01841889,2024-10-31,core:GainLossOnDisposalInvestmentsInSubsidiariesAssociatesJointVentures,Gain/(loss) from disposal of subsidiaries,"7,960",GBP,0,-,FY2.segment.bus-GroupCompanyDataDimension.bus-Consolidated,False,ok
01841889,2025-10-31,core:DepreciationExpensePropertyPlantEquipment,Depreciation expense,"554,769",GBP,0,,FY1.segment.bus-GroupCompanyDataDimension.bus-Consolidated,False,ok
01841889,2024-10-31,core:DepreciationExpensePropertyPlantEquipment,Depreciation expense,"543,141",GBP,0,,FY2.segment.bus-GroupCompanyDataDimension.bus-Consolidated,False,ok
01841889,2025-10-31,core:TotalOperatingLeasePayments,Operating lease expense - plant and machinery,783,GBP,0,,FY1.segment.core-OperatingLeasePurposeDimension.core-PlantEquipmentOtherAssetsUnderOperatingLeases.bus-GroupCompanyDataDimension.bus-Consolidated,True,ok
01841889,2024-10-31,core:TotalOperatingLeasePayments,Operating lease expense - plant and machinery,"22,233",GBP,0,,FY2.segment.core-OperatingLeasePurposeDimension.core-PlantEquipmentOtherAssetsUnderOperatingLeases.bus-GroupCompanyDataDimension.bus-Consolidated,True,ok
01841889,2025-10-31,core:InterestIncomeOnBankDeposits,Interest income on bank deposits,"27,797",GBP,0,,FY1.segment.bus-GroupCompanyDataDimension.bus-Consolidated,False,ok
01841889,2024-10-31,core:InterestIncomeOnBankDeposits,Interest income on bank deposits,"81,017",GBP,0,,FY2.segment.bus-GroupCompanyDataDimension.bus-Consolidated,False,ok
01841889,2025-10-31,core:OtherFinanceIncome,Other finance income,847,GBP,0,,FY1.segment.bus-GroupCompanyDataDimension.bus-Consolidated,False,ok
01841889,2024-10-31,core:OtherFinanceIncome,Other finance income,"1,885",GBP,0,,FY2.segment.bus-GroupCompanyDataDimension.bus-Consolidated,False,ok
01841889,2025-10-31,core:OtherInterestReceivableSimilarIncomeFinanceIncome,Other finance income,"28,644",GBP,0,,FY1.segment.bus-GroupCompanyDataDimension.bus-Consolidated,False,ok
01841889,2024-10-31,core:OtherInterestReceivableSimilarIncomeFinanceIncome,Other finance income,"82,902",GBP,0,,FY2.segment.bus-GroupCompanyDataDimension.bus-Consolidated,False,ok
01841889,2025-10-31,core:InterestExpenseOnBankOverdraftsBankLoansSimilarBorrowings,Interest on bank overdrafts and borrowings,16,GBP,0,,FY1.segment.bus-GroupCompanyDataDimension.bus-Consolidated,False,ok
01841889,2024-10-31,core:InterestExpenseOnObligationsUnderFinanceLeasesHirePurchaseContracts,Interest on obligations under finance leases and hire purchase contracts,69,GBP,0,,FY2.segment.bus-GroupCompanyDataDimension.bus-Consolidated,False,ok
01841889,2025-10-31,core:InterestExpenseOnFinancialLiabilitiesFairValueThroughProfitOrLoss,Interest expense on other finance liabilities,"3,116",GBP,0,,FY1.segment.bus-GroupCompanyDataDimension.bus-Consolidated,False,ok
01841889,2024-10-31,core:InterestExpenseOnFinancialLiabilitiesFairValueThroughProfitOrLoss,Interest expense on other finance liabilities,"6,206",GBP,0,,FY2.segment.bus-GroupCompanyDataDimension.bus-Consolidated,False,ok
01841889,2025-10-31,core:InterestPayableSimilarChargesFinanceCosts,Interest expense on other finance liabilities,"3,132",GBP,0,,FY1.segment.bus-GroupCompanyDataDimension.bus-Consolidated,False,ok
01841889,2024-10-31,core:InterestPayableSimilarChargesFinanceCosts,Interest expense on other finance liabilities,"6,275",GBP,0,,FY2.segment.bus-GroupCompanyDataDimension.bus-Consolidated,False,ok
01841889,2025-10-31,core:WagesSalaries,Wages and salaries,"6,487,557",GBP,0,,FY1.segment.bus-GroupCompanyDataDimension.bus-Consolidated,False,ok
01841889,2024-10-31,core:WagesSalaries,Wages and salaries,"6,209,885",GBP,0,,FY2.segment.bus-GroupCompanyDataDimension.bus-Consolidated,False,ok
01841889,2025-10-31,core:SocialSecurityCosts,Social security costs,"660,171",GBP,0,,FY1.segment.bus-GroupCompanyDataDimension.bus-Consolidated,False,ok
01841889,2024-10-31,core:SocialSecurityCosts,Social security costs,"564,168",GBP,0,,FY2.segment.bus-GroupCompanyDataDimension.bus-Consolidated,False,ok
01841889,2025-10-31,core:PensionCostsDefinedContributionPlan,"Pension costs, defined contribution scheme","198,784",GBP,0,,FY1.segment.bus-GroupCompanyDataDimension.bus-Consolidated,False,ok
01841889,2024-10-31,core:PensionCostsDefinedContributionPlan,"Pension costs, defined contribution scheme","230,517",GBP,0,,FY2.segment.bus-GroupCompanyDataDimension.bus-Consolidated,False,ok
01841889,2025-10-31,core:OtherEmployeeExpense,Other employee expense,115,GBP,0,,FY1.segment.bus-GroupCompanyDataDimension.bus-Consolidated,False,ok
01841889,2024-10-31,core:OtherEmployeeExpense,Other employee expense,928,GBP,0,,FY2.segment.bus-GroupCompanyDataDimension.bus-Consolidated,False,ok
01841889,2025-10-31,core:StaffCostsEmployeeBenefitsExpense,Other employee expense,"7,346,627",GBP,0,,FY1.segment.bus-GroupCompanyDataDimension.bus-Consolidated,False,ok
01841889,2024-10-31,core:StaffCostsEmployeeBenefitsExpense,Other employee expense,"7,005,498",GBP,0,,FY2.segment.bus-GroupCompanyDataDimension.bus-Consolidated,False,ok
01841889,2025-10-31,core:AdministrationSupportAverageNumberEmployees,Administration and support,16,pure,0,,FY1.segment.bus-GroupCompanyDataDimension.bus-Consolidated,False,ok
01841889,2024-10-31,core:AdministrationSupportAverageNumberEmployees,Administration and support,19,pure,0,,FY2.segment.bus-GroupCompanyDataDimension.bus-Consolidated,False,ok
01841889,2025-10-31,core:SellingAverageNumberEmployees,Golf professional shops,63,pure,0,,FY1.segment.bus-GroupCompanyDataDimension.bus-Consolidated,False,ok
01841889,2024-10-31,core:SellingAverageNumberEmployees,Golf professional shops,66,pure,0,,FY2.segment.bus-GroupCompanyDataDimension.bus-Consolidated,False,ok
01841889,2025-10-31,core:DistributionAverageNumberEmployees,Sports complexes and associated activities,121,pure,0,,FY1.segment.bus-GroupCompanyDataDimension.bus-Consolidated,False,ok
01841889,2024-10-31,core:DistributionAverageNumberEmployees,Sports complexes and associated activities,139,pure,0,,FY2.segment.bus-GroupCompanyDataDimension.bus-Consolidated,False,ok
01841889,2025-10-31,core:OtherDepartmentsAverageNumberEmployees,Other departments,3,pure,0,,FY1.segment.bus-GroupCompanyDataDimension.bus-Consolidated,False,ok
01841889,2024-10-31,core:OtherDepartmentsAverageNumberEmployees,Other departments,3,pure,0,,FY2.segment.bus-GroupCompanyDataDimension.bus-Consolidated,False,ok
01841889,2025-10-31,core:AverageNumberEmployeesDuringPeriod,Other departments,203,pure,0,,FY1.segment.bus-GroupCompanyDataDimension.bus-Consolidated,False,ok
01841889,2024-10-31,core:AverageNumberEmployeesDuringPeriod,Other departments,227,pure,0,,FY2.segment.bus-GroupCompanyDataDimension.bus-Consolidated,False,ok
01841889,2025-10-31,direp:DirectorRemuneration,Remuneration,"902,956",GBP,0,,FY1.segment.bus-GroupCompanyDataDimension.bus-Consolidated,False,ok
01841889,2024-10-31,direp:DirectorRemuneration,Remuneration,"713,848",GBP,0,,FY2.segment.bus-GroupCompanyDataDimension.bus-Consolidated,False,ok
01841889,2025-10-31,direp:CompanyContributionsToMoneyPurchasePlansDirectors,Contributions paid to money purchase schemes,"29,881",GBP,0,,FY1.segment.bus-GroupCompanyDataDimension.bus-Consolidated,False,ok
01841889,2024-10-31,direp:CompanyContributionsToMoneyPurchasePlansDirectors,Contributions paid to money purchase schemes,"9,860",GBP,0,,FY2.segment.bus-GroupCompanyDataDimension.bus-Consolidated,False,ok
01841889,2025-10-31,direp:NumberDirectorsAccruingBenefitsUnderDefinedBenefitScheme,Accruing benefits under defined benefit pension scheme,3,pure,0,,FY1.segment.bus-GroupCompanyDataDimension.bus-Consolidated,False,ok
01841889,2024-10-31,direp:NumberDirectorsAccruingBenefitsUnderDefinedBenefitScheme,Accruing benefits under defined benefit pension scheme,3,pure,0,,FY2.segment.bus-GroupCompanyDataDimension.bus-Consolidated,False,ok
01841889,2025-10-31,direp:DirectorRemuneration,Remuneration,"636,356",GBP,0,,FY1.segment.bus-EntityOfficersDimension.bus-HighestPaidDirector.bus-GroupCompanyDataDimension.bus-Consolidated,False,ok
01841889,2024-10-31,direp:DirectorRemuneration,Remuneration,"474,156",GBP,0,,FY2.segment.bus-EntityOfficersDimension.bus-HighestPaidDirector.bus-GroupCompanyDataDimension.bus-Consolidated,False,ok
01841889,2025-10-31,direp:CompanyContributionsToMoneyPurchasePlansDirectors,Company contributions to defined contribution pension plans,"15,003",GBP,0,,FY1.segment.bus-EntityOfficersDimension.bus-HighestPaidDirector.bus-GroupCompanyDataDimension.bus-Consolidated,False,ok
01841889,2024-10-31,direp:CompanyContributionsToMoneyPurchasePlansDirectors,Company contributions to defined contribution pension plans,"11,218",GBP,0,,FY2.segment.bus-EntityOfficersDimension.bus-HighestPaidDirector.bus-GroupCompanyDataDimension.bus-Consolidated,False,ok
01841889,2025-10-31,aurep:AuditFeesExpenses,"52,000","68,740",GBP,0,,FY1.segment.bus-GroupCompanyDataDimension.bus-Consolidated,False,ok
01841889,2024-10-31,aurep:AuditFeesExpenses,"52,000","64,000",GBP,0,,FY2.segment.bus-GroupCompanyDataDimension.bus-Consolidated,False,ok
01841889,2025-10-31,aurep:TaxationComplianceServicesFees,Taxation compliance services,"2,000",GBP,0,,FY1.segment.bus-GroupCompanyDataDimension.bus-Consolidated,False,ok
01841889,2024-10-31,aurep:TaxationComplianceServicesFees,Taxation compliance services,"1,000",GBP,0,,FY2.segment.bus-GroupCompanyDataDimension.bus-Consolidated,False,ok
01841889,2025-10-31,aurep:OtherNon-auditServicesFees,All other non-audit services,"6,936",GBP,0,,FY1.segment.bus-GroupCompanyDataDimension.bus-Consolidated,False,ok
01841889,2024-10-31,aurep:OtherNon-auditServicesFees,All other non-audit services,"7,585",GBP,0,,FY2.segment.bus-GroupCompanyDataDimension.bus-Consolidated,False,ok
01841889,2025-10-31,aurep:FeesForNon-auditServices,All other non-audit services,"8,936",GBP,0,,FY1.segment.bus-GroupCompanyDataDimension.bus-Consolidated,False,ok
01841889,2024-10-31,aurep:FeesForNon-auditServices,All other non-audit services,"8,585",GBP,0,,FY2.segment.bus-GroupCompanyDataDimension.bus-Consolidated,False,ok
01841889,2025-10-31,core:CurrentTaxForPeriod,UK corporation tax,"1,031,837",GBP,0,,FY1.segment.core-TaxJurisdictionDimension.core-UKTax.bus-GroupCompanyDataDimension.bus-Consolidated,False,ok
01841889,2024-10-31,core:CurrentTaxForPeriod,UK corporation tax,"767,149",GBP,0,,FY2.segment.core-TaxJurisdictionDimension.core-UKTax.bus-GroupCompanyDataDimension.bus-Consolidated,False,ok
01841889,2025-10-31,core:IncreaseDecreaseInCurrentTaxFromAdjustmentForPriorPeriods,UK corporation tax adjustment to prior periods,"1,059",GBP,0,-,FY1.segment.core-TaxJurisdictionDimension.core-UKTax.bus-GroupCompanyDataDimension.bus-Consolidated,False,ok
01841889,2024-10-31,core:IncreaseDecreaseInCurrentTaxFromAdjustmentForPriorPeriods,UK corporation tax adjustment to prior periods,"21,931",GBP,0,-,FY2.segment.core-TaxJurisdictionDimension.core-UKTax.bus-GroupCompanyDataDimension.bus-Consolidated,False,ok
01841889,2025-10-31,core:DeferredTaxExpenseCreditRelatingToOriginationReversalTimingDifferences,Arising from origination and reversal of timing differences,"18,765",GBP,0,-,FY1.segment.bus-GroupCompanyDataDimension.bus-Consolidated,False,ok
01841889,2024-10-31,core:DeferredTaxExpenseCreditRelatingToOriginationReversalTimingDifferences,Arising from origination and reversal of timing differences,"34,569",GBP,0,,FY2.segment.bus-GroupCompanyDataDimension.bus-Consolidated,False,ok
01841889,2025-10-31,core:TaxTaxCreditOnProfitOrLossOnOrdinaryActivities,Tax expense in the income statement,"1,012,013",GBP,0,,FY1.segment.bus-GroupCompanyDataDimension.bus-Consolidated,False,ok
01841889,2024-10-31,core:TaxTaxCreditOnProfitOrLossOnOrdinaryActivities,Tax expense in the income statement,"779,787",GBP,0,,FY2.segment.bus-GroupCompanyDataDimension.bus-Consolidated,False,ok
01841889,2025-10-31,core:ApplicableTaxRate,The tax on profit before tax for the year is lower than the standard rate of corporation tax in the UK (2024 - higher than the standard rate of corporation tax in the UK) of,25,pure,2,,FY1.segment.core-TaxJurisdictionDimension.core-UKTax.bus-GroupCompanyDataDimension.bus-Consolidated,False,ok
01841889,2024-10-31,core:ApplicableTaxRate,(2024 -,24.33,pure,4,,FY2.segment.core-TaxJurisdictionDimension.core-UKTax.bus-GroupCompanyDataDimension.bus-Consolidated,False,ok
01841889,2025-10-31,core:ProfitLossOnOrdinaryActivitiesBeforeTax,Profit before tax,"4,170,734",GBP,0,,FY1.segment.bus-GroupCompanyDataDimension.bus-Consolidated,False,ok
01841889,2024-10-31,core:ProfitLossOnOrdinaryActivitiesBeforeTax,Profit before tax,"3,115,255",GBP,0,,FY2.segment.bus-GroupCompanyDataDimension.bus-Consolidated,False,ok
01841889,2025-10-31,core:TaxExpenseCreditApplicableTaxRate,Corporation tax at standard rate,"1,042,684",GBP,0,,FY1.segment.bus-GroupCompanyDataDimension.bus-Consolidated,False,ok
01841889,2024-10-31,core:TaxExpenseCreditApplicableTaxRate,Corporation tax at standard rate,"757,942",GBP,0,,FY2.segment.bus-GroupCompanyDataDimension.bus-Consolidated,False,ok
01841889,2025-10-31,core:IncreaseDecreaseInCurrentTaxFromAdjustmentForPriorPeriods,Decrease in UK tax from adjustment for prior periods,"1,059",GBP,0,-,FY1.segment.bus-GroupCompanyDataDimension.bus-Consolidated,False,ok
01841889,2024-10-31,core:IncreaseDecreaseInCurrentTaxFromAdjustmentForPriorPeriods,Decrease in UK tax from adjustment for prior periods,"21,931",GBP,0,-,FY2.segment.bus-GroupCompanyDataDimension.bus-Consolidated,False,ok
01841889,2025-10-31,core:TaxIncreaseDecreaseFromOtherShort-termTimingDifferences,Tax increase from other short-term timing differences,"12,606",GBP,0,,FY1.segment.bus-GroupCompanyDataDimension.bus-Consolidated,False,ok
01841889,2024-10-31,core:TaxIncreaseDecreaseFromOtherShort-termTimingDifferences,Tax increase from other short-term timing differences,"41,707",GBP,0,,FY2.segment.bus-GroupCompanyDataDimension.bus-Consolidated,False,ok
01841889,2025-10-31,core:TaxIncreaseDecreaseFromEffectExpensesNotDeductibleInDeterminingTaxableProfitOrLoss,Effect of expense not deductible in determining taxable profit (tax loss),"5,492",GBP,0,,FY1.segment.bus-GroupCompanyDataDimension.bus-Consolidated,False,ok
01841889,2024-10-31,core:TaxIncreaseDecreaseFromEffectExpensesNotDeductibleInDeterminingTaxableProfitOrLoss,Effect of expense not deductible in determining taxable profit (tax loss),"11,231",GBP,0,,FY2.segment.bus-GroupCompanyDataDimension.bus-Consolidated,False,ok
01841889,2025-10-31,core:TaxDecreaseFromUtilisationTaxLosses,Effect of tax losses from previous years,"6,831",GBP,0,-,FY1.segment.bus-GroupCompanyDataDimension.bus-Consolidated,False,ok
01841889,2024-10-31,core:TaxDecreaseFromUtilisationTaxLosses,Effect of tax losses from previous years,"26,201",GBP,0,-,FY2.segment.bus-GroupCompanyDataDimension.bus-Consolidated,False,ok
01841889,2025-10-31,core:TaxIncreaseDecreaseFromEffectJointVenturesAssociatesResultsReportedNetTax,(Decrease)/increase from effect of joint-ventures and associates results reported net of tax,"43,727",GBP,0,-,FY1.segment.bus-GroupCompanyDataDimension.bus-Consolidated,False,ok
01841889,2024-10-31,core:TaxIncreaseDecreaseFromEffectJointVenturesAssociatesResultsReportedNetTax,(Decrease)/increase from effect of joint-ventures and associates results reported net of tax,"3,703",GBP,0,,FY2.segment.bus-GroupCompanyDataDimension.bus-Consolidated,False,ok
01841889,2025-10-31,core:TaxIncreaseDecreaseFromOtherTaxEffectsTaxReconciliation,Tax (decrease)/increase from other tax effects,"24,246",GBP,0,-,FY1.segment.bus-GroupCompanyDataDimension.bus-Consolidated,False,ok
01841889,2024-10-31,core:TaxIncreaseDecreaseFromOtherTaxEffectsTaxReconciliation,Tax (decrease)/increase from other tax effects,"13,336",GBP,0,,FY2.segment.bus-GroupCompanyDataDimension.bus-Consolidated,False,ok
01841889,2025-10-31,core:TaxIncreaseDecreaseFromEffectUnrelievedTaxLossesCarriedForward,Tax increase from effect of unrelieved tax losses carried forward,"27,094",GBP,0,,FY1.segment.bus-GroupCompanyDataDimension.bus-Consolidated,False,ok
01841889,2025-10-31,core:TaxTaxCreditOnProfitOrLossOnOrdinaryActivities,Total tax charge,"1,012,013",GBP,0,,FY1.segment.bus-GroupCompanyDataDimension.bus-Consolidated,False,ok
01841889,2024-10-31,core:TaxTaxCreditOnProfitOrLossOnOrdinaryActivities,Total tax charge,"779,787",GBP,0,,FY2.segment.bus-GroupCompanyDataDimension.bus-Consolidated,False,ok
01841889,2025-10-31,core:DeferredTaxLiabilities,Accelerated capital allowances,"354,702",GBP,0,,FY1.END.segment.core-DeferredTaxAssetLiabilityClassesDimension.core-AcceleratedTaxDepreciationDeferredTax.bus-GroupCompanyDataDimension.bus-Consolidated,False,ok
01841889,2025-10-31,core:DeferredTaxLiabilities,Fair value adjustments,"770,995",GBP,0,,FY1.END.segment.core-DeferredTaxAssetLiabilityClassesDimension.core-RevaluationPropertyDeferredTax.bus-GroupCompanyDataDimension.bus-Consolidated,False,ok
01841889,2025-10-31,core:DeferredTaxLiabilities,Fair value adjustments,"1,125,697",GBP,0,,FY1.END.segment.bus-GroupCompanyDataDimension.bus-Consolidated,False,ok
01841889,2024-10-31,core:DeferredTaxLiabilities,Accelerated capital allowances,"370,335",GBP,0,,FY2.END.segment.core-DeferredTaxAssetLiabilityClassesDimension.core-AcceleratedTaxDepreciationDeferredTax.bus-GroupCompanyDataDimension.bus-Consolidated,False,ok
01841889,2024-10-31,core:DeferredTaxLiabilities,Fair value adjustments,"774,127",GBP,0,,FY2.END.segment.core-DeferredTaxAssetLiabilityClassesDimension.core-RevaluationPropertyDeferredTax.bus-GroupCompanyDataDimension.bus-Consolidated,False,ok
01841889,2024-10-31,core:DeferredTaxLiabilities,Fair value adjustments,"1,144,462",GBP,0,,FY2.END.segment.bus-GroupCompanyDataDimension.bus-Consolidated,False,ok
01841889,2024-10-31,core:IntangibleAssetsGrossCost,At 1 November 2024,"11,103",GBP,0,,FY1.START.segment.core-IntangibleAssetClassesDimension.core-Goodwill.bus-GroupCompanyDataDimension.bus-Consolidated,False,ok
01841889,2024-10-31,core:IntangibleAssetsGrossCost,At 1 November 2024,"11,103",GBP,0,,FY1.START.segment.bus-GroupCompanyDataDimension.bus-Consolidated,False,ok
01841889,2025-10-31,core:IntangibleAssetsGrossCost,At 31 October 2025,"11,103",GBP,0,,FY1.END.segment.core-IntangibleAssetClassesDimension.core-Goodwill.bus-GroupCompanyDataDimension.bus-Consolidated,False,ok
01841889,2025-10-31,core:IntangibleAssetsGrossCost,At 31 October 2025,"11,103",GBP,0,,FY1.END.segment.bus-GroupCompanyDataDimension.bus-Consolidated,False,ok
01841889,2024-10-31,core:AccumulatedAmortisationImpairmentIntangibleAssets,At 1 November 2024,"11,103",GBP,0,,FY1.START.segment.core-IntangibleAssetClassesDimension.core-Goodwill.bus-GroupCompanyDataDimension.bus-Consolidated,False,ok
01841889,2024-10-31,core:AccumulatedAmortisationImpairmentIntangibleAssets,At 1 November 2024,"11,103",GBP,0,,FY1.START.segment.bus-GroupCompanyDataDimension.bus-Consolidated,False,ok
01841889,2025-10-31,core:AccumulatedAmortisationImpairmentIntangibleAssets,At 31 October 2025,"11,103",GBP,0,,FY1.END.segment.core-IntangibleAssetClassesDimension.core-Goodwill.bus-GroupCompanyDataDimension.bus-Consolidated,False,ok
01841889,2025-10-31,core:AccumulatedAmortisationImpairmentIntangibleAssets,At 31 October 2025,"11,103",GBP,0,,FY1.END.segment.bus-GroupCompanyDataDimension.bus-Consolidated,False,ok
01841889,2024-10-31,core:PropertyPlantEquipmentGrossCost,At 1 November 2024,"21,851,153",GBP,0,,FY1.START.segment.core-PropertyPlantEquipmentClassesDimension.core-LandBuildings.bus-GroupCompanyDataDimension.bus-Consolidated,False,ok
01841889,2024-10-31,core:PropertyPlantEquipmentGrossCost,At 1 November 2024,"4,154,033",GBP,0,,FY1.START.segment.core-PropertyPlantEquipmentClassesDimension.core-FurnitureFittingsToolsEquipment.bus-GroupCompanyDataDimension.bus-Consolidated,False,ok
01841889,2024-10-31,core:PropertyPlantEquipmentGrossCost,At 1 November 2024,"115,056",GBP,0,,FY1.START.segment.core-PropertyPlantEquipmentClassesDimension.core-MotorVehicles.bus-GroupCompanyDataDimension.bus-Consolidated,False,ok
01841889,2024-10-31,core:PropertyPlantEquipmentGrossCost,At 1 November 2024,"1,444,991",GBP,0,,FY1.START.segment.core-PropertyPlantEquipmentClassesDimension.core-OtherPropertyPlantEquipment.bus-GroupCompanyDataDimension.bus-Consolidated,False,ok
01841889,2024-10-31,core:PropertyPlantEquipmentGrossCost,At 1 November 2024,"27,565,233",GBP,0,,FY1.START.segment.bus-GroupCompanyDataDimension.bus-Consolidated,False,ok
01841889,2025-10-31,core:AdditionsOtherThanThroughBusinessCombinationsPropertyPlantEquipment,Additions,"55,392",GBP,0,,FY1.segment.core-PropertyPlantEquipmentClassesDimension.core-LandBuildings.bus-GroupCompanyDataDimension.bus-Consolidated,False,ok
01841889,2025-10-31,core:AdditionsOtherThanThroughBusinessCombinationsPropertyPlantEquipment,Additions,"185,457",GBP,0,,FY1.segment.core-PropertyPlantEquipmentClassesDimension.core-FurnitureFittingsToolsEquipment.bus-GroupCompanyDataDimension.bus-Consolidated,False,ok
01841889,2025-10-31,core:AdditionsOtherThanThroughBusinessCombinationsPropertyPlantEquipment,Additions,"52,290",GBP,0,,FY1.segment.core-PropertyPlantEquipmentClassesDimension.core-MotorVehicles.bus-GroupCompanyDataDimension.bus-Consolidated,False,ok
01841889,2025-10-31,core:AdditionsOtherThanThroughBusinessCombinationsPropertyPlantEquipment,Additions,"53,030",GBP,0,,FY1.segment.core-PropertyPlantEquipmentClassesDimension.core-OtherPropertyPlantEquipment.bus-GroupCompanyDataDimension.bus-Consolidated,False,ok
01841889,2025-10-31,core:AdditionsOtherThanThroughBusinessCombinationsPropertyPlantEquipment,Additions,"346,169",GBP,0,,FY1.segment.bus-GroupCompanyDataDimension.bus-Consolidated,False,ok
01841889,2025-10-31,core:DisposalsPropertyPlantEquipment,Disposals,"59,521",GBP,0,-,FY1.segment.core-PropertyPlantEquipmentClassesDimension.core-FurnitureFittingsToolsEquipment.bus-GroupCompanyDataDimension.bus-Consolidated,False,ok
01841889,2025-10-31,core:DisposalsPropertyPlantEquipment,Disposals,"49,590",GBP,0,-,FY1.segment.core-PropertyPlantEquipmentClassesDimension.core-MotorVehicles.bus-GroupCompanyDataDimension.bus-Consolidated,False,ok
01841889,2025-10-31,core:DisposalsPropertyPlantEquipment,Disposals,"109,111",GBP,0,-,FY1.segment.bus-GroupCompanyDataDimension.bus-Consolidated,False,ok
01841889,2025-10-31,core:PropertyPlantEquipmentGrossCost,At 31 October 2025,"21,906,545",GBP,0,,FY1.END.segment.core-PropertyPlantEquipmentClassesDimension.core-LandBuildings.bus-GroupCompanyDataDimension.bus-Consolidated,False,ok
01841889,2025-10-31,core:PropertyPlantEquipmentGrossCost,At 31 October 2025,"4,279,969",GBP,0,,FY1.END.segment.core-PropertyPlantEquipmentClassesDimension.core-FurnitureFittingsToolsEquipment.bus-GroupCompanyDataDimension.bus-Consolidated,False,ok
01841889,2025-10-31,core:PropertyPlantEquipmentGrossCost,At 31 October 2025,"117,756",GBP,0,,FY1.END.segment.core-PropertyPlantEquipmentClassesDimension.core-MotorVehicles.bus-GroupCompanyDataDimension.bus-Consolidated,False,ok
01841889,2025-10-31,core:PropertyPlantEquipmentGrossCost,At 31 October 2025,"1,498,021",GBP,0,,FY1.END.segment.core-PropertyPlantEquipmentClassesDimension.core-OtherPropertyPlantEquipment.bus-GroupCompanyDataDimension.bus-Consolidated,False,ok
01841889,2025-10-31,core:PropertyPlantEquipmentGrossCost,At 31 October 2025,"27,802,291",GBP,0,,FY1.END.segment.bus-GroupCompanyDataDimension.bus-Consolidated,False,ok
01841889,2024-10-31,core:AccumulatedDepreciationImpairmentPropertyPlantEquipment,At 1 November 2024,"3,112,050",GBP,0,,FY1.START.segment.core-PropertyPlantEquipmentClassesDimension.core-LandBuildings.bus-GroupCompanyDataDimension.bus-Consolidated,False,ok
01841889,2024-10-31,core:AccumulatedDepreciationImpairmentPropertyPlantEquipment,At 1 November 2024,"3,134,879",GBP,0,,FY1.START.segment.core-PropertyPlantEquipmentClassesDimension.core-FurnitureFittingsToolsEquipment.bus-GroupCompanyDataDimension.bus-Consolidated,False,ok
01841889,2024-10-31,core:AccumulatedDepreciationImpairmentPropertyPlantEquipment,At 1 November 2024,"112,993",GBP,0,,FY1.START.segment.core-PropertyPlantEquipmentClassesDimension.core-MotorVehicles.bus-GroupCompanyDataDimension.bus-Consolidated,False,ok
01841889,2024-10-31,core:AccumulatedDepreciationImpairmentPropertyPlantEquipment,At 1 November 2024,"1,252,522",GBP,0,,FY1.START.segment.core-PropertyPlantEquipmentClassesDimension.core-OtherPropertyPlantEquipment.bus-GroupCompanyDataDimension.bus-Consolidated,False,ok
01841889,2024-10-31,core:AccumulatedDepreciationImpairmentPropertyPlantEquipment,At 1 November 2024,"7,612,444",GBP,0,,FY1.START.segment.bus-GroupCompanyDataDimension.bus-Consolidated,False,ok
01841889,2025-10-31,core:IncreaseFromDepreciationChargeForYearPropertyPlantEquipment,Charge for the year,"199,714",GBP,0,,FY1.segment.core-PropertyPlantEquipmentClassesDimension.core-LandBuildings.bus-GroupCompanyDataDimension.bus-Consolidated,False,ok
01841889,2025-10-31,core:IncreaseFromDepreciationChargeForYearPropertyPlantEquipment,Charge for the year,"280,705",GBP,0,,FY1.segment.core-PropertyPlantEquipmentClassesDimension.core-FurnitureFittingsToolsEquipment.bus-GroupCompanyDataDimension.bus-Consolidated,False,ok
01841889,2025-10-31,core:IncreaseFromDepreciationChargeForYearPropertyPlantEquipment,Charge for the year,"15,135",GBP,0,,FY1.segment.core-PropertyPlantEquipmentClassesDimension.core-MotorVehicles.bus-GroupCompanyDataDimension.bus-Consolidated,False,ok
01841889,2025-10-31,core:IncreaseFromDepreciationChargeForYearPropertyPlantEquipment,Charge for the year,"59,215",GBP,0,,FY1.segment.core-PropertyPlantEquipmentClassesDimension.core-OtherPropertyPlantEquipment.bus-GroupCompanyDataDimension.bus-Consolidated,False,ok
01841889,2025-10-31,core:IncreaseFromDepreciationChargeForYearPropertyPlantEquipment,Charge for the year,"554,769",GBP,0,,FY1.segment.bus-GroupCompanyDataDimension.bus-Consolidated,False,ok
01841889,2025-10-31,core:DisposalsDecreaseInDepreciationImpairmentPropertyPlantEquipment,Eliminated on disposal,"58,894",GBP,0,-,FY1.segment.core-PropertyPlantEquipmentClassesDimension.core-FurnitureFittingsToolsEquipment.bus-GroupCompanyDataDimension.bus-Consolidated,False,ok
01841889,2025-10-31,core:DisposalsDecreaseInDepreciationImpairmentPropertyPlantEquipment,Eliminated on disposal,"49,590",GBP,0,-,FY1.segment.core-PropertyPlantEquipmentClassesDimension.core-MotorVehicles.bus-GroupCompanyDataDimension.bus-Consolidated,False,ok
01841889,2025-10-31,core:DisposalsDecreaseInDepreciationImpairmentPropertyPlantEquipment,Eliminated on disposal,"108,484",GBP,0,-,FY1.segment.bus-GroupCompanyDataDimension.bus-Consolidated,False,ok
01841889,2025-10-31,core:AccumulatedDepreciationImpairmentPropertyPlantEquipment,At 31 October 2025,"3,311,764",GBP,0,,FY1.END.segment.core-PropertyPlantEquipmentClassesDimension.core-LandBuildings.bus-GroupCompanyDataDimension.bus-Consolidated,False,ok
01841889,2025-10-31,core:AccumulatedDepreciationImpairmentPropertyPlantEquipment,At 31 October 2025,"3,356,690",GBP,0,,FY1.END.segment.core-PropertyPlantEquipmentClassesDimension.core-FurnitureFittingsToolsEquipment.bus-GroupCompanyDataDimension.bus-Consolidated,False,ok
01841889,2025-10-31,core:AccumulatedDepreciationImpairmentPropertyPlantEquipment,At 31 October 2025,"78,538",GBP,0,,FY1.END.segment.core-PropertyPlantEquipmentClassesDimension.core-MotorVehicles.bus-GroupCompanyDataDimension.bus-Consolidated,False,ok
01841889,2025-10-31,core:AccumulatedDepreciationImpairmentPropertyPlantEquipment,At 31 October 2025,"1,311,737",GBP,0,,FY1.END.segment.core-PropertyPlantEquipmentClassesDimension.core-OtherPropertyPlantEquipment.bus-GroupCompanyDataDimension.bus-Consolidated,False,ok
01841889,2025-10-31,core:AccumulatedDepreciationImpairmentPropertyPlantEquipment,At 31 October 2025,"8,058,729",GBP,0,,FY1.END.segment.bus-GroupCompanyDataDimension.bus-Consolidated,False,ok
01841889,2025-10-31,core:PropertyPlantEquipment,At 31 October 2025,"18,594,781",GBP,0,,FY1.END.segment.core-PropertyPlantEquipmentClassesDimension.core-LandBuildings.bus-GroupCompanyDataDimension.bus-Consolidated,False,ok
01841889,2025-10-31,core:PropertyPlantEquipment,At 31 October 2025,"923,279",GBP,0,,FY1.END.segment.core-PropertyPlantEquipmentClassesDimension.core-FurnitureFittingsToolsEquipment.bus-GroupCompanyDataDimension.bus-Consolidated,False,ok
01841889,2025-10-31,core:PropertyPlantEquipment,At 31 October 2025,"39,218",GBP,0,,FY1.END.segment.core-PropertyPlantEquipmentClassesDimension.core-MotorVehicles.bus-GroupCompanyDataDimension.bus-Consolidated,False,ok
01841889,2025-10-31,core:PropertyPlantEquipment,At 31 October 2025,"186,284",GBP,0,,FY1.END.segment.core-PropertyPlantEquipmentClassesDimension.core-OtherPropertyPlantEquipment.bus-GroupCompanyDataDimension.bus-Consolidated,False,ok
01841889,2025-10-31,core:PropertyPlantEquipment,At 31 October 2025,"19,743,562",GBP,0,,FY1.END.segment.bus-GroupCompanyDataDimension.bus-Consolidated,False,ok
01841889,2024-10-31,core:PropertyPlantEquipment,At 31 October 2024,"18,739,103",GBP,0,,FY2.END.segment.core-PropertyPlantEquipmentClassesDimension.core-LandBuildings.bus-GroupCompanyDataDimension.bus-Consolidated,False,ok
01841889,2024-10-31,core:PropertyPlantEquipment,At 31 October 2024,"1,019,154",GBP,0,,FY2.END.segment.core-PropertyPlantEquipmentClassesDimension.core-FurnitureFittingsToolsEquipment.bus-GroupCompanyDataDimension.bus-Consolidated,False,ok
01841889,2024-10-31,core:PropertyPlantEquipment,At 31 October 2024,"2,063",GBP,0,,FY2.END.segment.core-PropertyPlantEquipmentClassesDimension.core-MotorVehicles.bus-GroupCompanyDataDimension.bus-Consolidated,False,ok
01841889,2024-10-31,core:PropertyPlantEquipment,At 31 October 2024,"192,469",GBP,0,,FY2.END.segment.core-PropertyPlantEquipmentClassesDimension.core-OtherPropertyPlantEquipment.bus-GroupCompanyDataDimension.bus-Consolidated,False,ok
01841889,2024-10-31,core:PropertyPlantEquipment,At 31 October 2024,"19,952,789",GBP,0,,FY2.END.segment.bus-GroupCompanyDataDimension.bus-Consolidated,False,ok
01841889,2024-10-31,core:PropertyPlantEquipmentGrossCost,At 1 November 2024,"74,593",GBP,0,,FY1.START.segment.core-PropertyPlantEquipmentClassesDimension.core-MotorVehicles,False,ok
01841889,2024-10-31,core:PropertyPlantEquipmentGrossCost,At 1 November 2024,"61,723",GBP,0,,FY1.START.segment.core-PropertyPlantEquipmentClassesDimension.core-OtherPropertyPlantEquipment,False,ok
01841889,2024-10-31,core:PropertyPlantEquipmentGrossCost,At 1 November 2024,"136,316",GBP,0,,FY1.START,False,ok
01841889,2025-10-31,core:AdditionsOtherThanThroughBusinessCombinationsPropertyPlantEquipment,Additions,"52,290",GBP,0,,FY1.segment.core-PropertyPlantEquipmentClassesDimension.core-MotorVehicles,False,ok
01841889,2025-10-31,core:AdditionsOtherThanThroughBusinessCombinationsPropertyPlantEquipment,Additions,"1,759",GBP,0,,FY1.segment.core-PropertyPlantEquipmentClassesDimension.core-OtherPropertyPlantEquipment,False,ok
01841889,2025-10-31,core:AdditionsOtherThanThroughBusinessCombinationsPropertyPlantEquipment,Additions,"54,049",GBP,0,,FY1,False,ok
01841889,2025-10-31,core:DisposalsPropertyPlantEquipment,Disposals,"49,590",GBP,0,-,FY1.segment.core-PropertyPlantEquipmentClassesDimension.core-MotorVehicles,False,ok
01841889,2025-10-31,core:DisposalsPropertyPlantEquipment,Disposals,"49,590",GBP,0,-,FY1,False,ok
01841889,2025-10-31,core:PropertyPlantEquipmentGrossCost,At 31 October 2025,"77,293",GBP,0,,FY1.END.segment.core-PropertyPlantEquipmentClassesDimension.core-MotorVehicles,False,ok
01841889,2025-10-31,core:PropertyPlantEquipmentGrossCost,At 31 October 2025,"63,482",GBP,0,,FY1.END.segment.core-PropertyPlantEquipmentClassesDimension.core-OtherPropertyPlantEquipment,False,ok
01841889,2025-10-31,core:PropertyPlantEquipmentGrossCost,At 31 October 2025,"140,775",GBP,0,,FY1.END,False,ok
01841889,2024-10-31,core:AccumulatedDepreciationImpairmentPropertyPlantEquipment,At 1 November 2024,"72,531",GBP,0,,FY1.START.segment.core-PropertyPlantEquipmentClassesDimension.core-MotorVehicles,False,ok
01841889,2024-10-31,core:AccumulatedDepreciationImpairmentPropertyPlantEquipment,At 1 November 2024,"61,723",GBP,0,,FY1.START.segment.core-PropertyPlantEquipmentClassesDimension.core-OtherPropertyPlantEquipment,False,ok
01841889,2024-10-31,core:AccumulatedDepreciationImpairmentPropertyPlantEquipment,At 1 November 2024,"134,254",GBP,0,,FY1.START,False,ok
01841889,2025-10-31,core:IncreaseFromDepreciationChargeForYearPropertyPlantEquipment,Charge for the year,"15,135",GBP,0,,FY1.segment.core-PropertyPlantEquipmentClassesDimension.core-MotorVehicles,False,ok
01841889,2025-10-31,core:IncreaseFromDepreciationChargeForYearPropertyPlantEquipment,Charge for the year,"15,135",GBP,0,,FY1,False,ok
01841889,2025-10-31,core:DisposalsDecreaseInDepreciationImpairmentPropertyPlantEquipment,Eliminated on disposal,"49,590",GBP,0,-,FY1.segment.core-PropertyPlantEquipmentClassesDimension.core-MotorVehicles,False,ok
01841889,2025-10-31,core:DisposalsDecreaseInDepreciationImpairmentPropertyPlantEquipment,Eliminated on disposal,"49,590",GBP,0,-,FY1,False,ok
01841889,2025-10-31,core:AccumulatedDepreciationImpairmentPropertyPlantEquipment,At 31 October 2025,"38,076",GBP,0,,FY1.END.segment.core-PropertyPlantEquipmentClassesDimension.core-MotorVehicles,False,ok
01841889,2025-10-31,core:AccumulatedDepreciationImpairmentPropertyPlantEquipment,At 31 October 2025,"61,723",GBP,0,,FY1.END.segment.core-PropertyPlantEquipmentClassesDimension.core-OtherPropertyPlantEquipment,False,ok
01841889,2025-10-31,core:AccumulatedDepreciationImpairmentPropertyPlantEquipment,At 31 October 2025,"99,799",GBP,0,,FY1.END,False,ok
01841889,2025-10-31,core:PropertyPlantEquipment,At 31 October 2025,"39,217",GBP,0,,FY1.END.segment.core-PropertyPlantEquipmentClassesDimension.core-MotorVehicles,False,ok
01841889,2025-10-31,core:PropertyPlantEquipment,At 31 October 2025,"1,759",GBP,0,,FY1.END.segment.core-PropertyPlantEquipmentClassesDimension.core-OtherPropertyPlantEquipment,False,ok
01841889,2025-10-31,core:PropertyPlantEquipment,At 31 October 2025,"40,976",GBP,0,,FY1.END,False,ok
01841889,2024-10-31,core:PropertyPlantEquipment,At 31 October 2024,"2,062",GBP,0,,FY2.END.segment.core-PropertyPlantEquipmentClassesDimension.core-MotorVehicles,False,ok
01841889,2024-10-31,core:PropertyPlantEquipment,At 31 October 2024,"2,062",GBP,0,,FY2.END,False,ok
01841889,2024-10-31,core:InvestmentPropertyFairValueModel,As at 1 November 2024 and 31 October 2025,"8,843,200",GBP,0,,FY1.START.segment.bus-GroupCompanyDataDimension.bus-Consolidated,False,ok
01841889,2024-10-31,core:InvestmentsInSubsidiaries,At 1 November 2024,"3,995,292",GBP,0,,FY1.START.segment.core-InvestmentsMovementsDimension.core-CostValuation,False,ok
01841889,2025-10-31,core:InvestmentsInSubsidiaries,At 31 October 2025,"3,995,292",GBP,0,,FY1.END,False,ok
01841889,2024-10-31,core:InvestmentsInSubsidiaries,At 31 October 2024,"3,995,292",GBP,0,,FY2.END,False,ok
01841889,2024-10-31,core:InvestmentsInAssociates,At 1 November 2024,"2,809,610",GBP,0,,FY1.START.segment.core-InvestmentsMovementsDimension.core-CostValuation,False,ok
01841889,2025-10-31,core:InvestmentsInAssociates,Additions,"945,743",GBP,0,,FY1.END.segment.core-InvestmentsMovementsDimension.core-AdditionsToInvestments,False,ok
01841889,2025-10-31,core:InvestmentsInAssociates,At 31 October 2025,"3,755,353",GBP,0,,FY1.END.segment.core-InvestmentsMovementsDimension.core-CostValuation,False,ok
01841889,2025-10-31,core:InvestmentsInAssociates,At 31 October 2025,"3,755,353",GBP,0,,FY1.END,False,ok
01841889,2024-10-31,core:InvestmentsInAssociates,At 31 October 2024,"2,809,610",GBP,0,,FY2.END,False,ok
01841889,2025-10-31,core:OwnershipInterestInSubsidiaryPercent,Ordinary,100,pure,2,,FY1.segment.core-SubsidiariesDimension.core-Subsidiary1,False,ok
01841889,2024-10-31,core:OwnershipInterestInSubsidiaryPercent,%,100,pure,2,,FY2.segment.core-SubsidiariesDimension.core-Subsidiary1,False,ok
01841889,2025-10-31,core:OwnershipInterestInSubsidiaryPercent,Ordinary,100,pure,2,,FY1.segment.core-SubsidiariesDimension.core-Subsidiary2,False,ok
01841889,2024-10-31,core:OwnershipInterestInSubsidiaryPercent,%,100,pure,2,,FY2.segment.core-SubsidiariesDimension.core-Subsidiary2,False,ok
01841889,2025-10-31,core:OwnershipInterestInSubsidiaryPercent,Ordinary,95,pure,2,,FY1.segment.core-SubsidiariesDimension.core-Subsidiary3,False,ok
01841889,2024-10-31,core:OwnershipInterestInSubsidiaryPercent,%,95,pure,2,,FY2.segment.core-SubsidiariesDimension.core-Subsidiary3,False,ok
01841889,2025-10-31,core:OwnershipInterestInSubsidiaryPercent,Ordinary,95,pure,2,,FY1.segment.core-SubsidiariesDimension.core-Subsidiary4,False,ok
01841889,2024-10-31,core:OwnershipInterestInSubsidiaryPercent,%,95,pure,2,,FY2.segment.core-SubsidiariesDimension.core-Subsidiary4,False,ok
01841889,2025-10-31,core:OwnershipInterestInSubsidiaryPercent,Ordinary,95,pure,2,,FY1.segment.core-SubsidiariesDimension.core-Subsidiary5,False,ok
01841889,2024-10-31,core:OwnershipInterestInSubsidiaryPercent,%,95,pure,2,,FY2.segment.core-SubsidiariesDimension.core-Subsidiary5,False,ok
01841889,2025-10-31,core:OwnershipInterestInSubsidiaryPercent,Ordinary,95,pure,2,,FY1.segment.core-SubsidiariesDimension.core-Subsidiary6,False,ok
01841889,2024-10-31,core:OwnershipInterestInSubsidiaryPercent,%,95,pure,2,,FY2.segment.core-SubsidiariesDimension.core-Subsidiary6,False,ok
01841889,2025-10-31,core:OwnershipInterestInSubsidiaryPercent,Ordinary,95,pure,2,,FY1.segment.core-SubsidiariesDimension.core-Subsidiary7,False,ok
01841889,2024-10-31,core:OwnershipInterestInSubsidiaryPercent,%,95,pure,2,,FY2.segment.core-SubsidiariesDimension.core-Subsidiary7,False,ok
01841889,2025-10-31,core:OwnershipInterestInSubsidiaryPercent,Ordinary,95,pure,2,,FY1.segment.core-SubsidiariesDimension.core-Subsidiary8,False,ok
01841889,2024-10-31,core:OwnershipInterestInSubsidiaryPercent,%,95,pure,2,,FY2.segment.core-SubsidiariesDimension.core-Subsidiary8,False,ok
01841889,2025-10-31,core:OwnershipInterestInSubsidiaryPercent,Ordinary,100,pure,2,,FY1.segment.core-SubsidiariesDimension.core-Subsidiary9,False,ok
01841889,2024-10-31,core:OwnershipInterestInSubsidiaryPercent,%,100,pure,2,,FY2.segment.core-SubsidiariesDimension.core-Subsidiary9,False,ok
01841889,2025-10-31,core:OwnershipInterestInSubsidiaryPercent,Ordinary,100,pure,2,,FY1.segment.core-SubsidiariesDimension.core-Subsidiary10,False,ok
01841889,2024-10-31,core:OwnershipInterestInSubsidiaryPercent,%,100,pure,2,,FY2.segment.core-SubsidiariesDimension.core-Subsidiary10,False,ok
01841889,2025-10-31,core:OwnershipInterestInAssociatePercent,Ordinary,33,pure,2,,FY1.segment.core-AssociatesDimension.core-Associate1,False,ok
01841889,2024-10-31,core:OwnershipInterestInAssociatePercent,%,34,pure,2,,FY2.segment.core-AssociatesDimension.core-Associate1,False,ok
01841889,2025-10-31,core:FinancialAssets,At 31 October 2025,"150,000",GBP,0,,FY1.END.segment.core-FinancialAssetsClassesCategoriesDimension.core-FinancialAssetsDesignatedFairValueThroughProfitOrLoss.core-FinancialInstrumentCurrentNon-currentDimension.core-Non-currentFinancialInstruments.bus-GroupCompanyDataDimension.bus-Consolidated,False,ok
01841889,2025-10-31,core:FinancialAssets,At 31 October 2025,"150,000",GBP,0,,FY1.END.segment.core-FinancialAssetsClassesCategoriesDimension.core-FinancialAssetsDesignatedFairValueThroughProfitOrLoss.core-FinancialInstrumentCurrentNon-currentDimension.core-Non-currentFinancialInstruments,False,ok
01841889,2025-10-31,core:TotalInventories,"119,338","3,560,809",GBP,0,,FY1.END.segment.bus-GroupCompanyDataDimension.bus-Consolidated,True,ok
01841889,2024-10-31,core:TotalInventories,"119,338","3,740,251",GBP,0,,FY2.END.segment.bus-GroupCompanyDataDimension.bus-Consolidated,True,ok
01841889,2025-10-31,core:TradeDebtorsTradeReceivables,Trade debtors,"410,996",GBP,0,,FY1.END.segment.bus-GroupCompanyDataDimension.bus-Consolidated,False,ok
01841889,2024-10-31,core:TradeDebtorsTradeReceivables,Trade debtors,"428,948",GBP,0,,FY2.END.segment.bus-GroupCompanyDataDimension.bus-Consolidated,False,ok
01841889,2025-10-31,core:TradeDebtorsTradeReceivables,Trade debtors,"4,968",GBP,0,,FY1.END,False,ok
01841889,2024-10-31,core:TradeDebtorsTradeReceivables,Trade debtors,"5,032",GBP,0,,FY2.END,False,ok
01841889,2025-10-31,core:AmountsOwedByRelatedParties,Amounts owed by group undertakings,"9,391,846",GBP,0,,FY1.END,False,ok
01841889,2024-10-31,core:AmountsOwedByRelatedParties,Amounts owed by group undertakings,"10,318,868",GBP,0,,FY2.END,False,ok
01841889,2025-10-31,core:OtherDebtors,Other debtors,"81,498",GBP,0,,FY1.END.segment.bus-GroupCompanyDataDimension.bus-Consolidated,False,ok
01841889,2024-10-31,core:OtherDebtors,Other debtors,"71,966",GBP,0,,FY2.END.segment.bus-GroupCompanyDataDimension.bus-Consolidated,False,ok
01841889,2025-10-31,core:OtherDebtors,Other debtors,1,GBP,0,,FY1.END,False,ok
01841889,2025-10-31,core:Prepayments,Prepayments,"902,026",GBP,0,,FY1.END.segment.bus-GroupCompanyDataDimension.bus-Consolidated,False,ok
01841889,2024-10-31,core:Prepayments,Prepayments,"862,510",GBP,0,,FY2.END.segment.bus-GroupCompanyDataDimension.bus-Consolidated,False,ok
01841889,2025-10-31,core:Prepayments,Prepayments,"32,556",GBP,0,,FY1.END,False,ok
01841889,2024-10-31,core:Prepayments,Prepayments,"24,265",GBP,0,,FY2.END,False,ok
01841889,2025-10-31,core:AccruedIncome,Accrued income,"219,990",GBP,0,,FY1.END.segment.bus-GroupCompanyDataDimension.bus-Consolidated,False,ok
01841889,2024-10-31,core:AccruedIncome,Accrued income,"215,341",GBP,0,,FY2.END.segment.bus-GroupCompanyDataDimension.bus-Consolidated,False,ok
01841889,2024-10-31,core:CorporationTaxRecoverable,Corporation tax asset,138,GBP,0,,FY2.END.segment.bus-GroupCompanyDataDimension.bus-Consolidated,False,ok
01841889,2025-10-31,core:Debtors,Corporation tax asset,"1,614,510",GBP,0,,FY1.END.segment.core-FinancialInstrumentCurrentNon-currentDimension.core-CurrentFinancialInstruments.bus-GroupCompanyDataDimension.bus-Consolidated,False,ok
01841889,2024-10-31,core:Debtors,Corporation tax asset,"1,578,903",GBP,0,,FY2.END.segment.core-FinancialInstrumentCurrentNon-currentDimension.core-CurrentFinancialInstruments.bus-GroupCompanyDataDimension.bus-Consolidated,False,ok
01841889,2025-10-31,core:Debtors,Corporation tax asset,"9,429,371",GBP,0,,FY1.END.segment.core-FinancialInstrumentCurrentNon-currentDimension.core-CurrentFinancialInstruments,False,ok
01841889,2024-10-31,core:Debtors,Corporation tax asset,"10,348,165",GBP,0,,FY2.END.segment.core-FinancialInstrumentCurrentNon-currentDimension.core-CurrentFinancialInstruments,False,ok
01841889,2025-10-31,core:CashOnHand,Cash on hand,"30,968",GBP,0,,FY1.END.segment.bus-GroupCompanyDataDimension.bus-Consolidated,False,ok
01841889,2024-10-31,core:CashOnHand,Cash on hand,"22,949",GBP,0,,FY2.END.segment.bus-GroupCompanyDataDimension.bus-Consolidated,False,ok
01841889,2025-10-31,core:CashOnHand,Cash on hand,74,GBP,0,,FY1.END,False,ok
01841889,2024-10-31,core:CashOnHand,Cash on hand,75,GBP,0,,FY2.END,False,ok
01841889,2025-10-31,core:BalancesWithBanks,Cash at bank,"4,465,088",GBP,0,,FY1.END.segment.bus-GroupCompanyDataDimension.bus-Consolidated,False,ok
01841889,2024-10-31,core:BalancesWithBanks,Cash at bank,"2,303,438",GBP,0,,FY2.END.segment.bus-GroupCompanyDataDimension.bus-Consolidated,False,ok
01841889,2025-10-31,core:BalancesWithBanks,Cash at bank,"2,059,541",GBP,0,,FY1.END,False,ok
01841889,2024-10-31,core:BalancesWithBanks,Cash at bank,"609,907",GBP,0,,FY2.END,False,ok
01841889,2025-10-31,core:CashCashEquivalents,Cash at bank,"4,496,056",GBP,0,,FY1.END.segment.bus-GroupCompanyDataDimension.bus-Consolidated,False,ok
01841889,2024-10-31,core:CashCashEquivalents,Cash at bank,"2,326,387",GBP,0,,FY2.END.segment.bus-GroupCompanyDataDimension.bus-Consolidated,False,ok
01841889,2025-10-31,core:CashCashEquivalents,Cash at bank,"2,059,615",GBP,0,,FY1.END,False,ok
01841889,2024-10-31,core:CashCashEquivalents,Cash at bank,"609,982",GBP,0,,FY2.END,False,ok
01841889,2025-10-31,core:TradeCreditorsTradePayables,Trade creditors,"2,240,583",GBP,0,,FY1.END.segment.bus-GroupCompanyDataDimension.bus-Consolidated,False,ok
01841889,2024-10-31,core:TradeCreditorsTradePayables,Trade creditors,"2,068,632",GBP,0,,FY2.END.segment.bus-GroupCompanyDataDimension.bus-Consolidated,False,ok
01841889,2025-10-31,core:TradeCreditorsTradePayables,Trade creditors,"10,431",GBP,0,,FY1.END,False,ok
01841889,2024-10-31,core:TradeCreditorsTradePayables,Trade creditors,"30,902",GBP,0,,FY2.END,False,ok
01841889,2025-10-31,core:AmountsOwedToRelatedParties,Amounts due to group undertakings,"15,090,301",GBP,0,,FY1.END,False,ok
01841889,2024-10-31,core:AmountsOwedToRelatedParties,Amounts due to group undertakings,"12,542,140",GBP,0,,FY2.END,False,ok
01841889,2025-10-31,core:TaxationSocialSecurityPayable,Social security and other taxes,"919,658",GBP,0,,FY1.END.segment.bus-GroupCompanyDataDimension.bus-Consolidated,False,ok
01841889,2024-10-31,core:TaxationSocialSecurityPayable,Social security and other taxes,"729,998",GBP,0,,FY2.END.segment.bus-GroupCompanyDataDimension.bus-Consolidated,False,ok
01841889,2025-10-31,core:TaxationSocialSecurityPayable,Social security and other taxes,"46,115",GBP,0,,FY1.END,False,ok
01841889,2024-10-31,core:TaxationSocialSecurityPayable,Social security and other taxes,"41,912",GBP,0,,FY2.END,False,ok
01841889,2025-10-31,core:OtherCreditors,Other creditors,"793,624",GBP,0,,FY1.END.segment.bus-GroupCompanyDataDimension.bus-Consolidated,False,ok
01841889,2024-10-31,core:OtherCreditors,Other creditors,"1,152,166",GBP,0,,FY2.END.segment.bus-GroupCompanyDataDimension.bus-Consolidated,False,ok
01841889,2025-10-31,core:OtherCreditors,Other creditors,"495,691",GBP,0,,FY1.END,False,ok
01841889,2024-10-31,core:OtherCreditors,Other creditors,"802,167",GBP,0,,FY2.END,False,ok
01841889,2025-10-31,core:OtherPayablesAccruedExpenses,Accruals,"2,342,565",GBP,0,,FY1.END.segment.bus-GroupCompanyDataDimension.bus-Consolidated,False,ok
01841889,2024-10-31,core:OtherPayablesAccruedExpenses,Accruals,"1,940,154",GBP,0,,FY2.END.segment.bus-GroupCompanyDataDimension.bus-Consolidated,False,ok
01841889,2025-10-31,core:OtherPayablesAccruedExpenses,Accruals,"155,606",GBP,0,,FY1.END,False,ok
01841889,2024-10-31,core:OtherPayablesAccruedExpenses,Accruals,"125,512",GBP,0,,FY2.END,False,ok
01841889,2025-10-31,core:Creditors,"417,938","6,847,190",GBP,0,,FY1.END.segment.core-FinancialInstrumentCurrentNon-currentDimension.core-CurrentFinancialInstruments.core-MaturitiesOrExpirationPeriodsDimension.core-WithinOneYear.bus-GroupCompanyDataDimension.bus-Consolidated,False,ok
01841889,2024-10-31,core:Creditors,"417,938","6,308,888",GBP,0,,FY2.END.segment.core-FinancialInstrumentCurrentNon-currentDimension.core-CurrentFinancialInstruments.core-MaturitiesOrExpirationPeriodsDimension.core-WithinOneYear.bus-GroupCompanyDataDimension.bus-Consolidated,False,ok
01841889,2025-10-31,core:Creditors,"417,938","15,798,144",GBP,0,,FY1.END.segment.core-FinancialInstrumentCurrentNon-currentDimension.core-CurrentFinancialInstruments.core-MaturitiesOrExpirationPeriodsDimension.core-WithinOneYear,False,ok
01841889,2024-10-31,core:Creditors,"417,938","13,542,633",GBP,0,,FY2.END.segment.core-FinancialInstrumentCurrentNon-currentDimension.core-CurrentFinancialInstruments.core-MaturitiesOrExpirationPeriodsDimension.core-WithinOneYear,False,ok
01841889,2025-10-31,core:FinancialLiabilities,Other creditors,"10,000",GBP,0,,FY1.END.segment.core-FinancialInstrumentCurrentNon-currentDimension.core-Non-currentFinancialInstruments.core-MaturitiesOrExpirationPeriodsDimension.core-AfterOneYear.bus-GroupCompanyDataDimension.bus-Consolidated,False,ok
01841889,2024-10-31,core:FinancialLiabilities,Other creditors,"20,000",GBP,0,,FY2.END.segment.core-FinancialInstrumentCurrentNon-currentDimension.core-Non-currentFinancialInstruments.core-MaturitiesOrExpirationPeriodsDimension.core-AfterOneYear.bus-GroupCompanyDataDimension.bus-Consolidated,False,ok
01841889,2024-10-31,core:Provisions,At 1 November 2024,"1,144,462",GBP,0,,FY1.START.segment.core-ProvisionsClassesDimension.core-DeferredTaxation.bus-GroupCompanyDataDimension.bus-Consolidated,False,ok
01841889,2024-10-31,core:Provisions,At 1 November 2024,"1,144,462",GBP,0,,FY1.START.segment.bus-GroupCompanyDataDimension.bus-Consolidated,False,ok
01841889,2025-10-31,core:IncreaseDecreaseInExistingProvisions,Increase in provisions,"18,765",GBP,0,-,FY1.segment.core-ProvisionsClassesDimension.core-DeferredTaxation.bus-GroupCompanyDataDimension.bus-Consolidated,False,ok
01841889,2025-10-31,core:IncreaseDecreaseInExistingProvisions,Increase in provisions,"18,765",GBP,0,-,FY1.segment.bus-GroupCompanyDataDimension.bus-Consolidated,False,ok
01841889,2025-10-31,core:Provisions,At 31 October 2025,"1,125,697",GBP,0,,FY1.END.segment.core-ProvisionsClassesDimension.core-DeferredTaxation.bus-GroupCompanyDataDimension.bus-Consolidated,False,ok
01841889,2025-10-31,core:Provisions,At 31 October 2025,"1,125,697",GBP,0,,FY1.END.segment.bus-GroupCompanyDataDimension.bus-Consolidated,False,ok
01841889,2025-10-31,core:ParValueShare,of £,1,pure,0,,FY1.segment.bus-EntityShareClassesDimension.bus-OrdinaryShareClass1,False,ok
01841889,2025-10-31,core:NumberSharesIssuedFullyPaid,each,"233,757",shares,0,,FY1.END.segment.bus-EntityShareClassesDimension.bus-OrdinaryShareClass1,False,ok
01841889,2024-10-31,core:NumberSharesIssuedFullyPaid,"233,757","233,757",shares,0,,FY2.END.segment.bus-EntityShareClassesDimension.bus-OrdinaryShareClass1,False,ok
01841889,2025-10-31,core:FutureMinimumLeasePaymentsUnderNon-cancellableOperatingLeases,Not later than one year,"16,116",GBP,0,,FY1.END.segment.core-MaturitiesOrExpirationPeriodsDimension.core-WithinOneYear.bus-GroupCompanyDataDimension.bus-Consolidated,False,ok
01841889,2024-10-31,core:FutureMinimumLeasePaymentsUnderNon-cancellableOperatingLeases,Not later than one year,"30,111",GBP,0,,FY2.END.segment.core-MaturitiesOrExpirationPeriodsDimension.core-WithinOneYear.bus-GroupCompanyDataDimension.bus-Consolidated,False,ok
01841889,2024-10-31,core:FutureMinimumLeasePaymentsUnderNon-cancellableOperatingLeases,Later than one year and not later than five years,"16,116",GBP,0,,FY2.END.segment.core-MaturitiesOrExpirationPeriodsDimension.core-BetweenTwoFiveYears.bus-GroupCompanyDataDimension.bus-Consolidated,False,ok
01841889,2025-10-31,core:FutureMinimumLeasePaymentsUnderNon-cancellableOperatingLeases,Later than one year and not later than five years,"16,116",GBP,0,,FY1.END.segment.bus-GroupCompanyDataDimension.bus-Consolidated,False,ok
01841889,2024-10-31,core:FutureMinimumLeasePaymentsUnderNon-cancellableOperatingLeases,Later than one year and not later than five years,"46,227",GBP,0,,FY2.END.segment.bus-GroupCompanyDataDimension.bus-Consolidated,False,ok
02299747,2025-12-31,core:CostSales,Cost of sales,"1,151.4",GBP,-2,,C,False,ok
02299747,2024-12-31,core:CostSales,Cost of sales,"1,100.1",GBP,-2,,F,False,ok
02299747,2025-12-31,core:AdministrativeExpenses,Administrative expenses,193.9,GBP,-2,,C,False,ok
02299747,2024-12-31,core:AdministrativeExpenses,Administrative expenses,173.2,GBP,-2,,F,False,ok
02299747,2025-12-31,core:DividendIncome,Investment income,0,GBP,-3,,C,False,ok
02299747,2024-12-31,core:DividendIncome,Investment income,135.9,GBP,-2,,F,False,ok
02299747,2025-12-31,core:OtherOperatingIncomeFormat1,Other income,19.1,GBP,-2,,C,False,ok
02299747,2024-12-31,core:OtherOperatingIncomeFormat1,Other income,241.2,GBP,-2,,F,False,ok
02299747,2025-12-31,core:FurtherItemNon-operatingGainLossBeforeTaxIncomeStatementItemComponentProfitOrLossBeforeTax,Impairments,42.1,GBP,-2,-,C_FY_FZ,False,ok
02299747,2024-12-31,core:FurtherItemNon-operatingGainLossBeforeTaxIncomeStatementItemComponentProfitOrLossBeforeTax,Impairments,133.9,GBP,-2,-,F_FY_FZ,False,ok
02299747,2025-12-31,core:NetFinanceIncomeCosts,Net finance income,23.2,GBP,-2,,C,False,ok
02299747,2024-12-31,core:NetFinanceIncomeCosts,Net finance income,12.3,GBP,-2,,F,False,ok
02299747,2025-12-31,core:ProfitLossOnOrdinaryActivitiesBeforeTax,Profit before tax,98.7,GBP,-2,,C,False,ok
02299747,2024-12-31,core:ProfitLossOnOrdinaryActivitiesBeforeTax,Profit before tax,323.6,GBP,-2,,F,False,ok
02299747,2025-12-31,core:TaxTaxCreditOnProfitOrLossOnOrdinaryActivities,Income tax charge,28.5,GBP,-2,,C,False,ok
02299747,2024-12-31,core:TaxTaxCreditOnProfitOrLossOnOrdinaryActivities,Income tax charge,38.2,GBP,-2,,F,False,ok
02299747,2025-12-31,core:ProfitLoss,Profit for the year,70.2,GBP,-2,,C_GB_GC,False,ok
02299747,2024-12-31,core:ProfitLoss,Profit for the year,285.4,GBP,-2,,F,False,ok
02299747,2025-12-31,core:ProfitLoss,Profit for the year,70.2,GBP,-2,,C_GB_GC,False,ok
02299747,2024-12-31,core:ProfitLoss,Profit for the year,285.4,GBP,-2,,F,False,ok
02299747,2025-12-31,core:GainLossOnRemeasurementDefinedBenefitPlansBeforeTaxInOtherComprehensiveIncome,Actuarial loss on defined benefit pension schemes,10.5,GBP,-2,-,C_GB_GC,False,ok
02299747,2024-12-31,core:GainLossOnRemeasurementDefinedBenefitPlansBeforeTaxInOtherComprehensiveIncome,Actuarial loss on defined benefit pension schemes,11.3,GBP,-2,-,F_GB_GC,False,ok
02299747,2025-12-31,core:TaxExpenseCreditOnItemsInOtherComprehensiveIncomeThatWillNotBeReclassifiedToProfitOrLoss,Income tax effect,2.6,GBP,-2,-,C,False,ok
02299747,2024-12-31,core:TaxExpenseCreditOnItemsInOtherComprehensiveIncomeThatWillNotBeReclassifiedToProfitOrLoss,Income tax effect,2.8,GBP,-2,-,F,False,ok
02299747,2025-12-31,core:ItemsInOtherComprehensiveIncomeThatWillNotBeReclassifiedToProfitOrLossNetTax,"Other comprehensive expense for the year, net of tax",7.9,GBP,-2,-,C,False,ok
02299747,2024-12-31,core:ItemsInOtherComprehensiveIncomeThatWillNotBeReclassifiedToProfitOrLossNetTax,"Other comprehensive expense for the year, net of tax",8.5,GBP,-2,-,F,False,ok
02299747,2025-12-31,core:ComprehensiveIncomeExpense,Total comprehensive income for the year,62.3,GBP,-2,,C,False,ok
02299747,2024-12-31,core:ComprehensiveIncomeExpense,Total comprehensive income for the year,276.9,GBP,-2,,F,False,ok
02299747,2025-12-31,core:PropertyPlantEquipmentIncludingRight-of-useAssets,"Property, plant and equipment",13.4,GBP,-2,,B,False,ok
02299747,2024-12-31,core:PropertyPlantEquipmentIncludingRight-of-useAssets,"Property, plant and equipment",17.0,GBP,-2,,E,False,ok
02299747,2025-12-31,core:IntangibleAssetsIncludingRight-of-useAssets,Intangible assets,43.6,GBP,-2,,B,False,ok
02299747,2024-12-31,core:IntangibleAssetsIncludingRight-of-useAssets,Intangible assets,42.2,GBP,-2,,E,False,ok
02299747,2025-12-31,core:Right-of-useAssetsBalanceSheetSubtotal,Right-of-use assets,121.9,GBP,-2,,B,False,ok
02299747,2024-12-31,core:Right-of-useAssetsBalanceSheetSubtotal,Right-of-use assets,131.6,GBP,-2,,E,False,ok
02299747,2025-12-31,core:InvestmentsInGroupUndertakings,Investments in subsidiaries,89.7,GBP,-2,,B,False,ok
02299747,2024-12-31,core:InvestmentsInGroupUndertakings,Investments in subsidiaries,131.0,GBP,-2,,E,False,ok
02299747,2025-12-31,core:ContractAssetsNon-current,Contract fulfilment assets,175.4,GBP,-2,,B,False,ok
02299747,2024-12-31,core:ContractAssetsNon-current,Contract fulfilment assets,218.3,GBP,-2,,E,False,ok
02299747,2025-12-31,core:FinancialAssets,Financial assets,91.8,GBP,-2,,B_GO_GP,False,ok
02299747,2024-12-31,core:FinancialAssets,Financial assets,91.5,GBP,-2,,E,False,ok
02299747,2025-12-31,core:Debtors,Trade and other receivables,558.2,GBP,-2,,B_GO_GP,False,ok
02299747,2024-12-31,core:Debtors,Trade and other receivables,2.7,GBP,-2,,E_GO_GP,False,ok
02299747,2025-12-31,core:DeferredTaxAssetDebtors,Deferred tax assets,41.0,GBP,-2,,B_GO_GP,False,ok
02299747,2024-12-31,core:DeferredTaxAssetDebtors,Deferred tax assets,31.1,GBP,-2,,E_GO_GP,False,ok
02299747,2025-12-31,core:RetirementBenefitObligationsSurplus,Employee benefits,30.1,GBP,-2,-,B,False,ok
02299747,2024-12-31,core:RetirementBenefitObligationsSurplus,Employee benefits,39.3,GBP,-2,-,E,False,ok
02299747,2025-12-31,core:FinancialAssets,Financial assets,4.8,GBP,-2,,B_GO_GX,False,ok
02299747,2024-12-31,core:FinancialAssets,Financial assets,4.2,GBP,-2,,E_GO_GX,False,ok
02299747,2025-12-31,core:Debtors,Trade and other receivables,591.5,GBP,-2,,B_GO_GX,False,ok
02299747,2024-12-31,core:Debtors,Trade and other receivables,"1,008.4",GBP,-2,,E_GO_GX,False,ok
02299747,2025-12-31,core:CashCashEquivalents,Cash and cash equivalents,9.2,GBP,-2,,B,False,ok
02299747,2024-12-31,core:CashCashEquivalents,Cash and cash equivalents,4.4,GBP,-2,,E,False,ok
02299747,2025-12-31,core:TotalAssets,Total assets,"1,771.4",GBP,-2,,B,True,ok
02299747,2024-12-31,core:TotalAssets,Total assets,"1,723.0",GBP,-2,,E,True,ok
02299747,2025-12-31,core:DeferredIncome,Deferred income,265.8,GBP,-2,,B_GU_HF,False,ok
02299747,2024-12-31,core:DeferredIncome,Deferred income,328.4,GBP,-2,,E_GU_HF,False,ok
02299747,2025-12-31,core:LeaseLiabilities,Lease liabilities,28.3,GBP,-2,,B_GO_GX,False,ok
02299747,2024-12-31,core:LeaseLiabilities,Lease liabilities,28.9,GBP,-2,,E_GO_GX,False,ok
02299747,2025-12-31,core:BankBorrowingsOverdrafts,Financial liabilities,0,GBP,-3,,B_GO_GX,False,ok
02299747,2024-12-31,core:BankBorrowingsOverdrafts,Financial liabilities,2.4,GBP,-2,,E_GO_GX,False,ok
02299747,2025-12-31,core:ProvisionsForLiabilitiesBalanceSheetSubtotal,Provisions,12.3,GBP,-2,,B,False,ok
02299747,2024-12-31,core:ProvisionsForLiabilitiesBalanceSheetSubtotal,Provisions,17.3,GBP,-2,,E,False,ok
02299747,2025-12-31,core:CorporationTaxPayable,Income tax payable,49.0,GBP,-2,,B_GO_GX,False,ok
02299747,2024-12-31,core:CorporationTaxPayable,Income tax payable,17.3,GBP,-2,,E_GO_GX,False,ok
02299747,2025-12-31,core:DeferredIncome,Deferred income,6.1,GBP,-2,,B_GU_HG,False,ok
02299747,2024-12-31,core:DeferredIncome,Deferred income,21.5,GBP,-2,,E_GU_HG,False,ok
02299747,2025-12-31,core:LeaseLiabilities,Lease liabilities,237.2,GBP,-2,,B_GO_GP,False,ok
02299747,2024-12-31,core:LeaseLiabilities,Lease liabilities,253.0,GBP,-2,,E_GO_GP,False,ok
02299747,2025-12-31,core:NetAssetsLiabilities,Net assets,933.1,GBP,-2,,B,True,ok
02299747,2024-12-31,core:NetAssetsLiabilities,Net assets,870.8,GBP,-2,,E,True,ok
02299747,2025-12-31,core:Equity,Share premium,60.0,GBP,-2,,B_GB_HM,True,ok
02299747,2024-12-31,core:Equity,Share premium,60.0,GBP,-2,,E_GB_HM,True,ok
02299747,2025-12-31,core:Equity,Capital redemption reserve,0.7,GBP,-2,,B_GB_HN,True,ok
02299747,2024-12-31,core:Equity,Capital redemption reserve,0.7,GBP,-2,,E_GB_HN,True,ok
02299747,2025-12-31,core:Equity,Retained earnings,872.4,GBP,-2,,B_GB_GC,True,ok
02299747,2024-12-31,core:Equity,Retained earnings,810.1,GBP,-2,,E_GB_GC,True,ok
02299747,2025-12-31,core:Equity,Total equity,933.1,GBP,-2,,B,True,ok
02299747,2024-12-31,core:Equity,Total equity,870.8,GBP,-2,,E,True,ok
02299747,2023-12-31,core:Equity,0.0,60.0,GBP,-2,,D_GB_HM,True,ok
02299747,2023-12-31,core:Equity,0.0,0.7,GBP,-2,,D_GB_HN,True,ok
02299747,2023-12-31,core:Equity,0.0,533.2,GBP,-2,,D_GB_GC,True,ok
02299747,2023-12-31,core:Equity,0.0,593.9,GBP,-2,,D,True,ok
02299747,2024-12-31,core:ProfitLoss,Profit for the year,285.4,GBP,-2,,F,False,ok
02299747,2024-12-31,core:ProfitLoss,Profit for the year,285.4,GBP,-2,,F,False,ok
02299747,2024-12-31,core:OtherComprehensiveIncomeExpenseNetTax,Other comprehensive expense for the year,8.5,GBP,-2,-,F_GB_GC,False,ok
02299747,2024-12-31,core:OtherComprehensiveIncomeExpenseNetTax,Other comprehensive expense for the year,8.5,GBP,-2,-,F,False,ok
02299747,2024-12-31,core:ComprehensiveIncomeExpense,Total comprehensive income,276.9,GBP,-2,,F_GB_GC,False,ok
02299747,2024-12-31,core:ComprehensiveIncomeExpense,Total comprehensive income,276.9,GBP,-2,,F,False,ok
02299747,2024-12-31,core:Share-basedPaymentsArrangementsTransferredFromToLiabilitiesIncreaseDecreaseInEquity,Contribution in respect of share based payment charge,0.6,GBP,-2,,F,False,ok
02299747,2024-12-31,core:Share-basedPaymentsArrangementsTransferredFromToLiabilitiesIncreaseDecreaseInEquity,Contribution in respect of share based payment charge,0.6,GBP,-2,,F,False,ok
02299747,2024-12-31,core:EquitySettledShare-basedPaymentsIncreaseDecreaseInEquity,Settlement of share based payment charged by intercompany,0.6,GBP,-2,-,F,False,ok
02299747,2024-12-31,core:EquitySettledShare-basedPaymentsIncreaseDecreaseInEquity,Settlement of share based payment charged by intercompany,0.6,GBP,-2,-,F,False,ok
02299747,2024-12-31,core:Equity,0.0,60.0,GBP,-2,,E_GB_HM,True,ok
02299747,2024-12-31,core:Equity,0.0,0.7,GBP,-2,,E_GB_HN,True,ok
02299747,2024-12-31,core:Equity,0.0,810.1,GBP,-2,,E_GB_GC,True,ok
02299747,2024-12-31,core:Equity,0.0,870.8,GBP,-2,,E,True,ok
02299747,2025-12-31,core:ProfitLoss,Profit for the year,70.2,GBP,-2,,C_GB_GC,False,ok
02299747,2025-12-31,core:ProfitLoss,Profit for the year,70.2,GBP,-2,,C_GB_GC,False,ok
02299747,2025-12-31,core:OtherComprehensiveIncomeExpenseNetTax,Other comprehensive expense for the year,7.9,GBP,-2,-,C_GB_GC,False,ok
02299747,2025-12-31,core:OtherComprehensiveIncomeExpenseNetTax,Other comprehensive expense for the year,7.9,GBP,-2,-,C,False,ok
02299747,2025-12-31,core:ComprehensiveIncomeExpense,Total comprehensive income,62.3,GBP,-2,,C_GB_GC,False,ok
02299747,2025-12-31,core:ComprehensiveIncomeExpense,Total comprehensive income,62.3,GBP,-2,,C,False,ok
02299747,2025-12-31,core:Share-basedPaymentsArrangementsTransferredFromToLiabilitiesIncreaseDecreaseInEquity,Contribution in respect of share based payment charge,0.5,GBP,-2,,C,False,ok
02299747,2025-12-31,core:Share-basedPaymentsArrangementsTransferredFromToLiabilitiesIncreaseDecreaseInEquity,Contribution in respect of share based payment charge,0.5,GBP,-2,,C,False,ok
02299747,2025-12-31,core:EquitySettledShare-basedPaymentsIncreaseDecreaseInEquity,Settlement of share based payment charged by intercompany,0.5,GBP,-2,-,C,False,ok
02299747,2025-12-31,core:EquitySettledShare-basedPaymentsIncreaseDecreaseInEquity,Settlement of share based payment charged by intercompany,0.5,GBP,-2,-,C,False,ok
02299747,2025-12-31,core:Equity,0.0,60.0,GBP,-2,,B_GB_HM,True,ok
02299747,2025-12-31,core:Equity,0.0,0.7,GBP,-2,,B_GB_HN,True,ok
02299747,2025-12-31,core:Equity,0.0,872.4,GBP,-2,,B_GB_GC,True,ok
02299747,2025-12-31,core:Equity,0.0,933.1,GBP,-2,,B,True,ok
02299747,2025-12-31,core:GainLossDueToForeignExchangeDifferencesRecognisedInProfitOrLoss,(Income)/expense from foreign exchange differences,0.2,GBP,-2,,C,False,ok
02299747,2024-12-31,core:GainLossDueToForeignExchangeDifferencesRecognisedInProfitOrLoss,(Income)/expense from foreign exchange differences,0.1,GBP,-2,-,F,False,ok
02299747,2025-12-31,core:PerformanceObligationsCostToFulfilContractsExpense,"Contract fulfilment assets - impairment, derecognition and utilisation",79.8,GBP,-2,-,C,False,ok
02299747,2024-12-31,core:PerformanceObligationsCostToFulfilContractsExpense,"Contract fulfilment assets - impairment, derecognition and utilisation",61.4,GBP,-2,-,F,False,ok
02299747,2025-12-31,core:DividendIncomeFromGroupUndertakings,Dividend income from shares in subsidiary companies,0,GBP,-3,,C_FH_GK,False,ok
02299747,2024-12-31,core:DividendIncomeFromGroupUndertakings,Dividend income from shares in subsidiary companies,135.9,GBP,-2,,F,False,ok
02299747,2025-12-31,core:DividendIncome,Dividend income from shares in subsidiary companies,0,GBP,-3,,C,False,ok
02299747,2024-12-31,core:DividendIncome,Dividend income from shares in subsidiary companies,135.9,GBP,-2,,F,False,ok
02299747,2025-12-31,core:OtherOperatingIncomeFormat1,230.3,19.1,GBP,-2,,C,False,ok
02299747,2024-12-31,core:OtherOperatingIncomeFormat1,230.3,241.2,GBP,-2,,F,False,ok
02299747,2025-12-31,core:ImpairmentLossIntangibleAssets,Impairment of intangible assets (refer to note 11),0.5,GBP,-2,-,C,False,ok
02299747,2024-12-31,core:ImpairmentLossIntangibleAssets,Impairment of intangible assets (refer to note 11),0.2,GBP,-2,-,F,False,ok
02299747,2025-12-31,core:ImpairmentLossPropertyPlantEquipment,"Impairment of property, plant and equipment (refer to note 10)",0.3,GBP,-2,-,C,False,ok
02299747,2024-12-31,core:ImpairmentLossPropertyPlantEquipment,"Impairment of property, plant and equipment (refer to note 10)",1.5,GBP,-2,-,F,False,ok
02299747,2025-12-31,core:ImpairmentLossInvestmentInSubsidiaries,Impairment of investments in subsidiaries (refer to note 12),41.3,GBP,-2,-,C,False,ok
02299747,2024-12-31,core:ImpairmentLossInvestmentInSubsidiaries,Impairment of investments in subsidiaries (refer to note 12),132.2,GBP,-2,-,F,False,ok
02299747,2025-12-31,core:InterestIncomeFromGroupUndertakings,Interest receivable from Group companies,35.1,GBP,-2,,C,False,ok
02299747,2024-12-31,core:InterestIncomeFromGroupUndertakings,Interest receivable from Group companies,26.5,GBP,-2,,F,False,ok
02299747,2025-12-31,core:InterestIncomeOnFinanceLeasesLessor,Interest income on finance lease assets,5.4,GBP,-2,,C,False,ok
02299747,2024-12-31,core:InterestIncomeOnFinanceLeasesLessor,Interest income on finance lease assets,5.6,GBP,-2,,F,False,ok
02299747,2025-12-31,core:InterestIncomeOnAssetsDefinedBenefitPlan,Net interest income on the net defined pension schemes,2.2,GBP,-2,,C,False,ok
02299747,2024-12-31,core:InterestIncomeOnAssetsDefinedBenefitPlan,Net interest income on the net defined pension schemes,2.1,GBP,-2,,F,False,ok
02299747,2025-12-31,core:OtherInterestReceivableSimilarIncomeFinanceIncome,Net interest income on the net defined pension schemes,42.7,GBP,-2,,C,False,ok
02299747,2024-12-31,core:OtherInterestReceivableSimilarIncomeFinanceIncome,Net interest income on the net defined pension schemes,34.2,GBP,-2,,F,False,ok
02299747,2025-12-31,core:InterestExpenseOnBankOverdrafts,Interest expense on bank overdrafts and loans,0.6,GBP,-2,,C,False,ok
02299747,2024-12-31,core:InterestExpenseOnBankOverdrafts,Interest expense on bank overdrafts and loans,1.6,GBP,-2,,F,False,ok
02299747,2025-12-31,core:InterestExpenseOnBankLoansSimilarBorrowings,Interest expense on non-recourse trade receivables facility,2.3,GBP,-2,,C,False,ok
02299747,2024-12-31,core:InterestExpenseOnBankLoansSimilarBorrowings,Interest expense on non-recourse trade receivables facility,2.5,GBP,-2,,F,False,ok
02299747,2025-12-31,core:InterestPayableSimilarChargesFinanceCosts,Interest expense on non-recourse trade receivables facility,19.5,GBP,-2,,C,False,ok
02299747,2024-12-31,core:InterestPayableSimilarChargesFinanceCosts,Interest expense on non-recourse trade receivables facility,21.9,GBP,-2,,F,False,ok
02299747,2025-12-31,core:NetFinanceIncomeCosts,Total net finance income,23.2,GBP,-2,,C,False,ok
02299747,2024-12-31,core:NetFinanceIncomeCosts,Total net finance income,12.3,GBP,-2,,F,False,ok
02299747,2025-12-31,core:CurrentTaxForPeriod,UK corporation tax,36.0,GBP,-2,,C,False,ok
02299747,2024-12-31,core:CurrentTaxForPeriod,UK corporation tax,20.2,GBP,-2,,F,False,ok
02299747,2025-12-31,core:IncreaseDecreaseInCurrentTaxFromAdjustmentForPriorPeriods,Adjustments in respect of prior periods,0.2,GBP,-2,-,C,False,ok
02299747,2024-12-31,core:IncreaseDecreaseInCurrentTaxFromAdjustmentForPriorPeriods,Adjustments in respect of prior periods,2.3,GBP,-2,,F,False,ok
02299747,2025-12-31,core:TotalCurrentTaxExpenseCredit,Adjustments in respect of prior periods,35.8,GBP,-2,,C,True,ok
02299747,2024-12-31,core:TotalCurrentTaxExpenseCredit,Adjustments in respect of prior periods,22.5,GBP,-2,,F,True,ok
02299747,2025-12-31,core:DeferredTaxExpenseCreditRelatingToOriginationReversalTemporaryDifferences,Origination and reversal of temporary differences,7.3,GBP,-2,-,C,False,ok
02299747,2024-12-31,core:DeferredTaxExpenseCreditRelatingToOriginationReversalTemporaryDifferences,Origination and reversal of temporary differences,15.7,GBP,-2,,F,False,ok
02299747,2025-12-31,core:TaxTaxCreditOnProfitOrLossOnOrdinaryActivities,Total tax charge,28.5,GBP,-2,,C,False,ok
02299747,2024-12-31,core:TaxTaxCreditOnProfitOrLossOnOrdinaryActivities,Total tax charge,38.2,GBP,-2,,F,False,ok
02299747,2025-12-31,core:OtherCurrentTaxExpense,Current income tax credit,0,GBP,-3,,C,False,ok
02299747,2024-12-31,core:OtherCurrentTaxExpense,Current income tax credit,6.8,GBP,-2,-,F,False,ok
02299747,2025-12-31,core:OtherDeferredTaxExpenseCredit,Origination and reversal of temporary differences,2.6,GBP,-2,-,C,False,ok
02299747,2024-12-31,core:OtherDeferredTaxExpenseCredit,Origination and reversal of temporary differences,4.0,GBP,-2,,F,False,ok
02299747,2025-12-31,core:IncomeTaxExpenseCreditOnComponentsOtherComprehensiveIncome,Total tax credit reported in other comprehensive income statement,2.6,GBP,-2,-,C,False,ok
02299747,2024-12-31,core:IncomeTaxExpenseCreditOnComponentsOtherComprehensiveIncome,Total tax credit reported in other comprehensive income statement,2.8,GBP,-2,-,F,False,ok
02299747,2025-12-31,core:ProfitLossOnOrdinaryActivitiesBeforeTax,Profit before taxation,98.7,GBP,-2,,C,False,ok
02299747,2024-12-31,core:ProfitLossOnOrdinaryActivitiesBeforeTax,Profit before taxation,323.6,GBP,-2,,F,False,ok
02299747,2025-12-31,core:TaxExpenseCreditApplicableTaxRate,Expected tax charge based on the weighted average Corporation Tax rate of 25.00% (2024: 25.00%),24.7,GBP,-2,,C,False,ok
02299747,2024-12-31,core:TaxExpenseCreditApplicableTaxRate,Expected tax charge based on the weighted average Corporation Tax rate of 25.00% (2024: 25.00%),80.9,GBP,-2,,F,False,ok
02299747,2025-12-31,core:TaxIncreaseDecreaseFromEffectExpensesNotDeductibleInDeterminingTaxableProfitOrLoss,Expenses not deductible for tax purpose,10.9,GBP,-2,,C,False,ok
02299747,2024-12-31,core:TaxIncreaseDecreaseFromEffectExpensesNotDeductibleInDeterminingTaxableProfitOrLoss,Expenses not deductible for tax purpose,40.8,GBP,-2,,F,False,ok
02299747,2025-12-31,core:TaxDecreaseIncreaseFromEffectRevenueExemptFromTaxation,Non-taxable income,0.1,GBP,-2,,C,False,ok
02299747,2024-12-31,core:TaxDecreaseIncreaseFromEffectRevenueExemptFromTaxation,Non-taxable income,98.8,GBP,-2,,F,False,ok
02299747,2025-12-31,core:DeferredTaxExpenseCreditFromUnrecognisedTaxLossOrCredit,Change in unrecognised deferred tax assets,6.8,GBP,-2,-,C,False,ok
02299747,2024-12-31,core:DeferredTaxExpenseCreditFromUnrecognisedTaxLossOrCredit,Change in unrecognised deferred tax assets,13.0,GBP,-2,,F,False,ok
02299747,2025-12-31,core:IncreaseDecreaseInCurrentTaxFromAdjustmentForPriorPeriods,Adjustment in respect of current income tax of prior periods,0.2,GBP,-2,-,C,False,ok
02299747,2024-12-31,core:IncreaseDecreaseInCurrentTaxFromAdjustmentForPriorPeriods,Adjustment in respect of current income tax of prior periods,2.3,GBP,-2,,F,False,ok
02299747,2025-12-31,core:TaxTaxCreditOnProfitOrLossOnOrdinaryActivities,Total tax charge reported in the income statement,28.5,GBP,-2,,C,False,ok
02299747,2024-12-31,core:TaxTaxCreditOnProfitOrLossOnOrdinaryActivities,Total tax charge reported in the income statement,38.2,GBP,-2,,F,False,ok
02299747,2025-12-31,core:DeferredTaxAssets,Decelerated capital allowances,39.6,GBP,-2,,B_HU_HV,False,ok
02299747,2024-12-31,core:DeferredTaxAssets,Decelerated capital allowances,34.8,GBP,-2,,E_HU_HV,False,ok
02299747,2025-12-31,core:IncreaseDecreaseInDeferredTaxAssetsRecognisedInProfitOrLoss,Decelerated capital allowances,4.8,GBP,-2,,C_HU_HV,False,ok
02299747,2024-12-31,core:IncreaseDecreaseInDeferredTaxAssetsRecognisedInProfitOrLoss,Decelerated capital allowances,6.9,GBP,-2,-,F_HU_HV,False,ok
02299747,2025-12-31,core:DeferredTaxAssets,Tax losses,3.8,GBP,-2,,B_HU_HW,False,ok
02299747,2024-12-31,core:DeferredTaxAssets,Tax losses,0,GBP,-3,,E_HU_HW,False,ok
02299747,2025-12-31,core:IncreaseDecreaseInDeferredTaxAssetsRecognisedInProfitOrLoss,Tax losses,3.8,GBP,-2,,C_HU_HW,False,ok
02299747,2024-12-31,core:IncreaseDecreaseInDeferredTaxAssetsRecognisedInProfitOrLoss,Tax losses,4.0,GBP,-2,-,F_HU_HW,False,ok
02299747,2025-12-31,core:DeferredTaxAssets,Pension schemes' asset,6.7,GBP,-2,-,B_HU_HX,False,ok
02299747,2024-12-31,core:DeferredTaxAssets,Pension schemes' asset,8.7,GBP,-2,-,E_HU_HX,False,ok
02299747,2025-12-31,core:IncreaseDecreaseInDeferredTaxAssetsRecognisedInProfitOrLoss,Pension schemes' asset,0.6,GBP,-2,-,C_HU_HX,False,ok
02299747,2024-12-31,core:IncreaseDecreaseInDeferredTaxAssetsRecognisedInProfitOrLoss,Pension schemes' asset,6.2,GBP,-2,-,F_HU_HX,False,ok
02299747,2025-12-31,core:DeferredTaxAssets,Contract fulfilment assets,0,GBP,-3,,B_HU_HY,False,ok
02299747,2024-12-31,core:DeferredTaxAssets,Contract fulfilment assets,0,GBP,-3,,E_HU_HY,False,ok
02299747,2025-12-31,core:IncreaseDecreaseInDeferredTaxAssetsRecognisedInProfitOrLoss,Contract fulfilment assets,0,GBP,-3,,C_HU_HY,False,ok
02299747,2024-12-31,core:IncreaseDecreaseInDeferredTaxAssetsRecognisedInProfitOrLoss,Contract fulfilment assets,0.1,GBP,-2,,F_HU_HY,False,ok
02299747,2025-12-31,core:DeferredTaxAssets,Other timing differences,4.3,GBP,-2,,B_HU_HZ,False,ok
02299747,2024-12-31,core:DeferredTaxAssets,Other timing differences,5.0,GBP,-2,,E_HU_HZ,False,ok
02299747,2025-12-31,core:IncreaseDecreaseInDeferredTaxAssetsRecognisedInProfitOrLoss,Other timing differences,0.7,GBP,-2,-,C_HU_HZ,False,ok
02299747,2024-12-31,core:IncreaseDecreaseInDeferredTaxAssetsRecognisedInProfitOrLoss,Other timing differences,1.3,GBP,-2,,F_HU_HZ,False,ok
02299747,2025-12-31,core:DeferredTaxAssets,Deferred tax assets,41.0,GBP,-2,,B,False,ok
02299747,2024-12-31,core:DeferredTaxAssets,Deferred tax assets,31.1,GBP,-2,,E,False,ok
02299747,2025-12-31,core:IncreaseDecreaseInDeferredTaxAssetsRecognisedInProfitOrLoss,Deferred tax (credit)/charge to income statement,7.3,GBP,-2,,C,False,ok
02299747,2024-12-31,core:IncreaseDecreaseInDeferredTaxAssetsRecognisedInProfitOrLoss,Deferred tax (credit)/charge to income statement,15.7,GBP,-2,-,F,False,ok
02299747,2025-12-31,core:IncreaseDecreaseInDeferredTaxAssetsRecognisedInOtherComprehensiveIncome,Actuarial differences recognised as other comprehensive income,2.6,GBP,-2,,C,False,ok
02299747,2024-12-31,core:IncreaseDecreaseInDeferredTaxAssetsRecognisedInOtherComprehensiveIncome,Actuarial differences recognised as other comprehensive income,4.0,GBP,-2,-,F,False,ok
02299747,2024-12-31,core:PropertyPlantEquipmentGrossCost,At 1 January 2025,9.2,GBP,-2,,A_GD_IA_GE_IB,False,ok
02299747,2024-12-31,core:PropertyPlantEquipmentGrossCost,At 1 January 2025,20.8,GBP,-2,,A_GD_IC_GE_ID,False,ok
02299747,2024-12-31,core:PropertyPlantEquipmentGrossCost,At 1 January 2025,2.5,GBP,-2,,A_GD_IE,False,ok
02299747,2024-12-31,core:PropertyPlantEquipmentGrossCost,At 1 January 2025,9.3,GBP,-2,,A_GD_IF,False,ok
02299747,2024-12-31,core:PropertyPlantEquipmentGrossCost,At 1 January 2025,41.8,GBP,-2,,A,False,ok
02299747,2025-12-31,core:AdditionsOtherThanThroughBusinessCombinationsPropertyPlantEquipment,Additions,0,GBP,-3,,C_GD_IA_GE_IB,False,ok
02299747,2025-12-31,core:AdditionsOtherThanThroughBusinessCombinationsPropertyPlantEquipment,Additions,0.9,GBP,-2,,C_GD_IC_GE_ID,False,ok
02299747,2025-12-31,core:AdditionsOtherThanThroughBusinessCombinationsPropertyPlantEquipment,Additions,0,GBP,-3,,C_GD_IE,False,ok
02299747,2025-12-31,core:AdditionsOtherThanThroughBusinessCombinationsPropertyPlantEquipment,Additions,0.4,GBP,-2,,C_GD_IF,False,ok
02299747,2025-12-31,core:AdditionsOtherThanThroughBusinessCombinationsPropertyPlantEquipment,Additions,1.3,GBP,-2,,C,False,ok
02299747,2025-12-31,core:OtherDisposalsPropertyPlantEquipment,Disposals,0,GBP,-3,,C_GD_IA_GE_IB,False,ok
02299747,2025-12-31,core:OtherDisposalsPropertyPlantEquipment,Disposals,0.2,GBP,-2,,C_GD_IC_GE_ID,False,ok
02299747,2025-12-31,core:OtherDisposalsPropertyPlantEquipment,Disposals,0,GBP,-3,,C_GD_IE,False,ok
02299747,2025-12-31,core:OtherDisposalsPropertyPlantEquipment,Disposals,0.4,GBP,-2,,C_GD_IF,False,ok
02299747,2025-12-31,core:OtherDisposalsPropertyPlantEquipment,Disposals,0.6,GBP,-2,,C,False,ok
02299747,2025-12-31,core:IncreaseDecreaseThroughOtherChangesPropertyPlantEquipment,Intragroup transfer,0,GBP,-3,,C_GD_IA_GE_IB,False,ok
02299747,2025-12-31,core:IncreaseDecreaseThroughOtherChangesPropertyPlantEquipment,Intragroup transfer,0,GBP,-3,,C_GD_IC_GE_ID,False,ok
02299747,2025-12-31,core:IncreaseDecreaseThroughOtherChangesPropertyPlantEquipment,Intragroup transfer,0,GBP,-3,,C_GD_IE,False,ok
02299747,2025-12-31,core:IncreaseDecreaseThroughOtherChangesPropertyPlantEquipment,Intragroup transfer,0.4,GBP,-2,,C_GD_IF,False,ok
02299747,2025-12-31,core:IncreaseDecreaseThroughOtherChangesPropertyPlantEquipment,Intragroup transfer,0.4,GBP,-2,,C,False,ok
02299747,2025-12-31,core:RetirementsPropertyPlantEquipment,Asset retirement,0,GBP,-3,,C_GD_IA_GE_IB,False,ok
02299747,2025-12-31,core:RetirementsPropertyPlantEquipment,Asset retirement,4.0,GBP,-2,,C_GD_IC_GE_ID,False,ok
02299747,2025-12-31,core:RetirementsPropertyPlantEquipment,Asset retirement,2.4,GBP,-2,,C_GD_IE,False,ok
02299747,2025-12-31,core:RetirementsPropertyPlantEquipment,Asset retirement,1.7,GBP,-2,,C_GD_IF,False,ok
02299747,2025-12-31,core:RetirementsPropertyPlantEquipment,Asset retirement,8.1,GBP,-2,,C,False,ok
02299747,2025-12-31,core:PropertyPlantEquipmentGrossCost,At 31 December 2025,9.2,GBP,-2,,B_GD_IA_GE_IB,False,ok
02299747,2025-12-31,core:PropertyPlantEquipmentGrossCost,At 31 December 2025,17.5,GBP,-2,,B_GD_IC_GE_ID,False,ok
02299747,2025-12-31,core:PropertyPlantEquipmentGrossCost,At 31 December 2025,0.1,GBP,-2,,B_GD_IE,False,ok
02299747,2025-12-31,core:PropertyPlantEquipmentGrossCost,At 31 December 2025,8.0,GBP,-2,,B_GD_IF,False,ok
02299747,2025-12-31,core:PropertyPlantEquipmentGrossCost,At 31 December 2025,34.8,GBP,-2,,B,False,ok
02299747,2024-12-31,core:AccumulatedDepreciationImpairmentPropertyPlantEquipment,At 1 January 2025,6.6,GBP,-2,,A_GD_IA_GE_IB,False,ok
02299747,2024-12-31,core:AccumulatedDepreciationImpairmentPropertyPlantEquipment,At 1 January 2025,10.0,GBP,-2,,A_GD_IC_GE_ID,False,ok
02299747,2024-12-31,core:AccumulatedDepreciationImpairmentPropertyPlantEquipment,At 1 January 2025,2.3,GBP,-2,,A_GD_IE,False,ok
02299747,2024-12-31,core:AccumulatedDepreciationImpairmentPropertyPlantEquipment,At 1 January 2025,5.9,GBP,-2,,A_GD_IF,False,ok
02299747,2024-12-31,core:AccumulatedDepreciationImpairmentPropertyPlantEquipment,At 1 January 2025,24.8,GBP,-2,,A,False,ok
02299747,2025-12-31,core:IncreaseFromDepreciationChargeForYearPropertyPlantEquipment,Charge for the year,0.3,GBP,-2,,C_GD_IA_GE_IB,False,ok
02299747,2025-12-31,core:IncreaseFromDepreciationChargeForYearPropertyPlantEquipment,Charge for the year,2.8,GBP,-2,,C_GD_IC_GE_ID,False,ok
02299747,2025-12-31,core:IncreaseFromDepreciationChargeForYearPropertyPlantEquipment,Charge for the year,0,GBP,-3,,C_GD_IE,False,ok
02299747,2025-12-31,core:IncreaseFromDepreciationChargeForYearPropertyPlantEquipment,Charge for the year,1.5,GBP,-2,,C_GD_IF,False,ok
02299747,2025-12-31,core:IncreaseFromDepreciationChargeForYearPropertyPlantEquipment,Charge for the year,4.6,GBP,-2,,C,False,ok
02299747,2025-12-31,core:IncreaseFromImpairmentLossRecognisedInProfitOrLossPropertyPlantEquipment,Impairment,0,GBP,-3,,C_GD_IA_GE_IB,False,ok
02299747,2025-12-31,core:IncreaseFromImpairmentLossRecognisedInProfitOrLossPropertyPlantEquipment,Impairment,0.1,GBP,-2,,C_GD_IC_GE_ID,False,ok
02299747,2025-12-31,core:IncreaseFromImpairmentLossRecognisedInProfitOrLossPropertyPlantEquipment,Impairment,0.2,GBP,-2,,C_GD_IE,False,ok
02299747,2025-12-31,core:IncreaseFromImpairmentLossRecognisedInProfitOrLossPropertyPlantEquipment,Impairment,0,GBP,-3,,C_GD_IF,False,ok
02299747,2025-12-31,core:DecreaseFromReversalImpairmentLossRecognisedInProfitOrLossPropertyPlantEquipment,Impairment,0.3,GBP,-2,-,C,False,ok
02299747,2025-12-31,core:OtherDisposalsDecreaseInDepreciationImpairmentPropertyPlantEquipment,Disposals,0,GBP,-3,,C_GD_IA_GE_IB,False,ok
02299747,2025-12-31,core:OtherDisposalsDecreaseInDepreciationImpairmentPropertyPlantEquipment,Disposals,0.2,GBP,-2,,C_GD_IC_GE_ID,False,ok
02299747,2025-12-31,core:OtherDisposalsDecreaseInDepreciationImpairmentPropertyPlantEquipment,Disposals,0,GBP,-3,,C_GD_IE,False,ok
02299747,2025-12-31,core:OtherDisposalsDecreaseInDepreciationImpairmentPropertyPlantEquipment,Disposals,0.4,GBP,-2,,C_GD_IF,False,ok
02299747,2025-12-31,core:OtherDisposalsDecreaseInDepreciationImpairmentPropertyPlantEquipment,Disposals,0.6,GBP,-2,,C,False,ok
02299747,2025-12-31,core:OtherIncreaseDecreaseInDepreciationImpairmentPropertyPlantEquipment,Intragroup transfer,0,GBP,-3,,C_GD_IA_GE_IB,False,ok
02299747,2025-12-31,core:OtherIncreaseDecreaseInDepreciationImpairmentPropertyPlantEquipment,Intragroup transfer,0,GBP,-3,,C_GD_IC_GE_ID,False,ok
02299747,2025-12-31,core:OtherIncreaseDecreaseInDepreciationImpairmentPropertyPlantEquipment,Intragroup transfer,0,GBP,-3,,C_GD_IE,False,ok
02299747,2025-12-31,core:OtherIncreaseDecreaseInDepreciationImpairmentPropertyPlantEquipment,Intragroup transfer,0.4,GBP,-2,,C_GD_IF,False,ok
02299747,2025-12-31,core:OtherIncreaseDecreaseInDepreciationImpairmentPropertyPlantEquipment,Intragroup transfer,0.4,GBP,-2,,C,False,ok
02299747,2025-12-31,core:RetirementsDecreaseInDepreciationImpairmentPropertyPlantEquipment,Asset retirement,0,GBP,-3,,C_GD_IA_GE_IB,False,ok
02299747,2025-12-31,core:RetirementsDecreaseInDepreciationImpairmentPropertyPlantEquipment,Asset retirement,4.0,GBP,-2,,C_GD_IC_GE_ID,False,ok
02299747,2025-12-31,core:RetirementsDecreaseInDepreciationImpairmentPropertyPlantEquipment,Asset retirement,2.4,GBP,-2,,C_GD_IE,False,ok
02299747,2025-12-31,core:RetirementsDecreaseInDepreciationImpairmentPropertyPlantEquipment,Asset retirement,1.7,GBP,-2,,C_GD_IF,False,ok
02299747,2025-12-31,core:RetirementsDecreaseInDepreciationImpairmentPropertyPlantEquipment,Asset retirement,8.1,GBP,-2,,C,False,ok
02299747,2025-12-31,core:AccumulatedDepreciationImpairmentPropertyPlantEquipment,At 31 December 2025,6.9,GBP,-2,,B_GD_IA_GE_IB,False,ok
02299747,2025-12-31,core:AccumulatedDepreciationImpairmentPropertyPlantEquipment,At 31 December 2025,8.7,GBP,-2,,B_GD_IC_GE_ID,False,ok
02299747,2025-12-31,core:AccumulatedDepreciationImpairmentPropertyPlantEquipment,At 31 December 2025,0.1,GBP,-2,,B_GD_IE,False,ok
02299747,2025-12-31,core:AccumulatedDepreciationImpairmentPropertyPlantEquipment,At 31 December 2025,5.7,GBP,-2,,B_GD_IF,False,ok
02299747,2025-12-31,core:AccumulatedDepreciationImpairmentPropertyPlantEquipment,At 31 December 2025,21.4,GBP,-2,,B,False,ok
02299747,2025-12-31,core:PropertyPlantEquipmentExcludingRight-of-useAssets,At 31 December 2025,2.3,GBP,-2,,B_GD_IA_GE_IB,False,ok
02299747,2025-12-31,core:PropertyPlantEquipmentExcludingRight-of-useAssets,At 31 December 2025,8.8,GBP,-2,,B_GD_IC_GE_ID,False,ok
02299747,2025-12-31,core:PropertyPlantEquipmentExcludingRight-of-useAssets,At 31 December 2025,0,GBP,-3,,B_GD_IE,False,ok
02299747,2025-12-31,core:PropertyPlantEquipmentExcludingRight-of-useAssets,At 31 December 2025,2.3,GBP,-2,,B_GD_IF,False,ok
02299747,2025-12-31,core:PropertyPlantEquipmentExcludingRight-of-useAssets,At 31 December 2025,13.4,GBP,-2,,B,False,ok
02299747,2024-12-31,core:PropertyPlantEquipmentExcludingRight-of-useAssets,At 31 December 2024,2.6,GBP,-2,,E_GD_IA_GE_IB,False,ok
02299747,2024-12-31,core:PropertyPlantEquipmentExcludingRight-of-useAssets,At 31 December 2024,10.8,GBP,-2,,E_GD_IC_GE_ID,False,ok
02299747,2024-12-31,core:PropertyPlantEquipmentExcludingRight-of-useAssets,At 31 December 2024,0.2,GBP,-2,,E_GD_IE,False,ok
02299747,2024-12-31,core:PropertyPlantEquipmentExcludingRight-of-useAssets,At 31 December 2024,3.4,GBP,-2,,E_GD_IF,False,ok
02299747,2024-12-31,core:PropertyPlantEquipmentExcludingRight-of-useAssets,At 31 December 2024,17.0,GBP,-2,,E,False,ok
02299747,2024-12-31,core:PropertyPlantEquipmentRight-of-useAssets,Net book value at 1 January 2025,123.0,GBP,-2,,A_GD_IA_GE_IG,False,ok
02299747,2024-12-31,core:PropertyPlantEquipmentRight-of-useAssets,Net book value at 1 January 2025,1.7,GBP,-2,,A_GD_IH_GE_IG,False,ok
02299747,2024-12-31,core:PropertyPlantEquipmentRight-of-useAssets,Net book value at 1 January 2025,6.9,GBP,-2,,A_GD_II_GE_IG,False,ok
02299747,2024-12-31,core:PropertyPlantEquipmentRight-of-useAssets,Net book value at 1 January 2025,131.6,GBP,-2,,A_GE_IG,False,ok
02299747,2025-12-31,core:AdditionsOtherThanThroughBusinessCombinationsPropertyPlantEquipment,Additions,1.0,GBP,-2,,C_GD_IA_GE_IG,False,ok
02299747,2025-12-31,core:AdditionsOtherThanThroughBusinessCombinationsPropertyPlantEquipment,Additions,0.2,GBP,-2,,C_GD_IH_GE_IG,False,ok
02299747,2025-12-31,core:AdditionsOtherThanThroughBusinessCombinationsPropertyPlantEquipment,Additions,4.7,GBP,-2,,C_GD_II_GE_IG,False,ok
02299747,2025-12-31,core:AdditionsOtherThanThroughBusinessCombinationsPropertyPlantEquipment,Additions,5.9,GBP,-2,,C_GE_IG,False,ok
02299747,2025-12-31,core:IncreaseFromDepreciationChargeForYearPropertyPlantEquipment,Depreciation charge,18.6,GBP,-2,,C_GD_IA_GE_IG,False,ok
02299747,2025-12-31,core:IncreaseFromDepreciationChargeForYearPropertyPlantEquipment,Depreciation charge,0.7,GBP,-2,,C_GD_IH_GE_IG,False,ok
02299747,2025-12-31,core:IncreaseFromDepreciationChargeForYearPropertyPlantEquipment,Depreciation charge,3.2,GBP,-2,,C_GD_II_GE_IG,False,ok
02299747,2025-12-31,core:IncreaseFromDepreciationChargeForYearPropertyPlantEquipment,Depreciation charge,22.5,GBP,-2,,C_GE_IG,False,ok
02299747,2025-12-31,core:IncreaseDecreaseFromTotalImpairmentLossRecognisedOrReversedPropertyPlantEquipment,Impairment,0.1,GBP,-2,,C_GD_IA_GE_IG,True,ok
02299747,2025-12-31,core:IncreaseDecreaseFromTotalImpairmentLossRecognisedOrReversedPropertyPlantEquipment,Impairment,0,GBP,-3,,C_GD_IH_GE_IG,True,ok
02299747,2025-12-31,core:IncreaseDecreaseFromTotalImpairmentLossRecognisedOrReversedPropertyPlantEquipment,Impairment,0,GBP,-3,,C_GD_II_GE_IG,True,ok
02299747,2025-12-31,core:IncreaseDecreaseFromTotalImpairmentLossRecognisedOrReversedPropertyPlantEquipment,Impairment,0.1,GBP,-2,,C_GE_IG,True,ok
02299747,2025-12-31,core:IncreaseDecreaseThroughOtherChangesPropertyPlantEquipment,Other movements,7.4,GBP,-2,,C_GD_IA_GE_IG,False,ok
02299747,2025-12-31,core:IncreaseDecreaseThroughOtherChangesPropertyPlantEquipment,Other movements,0.2,GBP,-2,-,C_GD_IH_GE_IG,False,ok
02299747,2025-12-31,core:IncreaseDecreaseThroughOtherChangesPropertyPlantEquipment,Other movements,0.2,GBP,-2,-,C_GD_II_GE_IG,False,ok
02299747,2025-12-31,core:IncreaseDecreaseThroughOtherChangesPropertyPlantEquipment,Other movements,7.0,GBP,-2,,C_GE_IG,False,ok
02299747,2025-12-31,core:PropertyPlantEquipmentRight-of-useAssets,Net book value at 31 December 2025,112.7,GBP,-2,,B_GD_IA_GE_IG,False,ok
02299747,2025-12-31,core:PropertyPlantEquipmentRight-of-useAssets,Net book value at 31 December 2025,1.0,GBP,-2,,B_GD_IH_GE_IG,False,ok
02299747,2025-12-31,core:PropertyPlantEquipmentRight-of-useAssets,Net book value at 31 December 2025,8.2,GBP,-2,,B_GD_II_GE_IG,False,ok
02299747,2025-12-31,core:PropertyPlantEquipmentRight-of-useAssets,Net book value at 31 December 2025,121.9,GBP,-2,,B_GE_IG,False,ok
02299747,2024-12-31,core:IntangibleAssetsGrossCost,At 1 January 2025,28.8,GBP,-2,,E_GF_GJ,False,ok
02299747,2024-12-31,core:IntangibleAssetsGrossCost,At 1 January 2025,29.3,GBP,-2,,E_GF_GL,False,ok
02299747,2024-12-31,core:IntangibleAssetsGrossCost,At 1 January 2025,58.1,GBP,-2,,E,False,ok
02299747,2025-12-31,core:AdditionsOtherThanThroughBusinessCombinationsIntangibleAssets,Additions,0,GBP,-3,,C_GF_GJ,False,ok
02299747,2025-12-31,core:AdditionsOtherThanThroughBusinessCombinationsIntangibleAssets,6.8,6.8,GBP,-2,,C,False,ok
02299747,2025-12-31,core:RetirementsIntangibleAssets,Asset retirement,0,GBP,-3,,C_GF_GJ,False,ok
02299747,2025-12-31,core:RetirementsIntangibleAssets,Asset retirement,2.8,GBP,-2,,C_GF_GL,False,ok
02299747,2025-12-31,core:IntangibleAssetsGrossCost,At 31 December 2025,28.8,GBP,-2,,B_GF_GJ,False,ok
02299747,2025-12-31,core:IntangibleAssetsGrossCost,At 31 December 2025,33.3,GBP,-2,,B_GF_GL,False,ok
02299747,2025-12-31,core:IntangibleAssetsGrossCost,At 31 December 2025,62.1,GBP,-2,,B,False,ok
02299747,2024-12-31,core:AccumulatedAmortisationImpairmentIntangibleAssets,At 1 January 2025,2.6,GBP,-2,,A_GF_GJ,False,ok
02299747,2024-12-31,core:AccumulatedAmortisationImpairmentIntangibleAssets,At 1 January 2025,13.3,GBP,-2,,A_GF_GL,False,ok
02299747,2024-12-31,core:AccumulatedAmortisationImpairmentIntangibleAssets,At 1 January 2025,15.9,GBP,-2,,A,False,ok
02299747,2025-12-31,core:IncreaseFromAmortisationChargeForYearIntangibleAssets,Charge for the year,0,GBP,-3,,C_GF_GJ,False,ok
02299747,2025-12-31,core:IncreaseFromAmortisationChargeForYearIntangibleAssets,Charge for the year,4.9,GBP,-2,,C_GF_GL,False,ok
02299747,2025-12-31,core:IncreaseFromAmortisationChargeForYearIntangibleAssets,Charge for the year,4.9,GBP,-2,,C,False,ok
02299747,2025-12-31,core:IncreaseFromImpairmentLossRecognisedInProfitOrLossIntangibleAssets,Impairment,0,GBP,-3,,C_GF_GJ,False,ok
02299747,2025-12-31,core:IncreaseFromImpairmentLossRecognisedInProfitOrLossIntangibleAssets,Impairment,0.5,GBP,-2,,C_GF_GL,False,ok
02299747,2025-12-31,core:IncreaseFromImpairmentLossRecognisedInProfitOrLossIntangibleAssets,Impairment,0.5,GBP,-2,,C,False,ok
02299747,2025-12-31,core:RetirementsDecreaseInAmortisationImpairmentIntangibleAssets,Asset retirement,0,GBP,-3,,C_GF_GJ,False,ok
02299747,2025-12-31,core:RetirementsDecreaseInAmortisationImpairmentIntangibleAssets,Asset retirement,2.8,GBP,-2,,C_GF_GL,False,ok
02299747,2025-12-31,core:RetirementsDecreaseInAmortisationImpairmentIntangibleAssets,Asset retirement,2.8,GBP,-2,,C,False,ok
02299747,2025-12-31,core:AccumulatedAmortisationImpairmentIntangibleAssets,At 31 December 2025,2.6,GBP,-2,,B_GF_GJ,False,ok
02299747,2025-12-31,core:AccumulatedAmortisationImpairmentIntangibleAssets,At 31 December 2025,15.9,GBP,-2,,B_GF_GL,False,ok
02299747,2025-12-31,core:AccumulatedAmortisationImpairmentIntangibleAssets,At 31 December 2025,18.5,GBP,-2,,B,False,ok
02299747,2025-12-31,core:IntangibleAssetsIncludingRight-of-useAssets,At 31 December 2025,26.2,GBP,-2,,B_GF_GJ_FH_GK,False,ok
02299747,2025-12-31,core:IntangibleAssetsIncludingRight-of-useAssets,At 31 December 2025,17.4,GBP,-2,,B_GF_GL,False,ok
02299747,2025-12-31,core:IntangibleAssetsIncludingRight-of-useAssets,At 31 December 2025,43.6,GBP,-2,,B,False,ok
02299747,2024-12-31,core:IntangibleAssetsIncludingRight-of-useAssets,At 31 December 2024,26.2,GBP,-2,,E_GF_GJ,False,ok
02299747,2024-12-31,core:IntangibleAssetsIncludingRight-of-useAssets,At 31 December 2024,16.0,GBP,-2,,E_GF_GL,False,ok
02299747,2024-12-31,core:IntangibleAssetsIncludingRight-of-useAssets,At 31 December 2024,42.2,GBP,-2,,E,False,ok
02299747,2024-12-31,core:InvestmentsInSubsidiaries,At 1 January 2025 & 31 December 2025,355.1,GBP,-2,,A_IJ_IK,False,ok
02299747,2024-12-31,core:InvestmentsInSubsidiaries,At 1 January 2025,224.1,GBP,-2,-,A_IJ_IL,False,ok
02299747,2025-12-31,core:InvestmentsInSubsidiaries,Impairment charges ◙,41.3,GBP,-2,-,B_IJ_IM,False,ok
02299747,2025-12-31,core:InvestmentsInSubsidiaries,At 31 December 2025,265.4,GBP,-2,-,B_IJ_IL,False,ok
02299747,2025-12-31,core:InvestmentsInSubsidiaries,At 31 December 2025,89.7,GBP,-2,,B,False,ok
02299747,2024-12-31,core:InvestmentsInSubsidiaries,At 31 December 2024,131.0,GBP,-2,,E,False,ok
02299747,2025-12-31,core:PercentageClassShareHeldInSubsidiary,Indirect,100.00,pure,4,,C_HT_JW_IN_FZ,False,ok
02299747,2025-12-31,core:PercentageClassShareHeldInSubsidiary,Indirect,100.00,pure,4,,C_HT_JX_IN_FZ,False,ok
02299747,2025-12-31,core:PercentageClassShareHeldInSubsidiary,Indirect,100.00,pure,4,,C_HT_JY_IN_FZ,False,ok
02299747,2025-12-31,core:PercentageClassShareHeldInSubsidiary,Indirect,50.00,pure,4,,C_HT_JZ_IN_FZ,False,ok
02299747,2025-12-31,core:PercentageClassShareHeldInSubsidiary,Indirect,100.00,pure,4,,C_HT_KA_IN_FZ,False,ok
02299747,2025-12-31,core:PercentageClassShareHeldInSubsidiary,Indirect,100.00,pure,4,,C_HT_KB_IN_FZ,False,ok
02299747,2025-12-31,core:PercentageClassShareHeldInSubsidiary,Indirect,50.10,pure,4,,C_HT_KC_IN_FZ,False,ok
02299747,2025-12-31,core:PercentageClassShareHeldInSubsidiary,Indirect,100.00,pure,4,,C_HT_KD_IN_FZ,False,ok
02299747,2025-12-31,core:PercentageClassShareHeldInSubsidiary,Indirect,100.00,pure,4,,C_HT_KE_IN_FZ,False,ok
02299747,2025-12-31,core:PercentageClassShareHeldInSubsidiary,Indirect,51.00,pure,4,,C_HT_KF_IN_FZ,False,ok
02299747,2025-12-31,core:PercentageClassShareHeldInSubsidiary,Indirect,100.00,pure,4,,C_HT_KG_IN_FZ,False,ok
02299747,2025-12-31,core:PercentageClassShareHeldInSubsidiary,Indirect,100.00,pure,4,,C_HT_KH_IN_FZ,False,ok
02299747,2025-12-31,core:PercentageClassShareHeldInSubsidiary,Indirect,100.00,pure,4,,C_HT_KI_IN_FZ,False,ok
02299747,2025-12-31,core:PercentageClassShareHeldInSubsidiary,Indirect,100.00,pure,4,,C_HT_KJ_IN_FZ,False,ok
02299747,2025-12-31,core:PercentageClassShareHeldInSubsidiary,Indirect,100.00,pure,4,,C_HT_KK_IN_FZ,False,ok
02299747,2025-12-31,core:PercentageClassShareHeldInSubsidiary,Indirect,100.00,pure,4,,C_HT_KL_IN_FZ,False,ok
02299747,2025-12-31,core:PercentageClassShareHeldInSubsidiary,Indirect,100.00,pure,4,,C_HT_KM_IN_FZ,False,ok
02299747,2025-12-31,core:PercentageClassShareHeldInSubsidiary,Indirect,100.00,pure,4,,C_HT_KN_IN_FZ,False,ok
02299747,2025-12-31,core:PercentageClassShareHeldInSubsidiary,Indirect,100.00,pure,4,,C_HT_KO_IN_FZ,False,ok
02299747,2025-12-31,core:PercentageClassShareHeldInSubsidiary,Indirect,100.00,pure,4,,C_HT_KP_IN_FZ,False,ok
02299747,2025-12-31,core:PercentageClassShareHeldInSubsidiary,Indirect,100.00,pure,4,,C_HT_KQ_IN_FZ,False,ok
02299747,2025-12-31,core:PercentageClassShareHeldInSubsidiary,Indirect,100.00,pure,4,,C_HT_KR_IN_FZ,False,ok
02299747,2025-12-31,core:PercentageClassShareHeldInSubsidiary,Indirect,100.00,pure,4,,C_HT_KS_IN_FZ,False,ok
02299747,2025-12-31,core:PercentageClassShareHeldInSubsidiary,Indirect,100.00,pure,4,,C_HT_KT_IN_FZ,False,ok
02299747,2025-12-31,core:PercentageClassShareHeldInSubsidiary,Indirect,49.00,pure,4,,C_HT_KU_IN_FZ,False,ok
02299747,2025-12-31,core:PercentageClassShareHeldInSubsidiary,Indirect,100.00,pure,4,,C_HT_KV_IN_FZ,False,ok
02299747,2025-12-31,core:PercentageClassShareHeldInSubsidiary,Indirect,100.00,pure,4,,C_HT_KW_IN_FZ,False,ok
02299747,2025-12-31,core:PercentageClassShareHeldInSubsidiary,Indirect,50.00,pure,4,,C_HT_KX_IN_FZ,False,ok
02299747,2025-12-31,core:PercentageClassShareHeldInSubsidiary,Indirect,100.00,pure,4,,C_HT_KY_IN_FZ,False,ok
02299747,2025-12-31,core:PercentageClassShareHeldInSubsidiary,Indirect,97.30,pure,4,,C_HT_KZ_IN_FZ,False,ok
02299747,2023-12-31,core:ContractAssets,At 1 January 2024,226.6,GBP,-2,,D,False,ok
02299747,2024-12-31,core:TotalAdditionsIncludingFromBusinessCombinationsContractAssets,Additions,57.9,GBP,-2,,F,True,ok
02299747,2024-12-31,core:DecreaseIncreaseDueToTransfersIntoOrOutContractAssets,Intragroup transfer,4.8,GBP,-2,,F,False,ok
02299747,2024-12-31,core:OtherIncreaseDecreaseInContractAssets,Utilised during the year,59.6,GBP,-2,-,F,False,ok
02299747,2024-12-31,core:OtherDisposalsDerecognitionContractAssets,Derecognition,1.7,GBP,-2,,F,False,ok
02299747,2024-12-31,core:DecreaseIncreaseFromTotalImpairmentLossRecognisedOrReversedInProfitOrLossContractAssets,Impairment,0.1,GBP,-2,,F,True,ok
02299747,2024-12-31,core:ContractAssets,At 31 December 2024,218.3,GBP,-2,,E,False,ok
02299747,2025-12-31,core:TotalAdditionsIncludingFromBusinessCombinationsContractAssets,Additions,36.9,GBP,-2,,C,True,ok
02299747,2025-12-31,core:OtherIncreaseDecreaseInContractAssets,Utilised during the year,68.7,GBP,-2,-,C,False,ok
02299747,2025-12-31,core:OtherDisposalsDerecognitionContractAssets,Derecognition,11.1,GBP,-2,,C,False,ok
02299747,2025-12-31,core:ContractAssets,At 31 December 2025,175.4,GBP,-2,,B,False,ok
02299747,2025-12-31,core:TotalFinanceLeaseReceivablesLessor,Finance lease receivable,91.8,GBP,-2,,B_GO_GP,True,ok
02299747,2024-12-31,core:TotalFinanceLeaseReceivablesLessor,Finance lease receivable,91.5,GBP,-2,,E_GO_GP,True,ok
02299747,2025-12-31,core:TotalFinanceLeaseReceivablesLessor,Finance lease receivable,4.8,GBP,-2,,B_GO_GX,True,ok
02299747,2024-12-31,core:TotalFinanceLeaseReceivablesLessor,Finance lease receivable,4.2,GBP,-2,,E,True,ok
02299747,2025-12-31,core:PresentValueFinanceLeaseReceivablesLessor,Less than one year,10.1,GBP,-2,,B_GN_HI_GU_HF,False,ok
02299747,2024-12-31,core:PresentValueFinanceLeaseReceivablesLessor,Less than one year,9.5,GBP,-2,,E_GN_HI_GU_HF,False,ok
02299747,2025-12-31,core:PresentValueFinanceLeaseReceivablesLessor,One to two years,10.2,GBP,-2,,B_GN_HI_GU_HJ,False,ok
02299747,2024-12-31,core:PresentValueFinanceLeaseReceivablesLessor,One to two years,10.0,GBP,-2,,E_GN_HI_GU_HJ,False,ok
02299747,2025-12-31,core:PresentValueFinanceLeaseReceivablesLessor,More than two years,124.9,GBP,-2,,B_GN_HI_GU_HK,False,ok
02299747,2024-12-31,core:PresentValueFinanceLeaseReceivablesLessor,More than two years,130.4,GBP,-2,,E_GN_HI_GU_HK,False,ok
02299747,2025-12-31,core:PresentValueFinanceLeaseReceivablesLessor,Total undiscounted lease payments receivable,145.2,GBP,-2,,B_GN_HI,False,ok
02299747,2024-12-31,core:PresentValueFinanceLeaseReceivablesLessor,Total undiscounted lease payments receivable,149.9,GBP,-2,,E_GN_HI,False,ok
02299747,2025-12-31,core:UnearnedFinanceIncomeOnFinanceLeasesLessor,Unearned finance income,48.6,GBP,-2,,B,False,ok
02299747,2024-12-31,core:UnearnedFinanceIncomeOnFinanceLeasesLessor,Unearned finance income,54.2,GBP,-2,,E,False,ok
02299747,2025-12-31,core:PresentValueFinanceLeaseReceivablesLessor,Net investment,96.6,GBP,-2,,B,False,ok
02299747,2024-12-31,core:PresentValueFinanceLeaseReceivablesLessor,Net investment,95.7,GBP,-2,,E,False,ok
02299747,2025-12-31,core:TradeDebtorsTradeReceivables,Trade receivables,35.9,GBP,-2,,B_GO_GX,False,ok
02299747,2024-12-31,core:TradeDebtorsTradeReceivables,Trade receivables,38.9,GBP,-2,,E_GO_GX,False,ok
02299747,2025-12-31,core:FurtherItemDebtorsComponentTotalDebtors,Contract fulfilment assets,2.4,GBP,-2,,B_GO_GX_FY_FZ,True,ok
02299747,2024-12-31,core:FurtherItemDebtorsComponentTotalDebtors,Contract fulfilment assets,3.5,GBP,-2,,E_GO_GX_FY_FZ,True,ok
02299747,2025-12-31,core:AmountsOwedByParentEntities,Amounts due from Group companies,423.6,GBP,-2,,B_GO_GX,False,ok
02299747,2024-12-31,core:AmountsOwedByParentEntities,Amounts due from Group companies,865.9,GBP,-2,,E_GO_GX,False,ok
02299747,2025-12-31,core:OtherDebtors,Other receivables,16.6,GBP,-2,,B_GO_GX,False,ok
02299747,2024-12-31,core:OtherDebtors,Other receivables,0.2,GBP,-2,,E_GO_GX,False,ok
02299747,2025-12-31,core:AccruedIncome,Accrued income,93.5,GBP,-2,,B_GO_GX,False,ok
02299747,2024-12-31,core:AccruedIncome,Accrued income,80.4,GBP,-2,,E_GO_GX,False,ok
02299747,2025-12-31,core:Prepayments,Prepayments,19.5,GBP,-2,,B_GO_GX,False,ok
02299747,2024-12-31,core:Prepayments,Prepayments,19.5,GBP,-2,,E_GO_GX,False,ok
02299747,2025-12-31,core:Debtors,Prepayments,591.5,GBP,-2,,B_GO_GX,False,ok
02299747,2024-12-31,core:Debtors,Prepayments,"1,008.4",GBP,-2,,E_GO_GX,False,ok
02299747,2025-12-31,core:AmountsOwedByParentEntities,Amount due from Group companies,556.5,GBP,-2,,B_GO_GP,False,ok
02299747,2024-12-31,core:AmountsOwedByParentEntities,Amount due from Group companies,0,GBP,-3,,E_GO_GP,False,ok
02299747,2025-12-31,core:Prepayments,Prepayments,1.7,GBP,-2,,B_GO_GP,False,ok
02299747,2024-12-31,core:Prepayments,Prepayments,2.7,GBP,-2,,E_GO_GP,False,ok
02299747,2025-12-31,core:Debtors,Prepayments,558.2,GBP,-2,,B_GO_GP,False,ok
02299747,2024-12-31,core:Debtors,Prepayments,2.7,GBP,-2,,E_GO_GP,False,ok
02299747,2025-12-31,core:CashBankOnHand,Cash at bank and in hand,9.2,GBP,-2,,B,False,ok
02299747,2024-12-31,core:CashBankOnHand,Cash at bank and in hand,4.4,GBP,-2,,E,False,ok
02299747,2025-12-31,core:CashCashEquivalents,Cash at bank and in hand,9.2,GBP,-2,,B,False,ok
02299747,2024-12-31,core:CashCashEquivalents,Cash at bank and in hand,4.4,GBP,-2,,E,False,ok
02299747,2025-12-31,core:BankOverdrafts,Bank overdrafts,0,GBP,-3,,B_GO_GX,False,ok
02299747,2024-12-31,core:BankOverdrafts,Bank overdrafts,2.4,GBP,-2,,E_GO_GX,False,ok
02299747,2025-12-31,core:FinancialLiabilities,Bank overdrafts,0,GBP,-3,,B_GO_GX,False,ok
02299747,2024-12-31,core:FinancialLiabilities,Bank overdrafts,2.4,GBP,-2,,E_GO_GX,False,ok
02299747,2025-12-31,core:TradeCreditorsTradePayables,Trade payables,68.6,GBP,-2,,B_GO_GX,False,ok
02299747,2024-12-31,core:TradeCreditorsTradePayables,Trade payables,43.2,GBP,-2,,E_GO_GX,False,ok
02299747,2025-12-31,core:AmountsOwedToParentEntities,Amount due to Group companies,17.8,GBP,-2,,B_GO_GX,False,ok
02299747,2024-12-31,core:AmountsOwedToParentEntities,Amount due to Group companies,7.9,GBP,-2,,E_GO_GX,False,ok
02299747,2025-12-31,core:AccruedLiabilities,Accruals,77.7,GBP,-2,,B_GO_GX,False,ok
02299747,2024-12-31,core:AccruedLiabilities,Accruals,76.3,GBP,-2,,E_GO_GX,False,ok
02299747,2025-12-31,core:OtherTaxationSocialSecurityPayable,Other taxes and social security,43.3,GBP,-2,,B_GO_GX,False,ok
02299747,2024-12-31,core:OtherTaxationSocialSecurityPayable,Other taxes and social security,36.1,GBP,-2,,E_GO_GX,False,ok
02299747,2025-12-31,core:OtherCreditors,Other payables,31.3,GBP,-2,,B_GO_GX,False,ok
02299747,2024-12-31,core:OtherCreditors,Other payables,14.1,GBP,-2,,E_GO_GX,False,ok
02299747,2025-12-31,core:Creditors,Other payables,238.7,GBP,-2,,B_GO_GX,False,ok
02299747,2024-12-31,core:Creditors,Other payables,177.6,GBP,-2,,E_GO_GX,False,ok
02299747,2025-12-31,core:LeaseLiabilities,Current liabilities,28.3,GBP,-2,,B_GO_GX,False,ok
02299747,2024-12-31,core:LeaseLiabilities,Current liabilities,28.9,GBP,-2,,E_GO_GX,False,ok
02299747,2025-12-31,core:LeaseLiabilities,Non-current liabilities,237.2,GBP,-2,,B_GO_GP,False,ok
02299747,2024-12-31,core:LeaseLiabilities,Non-current liabilities,253.0,GBP,-2,,E_GO_GP,False,ok
02299747,2025-12-31,core:LeaseLiabilities,Non-current liabilities,265.5,GBP,-2,,B,False,ok
02299747,2024-12-31,core:LeaseLiabilities,Non-current liabilities,281.9,GBP,-2,,E,False,ok
02299747,2025-12-31,core:LeaseLiabilities,Less than one year,43.2,GBP,-2,,B_GU_HF_GN_HI,False,ok
02299747,2024-12-31,core:LeaseLiabilities,Less than one year,45.2,GBP,-2,,E_GU_HF_GN_HI,False,ok
02299747,2025-12-31,core:LeaseLiabilities,One to two years,38.4,GBP,-2,,B_GU_HJ_GN_HI,False,ok
02299747,2024-12-31,core:LeaseLiabilities,One to two years,38.5,GBP,-2,,E_GU_HJ_GN_HI,False,ok
02299747,2025-12-31,core:LeaseLiabilities,More than two years,290.3,GBP,-2,,B_GU_HK_GN_HI,False,ok
02299747,2024-12-31,core:LeaseLiabilities,More than two years,319.7,GBP,-2,,E_GU_HK_GN_HI,False,ok
02299747,2025-12-31,core:Provisions,5.8,13.2,GBP,-2,,B,False,ok
02299747,2024-12-31,core:Provisions,5.8,23.1,GBP,-2,,E,False,ok
02299747,2024-12-31,core:Provisions,At 1 January 2025,3.5,GBP,-2,,E_IR_IS,False,ok
02299747,2024-12-31,core:Provisions,At 1 January 2025,1.4,GBP,-2,,E_IR_IT,False,ok
02299747,2024-12-31,core:Provisions,At 1 January 2025,3.9,GBP,-2,,E_IR_IU,False,ok
02299747,2024-12-31,core:Provisions,At 1 January 2025,8.5,GBP,-2,,E_IR_IV,False,ok
02299747,2024-12-31,core:Provisions,0.4,23.1,GBP,-2,,E,False,ok
02299747,2025-12-31,core:AdditionalProvisionsIncreaseFromNewProvisionsRecognisedInProfitOrLoss,Provisions in the year,2.1,GBP,-2,,C_IR_IS,False,ok
02299747,2025-12-31,core:AdditionalProvisionsIncreaseFromNewProvisionsRecognisedInProfitOrLoss,Provisions in the year,1.0,GBP,-2,,C_IR_IT,False,ok
02299747,2025-12-31,core:AdditionalProvisionsIncreaseFromNewProvisionsRecognisedInProfitOrLoss,Provisions in the year,0.1,GBP,-2,,C_IR_IU,False,ok
02299747,2025-12-31,core:AdditionalProvisionsIncreaseFromNewProvisionsRecognisedInProfitOrLoss,Provisions in the year,2.3,GBP,-2,,C_IR_IV,False,ok
02299747,2025-12-31,core:AdditionalProvisionsIncreaseFromNewProvisionsRecognisedInProfitOrLoss,0.2,13.1,GBP,-2,,C,False,ok
02299747,2025-12-31,core:UnusedProvisionReversed,Releases in the year,0.2,GBP,-2,,C_IR_IS,False,ok
02299747,2025-12-31,core:UnusedProvisionReversed,Releases in the year,0.2,GBP,-2,,C_IR_IT,False,ok
02299747,2025-12-31,core:UnusedProvisionReversed,Releases in the year,0.2,GBP,-2,,C_IR_IU,False,ok
02299747,2025-12-31,core:UnusedProvisionReversed,Releases in the year,4.4,GBP,-2,,C_IR_IV,False,ok
02299747,2025-12-31,core:UnusedProvisionReversed,(0.1),5.4,GBP,-2,,C,False,ok
02299747,2025-12-31,core:ProvisionsUsed,Utilisation,2.0,GBP,-2,,C_IR_IS,False,ok
02299747,2025-12-31,core:ProvisionsUsed,Utilisation,0.5,GBP,-2,,C_IR_IT,False,ok
02299747,2025-12-31,core:ProvisionsUsed,Utilisation,1.8,GBP,-2,,C_IR_IU,False,ok
02299747,2025-12-31,core:ProvisionsUsed,Utilisation,4.4,GBP,-2,,C_IR_IV,False,ok
02299747,2025-12-31,core:ProvisionsUsed,(8.9),17.6,GBP,-2,,C,False,ok
02299747,2025-12-31,core:Provisions,At 31 December 2025,3.4,GBP,-2,,B_IR_IS,False,ok
02299747,2025-12-31,core:Provisions,At 31 December 2025,1.7,GBP,-2,,B_IR_IT,False,ok
02299747,2025-12-31,core:Provisions,At 31 December 2025,2.0,GBP,-2,,B_IR_IU,False,ok
02299747,2025-12-31,core:Provisions,At 31 December 2025,2.0,GBP,-2,,B_IR_IV,False,ok
02299747,2025-12-31,core:Provisions,0.5,13.2,GBP,-2,,B,False,ok
02299747,2025-12-31,core:DeferredIncome,Deferred income,265.8,GBP,-2,,B_GU_HF,False,ok
02299747,2024-12-31,core:DeferredIncome,Deferred income,328.4,GBP,-2,,E_GU_HF,False,ok
02299747,2025-12-31,core:DeferredIncome,Deferred income,265.8,GBP,-2,,B_GU_HF,False,ok
02299747,2024-12-31,core:DeferredIncome,Deferred income,328.4,GBP,-2,,E_GU_HF,False,ok
02299747,2025-12-31,core:DeferredIncome,Deferred income,6.1,GBP,-2,,B_GU_HG,False,ok
02299747,2024-12-31,core:DeferredIncome,Deferred income,21.5,GBP,-2,,E_GU_HG,False,ok
02299747,2025-12-31,core:DeferredIncome,Deferred income,6.1,GBP,-2,,B_GU_HG,False,ok
02299747,2024-12-31,core:DeferredIncome,Deferred income,21.5,GBP,-2,,E_GU_HG,False,ok
02299747,2025-12-31,core:NumberSharesIssuedFullyPaid,At 1 January and 31 December,"13,269",shares,-3,,B,False,ok
02299747,2024-12-31,core:NumberSharesIssuedFullyPaid,At 1 January and 31 December,"13,269",shares,-3,,E,False,ok
02299747,2025-12-31,core:Equity,At 1 January and 31 December,"13,269",GBP,-3,,B_GB_HO,True,ok
02299747,2024-12-31,core:Equity,At 1 January and 31 December,"13,269",GBP,-3,,E_GB_HO,True,ok
02299747,2025-12-31,core:Equity,At 1 January and At 31 December,60.0,GBP,-2,,B_GB_HM,True,ok
02299747,2024-12-31,core:Equity,At 1 January and At 31 December,60.0,GBP,-2,,E_GB_HM,True,ok
02299747,2025-12-31,core:SalesMarketingDistributionAverageNumberEmployees,Operations,"9,947",pure,INF,,C,False,ok
02299747,2024-12-31,core:SalesMarketingDistributionAverageNumberEmployees,Operations,"10,385",pure,INF,,F,False,ok
02299747,2025-12-31,core:OtherDepartmentsAverageNumberEmployees,Sales and administration,403,pure,INF,,C,False,ok
02299747,2024-12-31,core:OtherDepartmentsAverageNumberEmployees,Sales and administration,372,pure,INF,,F,False,ok
02299747,2025-12-31,core:AverageNumberEmployeesDuringPeriod,Total,"10,350",pure,INF,,C,False,ok
02299747,2024-12-31,core:AverageNumberEmployeesDuringPeriod,Total,"10,757",pure,INF,,F,False,ok
02299747,2025-12-31,core:WagesSalaries,Wages and salaries,463.4,GBP,-2,,C,False,ok
02299747,2024-12-31,core:WagesSalaries,Wages and salaries,458.6,GBP,-2,,F,False,ok
02299747,2025-12-31,core:PensionOtherPost-employmentBenefitCostsOtherPensionCosts,Pension costs,24.5,GBP,-2,,C,False,ok
02299747,2024-12-31,core:PensionOtherPost-employmentBenefitCostsOtherPensionCosts,Pension costs,24.2,GBP,-2,,F,False,ok
02299747,2025-12-31,core:EquitySettledShare-basedPaymentsIncreaseDecreaseInEquity,Share based payments,0.5,GBP,-2,-,C,False,ok
02299747,2024-12-31,core:EquitySettledShare-basedPaymentsIncreaseDecreaseInEquity,Share based payments,0.6,GBP,-2,-,F,False,ok
02299747,2025-12-31,core:StaffCostsEmployeeBenefitsExpense,Share based payments,546.1,GBP,-2,,C,False,ok
02299747,2024-12-31,core:StaffCostsEmployeeBenefitsExpense,Share based payments,531.9,GBP,-2,,F,False,ok
02299747,2025-12-31,direp:DirectorRemuneration,Remuneration for qualifying services,1.0,GBP,-2,,C,False,ok
02299747,2024-12-31,direp:DirectorRemuneration,Remuneration for qualifying services,0.9,GBP,-2,,F,False,ok
02299747,2025-12-31,direp:DirectorRemunerationBenefitsIncludingPaymentsToThirdParties,0.1,1.0,GBP,-2,,C,False,ok
02299747,2024-12-31,direp:DirectorRemunerationBenefitsIncludingPaymentsToThirdParties,0.1,1.0,GBP,-2,,F,False,ok
02299747,2025-12-31,direp:DirectorRemuneration,Remuneration for qualifying services,0.5,GBP,-2,,C_EQ_IX,False,ok
02299747,2024-12-31,direp:DirectorRemuneration,Remuneration for qualifying services,0.4,GBP,-2,,F_EQ_IX,False,ok
02299747,2025-12-31,direp:DirectorRemuneration,Remuneration for qualifying services,0.5,GBP,-2,,C_EQ_IX,False,ok
02299747,2024-12-31,direp:DirectorRemuneration,Remuneration for qualifying services,0.4,GBP,-2,,F_EQ_IX,False,ok
02299747,2025-12-31,core:CapitalCommitments,"At 31 December 2025, the Company had amounts contracted for but not provided in the financial statements for the acquisition of property, plant and equipment amounting to £",0.2,GBP,-2,,B,False,ok
02299747,2024-12-31,core:CapitalCommitments,"m, relating to building improvement on a leased property (2024: £",1.3,GBP,-2,,E,False,ok
00698834,2025-11-30,core:TurnoverRevenue,Turnover,"18,997,840",GBP,0,,FY1.segment.bus-GroupCompanyDataDimension.bus-Consolidated,False,ok
00698834,2024-11-30,core:TurnoverRevenue,Turnover,"18,518,997",GBP,0,,FY2.segment.bus-GroupCompanyDataDimension.bus-Consolidated,False,ok
00698834,2025-11-30,core:CostSales,Cost of sales,"11,134,817",GBP,0,,FY1.segment.bus-GroupCompanyDataDimension.bus-Consolidated,False,ok
00698834,2024-11-30,core:CostSales,Cost of sales,"11,397,131",GBP,0,,FY2.segment.bus-GroupCompanyDataDimension.bus-Consolidated,False,ok
00698834,2025-11-30,core:GrossProfitLoss,Gross profit,"7,863,023",GBP,0,,FY1.segment.bus-GroupCompanyDataDimension.bus-Consolidated,False,ok
00698834,2024-11-30,core:GrossProfitLoss,Gross profit,"7,121,866",GBP,0,,FY2.segment.bus-GroupCompanyDataDimension.bus-Consolidated,False,ok
00698834,2025-11-30,core:AdministrativeExpenses,Administrative expenses,"7,420,182",GBP,0,,FY1.segment.bus-GroupCompanyDataDimension.bus-Consolidated,False,ok
00698834,2024-11-30,core:AdministrativeExpenses,Administrative expenses,"7,239,971",GBP,0,,FY2.segment.bus-GroupCompanyDataDimension.bus-Consolidated,False,ok
00698834,2025-11-30,core:OperatingProfitLoss,Operating profit/(loss),"442,841",GBP,0,,FY1.segment.bus-GroupCompanyDataDimension.bus-Consolidated,False,ok
00698834,2024-11-30,core:OperatingProfitLoss,Operating profit/(loss),"118,105",GBP,0,-,FY2.segment.bus-GroupCompanyDataDimension.bus-Consolidated,False,ok
00698834,2025-11-30,core:OtherInterestReceivableSimilarIncomeFinanceIncome,Other interest receivable and similar income,"250,861",GBP,0,,FY1.segment.bus-GroupCompanyDataDimension.bus-Consolidated,False,ok
00698834,2024-11-30,core:OtherInterestReceivableSimilarIncomeFinanceIncome,Other interest receivable and similar income,"398,724",GBP,0,,FY2.segment.bus-GroupCompanyDataDimension.bus-Consolidated,False,ok
00698834,2025-11-30,core:ProfitLossOnOrdinaryActivitiesBeforeTax,Profit before tax,"693,702",GBP,0,,FY1.segment.bus-GroupCompanyDataDimension.bus-Consolidated,False,ok
00698834,2024-11-30,core:ProfitLossOnOrdinaryActivitiesBeforeTax,Profit before tax,"280,619",GBP,0,,FY2.segment.bus-GroupCompanyDataDimension.bus-Consolidated,False,ok
00698834,2025-11-30,core:TaxTaxCreditOnProfitOrLossOnOrdinaryActivities,Tax on profit,"61,569",GBP,0,,FY1.segment.bus-GroupCompanyDataDimension.bus-Consolidated,False,ok
00698834,2024-11-30,core:TaxTaxCreditOnProfitOrLossOnOrdinaryActivities,Tax on profit,"62,600",GBP,0,,FY2.segment.bus-GroupCompanyDataDimension.bus-Consolidated,False,ok
00698834,2025-11-30,core:ProfitLoss,Profit for the financial year,"632,133",GBP,0,,FY1.segment.bus-GroupCompanyDataDimension.bus-Consolidated,False,ok
00698834,2024-11-30,core:ProfitLoss,Profit for the financial year,"218,019",GBP,0,,FY2.segment.bus-GroupCompanyDataDimension.bus-Consolidated,False,ok
00698834,2025-11-30,core:ProfitLossAttributableToOwnersParent,Owners of the company,"578,233",GBP,0,,FY1.segment.bus-GroupCompanyDataDimension.bus-Consolidated,False,ok
00698834,2024-11-30,core:ProfitLossAttributableToOwnersParent,Owners of the company,"194,767",GBP,0,,FY2.segment.bus-GroupCompanyDataDimension.bus-Consolidated,False,ok
00698834,2025-11-30,core:ProfitLossAttributableToNon-controllingInterests,Minority interests,"53,900",GBP,0,,FY1.segment.bus-GroupCompanyDataDimension.bus-Consolidated,False,ok
00698834,2024-11-30,core:ProfitLossAttributableToNon-controllingInterests,Minority interests,"23,252",GBP,0,,FY2.segment.bus-GroupCompanyDataDimension.bus-Consolidated,False,ok
00698834,2025-11-30,core:ProfitLoss,Minority interests,"632,133",GBP,0,,FY1.segment.bus-GroupCompanyDataDimension.bus-Consolidated,False,ok
00698834,2024-11-30,core:ProfitLoss,Minority interests,"218,019",GBP,0,,FY2.segment.bus-GroupCompanyDataDimension.bus-Consolidated,False,ok
00698834,2025-11-30,core:IntangibleAssets,Negative goodwill,"174,538",GBP,0,-,FY1.END.segment.core-IntangibleAssetClassesDimension.core-NegativeGoodwill.bus-GroupCompanyDataDimension.bus-Consolidated,False,ok
00698834,2025-11-30,core:IntangibleAssets,Intangible assets not including goodwill,"399,189",GBP,0,,FY1.END.segment.core-IntangibleAssetClassesDimension.core-IntangibleAssetsOtherThanGoodwill.bus-GroupCompanyDataDimension.bus-Consolidated,False,ok
00698834,2024-11-30,core:IntangibleAssets,Intangible assets not including goodwill,"525,977",GBP,0,,FY2.END.segment.core-IntangibleAssetClassesDimension.core-IntangibleAssetsOtherThanGoodwill.bus-GroupCompanyDataDimension.bus-Consolidated,False,ok
00698834,2025-11-30,core:PropertyPlantEquipment,Tangible assets,"2,741,087",GBP,0,,FY1.END.segment.bus-GroupCompanyDataDimension.bus-Consolidated,False,ok
00698834,2024-11-30,core:PropertyPlantEquipment,Tangible assets,"1,746,540",GBP,0,,FY2.END.segment.bus-GroupCompanyDataDimension.bus-Consolidated,False,ok
00698834,2025-11-30,core:FixedAssets,Tangible assets,"3,140,276",GBP,0,,FY1.END.segment.bus-GroupCompanyDataDimension.bus-Consolidated,True,ok
00698834,2024-11-30,core:FixedAssets,Tangible assets,"2,272,517",GBP,0,,FY2.END.segment.bus-GroupCompanyDataDimension.bus-Consolidated,True,ok
00698834,2025-11-30,core:TotalInventories,Stocks,"2,681,008",GBP,0,,FY1.END.segment.core-CurrentNon-currentInventoriesDimension.core-CurrentInventories.bus-GroupCompanyDataDimension.bus-Consolidated,True,ok
00698834,2024-11-30,core:TotalInventories,Stocks,"2,722,996",GBP,0,,FY2.END.segment.core-CurrentNon-currentInventoriesDimension.core-CurrentInventories.bus-GroupCompanyDataDimension.bus-Consolidated,True,ok
00698834,2025-11-30,core:Debtors,Debtors,"2,908,225",GBP,0,,FY1.END.segment.core-FinancialInstrumentCurrentNon-currentDimension.core-CurrentFinancialInstruments.bus-GroupCompanyDataDimension.bus-Consolidated,False,ok
00698834,2024-11-30,core:Debtors,Debtors,"3,214,410",GBP,0,,FY2.END.segment.core-FinancialInstrumentCurrentNon-currentDimension.core-CurrentFinancialInstruments.bus-GroupCompanyDataDimension.bus-Consolidated,False,ok
00698834,2025-11-30,core:CashBankOnHand,Cash at bank and in hand,"1,888,689",GBP,0,,FY1.END.segment.bus-GroupCompanyDataDimension.bus-Consolidated,False,ok
00698834,2024-11-30,core:CashBankOnHand,Cash at bank and in hand,"944,800",GBP,0,,FY2.END.segment.bus-GroupCompanyDataDimension.bus-Consolidated,False,ok
00698834,2025-11-30,core:CurrentAssets,Cash at bank and in hand,"10,345,634",GBP,0,,FY1.END.segment.bus-GroupCompanyDataDimension.bus-Consolidated,True,ok
00698834,2024-11-30,core:CurrentAssets,Cash at bank and in hand,"9,516,241",GBP,0,,FY2.END.segment.bus-GroupCompanyDataDimension.bus-Consolidated,True,ok
00698834,2025-11-30,core:Creditors,: Amounts falling due within one year,"3,056,103",GBP,0,,FY1.END.segment.core-FinancialInstrumentCurrentNon-currentDimension.core-CurrentFinancialInstruments.core-MaturitiesOrExpirationPeriodsDimension.core-WithinOneYear.bus-GroupCompanyDataDimension.bus-Consolidated,False,ok
00698834,2024-11-30,core:Creditors,: Amounts falling due within one year,"2,565,578",GBP,0,,FY2.END.segment.core-FinancialInstrumentCurrentNon-currentDimension.core-CurrentFinancialInstruments.core-MaturitiesOrExpirationPeriodsDimension.core-WithinOneYear.bus-GroupCompanyDataDimension.bus-Consolidated,False,ok
00698834,2025-11-30,core:NetCurrentAssetsLiabilities,assets,"7,289,531",GBP,0,,FY1.END.segment.bus-GroupCompanyDataDimension.bus-Consolidated,True,ok
00698834,2024-11-30,core:NetCurrentAssetsLiabilities,assets,"6,950,663",GBP,0,,FY2.END.segment.bus-GroupCompanyDataDimension.bus-Consolidated,True,ok
00698834,2025-11-30,core:TotalAssetsLessCurrentLiabilities,Total assets less current liabilities,"10,255,269",GBP,0,,FY1.END.segment.bus-GroupCompanyDataDimension.bus-Consolidated,True,ok
00698834,2024-11-30,core:TotalAssetsLessCurrentLiabilities,Total assets less current liabilities,"9,223,180",GBP,0,,FY2.END.segment.bus-GroupCompanyDataDimension.bus-Consolidated,True,ok
00698834,2025-11-30,core:ProvisionsForLiabilitiesBalanceSheetSubtotal,Provisions for liabilities,"41,201",GBP,0,,FY1.END.segment.bus-GroupCompanyDataDimension.bus-Consolidated,False,ok
00698834,2024-11-30,core:ProvisionsForLiabilitiesBalanceSheetSubtotal,Provisions for liabilities,"62,682",GBP,0,,FY2.END.segment.bus-GroupCompanyDataDimension.bus-Consolidated,False,ok
00698834,2025-11-30,core:NetAssetsLiabilities,assets,"10,214,068",GBP,0,,FY1.END.segment.bus-GroupCompanyDataDimension.bus-Consolidated,True,ok
00698834,2024-11-30,core:NetAssetsLiabilities,assets,"9,160,498",GBP,0,,FY2.END.segment.bus-GroupCompanyDataDimension.bus-Consolidated,True,ok
00698834,2025-11-30,core:IntangibleAssets,Intangible assets,"387,000",GBP,0,,FY1.END,False,ok
00698834,2024-11-30,core:IntangibleAssets,Intangible assets,"516,000",GBP,0,,FY2.END,False,ok
00698834,2025-11-30,core:PropertyPlantEquipment,Tangible assets,"1,575,509",GBP,0,,FY1.END,False,ok
00698834,2024-11-30,core:PropertyPlantEquipment,Tangible assets,"1,722,111",GBP,0,,FY2.END,False,ok
00698834,2025-11-30,core:InvestmentsFixedAssets,Investments,100,GBP,0,,FY1.END,False,ok
00698834,2024-11-30,core:InvestmentsFixedAssets,Investments,100,GBP,0,,FY2.END,False,ok
00698834,2025-11-30,core:FixedAssets,Investments,"1,962,609",GBP,0,,FY1.END,True,ok
00698834,2024-11-30,core:FixedAssets,Investments,"2,238,211",GBP,0,,FY2.END,True,ok
00698834,2025-11-30,core:TotalInventories,Stocks,"2,389,210",GBP,0,,FY1.END,True,ok
00698834,2024-11-30,core:TotalInventories,Stocks,"2,505,273",GBP,0,,FY2.END,True,ok
00698834,2025-11-30,core:Debtors,Debtors,"3,056,521",GBP,0,,FY1.END.segment.core-FinancialInstrumentCurrentNon-currentDimension.core-CurrentFinancialInstruments,False,ok
00698834,2024-11-30,core:Debtors,Debtors,"3,058,737",GBP,0,,FY2.END.segment.core-FinancialInstrumentCurrentNon-currentDimension.core-CurrentFinancialInstruments,False,ok
00698834,2025-11-30,core:CashBankOnHand,Cash at bank and in hand,"1,518,900",GBP,0,,FY1.END,False,ok
00698834,2024-11-30,core:CashBankOnHand,Cash at bank and in hand,"888,741",GBP,0,,FY2.END,False,ok
00698834,2025-11-30,core:CurrentAssets,Cash at bank and in hand,"9,832,343",GBP,0,,FY1.END,True,ok
00698834,2024-11-30,core:CurrentAssets,Cash at bank and in hand,"9,086,786",GBP,0,,FY2.END,True,ok
00698834,2025-11-30,core:Creditors,: Amounts falling due within one year,"2,720,306",GBP,0,,FY1.END.segment.core-FinancialInstrumentCurrentNon-currentDimension.core-CurrentFinancialInstruments.core-MaturitiesOrExpirationPeriodsDimension.core-WithinOneYear,False,ok
00698834,2024-11-30,core:Creditors,: Amounts falling due within one year,"2,389,769",GBP,0,,FY2.END.segment.core-FinancialInstrumentCurrentNon-currentDimension.core-CurrentFinancialInstruments.core-MaturitiesOrExpirationPeriodsDimension.core-WithinOneYear,False,ok
00698834,2025-11-30,core:NetCurrentAssetsLiabilities,assets,"7,112,037",GBP,0,,FY1.END,True,ok
00698834,2024-11-30,core:NetCurrentAssetsLiabilities,assets,"6,697,017",GBP,0,,FY2.END,True,ok
00698834,2025-11-30,core:TotalAssetsLessCurrentLiabilities,Total assets less current liabilities,"9,074,646",GBP,0,,FY1.END,True,ok
00698834,2024-11-30,core:TotalAssetsLessCurrentLiabilities,Total assets less current liabilities,"8,935,228",GBP,0,,FY2.END,True,ok
00698834,2025-11-30,core:ProvisionsForLiabilitiesBalanceSheetSubtotal,Provisions for liabilities,"41,201",GBP,0,,FY1.END,False,ok
00698834,2024-11-30,core:ProvisionsForLiabilitiesBalanceSheetSubtotal,Provisions for liabilities,"62,682",GBP,0,,FY2.END,False,ok
00698834,2025-11-30,core:NetAssetsLiabilities,assets,"9,033,445",GBP,0,,FY1.END,True,ok
00698834,2024-11-30,core:NetAssetsLiabilities,assets,"8,872,546",GBP,0,,FY2.END,True,ok
00698834,2023-11-30,core:Equity,At 1 December 2023,953,GBP,0,,FY2.START.segment.core-EquityClassesDimension.core-ShareCapital.bus-GroupCompanyDataDimension.bus-Consolidated,True,ok
00698834,2023-11-30,core:Equity,At 1 December 2023,"91,996",GBP,0,,FY2.START.segment.core-EquityClassesDimension.core-SharePremium.bus-GroupCompanyDataDimension.bus-Consolidated,True,ok
00698834,2023-11-30,core:Equity,At 1 December 2023,47,GBP,0,,FY2.START.segment.core-EquityClassesDimension.core-CapitalRedemptionReserve.bus-GroupCompanyDataDimension.bus-Consolidated,True,ok
00698834,2023-11-30,core:Equity,At 1 December 2023,"388,725",GBP,0,-,FY2.START.segment.core-EquityClassesDimension.core-FurtherSpecificReserve1ComponentTotalEquity.bus-GroupCompanyDataDimension.bus-Consolidated,True,ok
00698834,2023-11-30,core:Equity,At 1 December 2023,"9,170,485",GBP,0,,FY2.START.segment.core-EquityClassesDimension.core-RetainedEarningsAccumulatedLosses.bus-GroupCompanyDataDimension.bus-Consolidated,True,ok
00698834,2023-11-30,core:Equity,At 1 December 2023,"8,874,756",GBP,0,,FY2.START.segment.core-EquityClassesDimension.core-TotalEquityAttributableToOwnersParentBeforeNon-controllingInterests.bus-GroupCompanyDataDimension.bus-Consolidated,True,ok
00698834,2023-11-30,core:Equity,At 1 December 2023,"50,574",GBP,0,,FY2.START.segment.core-EquityClassesDimension.core-Non-controllingInterests.bus-GroupCompanyDataDimension.bus-Consolidated,True,ok
00698834,2024-11-30,core:ProfitLoss,Profit for the year,"194,767",GBP,0,,FY2.segment.core-EquityClassesDimension.core-RetainedEarningsAccumulatedLosses.bus-GroupCompanyDataDimension.bus-Consolidated,False,ok
00698834,2024-11-30,core:ProfitLoss,Profit for the year,"194,767",GBP,0,,FY2.segment.core-EquityClassesDimension.core-TotalEquityAttributableToOwnersParentBeforeNon-controllingInterests.bus-GroupCompanyDataDimension.bus-Consolidated,False,ok
00698834,2024-11-30,core:ProfitLoss,Profit for the year,"23,252",GBP,0,,FY2.segment.core-EquityClassesDimension.core-Non-controllingInterests.bus-GroupCompanyDataDimension.bus-Consolidated,False,ok
00698834,2024-11-30,core:OtherComprehensiveIncomeExpenseNetTax,Other comprehensive income,"7,350",GBP,0,-,FY2.segment.core-EquityClassesDimension.core-ForeignCurrencyTranslationReserve.bus-GroupCompanyDataDimension.bus-Consolidated,False,ok
00698834,2024-11-30,core:OtherComprehensiveIncomeExpenseNetTax,Other comprehensive income,"24,499",GBP,0,,FY2.segment.core-EquityClassesDimension.core-FurtherSpecificReserve1ComponentTotalEquity.bus-GroupCompanyDataDimension.bus-Consolidated,False,ok
00698834,2024-11-30,core:OtherComprehensiveIncomeExpenseNetTax,Other comprehensive income,"17,149",GBP,0,,FY2.segment.core-EquityClassesDimension.core-TotalEquityAttributableToOwnersParentBeforeNon-controllingInterests.bus-GroupCompanyDataDimension.bus-Consolidated,False,ok
00698834,2024-11-30,core:Equity,At 30 November 2024,953,GBP,0,,FY2.END.segment.core-EquityClassesDimension.core-ShareCapital.bus-GroupCompanyDataDimension.bus-Consolidated,True,ok
00698834,2024-11-30,core:Equity,At 30 November 2024,"91,996",GBP,0,,FY2.END.segment.core-EquityClassesDimension.core-SharePremium.bus-GroupCompanyDataDimension.bus-Consolidated,True,ok
00698834,2024-11-30,core:Equity,At 30 November 2024,47,GBP,0,,FY2.END.segment.core-EquityClassesDimension.core-CapitalRedemptionReserve.bus-GroupCompanyDataDimension.bus-Consolidated,True,ok
00698834,2024-11-30,core:Equity,At 30 November 2024,"7,350",GBP,0,-,FY2.END.segment.core-EquityClassesDimension.core-ForeignCurrencyTranslationReserve.bus-GroupCompanyDataDimension.bus-Consolidated,True,ok
00698834,2024-11-30,core:Equity,At 30 November 2024,"364,226",GBP,0,-,FY2.END.segment.core-EquityClassesDimension.core-FurtherSpecificReserve1ComponentTotalEquity.bus-GroupCompanyDataDimension.bus-Consolidated,True,ok
00698834,2024-11-30,core:Equity,At 30 November 2024,"9,365,252",GBP,0,,FY2.END.segment.core-EquityClassesDimension.core-RetainedEarningsAccumulatedLosses.bus-GroupCompanyDataDimension.bus-Consolidated,True,ok
00698834,2024-11-30,core:Equity,At 30 November 2024,"9,086,672",GBP,0,,FY2.END.segment.core-EquityClassesDimension.core-TotalEquityAttributableToOwnersParentBeforeNon-controllingInterests.bus-GroupCompanyDataDimension.bus-Consolidated,True,ok
00698834,2024-11-30,core:Equity,At 30 November 2024,"73,826",GBP,0,,FY2.END.segment.core-EquityClassesDimension.core-Non-controllingInterests.bus-GroupCompanyDataDimension.bus-Consolidated,True,ok
00698834,2024-11-30,core:Equity,At 1 December 2024,953,GBP,0,,FY1.START.segment.core-EquityClassesDimension.core-ShareCapital.bus-GroupCompanyDataDimension.bus-Consolidated,True,ok
00698834,2024-11-30,core:Equity,At 1 December 2024,"91,996",GBP,0,,FY1.START.segment.core-EquityClassesDimension.core-SharePremium.bus-GroupCompanyDataDimension.bus-Consolidated,True,ok
00698834,2024-11-30,core:Equity,At 1 December 2024,47,GBP,0,,FY1.START.segment.core-EquityClassesDimension.core-CapitalRedemptionReserve.bus-GroupCompanyDataDimension.bus-Consolidated,True,ok
00698834,2024-11-30,core:Equity,At 1 December 2024,"7,350",GBP,0,-,FY1.START.segment.core-EquityClassesDimension.core-ForeignCurrencyTranslationReserve.bus-GroupCompanyDataDimension.bus-Consolidated,True,ok
00698834,2024-11-30,core:Equity,At 1 December 2024,"364,226",GBP,0,-,FY1.START.segment.core-EquityClassesDimension.core-FurtherSpecificReserve1ComponentTotalEquity.bus-GroupCompanyDataDimension.bus-Consolidated,True,ok
00698834,2024-11-30,core:Equity,At 1 December 2024,"9,365,252",GBP,0,,FY1.START.segment.core-EquityClassesDimension.core-RetainedEarningsAccumulatedLosses.bus-GroupCompanyDataDimension.bus-Consolidated,True,ok
00698834,2024-11-30,core:Equity,At 1 December 2024,"9,086,672",GBP,0,,FY1.START.segment.core-EquityClassesDimension.core-TotalEquityAttributableToOwnersParentBeforeNon-controllingInterests.bus-GroupCompanyDataDimension.bus-Consolidated,True,ok
00698834,2024-11-30,core:Equity,At 1 December 2024,"73,826",GBP,0,,FY1.START.segment.core-EquityClassesDimension.core-Non-controllingInterests.bus-GroupCompanyDataDimension.bus-Consolidated,True,ok
00698834,2025-11-30,core:ProfitLoss,Profit for the year,"578,233",GBP,0,,FY1.segment.core-EquityClassesDimension.core-RetainedEarningsAccumulatedLosses.bus-GroupCompanyDataDimension.bus-Consolidated,False,ok
00698834,2025-11-30,core:ProfitLoss,Profit for the year,"578,233",GBP,0,,FY1.segment.core-EquityClassesDimension.core-TotalEquityAttributableToOwnersParentBeforeNon-controllingInterests.bus-GroupCompanyDataDimension.bus-Consolidated,False,ok
00698834,2025-11-30,core:ProfitLoss,Profit for the year,"53,900",GBP,0,,FY1.segment.core-EquityClassesDimension.core-Non-controllingInterests.bus-GroupCompanyDataDimension.bus-Consolidated,False,ok
00698834,2025-11-30,core:OtherComprehensiveIncomeExpenseNetTax,Other comprehensive income,"46,753",GBP,0,,FY1.segment.core-EquityClassesDimension.core-ForeignCurrencyTranslationReserve.bus-GroupCompanyDataDimension.bus-Consolidated,False,ok
00698834,2025-11-30,core:OtherComprehensiveIncomeExpenseNetTax,Other comprehensive income,"364,226",GBP,0,,FY1.segment.core-EquityClassesDimension.core-FurtherSpecificReserve1ComponentTotalEquity.bus-GroupCompanyDataDimension.bus-Consolidated,False,ok
00698834,2025-11-30,core:OtherComprehensiveIncomeExpenseNetTax,Other comprehensive income,"310,458",GBP,0,,FY1.segment.core-EquityClassesDimension.core-RetainedEarningsAccumulatedLosses.bus-GroupCompanyDataDimension.bus-Consolidated,False,ok
00698834,2025-11-30,core:OtherComprehensiveIncomeExpenseNetTax,Other comprehensive income,"721,437",GBP,0,,FY1.segment.core-EquityClassesDimension.core-TotalEquityAttributableToOwnersParentBeforeNon-controllingInterests.bus-GroupCompanyDataDimension.bus-Consolidated,False,ok
00698834,2025-11-30,core:IssueEquityInstruments,New share capital subscribed,80,GBP,0,,FY1.segment.core-EquityClassesDimension.core-ShareCapital.bus-GroupCompanyDataDimension.bus-Consolidated,False,ok
00698834,2025-11-30,core:IssueEquityInstruments,New share capital subscribed,"239,920",GBP,0,,FY1.segment.core-EquityClassesDimension.core-SharePremium.bus-GroupCompanyDataDimension.bus-Consolidated,False,ok
00698834,2025-11-30,core:IssueEquityInstruments,New share capital subscribed,"240,000",GBP,0,,FY1.segment.core-EquityClassesDimension.core-TotalEquityAttributableToOwnersParentBeforeNon-controllingInterests.bus-GroupCompanyDataDimension.bus-Consolidated,False,ok
00698834,2025-11-30,core:Equity,At 30 November 2025,"1,033",GBP,0,,FY1.END.segment.core-EquityClassesDimension.core-ShareCapital.bus-GroupCompanyDataDimension.bus-Consolidated,True,ok
00698834,2025-11-30,core:Equity,At 30 November 2025,"331,916",GBP,0,,FY1.END.segment.core-EquityClassesDimension.core-SharePremium.bus-GroupCompanyDataDimension.bus-Consolidated,True,ok
00698834,2025-11-30,core:Equity,At 30 November 2025,47,GBP,0,,FY1.END.segment.core-EquityClassesDimension.core-CapitalRedemptionReserve.bus-GroupCompanyDataDimension.bus-Consolidated,True,ok
00698834,2025-11-30,core:Equity,At 30 November 2025,"39,403",GBP,0,,FY1.END.segment.core-EquityClassesDimension.core-ForeignCurrencyTranslationReserve.bus-GroupCompanyDataDimension.bus-Consolidated,True,ok
00698834,2025-11-30,core:Equity,At 30 November 2025,"9,713,943",GBP,0,,FY1.END.segment.core-EquityClassesDimension.core-RetainedEarningsAccumulatedLosses.bus-GroupCompanyDataDimension.bus-Consolidated,True,ok
00698834,2025-11-30,core:Equity,At 30 November 2025,"10,086,342",GBP,0,,FY1.END.segment.core-EquityClassesDimension.core-TotalEquityAttributableToOwnersParentBeforeNon-controllingInterests.bus-GroupCompanyDataDimension.bus-Consolidated,True,ok
00698834,2025-11-30,core:Equity,At 30 November 2025,"127,726",GBP,0,,FY1.END.segment.core-EquityClassesDimension.core-Non-controllingInterests.bus-GroupCompanyDataDimension.bus-Consolidated,True,ok
00698834,2023-11-30,core:Equity,At 1 December 2023,953,GBP,0,,FY2.START.segment.core-EquityClassesDimension.core-ShareCapital,True,ok
00698834,2023-11-30,core:Equity,At 1 December 2023,"91,996",GBP,0,,FY2.START.segment.core-EquityClassesDimension.core-SharePremium,True,ok
00698834,2023-11-30,core:Equity,At 1 December 2023,47,GBP,0,,FY2.START.segment.core-EquityClassesDimension.core-CapitalRedemptionReserve,True,ok
00698834,2023-11-30,core:Equity,At 1 December 2023,"388,725",GBP,0,-,FY2.START.segment.core-EquityClassesDimension.core-FurtherSpecificReserve1ComponentTotalEquity,True,ok
00698834,2023-11-30,core:Equity,At 1 December 2023,"9,018,763",GBP,0,,FY2.START.segment.core-EquityClassesDimension.core-RetainedEarningsAccumulatedLosses,True,ok
00698834,2023-11-30,core:Equity,At 1 December 2023,"8,723,034",GBP,0,,FY2.START,True,ok
00698834,2024-11-30,core:ProfitLoss,Profit for the year,"125,013",GBP,0,,FY2.segment.core-EquityClassesDimension.core-RetainedEarningsAccumulatedLosses,False,ok
00698834,2024-11-30,core:ProfitLoss,Profit for the year,"125,013",GBP,0,,FY2,False,ok
00698834,2024-11-30,core:OtherComprehensiveIncomeExpenseNetTax,Other comprehensive income,"24,499",GBP,0,,FY2.segment.core-EquityClassesDimension.core-FurtherSpecificReserve1ComponentTotalEquity,False,ok
00698834,2024-11-30,core:OtherComprehensiveIncomeExpenseNetTax,Other comprehensive income,"24,499",GBP,0,,FY2,False,ok
00698834,2024-11-30,core:ComprehensiveIncomeExpense,Total comprehensive income,"24,499",GBP,0,,FY2.segment.core-EquityClassesDimension.core-FurtherSpecificReserve1ComponentTotalEquity,False,ok
00698834,2024-11-30,core:ComprehensiveIncomeExpense,Total comprehensive income,"125,013",GBP,0,,FY2.segment.core-EquityClassesDimension.core-RetainedEarningsAccumulatedLosses,False,ok
00698834,2024-11-30,core:ComprehensiveIncomeExpense,Total comprehensive income,"149,512",GBP,0,,FY2,False,ok
00698834,2024-11-30,core:Equity,At 1 December 2024,953,GBP,0,,FY1.START.segment.core-EquityClassesDimension.core-ShareCapital,True,ok
00698834,2024-11-30,core:Equity,At 1 December 2024,"91,996",GBP,0,,FY1.START.segment.core-EquityClassesDimension.core-SharePremium,True,ok
00698834,2024-11-30,core:Equity,At 1 December 2024,47,GBP,0,,FY1.START.segment.core-EquityClassesDimension.core-CapitalRedemptionReserve,True,ok
00698834,2024-11-30,core:Equity,At 1 December 2024,"364,226",GBP,0,-,FY1.START.segment.core-EquityClassesDimension.core-FurtherSpecificReserve1ComponentTotalEquity,True,ok
00698834,2024-11-30,core:Equity,At 1 December 2024,"9,143,776",GBP,0,,FY1.START.segment.core-EquityClassesDimension.core-RetainedEarningsAccumulatedLosses,True,ok
00698834,2024-11-30,core:Equity,At 1 December 2024,"8,872,546",GBP,0,,FY1.START,True,ok
00698834,2025-11-30,core:ProfitLoss,Profit for the year,"437,000",GBP,0,,FY1.segment.core-EquityClassesDimension.core-RetainedEarningsAccumulatedLosses,False,ok
00698834,2025-11-30,core:ProfitLoss,Profit for the year,"437,000",GBP,0,,FY1,False,ok
00698834,2025-11-30,core:OtherComprehensiveIncomeExpenseNetTax,Other comprehensive income,"23,899",GBP,0,,FY1.segment.core-EquityClassesDimension.core-FurtherSpecificReserve1ComponentTotalEquity,False,ok
00698834,2025-11-30,core:OtherComprehensiveIncomeExpenseNetTax,Other comprehensive income,"23,899",GBP,0,,FY1,False,ok
00698834,2025-11-30,core:IssueEquityInstruments,New share capital subscribed,80,GBP,0,,FY1.segment.core-EquityClassesDimension.core-ShareCapital,False,ok
00698834,2025-11-30,core:IssueEquityInstruments,New share capital subscribed,"239,920",GBP,0,,FY1.segment.core-EquityClassesDimension.core-SharePremium,False,ok
00698834,2025-11-30,core:IssueEquityInstruments,New share capital subscribed,"240,000",GBP,0,,FY1,False,ok
00698834,2025-11-30,core:Equity,At 30 November 2025,"1,033",GBP,0,,FY1.END.segment.core-EquityClassesDimension.core-ShareCapital,True,ok
00698834,2025-11-30,core:Equity,At 30 November 2025,"331,916",GBP,0,,FY1.END.segment.core-EquityClassesDimension.core-SharePremium,True,ok
00698834,2025-11-30,core:Equity,At 30 November 2025,47,GBP,0,,FY1.END.segment.core-EquityClassesDimension.core-CapitalRedemptionReserve,True,ok
00698834,2025-11-30,core:Equity,At 30 November 2025,"340,327",GBP,0,-,FY1.END.segment.core-EquityClassesDimension.core-FurtherSpecificReserve1ComponentTotalEquity,True,ok
00698834,2025-11-30,core:Equity,At 30 November 2025,"9,040,776",GBP,0,,FY1.END.segment.core-EquityClassesDimension.core-RetainedEarningsAccumulatedLosses,True,ok
00698834,2025-11-30,core:Equity,At 30 November 2025,"9,033,445",GBP,0,,FY1.END,True,ok
00698834,2025-11-30,core:ProfitLoss,Profit for the year,"632,133",GBP,0,,FY1.segment.bus-GroupCompanyDataDimension.bus-Consolidated,False,ok
00698834,2024-11-30,core:ProfitLoss,Profit for the year,"218,019",GBP,0,,FY2.segment.bus-GroupCompanyDataDimension.bus-Consolidated,False,ok
00698834,2025-11-30,core:DepreciationAmortisationExpense,Depreciation and amortisation,"416,214",GBP,0,,FY1.segment.bus-GroupCompanyDataDimension.bus-Consolidated,False,ok
00698834,2024-11-30,core:DepreciationAmortisationExpense,Depreciation and amortisation,"439,015",GBP,0,,FY2.segment.bus-GroupCompanyDataDimension.bus-Consolidated,False,ok
00698834,2025-11-30,core:GainLossOnDisposalsPropertyPlantEquipment,Profit on disposal of tangible assets,"5,000",GBP,0,,FY1.segment.bus-GroupCompanyDataDimension.bus-Consolidated,False,ok
00698834,2024-11-30,core:GainLossOnDisposalsPropertyPlantEquipment,Profit on disposal of tangible assets,"28,603",GBP,0,,FY2.segment.bus-GroupCompanyDataDimension.bus-Consolidated,False,ok
00698834,2025-11-30,core:InterestReceivedClassifiedAsOperatingActivities,Finance income,"250,861",GBP,0,,FY1.segment.bus-GroupCompanyDataDimension.bus-Consolidated,False,ok
00698834,2024-11-30,core:InterestReceivedClassifiedAsOperatingActivities,Finance income,"398,724",GBP,0,,FY2.segment.bus-GroupCompanyDataDimension.bus-Consolidated,False,ok
00698834,2025-11-30,core:TaxTaxCreditOnProfitOrLossOnOrdinaryActivities,Income tax expense,"61,569",GBP,0,,FY1.segment.bus-GroupCompanyDataDimension.bus-Consolidated,False,ok
00698834,2024-11-30,core:TaxTaxCreditOnProfitOrLossOnOrdinaryActivities,Income tax expense,"62,600",GBP,0,,FY2.segment.bus-GroupCompanyDataDimension.bus-Consolidated,False,ok
00698834,2025-11-30,core:NetCashInflowOutflowFromOperationsBeforeMovementsInWorkingCapital,Income tax expense,"854,055",GBP,0,,FY1.segment.bus-GroupCompanyDataDimension.bus-Consolidated,False,ok
00698834,2024-11-30,core:NetCashInflowOutflowFromOperationsBeforeMovementsInWorkingCapital,Income tax expense,"292,307",GBP,0,,FY2.segment.bus-GroupCompanyDataDimension.bus-Consolidated,False,ok
00698834,2025-11-30,core:GainLossInCashFlowsFromChangeInInventories,Decrease/(increase) in stocks,"41,988",GBP,0,-,FY1.segment.bus-GroupCompanyDataDimension.bus-Consolidated,False,ok
00698834,2024-11-30,core:GainLossInCashFlowsFromChangeInInventories,Decrease/(increase) in stocks,"138,439",GBP,0,,FY2.segment.bus-GroupCompanyDataDimension.bus-Consolidated,False,ok
00698834,2025-11-30,core:GainLossInCashFlowsFromChangeInDebtorsTradeOtherReceivables,Decrease/(increase) in trade debtors,"508,337",GBP,0,-,FY1.segment.bus-GroupCompanyDataDimension.bus-Consolidated,False,ok
00698834,2024-11-30,core:GainLossInCashFlowsFromChangeInDebtorsTradeOtherReceivables,Decrease/(increase) in trade debtors,"115,074",GBP,0,,FY2.segment.bus-GroupCompanyDataDimension.bus-Consolidated,False,ok
00698834,2025-11-30,core:GainLossInCashFlowsFromChangeInCreditorsTradeOtherPayables,Increase/(decrease) in trade creditors,"450,833",GBP,0,,FY1.segment.bus-GroupCompanyDataDimension.bus-Consolidated,False,ok
00698834,2024-11-30,core:GainLossInCashFlowsFromChangeInCreditorsTradeOtherPayables,Increase/(decrease) in trade creditors,"1,327,629",GBP,0,-,FY2.segment.bus-GroupCompanyDataDimension.bus-Consolidated,False,ok
00698834,2025-11-30,core:NetCashGeneratedFromOperations,Cash generated from operations,"1,855,213",GBP,0,,FY1.segment.bus-GroupCompanyDataDimension.bus-Consolidated,False,ok
00698834,2024-11-30,core:NetCashGeneratedFromOperations,Cash generated from operations,"1,288,835",GBP,0,-,FY2.segment.bus-GroupCompanyDataDimension.bus-Consolidated,False,ok
00698834,2025-11-30,core:IncomeTaxesPaidRefundClassifiedAsOperatingActivities,Income taxes paid,"103,422",GBP,0,,FY1.segment.bus-GroupCompanyDataDimension.bus-Consolidated,False,ok
00698834,2024-11-30,core:IncomeTaxesPaidRefundClassifiedAsOperatingActivities,Income taxes paid,"188,252",GBP,0,,FY2.segment.bus-GroupCompanyDataDimension.bus-Consolidated,False,ok
00698834,2025-11-30,core:NetCashFlowsFromUsedInOperatingActivities,Net cash flow from operating activities,"1,751,791",GBP,0,,FY1.segment.bus-GroupCompanyDataDimension.bus-Consolidated,False,ok
00698834,2024-11-30,core:NetCashFlowsFromUsedInOperatingActivities,Net cash flow from operating activities,"1,477,087",GBP,0,-,FY2.segment.bus-GroupCompanyDataDimension.bus-Consolidated,False,ok
00698834,2025-11-30,core:InterestReceivedClassifiedAsInvestingActivities,Interest received,"17,184",GBP,0,,FY1.segment.bus-GroupCompanyDataDimension.bus-Consolidated,False,ok
00698834,2024-11-30,core:InterestReceivedClassifiedAsInvestingActivities,Interest received,"17,713",GBP,0,,FY2.segment.bus-GroupCompanyDataDimension.bus-Consolidated,False,ok
00698834,2025-11-30,core:PurchasePropertyPlantEquipment,Acquisitions of tangible assets,"84,245",GBP,0,-,FY1.segment.bus-GroupCompanyDataDimension.bus-Consolidated,False,ok
00698834,2024-11-30,core:PurchasePropertyPlantEquipment,Acquisitions of tangible assets,"168,222",GBP,0,-,FY2.segment.bus-GroupCompanyDataDimension.bus-Consolidated,False,ok
00698834,2025-11-30,core:ProceedsFromSalesPropertyPlantEquipment,Proceeds from sale of tangible assets,"5,000",GBP,0,,FY1.segment.bus-GroupCompanyDataDimension.bus-Consolidated,False,ok
00698834,2024-11-30,core:ProceedsFromSalesPropertyPlantEquipment,Proceeds from sale of tangible assets,"40,000",GBP,0,,FY2.segment.bus-GroupCompanyDataDimension.bus-Consolidated,False,ok
00698834,2025-11-30,core:PurchaseIntangibleAssets,Acquisition of intangible assets,"4,004",GBP,0,-,FY1.segment.bus-GroupCompanyDataDimension.bus-Consolidated,False,ok
00698834,2024-11-30,core:PurchaseIntangibleAssets,Acquisition of intangible assets,"646,439",GBP,0,-,FY2.segment.bus-GroupCompanyDataDimension.bus-Consolidated,False,ok
00698834,2024-11-30,core:CashReceiptsFromRepaymentLoansAdvancesClassifiedAsInvestingActivities,"Cash receipts from repayment of loans, classified as investing activities","800,000",GBP,0,,FY2.segment.bus-GroupCompanyDataDimension.bus-Consolidated,False,ok
00698834,2025-11-30,core:PaymentsToAcquireInterestsInJointVenturesAssociatesParticipatingInterestsClassifiedAsInvestingActivities,"Acquisition of investments in subsidiary, net of cash acquired","488,590",GBP,0,-,FY1.segment.bus-GroupCompanyDataDimension.bus-Consolidated,False,ok
00698834,2025-11-30,core:NetCashFlowsFromUsedInInvestingActivities,Net cash flows from investing activities,"554,655",GBP,0,-,FY1.segment.bus-GroupCompanyDataDimension.bus-Consolidated,False,ok
00698834,2024-11-30,core:NetCashFlowsFromUsedInInvestingActivities,Net cash flows from investing activities,"43,052",GBP,0,,FY2.segment.bus-GroupCompanyDataDimension.bus-Consolidated,False,ok
00698834,2025-11-30,core:ProceedsFromIssuingShares,"Proceeds from issue of ordinary shares, net of issue costs","240,000",GBP,0,,FY1.segment.bus-GroupCompanyDataDimension.bus-Consolidated,False,ok
00698834,2025-11-30,core:PaymentsToRedeemOwnShares,Payments for purchase of own shares,"540,000",GBP,0,-,FY1.segment.bus-GroupCompanyDataDimension.bus-Consolidated,False,ok
00698834,2025-11-30,core:NetCashFlowsFromUsedInFinancingActivities,Net cash flows from financing activities,"300,000",GBP,0,-,FY1.segment.bus-GroupCompanyDataDimension.bus-Consolidated,False,ok
00698834,2025-11-30,core:IncreaseDecreaseInCashCashEquivalentsBeforeForeignExchangeDifferencesChangesInConsolidation,Net increase/(decrease) in cash and cash equivalents,"897,136",GBP,0,,FY1.segment.bus-GroupCompanyDataDimension.bus-Consolidated,False,ok
00698834,2024-11-30,core:IncreaseDecreaseInCashCashEquivalentsBeforeForeignExchangeDifferencesChangesInConsolidation,Net increase/(decrease) in cash and cash equivalents,"1,434,035",GBP,0,-,FY2.segment.bus-GroupCompanyDataDimension.bus-Consolidated,False,ok
00698834,2024-11-30,core:CashCashEquivalentsCashFlowValue,Cash and cash equivalents at 1 December,"944,800",GBP,0,,FY1.START.segment.bus-GroupCompanyDataDimension.bus-Consolidated,False,ok
00698834,2023-11-30,core:CashCashEquivalentsCashFlowValue,Cash and cash equivalents at 1 December,"2,386,185",GBP,0,,FY2.START.segment.bus-GroupCompanyDataDimension.bus-Consolidated,False,ok
00698834,2025-11-30,core:IncreaseDecreaseInCashCashEquivalentsFromForeignExchangeDifferences,Effect of exchange rate fluctuations on cash held,"46,753",GBP,0,,FY1.segment.bus-GroupCompanyDataDimension.bus-Consolidated,False,ok
00698834,2024-11-30,core:IncreaseDecreaseInCashCashEquivalentsFromForeignExchangeDifferences,Effect of exchange rate fluctuations on cash held,"7,350",GBP,0,-,FY2.segment.bus-GroupCompanyDataDimension.bus-Consolidated,False,ok
00698834,2025-11-30,core:RevenueFromSaleGoods,Sale of goods,"18,977,364",GBP,0,,FY1.segment.bus-GroupCompanyDataDimension.bus-Consolidated,False,ok
00698834,2024-11-30,core:RevenueFromSaleGoods,Sale of goods,"18,498,997",GBP,0,,FY2.segment.bus-GroupCompanyDataDimension.bus-Consolidated,False,ok
00698834,2025-11-30,core:OtherRevenue,Other revenue,"20,476",GBP,0,,FY1.segment.bus-GroupCompanyDataDimension.bus-Consolidated,False,ok
00698834,2024-11-30,core:OtherRevenue,Other revenue,"20,000",GBP,0,,FY2.segment.bus-GroupCompanyDataDimension.bus-Consolidated,False,ok
00698834,2025-11-30,core:TurnoverRevenue,Other revenue,"18,997,840",GBP,0,,FY1.segment.bus-GroupCompanyDataDimension.bus-Consolidated,False,ok
00698834,2024-11-30,core:TurnoverRevenue,Other revenue,"18,518,997",GBP,0,,FY2.segment.bus-GroupCompanyDataDimension.bus-Consolidated,False,ok
00698834,2025-11-30,core:DepreciationExpensePropertyPlantEquipment,Depreciation expense,"329,056",GBP,0,,FY1.segment.bus-GroupCompanyDataDimension.bus-Consolidated,False,ok
00698834,2024-11-30,core:DepreciationExpensePropertyPlantEquipment,Depreciation expense,"308,403",GBP,0,,FY2.segment.bus-GroupCompanyDataDimension.bus-Consolidated,False,ok
00698834,2025-11-30,core:AmortisationExpenseIntangibleAssets,Amortisation expense,"87,158",GBP,0,,FY1.segment.bus-GroupCompanyDataDimension.bus-Consolidated,False,ok
00698834,2024-11-30,core:AmortisationExpenseIntangibleAssets,Amortisation expense,"130,612",GBP,0,,FY2.segment.bus-GroupCompanyDataDimension.bus-Consolidated,False,ok
00698834,2025-11-30,core:GainLossOnNon-financingActivitiesDueToForeignExchangeDifferencesRecognisedInProfitOrLoss,Foreign exchange gains,"10,186",GBP,0,,FY1.segment.bus-GroupCompanyDataDimension.bus-Consolidated,False,ok
00698834,2024-11-30,core:GainLossOnNon-financingActivitiesDueToForeignExchangeDifferencesRecognisedInProfitOrLoss,Foreign exchange gains,"4,382",GBP,0,,FY2.segment.bus-GroupCompanyDataDimension.bus-Consolidated,False,ok
00698834,2025-11-30,core:GainLossOnDisposalsPropertyPlantEquipment,"Profit on disposal of property, plant and equipment","5,000",GBP,0,,FY1.segment.bus-GroupCompanyDataDimension.bus-Consolidated,False,ok
00698834,2024-11-30,core:GainLossOnDisposalsPropertyPlantEquipment,"Profit on disposal of property, plant and equipment","28,603",GBP,0,,FY2.segment.bus-GroupCompanyDataDimension.bus-Consolidated,False,ok
00698834,2025-11-30,core:InterestIncomeOnBankDeposits,Interest income on bank deposits,"17,183",GBP,0,,FY1.segment.bus-GroupCompanyDataDimension.bus-Consolidated,False,ok
00698834,2024-11-30,core:InterestIncomeOnBankDeposits,Interest income on bank deposits,"17,713",GBP,0,,FY2.segment.bus-GroupCompanyDataDimension.bus-Consolidated,False,ok
00698834,2025-11-30,core:OtherFinanceIncome,Other finance income,"233,678",GBP,0,,FY1.segment.bus-GroupCompanyDataDimension.bus-Consolidated,False,ok
00698834,2024-11-30,core:OtherFinanceIncome,Other finance income,"381,011",GBP,0,,FY2.segment.bus-GroupCompanyDataDimension.bus-Consolidated,False,ok
00698834,2025-11-30,core:OtherInterestReceivableSimilarIncomeFinanceIncome,Other finance income,"250,861",GBP,0,,FY1.segment.bus-GroupCompanyDataDimension.bus-Consolidated,False,ok
00698834,2024-11-30,core:OtherInterestReceivableSimilarIncomeFinanceIncome,Other finance income,"398,724",GBP,0,,FY2.segment.bus-GroupCompanyDataDimension.bus-Consolidated,False,ok
00698834,2025-11-30,core:WagesSalaries,Wages and salaries,"4,916,431",GBP,0,,FY1.segment.bus-GroupCompanyDataDimension.bus-Consolidated,False,ok
00698834,2024-11-30,core:WagesSalaries,Wages and salaries,"5,099,473",GBP,0,,FY2.segment.bus-GroupCompanyDataDimension.bus-Consolidated,False,ok
00698834,2025-11-30,core:SocialSecurityCosts,Social security costs,"585,934",GBP,0,,FY1.segment.bus-GroupCompanyDataDimension.bus-Consolidated,False,ok
00698834,2024-11-30,core:SocialSecurityCosts,Social security costs,"617,954",GBP,0,,FY2.segment.bus-GroupCompanyDataDimension.bus-Consolidated,False,ok
00698834,2025-11-30,core:PensionCostsDefinedContributionPlan,"Pension costs, defined contribution scheme","212,823",GBP,0,,FY1.segment.bus-GroupCompanyDataDimension.bus-Consolidated,False,ok
00698834,2024-11-30,core:PensionCostsDefinedContributionPlan,"Pension costs, defined contribution scheme","206,929",GBP,0,,FY2.segment.bus-GroupCompanyDataDimension.bus-Consolidated,False,ok
00698834,2025-11-30,core:OtherEmployeeExpense,Other employee expense,"12,991",GBP,0,,FY1.segment.bus-GroupCompanyDataDimension.bus-Consolidated,False,ok
00698834,2024-11-30,core:OtherEmployeeExpense,Other employee expense,69,GBP,0,,FY2.segment.bus-GroupCompanyDataDimension.bus-Consolidated,False,ok
00698834,2025-11-30,core:StaffCostsEmployeeBenefitsExpense,Other employee expense,"5,728,179",GBP,0,,FY1.segment.bus-GroupCompanyDataDimension.bus-Consolidated,False,ok
00698834,2024-11-30,core:StaffCostsEmployeeBenefitsExpense,Other employee expense,"5,924,425",GBP,0,,FY2.segment.bus-GroupCompanyDataDimension.bus-Consolidated,False,ok
00698834,2025-11-30,core:MarketingAverageNumberEmployees,Management,5,pure,0,,FY1.segment.bus-GroupCompanyDataDimension.bus-Consolidated,False,ok
00698834,2024-11-30,core:MarketingAverageNumberEmployees,Management,5,pure,0,,FY2.segment.bus-GroupCompanyDataDimension.bus-Consolidated,False,ok
00698834,2025-11-30,core:ProductionAverageNumberEmployees,Production,96,pure,0,,FY1.segment.bus-GroupCompanyDataDimension.bus-Consolidated,False,ok
00698834,2024-11-30,core:ProductionAverageNumberEmployees,Production,88,pure,0,,FY2.segment.bus-GroupCompanyDataDimension.bus-Consolidated,False,ok
00698834,2025-11-30,core:AdministrationSupportAverageNumberEmployees,Administration and support,26,pure,0,,FY1.segment.bus-GroupCompanyDataDimension.bus-Consolidated,False,ok
00698834,2024-11-30,core:AdministrationSupportAverageNumberEmployees,Administration and support,30,pure,0,,FY2.segment.bus-GroupCompanyDataDimension.bus-Consolidated,False,ok
00698834,2025-11-30,core:SellingAverageNumberEmployees,Sales,22,pure,0,,FY1.segment.bus-GroupCompanyDataDimension.bus-Consolidated,False,ok
00698834,2024-11-30,core:SellingAverageNumberEmployees,Sales,25,pure,0,,FY2.segment.bus-GroupCompanyDataDimension.bus-Consolidated,False,ok
00698834,2025-11-30,core:AverageNumberEmployeesDuringPeriod,Sales,149,pure,0,,FY1.segment.bus-GroupCompanyDataDimension.bus-Consolidated,False,ok
00698834,2024-11-30,core:AverageNumberEmployeesDuringPeriod,Sales,148,pure,0,,FY2.segment.bus-GroupCompanyDataDimension.bus-Consolidated,False,ok
00698834,2025-11-30,direp:DirectorRemuneration,Remuneration,"619,600",GBP,0,,FY1.segment.bus-GroupCompanyDataDimension.bus-Consolidated,False,ok
00698834,2024-11-30,direp:DirectorRemuneration,Remuneration,"1,414,000",GBP,0,,FY2.segment.bus-GroupCompanyDataDimension.bus-Consolidated,False,ok
00698834,2025-11-30,direp:CompanyContributionsToMoneyPurchasePlansDirectors,Contributions paid to money purchase schemes,"60,000",GBP,0,,FY1.segment.bus-GroupCompanyDataDimension.bus-Consolidated,False,ok
00698834,2025-11-30,direp:NumberDirectorsAccruingBenefitsUnderMoneyPurchaseScheme,Accruing benefits under money purchase pension scheme,1,pure,0,,FY1.segment.bus-GroupCompanyDataDimension.bus-Consolidated,False,ok
00698834,2024-11-30,direp:NumberDirectorsAccruingBenefitsUnderMoneyPurchaseScheme,Accruing benefits under money purchase pension scheme,1,pure,0,,FY2.segment.bus-GroupCompanyDataDimension.bus-Consolidated,False,ok
00698834,2025-11-30,direp:DirectorRemuneration,Remuneration,"445,000",GBP,0,,FY1.segment.bus-EntityOfficersDimension.bus-HighestPaidDirector.bus-GroupCompanyDataDimension.bus-Consolidated,False,ok
00698834,2024-11-30,direp:DirectorRemuneration,Remuneration,"1,270,000",GBP,0,,FY2.segment.bus-EntityOfficersDimension.bus-HighestPaidDirector.bus-GroupCompanyDataDimension.bus-Consolidated,False,ok
00698834,2025-11-30,core:CurrentTaxForPeriod,Corporation tax,"83,051",GBP,0,,FY1.segment.core-TaxJurisdictionDimension.core-UKTax.bus-GroupCompanyDataDimension.bus-Consolidated,False,ok
00698834,2024-11-30,core:CurrentTaxForPeriod,Corporation tax,"93,795",GBP,0,,FY2.segment.core-TaxJurisdictionDimension.core-UKTax.bus-GroupCompanyDataDimension.bus-Consolidated,False,ok
00698834,2025-11-30,core:DeferredTaxExpenseCreditRelatingToOriginationReversalTimingDifferences,Arising from origination and reversal of timing differences,"21,482",GBP,0,-,FY1.segment.bus-GroupCompanyDataDimension.bus-Consolidated,False,ok
00698834,2024-11-30,core:DeferredTaxExpenseCreditRelatingToOriginationReversalTimingDifferences,Arising from origination and reversal of timing differences,"31,195",GBP,0,-,FY2.segment.bus-GroupCompanyDataDimension.bus-Consolidated,False,ok
00698834,2025-11-30,core:TaxTaxCreditOnProfitOrLossOnOrdinaryActivities,Tax expense in the income statement,"61,569",GBP,0,,FY1.segment.bus-GroupCompanyDataDimension.bus-Consolidated,False,ok
00698834,2024-11-30,core:TaxTaxCreditOnProfitOrLossOnOrdinaryActivities,Tax expense in the income statement,"62,600",GBP,0,,FY2.segment.bus-GroupCompanyDataDimension.bus-Consolidated,False,ok
00698834,2025-11-30,core:ApplicableTaxRate,The tax on profit before tax for the year is lower than the standard rate of corporation tax in the UK (2024 - lower than the standard rate of corporation tax in the UK) of,25,pure,2,,FY1.segment.core-TaxJurisdictionDimension.core-UKTax.bus-GroupCompanyDataDimension.bus-Consolidated,False,ok
00698834,2024-11-30,core:ApplicableTaxRate,(2024 -,25,pure,2,,FY2.segment.core-TaxJurisdictionDimension.core-UKTax.bus-GroupCompanyDataDimension.bus-Consolidated,False,ok
00698834,2025-11-30,core:ProfitLossOnOrdinaryActivitiesBeforeTax,Profit before tax,"693,702",GBP,0,,FY1.segment.bus-GroupCompanyDataDimension.bus-Consolidated,False,ok
00698834,2024-11-30,core:ProfitLossOnOrdinaryActivitiesBeforeTax,Profit before tax,"280,619",GBP,0,,FY2.segment.bus-GroupCompanyDataDimension.bus-Consolidated,False,ok
00698834,2025-11-30,core:TaxExpenseCreditApplicableTaxRate,Corporation tax at standard rate,"173,426",GBP,0,,FY1.segment.bus-GroupCompanyDataDimension.bus-Consolidated,False,ok
00698834,2024-11-30,core:TaxExpenseCreditApplicableTaxRate,Corporation tax at standard rate,"70,155",GBP,0,,FY2.segment.bus-GroupCompanyDataDimension.bus-Consolidated,False,ok
00698834,2025-11-30,core:TaxIncreaseDecreaseFromEffectCapitalAllowancesDepreciation,Tax increase from effect of capital allowances and depreciation,"18,016",GBP,0,,FY1.segment.bus-GroupCompanyDataDimension.bus-Consolidated,False,ok
00698834,2024-11-30,core:TaxIncreaseDecreaseFromEffectCapitalAllowancesDepreciation,Tax increase from effect of capital allowances and depreciation,"56,402",GBP,0,,FY2.segment.bus-GroupCompanyDataDimension.bus-Consolidated,False,ok
00698834,2025-11-30,core:TaxIncreaseDecreaseFromEffectDifferentTaxRatesOnSomeEarnings,Decrease from effect of different UK tax rates on some earnings,156,GBP,0,-,FY1.segment.bus-GroupCompanyDataDimension.bus-Consolidated,False,ok
00698834,2025-11-30,core:TaxIncreaseDecreaseFromOtherShort-termTimingDifferences,Tax decrease from other short-term timing differences,"21,482",GBP,0,-,FY1.segment.bus-GroupCompanyDataDimension.bus-Consolidated,False,ok
00698834,2024-11-30,core:TaxIncreaseDecreaseFromOtherShort-termTimingDifferences,Tax decrease from other short-term timing differences,"31,195",GBP,0,-,FY2.segment.bus-GroupCompanyDataDimension.bus-Consolidated,False,ok
00698834,2025-11-30,core:TaxIncreaseDecreaseFromEffectExpensesNotDeductibleInDeterminingTaxableProfitOrLoss,Effect of expense not deductible in determining taxable profit (tax loss),"1,250",GBP,0,-,FY1.segment.bus-GroupCompanyDataDimension.bus-Consolidated,False,ok
00698834,2024-11-30,core:TaxIncreaseDecreaseFromEffectExpensesNotDeductibleInDeterminingTaxableProfitOrLoss,Effect of expense not deductible in determining taxable profit (tax loss),"3,653",GBP,0,-,FY2.segment.bus-GroupCompanyDataDimension.bus-Consolidated,False,ok
00698834,2025-11-30,core:TaxIncreaseDecreaseFromEffectForeignTaxRates,Effect of foreign tax rates,"36,419",GBP,0,-,FY1.segment.bus-GroupCompanyDataDimension.bus-Consolidated,False,ok
00698834,2024-11-30,core:TaxIncreaseDecreaseFromEffectForeignTaxRates,Effect of foreign tax rates,"13,059",GBP,0,-,FY2.segment.bus-GroupCompanyDataDimension.bus-Consolidated,False,ok
00698834,2025-11-30,core:IncreaseDecreaseInCurrentTaxFromUnrecognisedTaxLossOrCredit,Increase in UK and foreign current tax from unrecognised tax loss or credit,"16,025",GBP,0,,FY1.segment.bus-GroupCompanyDataDimension.bus-Consolidated,False,ok
00698834,2025-11-30,core:TaxIncreaseDecreaseFromOtherTaxEffectsTaxReconciliation,Tax decrease from other tax effects,"86,591",GBP,0,-,FY1.segment.bus-GroupCompanyDataDimension.bus-Consolidated,False,ok
00698834,2024-11-30,core:TaxIncreaseDecreaseFromOtherTaxEffectsTaxReconciliation,Tax decrease from other tax effects,"16,050",GBP,0,-,FY2.segment.bus-GroupCompanyDataDimension.bus-Consolidated,False,ok
00698834,2025-11-30,core:TaxTaxCreditOnProfitOrLossOnOrdinaryActivities,Total tax charge,"61,569",GBP,0,,FY1.segment.bus-GroupCompanyDataDimension.bus-Consolidated,False,ok
00698834,2024-11-30,core:TaxTaxCreditOnProfitOrLossOnOrdinaryActivities,Total tax charge,"62,600",GBP,0,,FY2.segment.bus-GroupCompanyDataDimension.bus-Consolidated,False,ok
00698834,2024-11-30,core:IntangibleAssetsGrossCost,At 1 December 2024,"185,000",GBP,0,,FY1.START.segment.core-IntangibleAssetClassesDimension.core-Goodwill.bus-GroupCompanyDataDimension.bus-Consolidated,False,ok
00698834,2024-11-30,core:IntangibleAssetsGrossCost,At 1 December 2024,"656,657",GBP,0,,FY1.START.segment.core-IntangibleAssetClassesDimension.core-OtherResidualIntangibleAssets.bus-GroupCompanyDataDimension.bus-Consolidated,False,ok
00698834,2024-11-30,core:IntangibleAssetsGrossCost,At 1 December 2024,"841,657",GBP,0,,FY1.START.segment.bus-GroupCompanyDataDimension.bus-Consolidated,False,ok
00698834,2025-11-30,core:AdditionsOtherThanThroughBusinessCombinationsIntangibleAssets,Additions acquired separately,"4,004",GBP,0,,FY1.segment.core-IntangibleAssetClassesDimension.core-OtherResidualIntangibleAssets.bus-GroupCompanyDataDimension.bus-Consolidated,False,ok
00698834,2025-11-30,core:AdditionsOtherThanThroughBusinessCombinationsIntangibleAssets,Additions acquired separately,"4,004",GBP,0,,FY1.segment.bus-GroupCompanyDataDimension.bus-Consolidated,False,ok
00698834,2025-11-30,core:IntangibleAssetsGrossCost,At 30 November 2025,"185,000",GBP,0,,FY1.END.segment.core-IntangibleAssetClassesDimension.core-Goodwill.bus-GroupCompanyDataDimension.bus-Consolidated,False,ok
00698834,2025-11-30,core:IntangibleAssetsGrossCost,At 30 November 2025,"660,661",GBP,0,,FY1.END.segment.core-IntangibleAssetClassesDimension.core-OtherResidualIntangibleAssets.bus-GroupCompanyDataDimension.bus-Consolidated,False,ok
00698834,2025-11-30,core:IntangibleAssetsGrossCost,At 30 November 2025,"845,661",GBP,0,,FY1.END.segment.bus-GroupCompanyDataDimension.bus-Consolidated,False,ok
00698834,2024-11-30,core:AccumulatedAmortisationImpairmentIntangibleAssets,At 1 December 2024,"185,000",GBP,0,,FY1.START.segment.core-IntangibleAssetClassesDimension.core-Goodwill.bus-GroupCompanyDataDimension.bus-Consolidated,False,ok
00698834,2024-11-30,core:AccumulatedAmortisationImpairmentIntangibleAssets,At 1 December 2024,"130,680",GBP,0,,FY1.START.segment.core-IntangibleAssetClassesDimension.core-OtherResidualIntangibleAssets.bus-GroupCompanyDataDimension.bus-Consolidated,False,ok
00698834,2024-11-30,core:AccumulatedAmortisationImpairmentIntangibleAssets,At 1 December 2024,"315,680",GBP,0,,FY1.START.segment.bus-GroupCompanyDataDimension.bus-Consolidated,False,ok
00698834,2025-11-30,core:IncreaseFromAmortisationChargeForYearIntangibleAssets,Amortisation charge,"130,792",GBP,0,,FY1.segment.core-IntangibleAssetClassesDimension.core-OtherResidualIntangibleAssets.bus-GroupCompanyDataDimension.bus-Consolidated,False,ok
00698834,2025-11-30,core:IncreaseFromAmortisationChargeForYearIntangibleAssets,Amortisation charge,"130,792",GBP,0,,FY1.segment.bus-GroupCompanyDataDimension.bus-Consolidated,False,ok
00698834,2025-11-30,core:AccumulatedAmortisationImpairmentIntangibleAssets,At 30 November 2025,"185,000",GBP,0,,FY1.END.segment.core-IntangibleAssetClassesDimension.core-Goodwill.bus-GroupCompanyDataDimension.bus-Consolidated,False,ok
00698834,2025-11-30,core:AccumulatedAmortisationImpairmentIntangibleAssets,At 30 November 2025,"261,472",GBP,0,,FY1.END.segment.core-IntangibleAssetClassesDimension.core-OtherResidualIntangibleAssets.bus-GroupCompanyDataDimension.bus-Consolidated,False,ok
00698834,2025-11-30,core:AccumulatedAmortisationImpairmentIntangibleAssets,At 30 November 2025,"446,472",GBP,0,,FY1.END.segment.bus-GroupCompanyDataDimension.bus-Consolidated,False,ok
00698834,2025-11-30,core:IntangibleAssets,At 30 November 2025,"399,189",GBP,0,,FY1.END.segment.core-IntangibleAssetClassesDimension.core-OtherResidualIntangibleAssets.bus-GroupCompanyDataDimension.bus-Consolidated,False,ok
00698834,2025-11-30,core:IntangibleAssets,At 30 November 2025,"399,189",GBP,0,,FY1.END.segment.bus-GroupCompanyDataDimension.bus-Consolidated,False,ok
00698834,2024-11-30,core:IntangibleAssets,At 30 November 2024,"525,977",GBP,0,,FY2.END.segment.core-IntangibleAssetClassesDimension.core-OtherResidualIntangibleAssets.bus-GroupCompanyDataDimension.bus-Consolidated,False,ok
00698834,2024-11-30,core:IntangibleAssets,At 30 November 2024,"525,977",GBP,0,,FY2.END.segment.bus-GroupCompanyDataDimension.bus-Consolidated,False,ok
00698834,2025-11-30,core:IntangibleAssets,At 30 November 2025,"174,538",GBP,0,-,FY1.END.segment.core-IntangibleAssetClassesDimension.core-NegativeGoodwill.bus-GroupCompanyDataDimension.bus-Consolidated,False,ok
00698834,2024-11-30,core:IntangibleAssetsGrossCost,At 1 December 2024,"185,000",GBP,0,,FY1.START.segment.core-IntangibleAssetClassesDimension.core-Goodwill,False,ok
00698834,2024-11-30,core:IntangibleAssetsGrossCost,At 1 December 2024,"645,000",GBP,0,,FY1.START.segment.core-IntangibleAssetClassesDimension.core-OtherResidualIntangibleAssets,False,ok
00698834,2024-11-30,core:IntangibleAssetsGrossCost,At 1 December 2024,"830,000",GBP,0,,FY1.START,False,ok
00698834,2025-11-30,core:IntangibleAssetsGrossCost,At 30 November 2025,"185,000",GBP,0,,FY1.END.segment.core-IntangibleAssetClassesDimension.core-Goodwill,False,ok
00698834,2025-11-30,core:IntangibleAssetsGrossCost,At 30 November 2025,"645,000",GBP,0,,FY1.END.segment.core-IntangibleAssetClassesDimension.core-OtherResidualIntangibleAssets,False,ok
00698834,2025-11-30,core:IntangibleAssetsGrossCost,At 30 November 2025,"830,000",GBP,0,,FY1.END,False,ok
00698834,2024-11-30,core:AccumulatedAmortisationImpairmentIntangibleAssets,At 1 December 2024,"185,000",GBP,0,,FY1.START.segment.core-IntangibleAssetClassesDimension.core-Goodwill,False,ok
00698834,2024-11-30,core:AccumulatedAmortisationImpairmentIntangibleAssets,At 1 December 2024,"129,000",GBP,0,,FY1.START.segment.core-IntangibleAssetClassesDimension.core-OtherResidualIntangibleAssets,False,ok
00698834,2024-11-30,core:AccumulatedAmortisationImpairmentIntangibleAssets,At 1 December 2024,"314,000",GBP,0,,FY1.START,False,ok
00698834,2025-11-30,core:IncreaseFromAmortisationChargeForYearIntangibleAssets,Amortisation charge,"129,000",GBP,0,,FY1.segment.core-IntangibleAssetClassesDimension.core-OtherResidualIntangibleAssets,False,ok
00698834,2025-11-30,core:IncreaseFromAmortisationChargeForYearIntangibleAssets,Amortisation charge,"129,000",GBP,0,,FY1,False,ok
00698834,2025-11-30,core:AccumulatedAmortisationImpairmentIntangibleAssets,At 30 November 2025,"185,000",GBP,0,,FY1.END.segment.core-IntangibleAssetClassesDimension.core-Goodwill,False,ok
00698834,2025-11-30,core:AccumulatedAmortisationImpairmentIntangibleAssets,At 30 November 2025,"258,000",GBP,0,,FY1.END.segment.core-IntangibleAssetClassesDimension.core-OtherResidualIntangibleAssets,False,ok
00698834,2025-11-30,core:AccumulatedAmortisationImpairmentIntangibleAssets,At 30 November 2025,"443,000",GBP,0,,FY1.END,False,ok
00698834,2025-11-30,core:IntangibleAssets,At 30 November 2025,"387,000",GBP,0,,FY1.END.segment.core-IntangibleAssetClassesDimension.core-OtherResidualIntangibleAssets,False,ok
00698834,2025-11-30,core:IntangibleAssets,At 30 November 2025,"387,000",GBP,0,,FY1.END,False,ok
00698834,2024-11-30,core:IntangibleAssets,At 30 November 2024,"516,000",GBP,0,,FY2.END.segment.core-IntangibleAssetClassesDimension.core-OtherResidualIntangibleAssets,False,ok
00698834,2024-11-30,core:IntangibleAssets,At 30 November 2024,"516,000",GBP,0,,FY2.END,False,ok
00698834,2024-11-30,core:PropertyPlantEquipmentGrossCost,At 1 December 2024,"2,037,504",GBP,0,,FY1.START.segment.core-PropertyPlantEquipmentClassesDimension.core-LandBuildings.bus-GroupCompanyDataDimension.bus-Consolidated,False,ok
00698834,2024-11-30,core:PropertyPlantEquipmentGrossCost,At 1 December 2024,"2,937,075",GBP,0,,FY1.START.segment.core-PropertyPlantEquipmentClassesDimension.core-FurnitureFittingsToolsEquipment.bus-GroupCompanyDataDimension.bus-Consolidated,False,ok
00698834,2024-11-30,core:PropertyPlantEquipmentGrossCost,At 1 December 2024,"192,538",GBP,0,,FY1.START.segment.core-PropertyPlantEquipmentClassesDimension.core-MotorVehicles.bus-GroupCompanyDataDimension.bus-Consolidated,False,ok
00698834,2024-11-30,core:PropertyPlantEquipmentGrossCost,At 1 December 2024,"5,167,117",GBP,0,,FY1.START.segment.bus-GroupCompanyDataDimension.bus-Consolidated,False,ok
00698834,2025-11-30,core:AdditionsOtherThanThroughBusinessCombinationsPropertyPlantEquipment,Additions,"32,822",GBP,0,,FY1.segment.core-PropertyPlantEquipmentClassesDimension.core-LandBuildings.bus-GroupCompanyDataDimension.bus-Consolidated,False,ok
00698834,2025-11-30,core:AdditionsOtherThanThroughBusinessCombinationsPropertyPlantEquipment,Additions,"51,423",GBP,0,,FY1.segment.core-PropertyPlantEquipmentClassesDimension.core-FurnitureFittingsToolsEquipment.bus-GroupCompanyDataDimension.bus-Consolidated,False,ok
00698834,2025-11-30,core:AdditionsOtherThanThroughBusinessCombinationsPropertyPlantEquipment,Additions,"84,245",GBP,0,,FY1.segment.bus-GroupCompanyDataDimension.bus-Consolidated,False,ok
00698834,2025-11-30,core:AcquiredThroughBusinessCombinationsPropertyPlantEquipment,Acquired through business combinations,"1,266,097",GBP,0,,FY1.segment.core-PropertyPlantEquipmentClassesDimension.core-LandBuildings.bus-GroupCompanyDataDimension.bus-Consolidated,False,ok
00698834,2025-11-30,core:AcquiredThroughBusinessCombinationsPropertyPlantEquipment,Acquired through business combinations,"635,280",GBP,0,,FY1.segment.core-PropertyPlantEquipmentClassesDimension.core-FurnitureFittingsToolsEquipment.bus-GroupCompanyDataDimension.bus-Consolidated,False,ok
00698834,2025-11-30,core:AcquiredThroughBusinessCombinationsPropertyPlantEquipment,Acquired through business combinations,"1,901,377",GBP,0,,FY1.segment.bus-GroupCompanyDataDimension.bus-Consolidated,False,ok
00698834,2025-11-30,core:DisposalsPropertyPlantEquipment,Disposals,"67,000",GBP,0,-,FY1.segment.core-PropertyPlantEquipmentClassesDimension.core-FurnitureFittingsToolsEquipment.bus-GroupCompanyDataDimension.bus-Consolidated,False,ok
00698834,2025-11-30,core:DisposalsPropertyPlantEquipment,Disposals,"67,000",GBP,0,-,FY1.segment.bus-GroupCompanyDataDimension.bus-Consolidated,False,ok
00698834,2025-11-30,core:PropertyPlantEquipmentGrossCost,At 30 November 2025,"3,336,423",GBP,0,,FY1.END.segment.core-PropertyPlantEquipmentClassesDimension.core-LandBuildings.bus-GroupCompanyDataDimension.bus-Consolidated,False,ok
00698834,2025-11-30,core:PropertyPlantEquipmentGrossCost,At 30 November 2025,"3,556,778",GBP,0,,FY1.END.segment.core-PropertyPlantEquipmentClassesDimension.core-FurnitureFittingsToolsEquipment.bus-GroupCompanyDataDimension.bus-Consolidated,False,ok
00698834,2025-11-30,core:PropertyPlantEquipmentGrossCost,At 30 November 2025,"192,538",GBP,0,,FY1.END.segment.core-PropertyPlantEquipmentClassesDimension.core-MotorVehicles.bus-GroupCompanyDataDimension.bus-Consolidated,False,ok
00698834,2025-11-30,core:PropertyPlantEquipmentGrossCost,At 30 November 2025,"7,085,739",GBP,0,,FY1.END.segment.bus-GroupCompanyDataDimension.bus-Consolidated,False,ok
00698834,2024-11-30,core:AccumulatedDepreciationImpairmentPropertyPlantEquipment,At 1 December 2024,"755,613",GBP,0,,FY1.START.segment.core-PropertyPlantEquipmentClassesDimension.core-LandBuildings.bus-GroupCompanyDataDimension.bus-Consolidated,False,ok
00698834,2024-11-30,core:AccumulatedDepreciationImpairmentPropertyPlantEquipment,At 1 December 2024,"2,595,190",GBP,0,,FY1.START.segment.core-PropertyPlantEquipmentClassesDimension.core-FurnitureFittingsToolsEquipment.bus-GroupCompanyDataDimension.bus-Consolidated,False,ok
00698834,2024-11-30,core:AccumulatedDepreciationImpairmentPropertyPlantEquipment,At 1 December 2024,"69,774",GBP,0,,FY1.START.segment.core-PropertyPlantEquipmentClassesDimension.core-MotorVehicles.bus-GroupCompanyDataDimension.bus-Consolidated,False,ok
00698834,2024-11-30,core:AccumulatedDepreciationImpairmentPropertyPlantEquipment,At 1 December 2024,"3,420,577",GBP,0,,FY1.START.segment.bus-GroupCompanyDataDimension.bus-Consolidated,False,ok
00698834,2025-11-30,core:TransfersBetweenPPEClassesIncreaseDecreaseInDepreciationImpairment,Depreciation from business combinations,"211,374",GBP,0,,FY1.segment.core-PropertyPlantEquipmentClassesDimension.core-LandBuildings.bus-GroupCompanyDataDimension.bus-Consolidated,False,ok
00698834,2025-11-30,core:TransfersBetweenPPEClassesIncreaseDecreaseInDepreciationImpairment,Depreciation from business combinations,"450,646",GBP,0,,FY1.segment.core-PropertyPlantEquipmentClassesDimension.core-FurnitureFittingsToolsEquipment.bus-GroupCompanyDataDimension.bus-Consolidated,False,ok
00698834,2025-11-30,core:TransfersBetweenPPEClassesIncreaseDecreaseInDepreciationImpairment,Depreciation from business combinations,"662,020",GBP,0,,FY1.segment.bus-GroupCompanyDataDimension.bus-Consolidated,False,ok
00698834,2025-11-30,core:IncreaseFromDepreciationChargeForYearPropertyPlantEquipment,Charge for the year,"108,943",GBP,0,,FY1.segment.core-PropertyPlantEquipmentClassesDimension.core-LandBuildings.bus-GroupCompanyDataDimension.bus-Consolidated,False,ok
00698834,2025-11-30,core:IncreaseFromDepreciationChargeForYearPropertyPlantEquipment,Charge for the year,"186,602",GBP,0,,FY1.segment.core-PropertyPlantEquipmentClassesDimension.core-FurnitureFittingsToolsEquipment.bus-GroupCompanyDataDimension.bus-Consolidated,False,ok
00698834,2025-11-30,core:IncreaseFromDepreciationChargeForYearPropertyPlantEquipment,Charge for the year,"33,510",GBP,0,,FY1.segment.core-PropertyPlantEquipmentClassesDimension.core-MotorVehicles.bus-GroupCompanyDataDimension.bus-Consolidated,False,ok
00698834,2025-11-30,core:IncreaseFromDepreciationChargeForYearPropertyPlantEquipment,Charge for the year,"329,055",GBP,0,,FY1.segment.bus-GroupCompanyDataDimension.bus-Consolidated,False,ok
00698834,2025-11-30,core:DisposalsDecreaseInDepreciationImpairmentPropertyPlantEquipment,Eliminated on disposal,"67,000",GBP,0,-,FY1.segment.core-PropertyPlantEquipmentClassesDimension.core-FurnitureFittingsToolsEquipment.bus-GroupCompanyDataDimension.bus-Consolidated,False,ok
00698834,2025-11-30,core:DisposalsDecreaseInDepreciationImpairmentPropertyPlantEquipment,Eliminated on disposal,"67,000",GBP,0,-,FY1.segment.bus-GroupCompanyDataDimension.bus-Consolidated,False,ok
00698834,2025-11-30,core:AccumulatedDepreciationImpairmentPropertyPlantEquipment,At 30 November 2025,"1,075,930",GBP,0,,FY1.END.segment.core-PropertyPlantEquipmentClassesDimension.core-LandBuildings.bus-GroupCompanyDataDimension.bus-Consolidated,False,ok
00698834,2025-11-30,core:AccumulatedDepreciationImpairmentPropertyPlantEquipment,At 30 November 2025,"3,165,438",GBP,0,,FY1.END.segment.core-PropertyPlantEquipmentClassesDimension.core-FurnitureFittingsToolsEquipment.bus-GroupCompanyDataDimension.bus-Consolidated,False,ok
00698834,2025-11-30,core:AccumulatedDepreciationImpairmentPropertyPlantEquipment,At 30 November 2025,"103,284",GBP,0,,FY1.END.segment.core-PropertyPlantEquipmentClassesDimension.core-MotorVehicles.bus-GroupCompanyDataDimension.bus-Consolidated,False,ok
00698834,2025-11-30,core:AccumulatedDepreciationImpairmentPropertyPlantEquipment,At 30 November 2025,"4,344,652",GBP,0,,FY1.END.segment.bus-GroupCompanyDataDimension.bus-Consolidated,False,ok
00698834,2025-11-30,core:PropertyPlantEquipment,At 30 November 2025,"2,260,493",GBP,0,,FY1.END.segment.core-PropertyPlantEquipmentClassesDimension.core-LandBuildings.bus-GroupCompanyDataDimension.bus-Consolidated,False,ok
00698834,2025-11-30,core:PropertyPlantEquipment,At 30 November 2025,"391,340",GBP,0,,FY1.END.segment.core-PropertyPlantEquipmentClassesDimension.core-FurnitureFittingsToolsEquipment.bus-GroupCompanyDataDimension.bus-Consolidated,False,ok
00698834,2025-11-30,core:PropertyPlantEquipment,At 30 November 2025,"89,254",GBP,0,,FY1.END.segment.core-PropertyPlantEquipmentClassesDimension.core-MotorVehicles.bus-GroupCompanyDataDimension.bus-Consolidated,False,ok
00698834,2025-11-30,core:PropertyPlantEquipment,At 30 November 2025,"2,741,087",GBP,0,,FY1.END.segment.bus-GroupCompanyDataDimension.bus-Consolidated,False,ok
00698834,2024-11-30,core:PropertyPlantEquipment,At 30 November 2024,"1,281,891",GBP,0,,FY2.END.segment.core-PropertyPlantEquipmentClassesDimension.core-LandBuildings.bus-GroupCompanyDataDimension.bus-Consolidated,False,ok
00698834,2024-11-30,core:PropertyPlantEquipment,At 30 November 2024,"341,885",GBP,0,,FY2.END.segment.core-PropertyPlantEquipmentClassesDimension.core-FurnitureFittingsToolsEquipment.bus-GroupCompanyDataDimension.bus-Consolidated,False,ok
00698834,2024-11-30,core:PropertyPlantEquipment,At 30 November 2024,"122,764",GBP,0,,FY2.END.segment.core-PropertyPlantEquipmentClassesDimension.core-MotorVehicles.bus-GroupCompanyDataDimension.bus-Consolidated,False,ok
00698834,2024-11-30,core:PropertyPlantEquipment,At 30 November 2024,"1,746,540",GBP,0,,FY2.END.segment.bus-GroupCompanyDataDimension.bus-Consolidated,False,ok
00698834,2024-11-30,core:PropertyPlantEquipmentGrossCost,At 1 December 2024,"2,037,504",GBP,0,,FY1.START.segment.core-PropertyPlantEquipmentClassesDimension.core-LandBuildings,False,ok
00698834,2024-11-30,core:PropertyPlantEquipmentGrossCost,At 1 December 2024,"2,905,260",GBP,0,,FY1.START.segment.core-PropertyPlantEquipmentClassesDimension.core-FurnitureFittingsToolsEquipment,False,ok
00698834,2024-11-30,core:PropertyPlantEquipmentGrossCost,At 1 December 2024,"192,538",GBP,0,,FY1.START.segment.core-PropertyPlantEquipmentClassesDimension.core-MotorVehicles,False,ok
00698834,2024-11-30,core:PropertyPlantEquipmentGrossCost,At 1 December 2024,"5,135,302",GBP,0,,FY1.START,False,ok
00698834,2025-11-30,core:AdditionsOtherThanThroughBusinessCombinationsPropertyPlantEquipment,Additions,"32,822",GBP,0,,FY1.segment.core-PropertyPlantEquipmentClassesDimension.core-LandBuildings,False,ok
00698834,2025-11-30,core:AdditionsOtherThanThroughBusinessCombinationsPropertyPlantEquipment,Additions,"31,941",GBP,0,,FY1.segment.core-PropertyPlantEquipmentClassesDimension.core-FurnitureFittingsToolsEquipment,False,ok
00698834,2025-11-30,core:AdditionsOtherThanThroughBusinessCombinationsPropertyPlantEquipment,Additions,"64,763",GBP,0,,FY1,False,ok
00698834,2025-11-30,core:DisposalsPropertyPlantEquipment,Disposals,"67,000",GBP,0,-,FY1.segment.core-PropertyPlantEquipmentClassesDimension.core-FurnitureFittingsToolsEquipment,False,ok
00698834,2025-11-30,core:DisposalsPropertyPlantEquipment,Disposals,"67,000",GBP,0,-,FY1,False,ok
00698834,2025-11-30,core:PropertyPlantEquipmentGrossCost,At 30 November 2025,"2,070,326",GBP,0,,FY1.END.segment.core-PropertyPlantEquipmentClassesDimension.core-LandBuildings,False,ok
00698834,2025-11-30,core:PropertyPlantEquipmentGrossCost,At 30 November 2025,"2,870,201",GBP,0,,FY1.END.segment.core-PropertyPlantEquipmentClassesDimension.core-FurnitureFittingsToolsEquipment,False,ok
00698834,2025-11-30,core:PropertyPlantEquipmentGrossCost,At 30 November 2025,"192,538",GBP,0,,FY1.END.segment.core-PropertyPlantEquipmentClassesDimension.core-MotorVehicles,False,ok
00698834,2025-11-30,core:PropertyPlantEquipmentGrossCost,At 30 November 2025,"5,133,065",GBP,0,,FY1.END,False,ok
00698834,2024-11-30,core:AccumulatedDepreciationImpairmentPropertyPlantEquipment,At 1 December 2024,"755,613",GBP,0,,FY1.START.segment.core-PropertyPlantEquipmentClassesDimension.core-LandBuildings,False,ok
00698834,2024-11-30,core:AccumulatedDepreciationImpairmentPropertyPlantEquipment,At 1 December 2024,"2,587,804",GBP,0,,FY1.START.segment.core-PropertyPlantEquipmentClassesDimension.core-FurnitureFittingsToolsEquipment,False,ok
00698834,2024-11-30,core:AccumulatedDepreciationImpairmentPropertyPlantEquipment,At 1 December 2024,"69,774",GBP,0,,FY1.START.segment.core-PropertyPlantEquipmentClassesDimension.core-MotorVehicles,False,ok
00698834,2024-11-30,core:AccumulatedDepreciationImpairmentPropertyPlantEquipment,At 1 December 2024,"3,413,191",GBP,0,,FY1.START,False,ok
00698834,2025-11-30,core:IncreaseFromDepreciationChargeForYearPropertyPlantEquipment,Charge for the year,"72,112",GBP,0,,FY1.segment.core-PropertyPlantEquipmentClassesDimension.core-LandBuildings,False,ok
00698834,2025-11-30,core:IncreaseFromDepreciationChargeForYearPropertyPlantEquipment,Charge for the year,"105,743",GBP,0,,FY1.segment.core-PropertyPlantEquipmentClassesDimension.core-FurnitureFittingsToolsEquipment,False,ok
00698834,2025-11-30,core:IncreaseFromDepreciationChargeForYearPropertyPlantEquipment,Charge for the year,"33,510",GBP,0,,FY1.segment.core-PropertyPlantEquipmentClassesDimension.core-MotorVehicles,False,ok
00698834,2025-11-30,core:IncreaseFromDepreciationChargeForYearPropertyPlantEquipment,Charge for the year,"211,365",GBP,0,,FY1,False,ok
00698834,2025-11-30,core:DisposalsDecreaseInDepreciationImpairmentPropertyPlantEquipment,Eliminated on disposal,"67,000",GBP,0,-,FY1.segment.core-PropertyPlantEquipmentClassesDimension.core-FurnitureFittingsToolsEquipment,False,ok
00698834,2025-11-30,core:DisposalsDecreaseInDepreciationImpairmentPropertyPlantEquipment,Eliminated on disposal,"67,000",GBP,0,-,FY1,False,ok
00698834,2025-11-30,core:AccumulatedDepreciationImpairmentPropertyPlantEquipment,At 30 November 2025,"827,725",GBP,0,,FY1.END.segment.core-PropertyPlantEquipmentClassesDimension.core-LandBuildings,False,ok
00698834,2025-11-30,core:AccumulatedDepreciationImpairmentPropertyPlantEquipment,At 30 November 2025,"2,626,547",GBP,0,,FY1.END.segment.core-PropertyPlantEquipmentClassesDimension.core-FurnitureFittingsToolsEquipment,False,ok
00698834,2025-11-30,core:AccumulatedDepreciationImpairmentPropertyPlantEquipment,At 30 November 2025,"103,284",GBP,0,,FY1.END.segment.core-PropertyPlantEquipmentClassesDimension.core-MotorVehicles,False,ok
00698834,2025-11-30,core:AccumulatedDepreciationImpairmentPropertyPlantEquipment,At 30 November 2025,"3,557,556",GBP,0,,FY1.END,False,ok
00698834,2025-11-30,core:PropertyPlantEquipment,At 30 November 2025,"1,242,601",GBP,0,,FY1.END.segment.core-PropertyPlantEquipmentClassesDimension.core-LandBuildings,False,ok
00698834,2025-11-30,core:PropertyPlantEquipment,At 30 November 2025,"243,654",GBP,0,,FY1.END.segment.core-PropertyPlantEquipmentClassesDimension.core-FurnitureFittingsToolsEquipment,False,ok
00698834,2025-11-30,core:PropertyPlantEquipment,At 30 November 2025,"89,254",GBP,0,,FY1.END.segment.core-PropertyPlantEquipmentClassesDimension.core-MotorVehicles,False,ok
00698834,2025-11-30,core:PropertyPlantEquipment,At 30 November 2025,"1,575,509",GBP,0,,FY1.END,False,ok
00698834,2024-11-30,core:PropertyPlantEquipment,At 30 November 2024,"1,281,891",GBP,0,,FY2.END.segment.core-PropertyPlantEquipmentClassesDimension.core-LandBuildings,False,ok
00698834,2024-11-30,core:PropertyPlantEquipment,At 30 November 2024,"317,456",GBP,0,,FY2.END.segment.core-PropertyPlantEquipmentClassesDimension.core-FurnitureFittingsToolsEquipment,False,ok
00698834,2024-11-30,core:PropertyPlantEquipment,At 30 November 2024,"122,764",GBP,0,,FY2.END.segment.core-PropertyPlantEquipmentClassesDimension.core-MotorVehicles,False,ok
00698834,2024-11-30,core:PropertyPlantEquipment,At 30 November 2024,"1,722,111",GBP,0,,FY2.END,False,ok
00698834,2025-11-30,core:InvestmentsInSubsidiaries,Investments in subsidiaries,100,GBP,0,,FY1.END,False,ok
00698834,2024-11-30,core:InvestmentsInSubsidiaries,Investments in subsidiaries,100,GBP,0,,FY2.END,False,ok
00698834,2024-11-30,core:InvestmentsInSubsidiaries,At 1 December 2024,100,GBP,0,,FY1.START.segment.core-InvestmentsMovementsDimension.core-CostValuation,False,ok
00698834,2025-11-30,core:InvestmentsInSubsidiaries,At 30 November 2025,100,GBP,0,,FY1.END,False,ok
00698834,2024-11-30,core:InvestmentsInSubsidiaries,At 30 November 2024,100,GBP,0,,FY2.END,False,ok
00698834,2025-11-30,core:PercentageClassShareHeldInSubsidiary,UK,100,pure,2,,FY1.segment.core-SubsidiariesDimension.core-Subsidiary1.core-X-DetailsSharesHeldInSubsidiaryGroupingDimension.1,False,ok
00698834,2024-11-30,core:PercentageClassShareHeldInSubsidiary,%,100,pure,2,,FY2.segment.core-SubsidiariesDimension.core-Subsidiary1.core-X-DetailsSharesHeldInSubsidiaryGroupingDimension.1,False,ok
00698834,2025-11-30,core:PercentageClassShareHeldInSubsidiary,Bulgaria,75,pure,2,,FY1.segment.core-SubsidiariesDimension.core-Subsidiary2.core-X-DetailsSharesHeldInSubsidiaryGroupingDimension.1,False,ok
00698834,2024-11-30,core:PercentageClassShareHeldInSubsidiary,%,75,pure,2,,FY2.segment.core-SubsidiariesDimension.core-Subsidiary2.core-X-DetailsSharesHeldInSubsidiaryGroupingDimension.1,False,ok
00698834,2025-11-30,core:PercentageClassShareHeldInSubsidiary,Bulgaria,100,pure,2,,FY1.segment.core-SubsidiariesDimension.core-Subsidiary3.core-X-DetailsSharesHeldInSubsidiaryGroupingDimension.1,False,ok
00698834,2024-11-30,core:PercentageClassShareHeldInSubsidiary,%,0,pure,2,,FY2.segment.core-SubsidiariesDimension.core-Subsidiary3.core-X-DetailsSharesHeldInSubsidiaryGroupingDimension.1,False,ok
00698834,2025-11-30,core:FinancialAssets,Financial assets at fair value through profit and loss,"2,867,712",GBP,0,,FY1.END.segment.core-FinancialAssetsClassesCategoriesDimension.core-FinancialAssetsDesignatedFairValueThroughProfitOrLoss.core-FinancialInstrumentCurrentNon-currentDimension.core-CurrentFinancialInstruments.bus-GroupCompanyDataDimension.bus-Consolidated,False,ok
00698834,2024-11-30,core:FinancialAssets,Financial assets at fair value through profit and loss,"2,634,035",GBP,0,,FY2.END.segment.core-FinancialAssetsClassesCategoriesDimension.core-FinancialAssetsDesignatedFairValueThroughProfitOrLoss.core-FinancialInstrumentCurrentNon-currentDimension.core-CurrentFinancialInstruments.bus-GroupCompanyDataDimension.bus-Consolidated,False,ok
00698834,2025-11-30,core:FinancialAssets,Financial assets at fair value through profit and loss,"2,867,712",GBP,0,,FY1.END.segment.core-FinancialAssetsClassesCategoriesDimension.core-FinancialAssetsDesignatedFairValueThroughProfitOrLoss.core-FinancialInstrumentCurrentNon-currentDimension.core-CurrentFinancialInstruments,False,ok
00698834,2024-11-30,core:FinancialAssets,Financial assets at fair value through profit and loss,"2,634,035",GBP,0,,FY2.END.segment.core-FinancialAssetsClassesCategoriesDimension.core-FinancialAssetsDesignatedFairValueThroughProfitOrLoss.core-FinancialInstrumentCurrentNon-currentDimension.core-CurrentFinancialInstruments,False,ok
00698834,2025-11-30,core:RawMaterialsConsumables,Raw materials and consumables,"431,907",GBP,0,,FY1.END.segment.bus-GroupCompanyDataDimension.bus-Consolidated,False,ok
00698834,2024-11-30,core:RawMaterialsConsumables,Raw materials and consumables,"503,957",GBP,0,,FY2.END.segment.bus-GroupCompanyDataDimension.bus-Consolidated,False,ok
00698834,2025-11-30,core:RawMaterialsConsumables,Raw materials and consumables,"214,964",GBP,0,,FY1.END,False,ok
00698834,2024-11-30,core:RawMaterialsConsumables,Raw materials and consumables,"328,095",GBP,0,,FY2.END,False,ok
00698834,2025-11-30,core:WorkInProgress,Work in progress,"75,109",GBP,0,,FY1.END.segment.bus-GroupCompanyDataDimension.bus-Consolidated,False,ok
00698834,2024-11-30,core:WorkInProgress,Work in progress,"73,925",GBP,0,,FY2.END.segment.bus-GroupCompanyDataDimension.bus-Consolidated,False,ok
00698834,2025-11-30,core:WorkInProgress,Work in progress,"28,941",GBP,0,,FY1.END,False,ok
00698834,2024-11-30,core:WorkInProgress,Work in progress,"44,729",GBP,0,,FY2.END,False,ok
00698834,2025-11-30,core:FinishedGoodsGoodsForResale,Finished goods and goods for resale,"2,173,992",GBP,0,,FY1.END.segment.bus-GroupCompanyDataDimension.bus-Consolidated,False,ok
00698834,2024-11-30,core:FinishedGoodsGoodsForResale,Finished goods and goods for resale,"2,145,114",GBP,0,,FY2.END.segment.bus-GroupCompanyDataDimension.bus-Consolidated,False,ok
00698834,2025-11-30,core:FinishedGoodsGoodsForResale,Finished goods and goods for resale,"2,145,305",GBP,0,,FY1.END,False,ok
00698834,2024-11-30,core:FinishedGoodsGoodsForResale,Finished goods and goods for resale,"2,132,449",GBP,0,,FY2.END,False,ok
00698834,2025-11-30,core:TotalInventories,Finished goods and goods for resale,"2,681,008",GBP,0,,FY1.END.segment.bus-GroupCompanyDataDimension.bus-Consolidated,True,ok
00698834,2024-11-30,core:TotalInventories,Finished goods and goods for resale,"2,722,996",GBP,0,,FY2.END.segment.bus-GroupCompanyDataDimension.bus-Consolidated,True,ok
00698834,2025-11-30,core:TotalInventories,Finished goods and goods for resale,"2,389,210",GBP,0,,FY1.END,True,ok
00698834,2024-11-30,core:TotalInventories,Finished goods and goods for resale,"2,505,273",GBP,0,,FY2.END,True,ok
00698834,2025-11-30,core:TradeDebtorsTradeReceivables,Trade debtors,"2,598,393",GBP,0,,FY1.END.segment.core-FinancialInstrumentCurrentNon-currentDimension.core-CurrentFinancialInstruments.core-MaturitiesOrExpirationPeriodsDimension.core-WithinOneYear.bus-GroupCompanyDataDimension.bus-Consolidated,False,ok
00698834,2024-11-30,core:TradeDebtorsTradeReceivables,Trade debtors,"2,377,859",GBP,0,,FY2.END.segment.core-FinancialInstrumentCurrentNon-currentDimension.core-CurrentFinancialInstruments.core-MaturitiesOrExpirationPeriodsDimension.core-WithinOneYear.bus-GroupCompanyDataDimension.bus-Consolidated,False,ok
00698834,2025-11-30,core:TradeDebtorsTradeReceivables,Trade debtors,"2,299,872",GBP,0,,FY1.END.segment.core-FinancialInstrumentCurrentNon-currentDimension.core-CurrentFinancialInstruments.core-MaturitiesOrExpirationPeriodsDimension.core-WithinOneYear,False,ok
00698834,2024-11-30,core:TradeDebtorsTradeReceivables,Trade debtors,"2,285,040",GBP,0,,FY2.END.segment.core-FinancialInstrumentCurrentNon-currentDimension.core-CurrentFinancialInstruments.core-MaturitiesOrExpirationPeriodsDimension.core-WithinOneYear,False,ok
00698834,2024-11-30,core:AmountsOwedByRelatedParties,Amounts owed by related parties,"504,521",GBP,0,,FY2.END.segment.core-FinancialInstrumentCurrentNon-currentDimension.core-CurrentFinancialInstruments.core-MaturitiesOrExpirationPeriodsDimension.core-WithinOneYear.bus-GroupCompanyDataDimension.bus-Consolidated,False,ok
00698834,2025-11-30,core:AmountsOwedByRelatedParties,Amounts owed by related parties,"484,020",GBP,0,,FY1.END.segment.core-FinancialInstrumentCurrentNon-currentDimension.core-CurrentFinancialInstruments.core-MaturitiesOrExpirationPeriodsDimension.core-WithinOneYear,False,ok
00698834,2024-11-30,core:AmountsOwedByRelatedParties,Amounts owed by related parties,"504,521",GBP,0,,FY2.END.segment.core-FinancialInstrumentCurrentNon-currentDimension.core-CurrentFinancialInstruments.core-MaturitiesOrExpirationPeriodsDimension.core-WithinOneYear,False,ok
00698834,2025-11-30,core:OtherDebtors,Other debtors,"126,316",GBP,0,,FY1.END.segment.core-FinancialInstrumentCurrentNon-currentDimension.core-CurrentFinancialInstruments.core-MaturitiesOrExpirationPeriodsDimension.core-WithinOneYear.bus-GroupCompanyDataDimension.bus-Consolidated,False,ok
00698834,2024-11-30,core:OtherDebtors,Other debtors,"83,428",GBP,0,,FY2.END.segment.core-FinancialInstrumentCurrentNon-currentDimension.core-CurrentFinancialInstruments.core-MaturitiesOrExpirationPeriodsDimension.core-WithinOneYear.bus-GroupCompanyDataDimension.bus-Consolidated,False,ok
00698834,2025-11-30,core:OtherDebtors,Other debtors,"89,113",GBP,0,,FY1.END.segment.core-FinancialInstrumentCurrentNon-currentDimension.core-CurrentFinancialInstruments.core-MaturitiesOrExpirationPeriodsDimension.core-WithinOneYear,False,ok
00698834,2024-11-30,core:OtherDebtors,Other debtors,"20,574",GBP,0,,FY2.END.segment.core-FinancialInstrumentCurrentNon-currentDimension.core-CurrentFinancialInstruments.core-MaturitiesOrExpirationPeriodsDimension.core-WithinOneYear,False,ok
00698834,2025-11-30,core:Prepayments,Prepayments,"183,516",GBP,0,,FY1.END.segment.core-FinancialInstrumentCurrentNon-currentDimension.core-CurrentFinancialInstruments.core-MaturitiesOrExpirationPeriodsDimension.core-WithinOneYear.bus-GroupCompanyDataDimension.bus-Consolidated,False,ok
00698834,2024-11-30,core:Prepayments,Prepayments,"248,602",GBP,0,,FY2.END.segment.core-FinancialInstrumentCurrentNon-currentDimension.core-CurrentFinancialInstruments.core-MaturitiesOrExpirationPeriodsDimension.core-WithinOneYear.bus-GroupCompanyDataDimension.bus-Consolidated,False,ok
00698834,2025-11-30,core:Prepayments,Prepayments,"183,516",GBP,0,,FY1.END.segment.core-FinancialInstrumentCurrentNon-currentDimension.core-CurrentFinancialInstruments.core-MaturitiesOrExpirationPeriodsDimension.core-WithinOneYear,False,ok
00698834,2024-11-30,core:Prepayments,Prepayments,"248,602",GBP,0,,FY2.END.segment.core-FinancialInstrumentCurrentNon-currentDimension.core-CurrentFinancialInstruments.core-MaturitiesOrExpirationPeriodsDimension.core-WithinOneYear,False,ok
00698834,2025-11-30,core:Debtors,Prepayments,"2,908,225",GBP,0,,FY1.END.segment.core-FinancialInstrumentCurrentNon-currentDimension.core-CurrentFinancialInstruments.core-MaturitiesOrExpirationPeriodsDimension.core-WithinOneYear.bus-GroupCompanyDataDimension.bus-Consolidated,False,ok
00698834,2024-11-30,core:Debtors,Prepayments,"3,214,410",GBP,0,,FY2.END.segment.core-FinancialInstrumentCurrentNon-currentDimension.core-CurrentFinancialInstruments.core-MaturitiesOrExpirationPeriodsDimension.core-WithinOneYear.bus-GroupCompanyDataDimension.bus-Consolidated,False,ok
00698834,2025-11-30,core:Debtors,Prepayments,"3,056,521",GBP,0,,FY1.END.segment.core-FinancialInstrumentCurrentNon-currentDimension.core-CurrentFinancialInstruments.core-MaturitiesOrExpirationPeriodsDimension.core-WithinOneYear,False,ok
00698834,2024-11-30,core:Debtors,Prepayments,"3,058,737",GBP,0,,FY2.END.segment.core-FinancialInstrumentCurrentNon-currentDimension.core-CurrentFinancialInstruments.core-MaturitiesOrExpirationPeriodsDimension.core-WithinOneYear,False,ok
00698834,2025-11-30,core:BalancesWithBanks,Cash at bank,"1,888,689",GBP,0,,FY1.END.segment.bus-GroupCompanyDataDimension.bus-Consolidated,False,ok
00698834,2024-11-30,core:BalancesWithBanks,Cash at bank,"944,800",GBP,0,,FY2.END.segment.bus-GroupCompanyDataDimension.bus-Consolidated,False,ok
00698834,2025-11-30,core:BalancesWithBanks,Cash at bank,"1,518,900",GBP,0,,FY1.END,False,ok
00698834,2024-11-30,core:BalancesWithBanks,Cash at bank,"888,741",GBP,0,,FY2.END,False,ok
00698834,2025-11-30,core:TradeCreditorsTradePayables,Trade creditors,"1,212,190",GBP,0,,FY1.END.segment.core-FinancialInstrumentCurrentNon-currentDimension.core-CurrentFinancialInstruments.core-MaturitiesOrExpirationPeriodsDimension.core-WithinOneYear.bus-GroupCompanyDataDimension.bus-Consolidated,False,ok
00698834,2024-11-30,core:TradeCreditorsTradePayables,Trade creditors,"1,220,175",GBP,0,,FY2.END.segment.core-FinancialInstrumentCurrentNon-currentDimension.core-CurrentFinancialInstruments.core-MaturitiesOrExpirationPeriodsDimension.core-WithinOneYear.bus-GroupCompanyDataDimension.bus-Consolidated,False,ok
00698834,2025-11-30,core:TradeCreditorsTradePayables,Trade creditors,"959,388",GBP,0,,FY1.END.segment.core-FinancialInstrumentCurrentNon-currentDimension.core-CurrentFinancialInstruments.core-MaturitiesOrExpirationPeriodsDimension.core-WithinOneYear,False,ok
00698834,2024-11-30,core:TradeCreditorsTradePayables,Trade creditors,"1,121,410",GBP,0,,FY2.END.segment.core-FinancialInstrumentCurrentNon-currentDimension.core-CurrentFinancialInstruments.core-MaturitiesOrExpirationPeriodsDimension.core-WithinOneYear,False,ok
00698834,2025-11-30,core:AmountsOwedToRelatedParties,Amounts due to related parties,100,GBP,0,,FY1.END.segment.core-FinancialInstrumentCurrentNon-currentDimension.core-CurrentFinancialInstruments.core-MaturitiesOrExpirationPeriodsDimension.core-WithinOneYear,False,ok
00698834,2024-11-30,core:AmountsOwedToRelatedParties,Amounts due to related parties,100,GBP,0,,FY2.END.segment.core-FinancialInstrumentCurrentNon-currentDimension.core-CurrentFinancialInstruments.core-MaturitiesOrExpirationPeriodsDimension.core-WithinOneYear,False,ok
00698834,2025-11-30,core:TaxationSocialSecurityPayable,Social security and other taxes,"899,437",GBP,0,,FY1.END.segment.core-FinancialInstrumentCurrentNon-currentDimension.core-CurrentFinancialInstruments.core-MaturitiesOrExpirationPeriodsDimension.core-WithinOneYear.bus-GroupCompanyDataDimension.bus-Consolidated,False,ok
00698834,2024-11-30,core:TaxationSocialSecurityPayable,Social security and other taxes,"605,215",GBP,0,,FY2.END.segment.core-FinancialInstrumentCurrentNon-currentDimension.core-CurrentFinancialInstruments.core-MaturitiesOrExpirationPeriodsDimension.core-WithinOneYear.bus-GroupCompanyDataDimension.bus-Consolidated,False,ok
00698834,2025-11-30,core:TaxationSocialSecurityPayable,Social security and other taxes,"899,437",GBP,0,,FY1.END.segment.core-FinancialInstrumentCurrentNon-currentDimension.core-CurrentFinancialInstruments.core-MaturitiesOrExpirationPeriodsDimension.core-WithinOneYear,False,ok
00698834,2024-11-30,core:TaxationSocialSecurityPayable,Social security and other taxes,"605,215",GBP,0,,FY2.END.segment.core-FinancialInstrumentCurrentNon-currentDimension.core-CurrentFinancialInstruments.core-MaturitiesOrExpirationPeriodsDimension.core-WithinOneYear,False,ok
00698834,2025-11-30,core:UnpaidContributionsToPensionSchemes,Outstanding defined contribution pension costs,"5,500",GBP,0,,FY1.END.segment.core-FinancialInstrumentCurrentNon-currentDimension.core-CurrentFinancialInstruments.core-MaturitiesOrExpirationPeriodsDimension.core-WithinOneYear.bus-GroupCompanyDataDimension.bus-Consolidated,False,ok
00698834,2024-11-30,core:UnpaidContributionsToPensionSchemes,Outstanding defined contribution pension costs,"5,500",GBP,0,,FY2.END.segment.core-FinancialInstrumentCurrentNon-currentDimension.core-CurrentFinancialInstruments.core-MaturitiesOrExpirationPeriodsDimension.core-WithinOneYear.bus-GroupCompanyDataDimension.bus-Consolidated,False,ok
00698834,2025-11-30,core:UnpaidContributionsToPensionSchemes,Outstanding defined contribution pension costs,"5,500",GBP,0,,FY1.END.segment.core-FinancialInstrumentCurrentNon-currentDimension.core-CurrentFinancialInstruments.core-MaturitiesOrExpirationPeriodsDimension.core-WithinOneYear,False,ok
00698834,2024-11-30,core:UnpaidContributionsToPensionSchemes,Outstanding defined contribution pension costs,"5,500",GBP,0,,FY2.END.segment.core-FinancialInstrumentCurrentNon-currentDimension.core-CurrentFinancialInstruments.core-MaturitiesOrExpirationPeriodsDimension.core-WithinOneYear,False,ok
00698834,2025-11-30,core:OtherCreditors,Other payables,"101,095",GBP,0,,FY1.END.segment.core-FinancialInstrumentCurrentNon-currentDimension.core-CurrentFinancialInstruments.core-MaturitiesOrExpirationPeriodsDimension.core-WithinOneYear.bus-GroupCompanyDataDimension.bus-Consolidated,False,ok
00698834,2024-11-30,core:OtherCreditors,Other payables,"295,161",GBP,0,,FY2.END.segment.core-FinancialInstrumentCurrentNon-currentDimension.core-CurrentFinancialInstruments.core-MaturitiesOrExpirationPeriodsDimension.core-WithinOneYear.bus-GroupCompanyDataDimension.bus-Consolidated,False,ok
00698834,2025-11-30,core:OtherCreditors,Other payables,"18,000",GBP,0,,FY1.END.segment.core-FinancialInstrumentCurrentNon-currentDimension.core-CurrentFinancialInstruments.core-MaturitiesOrExpirationPeriodsDimension.core-WithinOneYear,False,ok
00698834,2024-11-30,core:OtherCreditors,Other payables,"218,017",GBP,0,,FY2.END.segment.core-FinancialInstrumentCurrentNon-currentDimension.core-CurrentFinancialInstruments.core-MaturitiesOrExpirationPeriodsDimension.core-WithinOneYear,False,ok
00698834,2025-11-30,core:OtherPayablesAccruedExpenses,Accruals,"777,882",GBP,0,,FY1.END.segment.core-FinancialInstrumentCurrentNon-currentDimension.core-CurrentFinancialInstruments.core-MaturitiesOrExpirationPeriodsDimension.core-WithinOneYear.bus-GroupCompanyDataDimension.bus-Consolidated,False,ok
00698834,2024-11-30,core:OtherPayablesAccruedExpenses,Accruals,"359,157",GBP,0,,FY2.END.segment.core-FinancialInstrumentCurrentNon-currentDimension.core-CurrentFinancialInstruments.core-MaturitiesOrExpirationPeriodsDimension.core-WithinOneYear.bus-GroupCompanyDataDimension.bus-Consolidated,False,ok
00698834,2025-11-30,core:OtherPayablesAccruedExpenses,Accruals,"777,882",GBP,0,,FY1.END.segment.core-FinancialInstrumentCurrentNon-currentDimension.core-CurrentFinancialInstruments.core-MaturitiesOrExpirationPeriodsDimension.core-WithinOneYear,False,ok
00698834,2024-11-30,core:OtherPayablesAccruedExpenses,Accruals,"359,157",GBP,0,,FY2.END.segment.core-FinancialInstrumentCurrentNon-currentDimension.core-CurrentFinancialInstruments.core-MaturitiesOrExpirationPeriodsDimension.core-WithinOneYear,False,ok
00698834,2025-11-30,core:Creditors,"80,370","3,056,103",GBP,0,,FY1.END.segment.core-FinancialInstrumentCurrentNon-currentDimension.core-CurrentFinancialInstruments.core-MaturitiesOrExpirationPeriodsDimension.core-WithinOneYear.bus-GroupCompanyDataDimension.bus-Consolidated,False,ok
00698834,2024-11-30,core:Creditors,"80,370","2,565,578",GBP,0,,FY2.END.segment.core-FinancialInstrumentCurrentNon-currentDimension.core-CurrentFinancialInstruments.core-MaturitiesOrExpirationPeriodsDimension.core-WithinOneYear.bus-GroupCompanyDataDimension.bus-Consolidated,False,ok
00698834,2025-11-30,core:Creditors,"80,370","2,720,306",GBP,0,,FY1.END.segment.core-FinancialInstrumentCurrentNon-currentDimension.core-CurrentFinancialInstruments.core-MaturitiesOrExpirationPeriodsDimension.core-WithinOneYear,False,ok
00698834,2024-11-30,core:Creditors,"80,370","2,389,769",GBP,0,,FY2.END.segment.core-FinancialInstrumentCurrentNon-currentDimension.core-CurrentFinancialInstruments.core-MaturitiesOrExpirationPeriodsDimension.core-WithinOneYear,False,ok
00698834,2024-11-30,core:Provisions,At 1 December 2024,"62,682",GBP,0,,FY1.START.segment.core-ProvisionsClassesDimension.core-DeferredTaxation.bus-GroupCompanyDataDimension.bus-Consolidated,False,ok
00698834,2024-11-30,core:Provisions,At 1 December 2024,"62,682",GBP,0,,FY1.START.segment.bus-GroupCompanyDataDimension.bus-Consolidated,False,ok
00698834,2025-11-30,core:IncreaseDecreaseInExistingProvisions,Increase (decrease) in existing provisions,"21,481",GBP,0,-,FY1.segment.core-ProvisionsClassesDimension.core-DeferredTaxation.bus-GroupCompanyDataDimension.bus-Consolidated,False,ok
00698834,2025-11-30,core:IncreaseDecreaseInExistingProvisions,Increase (decrease) in existing provisions,"21,481",GBP,0,-,FY1.segment.bus-GroupCompanyDataDimension.bus-Consolidated,False,ok
00698834,2025-11-30,core:Provisions,At 30 November 2025,"41,201",GBP,0,,FY1.END.segment.core-ProvisionsClassesDimension.core-DeferredTaxation.bus-GroupCompanyDataDimension.bus-Consolidated,False,ok
00698834,2025-11-30,core:Provisions,At 30 November 2025,"41,201",GBP,0,,FY1.END.segment.bus-GroupCompanyDataDimension.bus-Consolidated,False,ok
00698834,2025-11-30,core:PensionCostsDefinedContributionPlan,The group operates a defined contribution pension scheme. The pension cost charge for the year represents contributions payable by the group to the scheme and amounted to,"212,823",GBP,0,,FY1.segment.bus-GroupCompanyDataDimension.bus-Consolidated,False,ok
00698834,2024-11-30,core:PensionCostsDefinedContributionPlan,(2024 -,"206,929",GBP,0,,FY2.segment.bus-GroupCompanyDataDimension.bus-Consolidated,False,ok
00698834,2025-11-30,core:OutstandingPre-paidContributionsToDefinedContributionPlanReportingDate,Contributions totalling,"5,500",GBP,0,,FY1.END.segment.bus-GroupCompanyDataDimension.bus-Consolidated,False,ok
00698834,2024-11-30,core:OutstandingPre-paidContributionsToDefinedContributionPlanReportingDate,(2024 - £,"5,500",GBP,0,,FY2.END.segment.bus-GroupCompanyDataDimension.bus-Consolidated,False,ok
00698834,2025-11-30,core:ParValueShare,of £,1,pure,0,,FY1.segment.bus-EntityShareClassesDimension.bus-OrdinaryShareClass1.bus-ShareTypesDimension.bus-OtherShareType,False,ok
00698834,2025-11-30,core:NumberSharesIssuedButNotFullyPaid,each,950,shares,0,,FY1.END.segment.bus-EntityShareClassesDimension.bus-OrdinaryShareClass1.bus-ShareTypesDimension.bus-OtherShareType,False,ok
00698834,2024-11-30,core:NumberSharesIssuedButNotFullyPaid,each,950,shares,0,,FY2.END.segment.bus-EntityShareClassesDimension.bus-OrdinaryShareClass1.bus-ShareTypesDimension.bus-OtherShareType,False,ok
00698834,2025-11-30,core:ParValueShare,of £,1,pure,0,,FY1.segment.bus-EntityShareClassesDimension.bus-OrdinaryShareClass2.bus-ShareTypesDimension.bus-OtherShareType,False,ok
00698834,2025-11-30,core:NumberSharesIssuedButNotFullyPaid,each,83,shares,0,,FY1.END.segment.bus-EntityShareClassesDimension.bus-OrdinaryShareClass2.bus-ShareTypesDimension.bus-OtherShareType,False,ok
00698834,2024-11-30,core:NumberSharesIssuedButNotFullyPaid,each,3,shares,0,,FY2.END.segment.bus-EntityShareClassesDimension.bus-OrdinaryShareClass2.bus-ShareTypesDimension.bus-OtherShareType,False,ok
00698834,2025-11-30,core:NumberSharesIssuedButNotFullyPaid,each,"1,033",shares,0,,FY1.END,False,ok
00698834,2024-11-30,core:NumberSharesIssuedButNotFullyPaid,"1,033",953,shares,0,,FY2.END,False,ok
00698834,2025-11-30,core:FutureMinimumLeasePaymentsUnderNon-cancellableOperatingLeases,Not later than one year,"306,250",GBP,0,,FY1.END.segment.core-MaturitiesOrExpirationPeriodsDimension.core-WithinOneYear.bus-GroupCompanyDataDimension.bus-Consolidated,False,ok
00698834,2024-11-30,core:FutureMinimumLeasePaymentsUnderNon-cancellableOperatingLeases,Not later than one year,"306,250",GBP,0,,FY2.END.segment.core-MaturitiesOrExpirationPeriodsDimension.core-WithinOneYear.bus-GroupCompanyDataDimension.bus-Consolidated,False,ok
00698834,2025-11-30,core:FutureMinimumLeasePaymentsUnderNon-cancellableOperatingLeases,Later than one year and not later than five years,"1,225,000",GBP,0,,FY1.END.segment.core-MaturitiesOrExpirationPeriodsDimension.core-BetweenTwoFiveYears.bus-GroupCompanyDataDimension.bus-Consolidated,False,ok
00698834,2024-11-30,core:FutureMinimumLeasePaymentsUnderNon-cancellableOperatingLeases,Later than one year and not later than five years,"1,225,000",GBP,0,,FY2.END.segment.core-MaturitiesOrExpirationPeriodsDimension.core-BetweenTwoFiveYears.bus-GroupCompanyDataDimension.bus-Consolidated,False,ok
00698834,2025-11-30,core:FutureMinimumLeasePaymentsUnderNon-cancellableOperatingLeases,Later than one year and not later than five years,"1,531,250",GBP,0,,FY1.END.segment.bus-GroupCompanyDataDimension.bus-Consolidated,False,ok
00698834,2024-11-30,core:FutureMinimumLeasePaymentsUnderNon-cancellableOperatingLeases,Later than one year and not later than five years,"1,531,250",GBP,0,,FY2.END.segment.bus-GroupCompanyDataDimension.bus-Consolidated,False,ok
00698834,2025-11-30,core:MinimumOperatingLeasePaymentsRecognisedAsExpense,The amount of non-cancellable operating lease payments recognised as an expense during the year was £,"306,250",GBP,0,,FY1.segment.bus-GroupCompanyDataDimension.bus-Consolidated,False,ok
00698834,2024-11-30,core:MinimumOperatingLeasePaymentsRecognisedAsExpense,(2024 - £,"306,250",GBP,0,,FY2.segment.bus-GroupCompanyDataDimension.bus-Consolidated,False,ok
13236228,,core:TurnoverRevenue,Turnover,"2,449,988",USD,0,,FY2025_core_ContinuingDiscontinuedOperationsDimension_core_ContinuingOperations_bus_GroupCompanyDataDimension_bus_Consolidated,False,ok
13236228,,core:TurnoverRevenue,Turnover,"1,259,846",USD,0,,FY2024_core_ContinuingDiscontinuedOperationsDimension_core_ContinuingOperations_bus_GroupCompanyDataDimension_bus_Consolidated,False,ok
13236228,,core:OtherOperatingIncomeFormat1,Other operating income,"1,041,236",USD,0,,FY2025_core_ContinuingDiscontinuedOperationsDimension_core_ContinuingOperations_bus_GroupCompanyDataDimension_bus_Consolidated,False,ok
13236228,,core:OtherOperatingIncomeFormat1,Other operating income,"1,704,439",USD,0,,FY2024_core_ContinuingDiscontinuedOperationsDimension_core_ContinuingOperations_bus_GroupCompanyDataDimension_bus_Consolidated,False,ok
13236228,,core:AdministrativeExpenses,4-5,"13,869,982",USD,0,,FY2025_core_ContinuingDiscontinuedOperationsDimension_core_ContinuingOperations_bus_GroupCompanyDataDimension_bus_Consolidated,False,ok
13236228,,core:AdministrativeExpenses,4-5,"14,885,840",USD,0,,FY2024_core_ContinuingDiscontinuedOperationsDimension_core_ContinuingOperations_bus_GroupCompanyDataDimension_bus_Consolidated,False,ok
13236228,,core:OperatingProfitLoss,OPERATING LOSS,"10,378,758",USD,0,-,FY2025_core_ContinuingDiscontinuedOperationsDimension_core_ContinuingOperations_bus_GroupCompanyDataDimension_bus_Consolidated,False,ok
13236228,,core:OperatingProfitLoss,OPERATING LOSS,"11,921,555",USD,0,-,FY2024_core_ContinuingDiscontinuedOperationsDimension_core_ContinuingOperations_bus_GroupCompanyDataDimension_bus_Consolidated,False,ok
13236228,,core:OtherInterestReceivableSimilarIncomeFinanceIncome,Interest receivable and similar income,"1,224,595",USD,0,,FY2025_core_ContinuingDiscontinuedOperationsDimension_core_ContinuingOperations_bus_GroupCompanyDataDimension_bus_Consolidated,False,ok
13236228,,core:OtherInterestReceivableSimilarIncomeFinanceIncome,Interest receivable and similar income,"1,858,784",USD,0,,FY2024_core_ContinuingDiscontinuedOperationsDimension_core_ContinuingOperations_bus_GroupCompanyDataDimension_bus_Consolidated,False,ok
13236228,,core:ProfitLossOnOrdinaryActivitiesBeforeTax,LOSS BEFORE TAXATION,"9,154,163",USD,0,-,FY2025_core_ContinuingDiscontinuedOperationsDimension_core_ContinuingOperations_bus_GroupCompanyDataDimension_bus_Consolidated,False,ok
13236228,,core:ProfitLossOnOrdinaryActivitiesBeforeTax,LOSS BEFORE TAXATION,"10,062,771",USD,0,-,FY2024_core_ContinuingDiscontinuedOperationsDimension_core_ContinuingOperations_bus_GroupCompanyDataDimension_bus_Consolidated,False,ok
13236228,,core:TaxTaxCreditOnProfitOrLossOnOrdinaryActivities,Tax (charge)/credit,"1,114,537",USD,0,-,FY2025_core_ContinuingDiscontinuedOperationsDimension_core_ContinuingOperations_bus_GroupCompanyDataDimension_bus_Consolidated,False,ok
13236228,,core:TaxTaxCreditOnProfitOrLossOnOrdinaryActivities,Tax (charge)/credit,"899,597",USD,0,-,FY2024_core_ContinuingDiscontinuedOperationsDimension_core_ContinuingOperations_bus_GroupCompanyDataDimension_bus_Consolidated,False,ok
13236228,,core:ProfitLossOnOrdinaryActivitiesAfterTax,LOSS AFTER TAXATION BEING LOSS FOR THE FINANCIAL YEAR,"8,039,626",USD,0,-,FY2025_core_ContinuingDiscontinuedOperationsDimension_core_ContinuingOperations_bus_GroupCompanyDataDimension_bus_Consolidated,False,ok
13236228,,core:ProfitLossOnOrdinaryActivitiesAfterTax,LOSS AFTER TAXATION BEING LOSS FOR THE FINANCIAL YEAR,"9,163,174",USD,0,-,FY2024_core_ContinuingDiscontinuedOperationsDimension_core_ContinuingOperations_bus_GroupCompanyDataDimension_bus_Consolidated,False,ok
13236228,,core:IntangibleAssets,Intangible Assets,"1,100,917",USD,0,,FY2025I_bus_GroupCompanyDataDimension_bus_Consolidated,False,ok
13236228,,core:IntangibleAssets,Intangible Assets,"2,468,365",USD,0,,FY2024I_bus_GroupCompanyDataDimension_bus_Consolidated,False,ok
13236228,,core:IntangibleAssets,Intangible Assets,"1,100,917",USD,0,,FY2025I,False,ok
13236228,,core:IntangibleAssets,Intangible Assets,"2,468,365",USD,0,,FY2024I,False,ok
13236228,,core:PropertyPlantEquipment,8-9,"109,001",USD,0,,FY2025I_bus_GroupCompanyDataDimension_bus_Consolidated,False,ok
13236228,,core:PropertyPlantEquipment,8-9,"179,090",USD,0,,FY2024I_bus_GroupCompanyDataDimension_bus_Consolidated,False,ok
13236228,,core:PropertyPlantEquipment,8-9,"74,817",USD,0,,FY2025I,False,ok
13236228,,core:PropertyPlantEquipment,8-9,"103,962",USD,0,,FY2024I,False,ok
13236228,,core:InvestmentsFixedAssets,Investments,"223,306",USD,0,,FY2025I,False,ok
13236228,,core:InvestmentsFixedAssets,Investments,"223,306",USD,0,,FY2024I,False,ok
13236228,,core:FixedAssets,Investments,"1,209,918",USD,0,,FY2025I_bus_GroupCompanyDataDimension_bus_Consolidated,True,ok
13236228,,core:FixedAssets,Investments,"2,647,455",USD,0,,FY2024I_bus_GroupCompanyDataDimension_bus_Consolidated,True,ok
13236228,,core:FixedAssets,Investments,"1,399,040",USD,0,,FY2025I,True,ok
13236228,,core:FixedAssets,Investments,"2,795,633",USD,0,,FY2024I,True,ok
13236228,,core:Debtors,Debtors,"2,448,478",USD,0,,FY2025I_bus_GroupCompanyDataDimension_bus_Consolidated_core_FinancialInstrumentCurrentNon-currentDimension_core_CurrentFinancialInstruments_core_MaturitiesOrExpirationPeriodsDimension_core_WithinOneYear,False,ok
13236228,,core:Debtors,Debtors,"2,879,167",USD,0,,FY2024I_bus_GroupCompanyDataDimension_bus_Consolidated_core_FinancialInstrumentCurrentNon-currentDimension_core_CurrentFinancialInstruments_core_MaturitiesOrExpirationPeriodsDimension_core_WithinOneYear,False,ok
13236228,,core:Debtors,Debtors,"2,222,447",USD,0,,FY2025I_core_FinancialInstrumentCurrentNon-currentDimension_core_CurrentFinancialInstruments_core_MaturitiesOrExpirationPeriodsDimension_core_WithinOneYear,False,ok
13236228,,core:Debtors,Debtors,"2,625,941",USD,0,,FY2024I_core_FinancialInstrumentCurrentNon-currentDimension_core_CurrentFinancialInstruments_core_MaturitiesOrExpirationPeriodsDimension_core_WithinOneYear,False,ok
13236228,,core:CashBankOnHand,Cash at bank and in hand,"27,163,882",USD,0,,FY2025I_bus_GroupCompanyDataDimension_bus_Consolidated,False,ok
13236228,,core:CashBankOnHand,Cash at bank and in hand,"33,232,497",USD,0,,FY2024I_bus_GroupCompanyDataDimension_bus_Consolidated,False,ok
13236228,,core:CashBankOnHand,Cash at bank and in hand,"26,919,724",USD,0,,FY2025I,False,ok
13236228,,core:CashBankOnHand,Cash at bank and in hand,"33,045,139",USD,0,,FY2024I,False,ok
13236228,,core:CurrentAssets,Cash at bank and in hand,"29,612,360",USD,0,,FY2025I_bus_GroupCompanyDataDimension_bus_Consolidated,True,ok
13236228,,core:CurrentAssets,Cash at bank and in hand,"36,111,664",USD,0,,FY2024I_bus_GroupCompanyDataDimension_bus_Consolidated,True,ok
13236228,,core:CurrentAssets,Cash at bank and in hand,"29,142,171",USD,0,,FY2025I,True,ok
13236228,,core:CurrentAssets,Cash at bank and in hand,"35,671,080",USD,0,,FY2024I,True,ok
13236228,,core:Creditors,Within One Year,"3,509,921",USD,0,,FY2025I_bus_GroupCompanyDataDimension_bus_Consolidated_core_FinancialInstrumentCurrentNon-currentDimension_core_CurrentFinancialInstruments_core_MaturitiesOrExpirationPeriodsDimension_core_WithinOneYear,False,ok
13236228,,core:Creditors,Within One Year,"2,479,250",USD,0,,FY2024I_bus_GroupCompanyDataDimension_bus_Consolidated_core_FinancialInstrumentCurrentNon-currentDimension_core_CurrentFinancialInstruments_core_MaturitiesOrExpirationPeriodsDimension_core_WithinOneYear,False,ok
13236228,,core:Creditors,Within One Year,"4,378,132",USD,0,,FY2025I_core_FinancialInstrumentCurrentNon-currentDimension_core_CurrentFinancialInstruments_core_MaturitiesOrExpirationPeriodsDimension_core_WithinOneYear,False,ok
13236228,,core:Creditors,Within One Year,"3,018,412",USD,0,,FY2024I_core_FinancialInstrumentCurrentNon-currentDimension_core_CurrentFinancialInstruments_core_MaturitiesOrExpirationPeriodsDimension_core_WithinOneYear,False,ok
13236228,,core:NetCurrentAssetsLiabilities,NET CURRENT ASSETS,"26,102,439",USD,0,,FY2025I_bus_GroupCompanyDataDimension_bus_Consolidated,True,ok
13236228,,core:NetCurrentAssetsLiabilities,NET CURRENT ASSETS,"33,632,414",USD,0,,FY2024I_bus_GroupCompanyDataDimension_bus_Consolidated,True,ok
13236228,,core:NetCurrentAssetsLiabilities,NET CURRENT ASSETS,"24,764,039",USD,0,,FY2025I,True,ok
13236228,,core:NetCurrentAssetsLiabilities,NET CURRENT ASSETS,"32,652,668",USD,0,,FY2024I,True,ok
13236228,,core:TotalAssetsLessCurrentLiabilities,TOTAL ASSETS LESS CURRENT LIABILITIES,"27,312,357",USD,0,,FY2025I_bus_GroupCompanyDataDimension_bus_Consolidated,True,ok
13236228,,core:TotalAssetsLessCurrentLiabilities,TOTAL ASSETS LESS CURRENT LIABILITIES,"36,279,869",USD,0,,FY2024I_bus_GroupCompanyDataDimension_bus_Consolidated,True,ok
13236228,,core:TotalAssetsLessCurrentLiabilities,TOTAL ASSETS LESS CURRENT LIABILITIES,"26,163,079",USD,0,,FY2025I,True,ok
13236228,,core:TotalAssetsLessCurrentLiabilities,TOTAL ASSETS LESS CURRENT LIABILITIES,"35,448,301",USD,0,,FY2024I,True,ok
13236228,,core:Creditors,After More Than One Year,"928,077",USD,0,,FY2024I_bus_GroupCompanyDataDimension_bus_Consolidated_core_FinancialInstrumentCurrentNon-currentDimension_core_Non-currentFinancialInstruments_core_MaturitiesOrExpirationPeriodsDimension_core_AfterOneYear,False,ok
13236228,,core:Creditors,After More Than One Year,"928,077",USD,0,,FY2024I_core_FinancialInstrumentCurrentNon-currentDimension_core_Non-currentFinancialInstruments_core_MaturitiesOrExpirationPeriodsDimension_core_AfterOneYear,False,ok
13236228,,core:NetAssetsLiabilities,NET ASSETS,"27,312,357",USD,0,,FY2025I_bus_GroupCompanyDataDimension_bus_Consolidated,True,ok
13236228,,core:NetAssetsLiabilities,NET ASSETS,"35,351,792",USD,0,,FY2024I_bus_GroupCompanyDataDimension_bus_Consolidated,True,ok
13236228,,core:NetAssetsLiabilities,NET ASSETS,"26,163,079",USD,0,,FY2025I,True,ok
13236228,,core:NetAssetsLiabilities,NET ASSETS,"34,520,224",USD,0,,FY2024I,True,ok
13236228,,core:Equity,Called up share capital,"83,001,719",USD,0,,FY2025I_bus_GroupCompanyDataDimension_bus_Consolidated_core_EquityClassesDimension_core_ShareCapital,True,ok
13236228,,core:Equity,Called up share capital,"83,001,719",USD,0,,FY2024I_bus_GroupCompanyDataDimension_bus_Consolidated_core_EquityClassesDimension_core_ShareCapital,True,ok
13236228,,core:Equity,Called up share capital,"83,001,719",USD,0,,FY2025I_core_EquityClassesDimension_core_ShareCapital,True,ok
13236228,,core:Equity,Called up share capital,"83,001,719",USD,0,,FY2024I_core_EquityClassesDimension_core_ShareCapital,True,ok
13236228,,core:Equity,Share premium account,"4,618,949",USD,0,,FY2025I_bus_GroupCompanyDataDimension_bus_Consolidated_core_EquityClassesDimension_core_SharePremium,True,ok
13236228,,core:Equity,Share premium account,"4,618,949",USD,0,,FY2024I_bus_GroupCompanyDataDimension_bus_Consolidated_core_EquityClassesDimension_core_SharePremium,True,ok
13236228,,core:Equity,Share premium account,"4,618,949",USD,0,,FY2025I_core_EquityClassesDimension_core_SharePremium,True,ok
13236228,,core:Equity,Share premium account,"4,618,949",USD,0,,FY2024I_core_EquityClassesDimension_core_SharePremium,True,ok
13236228,,core:Equity,Profit and Loss Account,"60,308,311",USD,0,-,FY2025I_bus_GroupCompanyDataDimension_bus_Consolidated_core_EquityClassesDimension_core_RetainedEarningsAccumulatedLosses,True,ok
13236228,,core:Equity,Profit and Loss Account,"52,268,876",USD,0,-,FY2024I_bus_GroupCompanyDataDimension_bus_Consolidated_core_EquityClassesDimension_core_RetainedEarningsAccumulatedLosses,True,ok
13236228,,core:Equity,Profit and Loss Account,"61,457,589",USD,0,-,FY2025I_core_EquityClassesDimension_core_RetainedEarningsAccumulatedLosses,True,ok
13236228,,core:Equity,Profit and Loss Account,"53,100,444",USD,0,-,FY2024I_core_EquityClassesDimension_core_RetainedEarningsAccumulatedLosses,True,ok
13236228,,core:Equity,SHAREHOLDERS' FUNDS,"27,312,357",USD,0,,FY2025I_bus_GroupCompanyDataDimension_bus_Consolidated,True,ok
13236228,,core:Equity,SHAREHOLDERS' FUNDS,"35,351,792",USD,0,,FY2024I_bus_GroupCompanyDataDimension_bus_Consolidated,True,ok
13236228,,core:Equity,SHAREHOLDERS' FUNDS,"26,163,079",USD,0,,FY2025I,True,ok
13236228,,core:Equity,SHAREHOLDERS' FUNDS,"34,520,224",USD,0,,FY2024I,True,ok
13236228,,core:Equity,As at 31 December 2023,"83,001,719",USD,0,,FY2023I_core_EquityClassesDimension_core_ShareCapital_bus_GroupCompanyDataDimension_bus_Consolidated,True,ok
13236228,,core:Equity,As at 31 December 2023,"4,618,949",USD,0,,FY2023I_core_EquityClassesDimension_core_SharePremium_bus_GroupCompanyDataDimension_bus_Consolidated,True,ok
13236228,,core:Equity,As at 31 December 2023,"43,105,511",USD,0,-,FY2023I_core_EquityClassesDimension_core_RetainedEarningsAccumulatedLosses_bus_GroupCompanyDataDimension_bus_Consolidated,True,ok
13236228,,core:Equity,As at 31 December 2023,"44,515,157",USD,0,,FY2023I_bus_GroupCompanyDataDimension_bus_Consolidated,True,ok
13236228,,core:ProfitLoss,Loss for the year and total comprehensive income,"9,163,174",USD,0,-,FY2024_core_EquityClassesDimension_core_RetainedEarningsAccumulatedLosses_bus_GroupCompanyDataDimension_bus_Consolidated,False,ok
13236228,,core:ProfitLoss,Loss for the year and total comprehensive income,"9,163,174",USD,0,-,FY2024_bus_GroupCompanyDataDimension_bus_Consolidated,False,ok
13236228,,core:Equity,As at 31 December 2024,"83,001,719",USD,0,,FY2024I_core_EquityClassesDimension_core_ShareCapital_bus_GroupCompanyDataDimension_bus_Consolidated,True,ok
13236228,,core:Equity,As at 31 December 2024,"4,618,949",USD,0,,FY2024I_core_EquityClassesDimension_core_SharePremium_bus_GroupCompanyDataDimension_bus_Consolidated,True,ok
13236228,,core:ProfitLoss,Loss for the year and total comprehensive income,"8,039,626",USD,0,-,FY2025_core_EquityClassesDimension_core_RetainedEarningsAccumulatedLosses_bus_GroupCompanyDataDimension_bus_Consolidated,False,ok
13236228,,core:ProfitLoss,Loss for the year and total comprehensive income,"8,039,626",USD,0,-,FY2025_bus_GroupCompanyDataDimension_bus_Consolidated,False,ok
13236228,,core:Equity,As at 31 December 2025,"83,001,719",USD,0,,FY2025I_core_EquityClassesDimension_core_ShareCapital_bus_GroupCompanyDataDimension_bus_Consolidated,True,ok
13236228,,core:Equity,As at 31 December 2025,"4,618,949",USD,0,,FY2025I_core_EquityClassesDimension_core_SharePremium_bus_GroupCompanyDataDimension_bus_Consolidated,True,ok
13236228,,core:Equity,As at 31 December 2025,"60,308,311",USD,0,-,FY2025I_core_EquityClassesDimension_core_RetainedEarningsAccumulatedLosses_bus_GroupCompanyDataDimension_bus_Consolidated,True,ok
13236228,,core:Equity,As at 31 December 2025,"27,312,357",USD,0,,FY2025I_bus_GroupCompanyDataDimension_bus_Consolidated,True,ok
13236228,,core:Equity,As at 31 December 2023,"83,001,719",USD,0,,FY2023I_core_EquityClassesDimension_core_ShareCapital,True,ok
13236228,,core:Equity,As at 31 December 2023,"4,618,949",USD,0,,FY2023I_core_EquityClassesDimension_core_SharePremium,True,ok
13236228,,core:Equity,As at 31 December 2023,"43,636,662",USD,0,-,FY2023I_core_EquityClassesDimension_core_RetainedEarningsAccumulatedLosses,True,ok
13236228,,core:Equity,As at 31 December 2023,"43,984,006",USD,0,,FY2023I,True,ok
13236228,,core:ProfitLoss,Loss for the year and total comprehensive income,"9,463,782",USD,0,-,FY2024_core_EquityClassesDimension_core_RetainedEarningsAccumulatedLosses,False,ok
13236228,,core:ProfitLoss,Loss for the year and total comprehensive income,"9,463,782",USD,0,-,FY2024,False,ok
13236228,,core:Equity,As at 31 December 2024,"83,001,719",USD,0,,FY2024I_core_EquityClassesDimension_core_ShareCapital,True,ok
13236228,,core:Equity,As at 31 December 2024,"4,618,949",USD,0,,FY2024I_core_EquityClassesDimension_core_SharePremium,True,ok
13236228,,core:Equity,As at 31 December 2024,"53,100,444",USD,0,-,FY2024I_core_EquityClassesDimension_core_RetainedEarningsAccumulatedLosses,True,ok
13236228,,core:ProfitLoss,Loss for the year and total comprehensive income,"8,357,144",USD,0,-,FY2025_core_EquityClassesDimension_core_RetainedEarningsAccumulatedLosses,False,ok
13236228,,core:ProfitLoss,Loss for the year and total comprehensive income,"8,357,144",USD,0,-,FY2025,False,ok
13236228,,core:Equity,As at 31 December 2025,"83,001,719",USD,0,,FY2025I_core_EquityClassesDimension_core_ShareCapital,True,ok
13236228,,core:Equity,As at 31 December 2025,"4,618,949",USD,0,,FY2025I_core_EquityClassesDimension_core_SharePremium,True,ok
13236228,,core:Equity,As at 31 December 2025,"61,457,589",USD,0,-,FY2025I_core_EquityClassesDimension_core_RetainedEarningsAccumulatedLosses,True,ok
13236228,,core:ProfitLossOnOrdinaryActivitiesBeforeTax,"Loss for the year, before tax","9,154,163",USD,0,-,FY2025_bus_GroupCompanyDataDimension_bus_Consolidated,False,ok
13236228,,core:ProfitLossOnOrdinaryActivitiesBeforeTax,"Loss for the year, before tax","10,062,771",USD,0,-,FY2024_bus_GroupCompanyDataDimension_bus_Consolidated,False,ok
13236228,,core:ProfitLossOnOrdinaryActivitiesBeforeTax,"Loss for the year, before tax","9,630,777",USD,0,-,FY2025,False,ok
13236228,,core:ProfitLossOnOrdinaryActivitiesBeforeTax,"Loss for the year, before tax","10,511,711",USD,0,-,FY2024,False,ok
13236228,,core:InterestReceivedClassifiedAsOperatingActivities,Interest earned,"1,224,595",USD,0,-,FY2025_bus_GroupCompanyDataDimension_bus_Consolidated,False,ok
13236228,,core:InterestReceivedClassifiedAsOperatingActivities,Interest earned,"1,858,784",USD,0,-,FY2024_bus_GroupCompanyDataDimension_bus_Consolidated,False,ok
13236228,,core:InterestReceivedClassifiedAsOperatingActivities,Interest earned,"1,224,595",USD,0,-,FY2025,False,ok
13236228,,core:InterestReceivedClassifiedAsOperatingActivities,Interest earned,"1,858,784",USD,0,-,FY2024,False,ok
13236228,,core:DepreciationAmortisationImpairmentExpense,"Depreciation, impairment and amortisation of fixed assets","1,485,603",USD,0,,FY2025_bus_GroupCompanyDataDimension_bus_Consolidated,False,ok
13236228,,core:DepreciationAmortisationImpairmentExpense,"Depreciation, impairment and amortisation of fixed assets","1,075,223",USD,0,,FY2024_bus_GroupCompanyDataDimension_bus_Consolidated,False,ok
13236228,,core:DepreciationAmortisationImpairmentExpense,"Depreciation, impairment and amortisation of fixed assets","1,439,087",USD,0,,FY2025,False,ok
13236228,,core:DepreciationAmortisationImpairmentExpense,"Depreciation, impairment and amortisation of fixed assets","1,026,996",USD,0,,FY2024,False,ok
13236228,,core:OtherCashInflowOutflowClassifiedAsOperatingActivities,Movement in share based payment liability,"927,887",USD,0,-,FY2025_bus_GroupCompanyDataDimension_bus_Consolidated,False,ok
13236228,,core:OtherCashInflowOutflowClassifiedAsOperatingActivities,Movement in share based payment liability,"1,718,359",USD,0,-,FY2024_bus_GroupCompanyDataDimension_bus_Consolidated,False,ok
13236228,,core:OtherCashInflowOutflowClassifiedAsOperatingActivities,Movement in share based payment liability,"928,080",USD,0,-,FY2025,False,ok
13236228,,core:OtherCashInflowOutflowClassifiedAsOperatingActivities,Movement in share based payment liability,"1,718,359",USD,0,-,FY2024,False,ok
13236228,,core:GainLossOnDisposalsPropertyPlantEquipment,Loss/(profit) on disposal of fixed assets,"8,314",USD,0,,FY2025_bus_GroupCompanyDataDimension_bus_Consolidated,False,ok
13236228,,core:GainLossOnDisposalsPropertyPlantEquipment,Loss/(profit) on disposal of fixed assets,"36,821",USD,0,,FY2024_bus_GroupCompanyDataDimension_bus_Consolidated,False,ok
13236228,,core:GainLossOnDisposalsPropertyPlantEquipment,Loss/(profit) on disposal of fixed assets,"8,314",USD,0,-,FY2025,False,ok
13236228,,core:GainLossOnDisposalsPropertyPlantEquipment,Loss/(profit) on disposal of fixed assets,"36,821",USD,0,-,FY2024,False,ok
13236228,,core:GainLossDueToForeignExchangeDifferencesRecognisedInProfitOrLoss,Exchange loss/(gain),"1,567",USD,0,,FY2025_bus_GroupCompanyDataDimension_bus_Consolidated,False,ok
13236228,,core:GainLossDueToForeignExchangeDifferencesRecognisedInProfitOrLoss,Exchange loss/(gain),"27,402",USD,0,,FY2024_bus_GroupCompanyDataDimension_bus_Consolidated,False,ok
13236228,,core:GainLossDueToForeignExchangeDifferencesRecognisedInProfitOrLoss,Exchange loss/(gain),"12,745",USD,0,-,FY2025,False,ok
13236228,,core:GainLossDueToForeignExchangeDifferencesRecognisedInProfitOrLoss,Exchange loss/(gain),"74,423",USD,0,-,FY2024,False,ok
13236228,,core:FurtherItemCashFlowFromUsedInOperatingActivitiesComponentTotalNetCashFlowsFromUsedInOperatingActivities,Deferred tax charge/(credit),"16,457",USD,0,-,FY2025_common_X-AnalysisDimension_Td5_bus_GroupCompanyDataDimension_bus_Consolidated,True,ok
13236228,,core:GainLossInCashFlowsFromChangeInDebtorsTradeOtherReceivables,(Increase)/Decrease in trade and other debtors,"188,051",USD,0,,FY2025_bus_GroupCompanyDataDimension_bus_Consolidated,False,ok
13236228,,core:GainLossInCashFlowsFromChangeInDebtorsTradeOtherReceivables,(Increase)/Decrease in trade and other debtors,"377,493",USD,0,,FY2024_bus_GroupCompanyDataDimension_bus_Consolidated,False,ok
13236228,,core:GainLossInCashFlowsFromChangeInTradeDebtorsTradeReceivables,(Increase)/Decrease in trade and other debtors,"157,359",USD,0,,FY2025,False,ok
13236228,,core:GainLossInCashFlowsFromChangeInTradeDebtorsTradeReceivables,(Increase)/Decrease in trade and other debtors,"283,294",USD,0,,FY2024,False,ok
13236228,,core:GainLossInCashFlowsFromChangeInTradeCreditorsTradePayables,Increase/(Decrease) in trade and other creditors,"98,119",USD,0,-,FY2025_bus_GroupCompanyDataDimension_bus_Consolidated,False,ok
13236228,,core:GainLossInCashFlowsFromChangeInTradeCreditorsTradePayables,Increase/(Decrease) in trade and other creditors,"313,027",USD,0,-,FY2024_bus_GroupCompanyDataDimension_bus_Consolidated,False,ok
13236228,,core:GainLossInCashFlowsFromChangeInTradeCreditorsTradePayables,Increase/(Decrease) in trade and other creditors,"216,590",USD,0,,FY2025,False,ok
13236228,,core:GainLossInCashFlowsFromChangeInTradeCreditorsTradePayables,Increase/(Decrease) in trade and other creditors,"357,217",USD,0,,FY2024,False,ok
13236228,,core:GainLossInCashFlowsFromChangeInProvisions,Increase/(Decrease) in provisions,"1,054,008",USD,0,,FY2025_bus_GroupCompanyDataDimension_bus_Consolidated,False,ok
13236228,,core:GainLossInCashFlowsFromChangeInProvisions,Increase/(Decrease) in provisions,"626,476",USD,0,-,FY2024_bus_GroupCompanyDataDimension_bus_Consolidated,False,ok
13236228,,core:GainLossInCashFlowsFromChangeInProvisions,Increase/(Decrease) in provisions,"1,091,803",USD,0,,FY2025,False,ok
13236228,,core:GainLossInCashFlowsFromChangeInProvisions,Increase/(Decrease) in provisions,"698,304",USD,0,-,FY2024,False,ok
13236228,,core:NetCashGeneratedFromOperations,Cash from operations,"8,700,305",USD,0,-,FY2025_bus_GroupCompanyDataDimension_bus_Consolidated,False,ok
13236228,,core:NetCashGeneratedFromOperations,Cash from operations,"13,136,119",USD,0,-,FY2024_bus_GroupCompanyDataDimension_bus_Consolidated,False,ok
13236228,,core:NetCashGeneratedFromOperations,Cash from operations,"8,899,671",USD,0,-,FY2025,False,ok
13236228,,core:NetCashGeneratedFromOperations,Cash from operations,"13,230,895",USD,0,-,FY2024,False,ok
13236228,,core:IncomeTaxesPaidRefundClassifiedAsOperatingActivities,Taxes (paid)/refunded,"1,446,848",USD,0,,FY2025_bus_GroupCompanyDataDimension_bus_Consolidated,False,ok
13236228,,core:IncomeTaxesPaidRefundClassifiedAsOperatingActivities,Taxes (paid)/refunded,"1,531,031",USD,0,,FY2024_bus_GroupCompanyDataDimension_bus_Consolidated,False,ok
13236228,,core:IncomeTaxesPaidRefundClassifiedAsOperatingActivities,Taxes (paid)/refunded,"1,583,840",USD,0,,FY2025,False,ok
13236228,,core:IncomeTaxesPaidRefundClassifiedAsOperatingActivities,Taxes (paid)/refunded,"1,680,051",USD,0,,FY2024,False,ok
13236228,,core:NetCashFlowsFromUsedInOperatingActivities,(A),"7,253,458",USD,0,-,FY2025_bus_GroupCompanyDataDimension_bus_Consolidated,False,ok
13236228,,core:NetCashFlowsFromUsedInOperatingActivities,(A),"11,605,088",USD,0,-,FY2024_bus_GroupCompanyDataDimension_bus_Consolidated,False,ok
13236228,,core:NetCashFlowsFromUsedInOperatingActivities,(A),"7,315,832",USD,0,-,FY2025,False,ok
13236228,,core:NetCashFlowsFromUsedInOperatingActivities,(A),"11,550,844",USD,0,-,FY2024,False,ok
13236228,,core:InterestReceivedClassifiedAsInvestingActivities,Interest received,"1,224,595",USD,0,,FY2025_bus_GroupCompanyDataDimension_bus_Consolidated,False,ok
13236228,,core:InterestReceivedClassifiedAsInvestingActivities,Interest received,"1,858,784",USD,0,,FY2024_bus_GroupCompanyDataDimension_bus_Consolidated,False,ok
13236228,,core:InterestReceivedClassifiedAsInvestingActivities,Interest received,"1,224,595",USD,0,,FY2025,False,ok
13236228,,core:InterestReceivedClassifiedAsInvestingActivities,Interest received,"1,858,784",USD,0,,FY2024,False,ok
13236228,,core:PurchasePropertyPlantEquipment,Payments to acquire tangible fixed assets (net of disposal),"39,752",USD,0,,FY2025_bus_GroupCompanyDataDimension_bus_Consolidated,False,ok
13236228,,core:PurchasePropertyPlantEquipment,Payments to acquire tangible fixed assets (net of disposal),"29,079",USD,0,-,FY2024_bus_GroupCompanyDataDimension_bus_Consolidated,False,ok
13236228,,core:PurchasePropertyPlantEquipment,Payments to acquire tangible fixed assets (net of disposal),"34,178",USD,0,,FY2025,False,ok
13236228,,core:PurchasePropertyPlantEquipment,Payments to acquire tangible fixed assets (net of disposal),"40,028",USD,0,-,FY2024,False,ok
13236228,,core:NetCashFlowsFromUsedInInvestingActivities,(B),"1,184,843",USD,0,,FY2025_bus_GroupCompanyDataDimension_bus_Consolidated,False,ok
13236228,,core:NetCashFlowsFromUsedInInvestingActivities,(B),"1,887,863",USD,0,,FY2024_bus_GroupCompanyDataDimension_bus_Consolidated,False,ok
13236228,,core:NetCashFlowsFromUsedInInvestingActivities,(B),"1,190,417",USD,0,,FY2025,False,ok
13236228,,core:NetCashFlowsFromUsedInInvestingActivities,(B),"1,898,812",USD,0,,FY2024,False,ok
13236228,,core:IncreaseDecreaseInCashCashEquivalentsBeforeForeignExchangeDifferencesChangesInConsolidation,(A + B),"6,068,615",USD,0,-,FY2025_bus_GroupCompanyDataDimension_bus_Consolidated,False,ok
13236228,,core:IncreaseDecreaseInCashCashEquivalentsBeforeForeignExchangeDifferencesChangesInConsolidation,(A + B),"9,717,225",USD,0,-,FY2024_bus_GroupCompanyDataDimension_bus_Consolidated,False,ok
13236228,,core:IncreaseDecreaseInCashCashEquivalentsBeforeForeignExchangeDifferencesChangesInConsolidation,(A + B),"6,125,415",USD,0,-,FY2025,False,ok
13236228,,core:IncreaseDecreaseInCashCashEquivalentsBeforeForeignExchangeDifferencesChangesInConsolidation,(A + B),"9,652,033",USD,0,-,FY2024,False,ok
13236228,,core:CashCashEquivalentsCashFlowValue,Cash and cash equivalents at 1st January 2025,"33,232,497",USD,0,,FY2024I_bus_GroupCompanyDataDimension_bus_Consolidated,False,ok
13236228,,core:CashCashEquivalentsCashFlowValue,Cash and cash equivalents at 1st January 2025,"42,949,722",USD,0,,FY2023I_bus_GroupCompanyDataDimension_bus_Consolidated,False,ok
13236228,,core:CashCashEquivalentsCashFlowValue,Cash and cash equivalents at 1st January 2025,"33,045,139",USD,0,,FY2024I,False,ok
13236228,,core:CashCashEquivalentsCashFlowValue,Cash and cash equivalents at 1st January 2025,"42,697,171",USD,0,,FY2023I,False,ok
13236228,,core:CashCashEquivalentsCashFlowValue,Cash and cash equivalents at 31st December 2025,"27,163,882",USD,0,,FY2025I_bus_GroupCompanyDataDimension_bus_Consolidated,False,ok
13236228,,core:CashCashEquivalentsCashFlowValue,Cash and cash equivalents at 31st December 2025,"33,232,497",USD,0,,FY2024I_bus_GroupCompanyDataDimension_bus_Consolidated,False,ok
13236228,,core:CashCashEquivalentsCashFlowValue,Cash and cash equivalents at 31st December 2025,"26,919,724",USD,0,,FY2025I,False,ok
13236228,,core:CashCashEquivalentsCashFlowValue,Cash and cash equivalents at 31st December 2025,"33,045,139",USD,0,,FY2024I,False,ok
13236228,,core:UsefulLifeIntangibleAssetsYears,of,10,pure,0,,FY2025_core_IntangibleAssetClassesDimension_core_ComputerSoftware,False,ok
13236228,,core:UsefulLifePropertyPlantEquipmentYears,Computer Software,5,pure,0,,FY2025_core_PropertyPlantEquipmentClassesDimension_core_ComputerEquipment,False,ok
13236228,,core:UsefulLifePropertyPlantEquipmentYears,Fixtures & Fittings,3,pure,0,,FY2025_core_PropertyPlantEquipmentClassesDimension_core_FurnitureFittings,False,ok
13236228,,core:UsefulLifePropertyPlantEquipmentYears,Computer Hardware,3,pure,0,,FY2025_core_PropertyPlantEquipmentClassesDimension_core_OtherPropertyPlantEquipment,False,ok
13236228,,core:UsefulLifePropertyPlantEquipmentYears,Office Equipment,5,pure,0,,FY2025_core_PropertyPlantEquipmentClassesDimension_core_OfficeEquipment,False,ok
13236228,,core:OtherOperatingIncomeFormat1,Other Income of $,"1,041,236",USD,0,,FY2025_bus_GroupCompanyDataDimension_bus_Consolidated,False,ok
13236228,,core:OtherOperatingIncomeFormat1,(2024: $,"1,704,439",USD,0,,FY2024_bus_GroupCompanyDataDimension_bus_Consolidated,False,ok
13236228,,aurep:AuditFeesExpenses,Fees paid to the auditor,"100,548",USD,0,,FY2025_bus_GroupCompanyDataDimension_bus_Consolidated,False,ok
13236228,,aurep:AuditFeesExpenses,Fees paid to the auditor,"99,346",USD,0,,FY2024_bus_GroupCompanyDataDimension_bus_Consolidated,False,ok
13236228,,core:DepreciationExpensePropertyPlantEquipment,Depreciation of tangible fixed assets,"118,089",USD,0,,FY2025_bus_GroupCompanyDataDimension_bus_Consolidated,False,ok
13236228,,core:DepreciationExpensePropertyPlantEquipment,Depreciation of tangible fixed assets,"165,677",USD,0,,FY2024_bus_GroupCompanyDataDimension_bus_Consolidated,False,ok
13236228,,core:ImpairmentLossReversalIntangibleAssets,Impairment of intangible fixed assets,"987,538",USD,0,,FY2025_bus_GroupCompanyDataDimension_bus_Consolidated,False,ok
13236228,,core:ImpairmentLossReversalIntangibleAssets,Impairment of intangible fixed assets,"459,204",USD,0,,FY2024_bus_GroupCompanyDataDimension_bus_Consolidated,False,ok
13236228,,core:AmortisationExpenseIntangibleAssets,Amortisation of intangible fixed assets,"379,910",USD,0,,FY2025_bus_GroupCompanyDataDimension_bus_Consolidated,False,ok
13236228,,core:AmortisationExpenseIntangibleAssets,Amortisation of intangible fixed assets,"450,589",USD,0,,FY2024_bus_GroupCompanyDataDimension_bus_Consolidated,False,ok
13236228,,core:WagesSalaries,Wages and salaries,"8,727,901",USD,0,,FY2025_bus_GroupCompanyDataDimension_bus_Consolidated,False,ok
13236228,,core:WagesSalaries,Wages and salaries,"10,798,043",USD,0,,FY2024_bus_GroupCompanyDataDimension_bus_Consolidated,False,ok
13236228,,core:SocialSecurityCosts,Social security costs,"698,329",USD,0,,FY2025_bus_GroupCompanyDataDimension_bus_Consolidated,False,ok
13236228,,core:SocialSecurityCosts,Social security costs,"795,895",USD,0,,FY2024_bus_GroupCompanyDataDimension_bus_Consolidated,False,ok
13236228,,core:PensionOtherPost-employmentBenefitCostsOtherPensionCosts,Other pension costs,"199,811",USD,0,,FY2025_bus_GroupCompanyDataDimension_bus_Consolidated,False,ok
13236228,,core:PensionOtherPost-employmentBenefitCostsOtherPensionCosts,Other pension costs,"263,786",USD,0,,FY2024_bus_GroupCompanyDataDimension_bus_Consolidated,False,ok
13236228,,core:Share-basedPaymentExpenseCashSettled,Share based payments (written back),"928,077",USD,0,-,FY2025_bus_GroupCompanyDataDimension_bus_Consolidated,False,ok
13236228,,core:Share-basedPaymentExpenseCashSettled,Share based payments (written back),"1,718,359",USD,0,-,FY2024_bus_GroupCompanyDataDimension_bus_Consolidated,False,ok
13236228,,core:StaffCostsEmployeeBenefitsExpense,Share based payments (written back),"8,697,964",USD,0,,FY2025_bus_GroupCompanyDataDimension_bus_Consolidated,False,ok
13236228,,core:StaffCostsEmployeeBenefitsExpense,Share based payments (written back),"10,139,365",USD,0,,FY2024_bus_GroupCompanyDataDimension_bus_Consolidated,False,ok
13236228,,core:AverageNumberEmployeesDuringPeriod,"Average number of employees, including directors, during the period (prior period) was as follows:",64,pure,0,,FY2025,False,ok
13236228,,core:AverageNumberEmployeesDuringPeriod,(2024:,83,pure,0,,FY2024,False,ok
13236228,,core:IntangibleAssetsGrossCost,As at 1 January 2025,"1,000,000",USD,0,,FY2024I_core_IntangibleAssetClassesDimension_core_LicencesFranchises,False,ok
13236228,,core:IntangibleAssetsGrossCost,As at 1 January 2025,"2,000,000",USD,0,,FY2024I_core_IntangibleAssetClassesDimension_core_BrandNames,False,ok
13236228,,core:IntangibleAssetsGrossCost,As at 1 January 2025,"1,499,850",USD,0,,FY2024I_core_IntangibleAssetClassesDimension_core_OtherResidualIntangibleAssets,False,ok
13236228,,core:IntangibleAssetsGrossCost,As at 1 January 2025,"4,499,850",USD,0,,FY2024I,False,ok
13236228,,core:IntangibleAssetsGrossCost,As at 31 December 2025,"1,000,000",USD,0,,FY2025I_core_IntangibleAssetClassesDimension_core_LicencesFranchises,False,ok
13236228,,core:IntangibleAssetsGrossCost,As at 31 December 2025,"2,000,000",USD,0,,FY2025I_core_IntangibleAssetClassesDimension_core_BrandNames,False,ok
13236228,,core:IntangibleAssetsGrossCost,As at 31 December 2025,"1,499,850",USD,0,,FY2025I_core_IntangibleAssetClassesDimension_core_OtherResidualIntangibleAssets,False,ok
13236228,,core:IntangibleAssetsGrossCost,As at 31 December 2025,"4,499,850",USD,0,,FY2025I,False,ok
13236228,,core:AccumulatedAmortisationImpairmentIntangibleAssets,As at 1 January 2025,"533,100",USD,0,,FY2024I_core_IntangibleAssetClassesDimension_core_LicencesFranchises,False,ok
13236228,,core:AccumulatedAmortisationImpairmentIntangibleAssets,As at 1 January 2025,"698,815",USD,0,,FY2024I_core_IntangibleAssetClassesDimension_core_BrandNames,False,ok
13236228,,core:AccumulatedAmortisationImpairmentIntangibleAssets,As at 1 January 2025,"799,570",USD,0,,FY2024I_core_IntangibleAssetClassesDimension_core_OtherResidualIntangibleAssets,False,ok
13236228,,core:AccumulatedAmortisationImpairmentIntangibleAssets,As at 1 January 2025,"2,031,484",USD,0,,FY2024I,False,ok
13236228,,core:IncreaseFromAmortisationChargeForYearIntangibleAssets,Amortisation provided during the year,"71,861",USD,0,,FY2025_core_IntangibleAssetClassesDimension_core_LicencesFranchises,False,ok
13236228,,core:IncreaseFromAmortisationChargeForYearIntangibleAssets,Amortisation provided during the year,"200,268",USD,0,,FY2025_core_IntangibleAssetClassesDimension_core_BrandNames,False,ok
13236228,,core:IncreaseFromAmortisationChargeForYearIntangibleAssets,Amortisation provided during the year,"107,781",USD,0,,FY2025_core_IntangibleAssetClassesDimension_core_OtherResidualIntangibleAssets,False,ok
13236228,,core:IncreaseFromAmortisationChargeForYearIntangibleAssets,Amortisation provided during the year,"379,910",USD,0,,FY2025,False,ok
13236228,,core:IncreaseDecreaseInAmortisationImpairmentIntangibleAssets,Impairment charge during the year*,"395,039",USD,0,,FY2025_core_IntangibleAssetClassesDimension_core_LicencesFranchises,False,ok
13236228,,core:IncreaseDecreaseInAmortisationImpairmentIntangibleAssets,Impairment charge during the year*,"592,499",USD,0,,FY2025_core_IntangibleAssetClassesDimension_core_OtherResidualIntangibleAssets,False,ok
13236228,,core:IncreaseDecreaseInAmortisationImpairmentIntangibleAssets,Impairment charge during the year*,"987,538",USD,0,,FY2025,False,ok
13236228,,core:AccumulatedAmortisationImpairmentIntangibleAssets,As at 31 December 2025,"1,000,000",USD,0,,FY2025I_core_IntangibleAssetClassesDimension_core_LicencesFranchises,False,ok
13236228,,core:AccumulatedAmortisationImpairmentIntangibleAssets,As at 31 December 2025,"899,083",USD,0,,FY2025I_core_IntangibleAssetClassesDimension_core_BrandNames,False,ok
13236228,,core:AccumulatedAmortisationImpairmentIntangibleAssets,As at 31 December 2025,"1,499,850",USD,0,,FY2025I_core_IntangibleAssetClassesDimension_core_OtherResidualIntangibleAssets,False,ok
13236228,,core:AccumulatedAmortisationImpairmentIntangibleAssets,As at 31 December 2025,"3,398,933",USD,0,,FY2025I,False,ok
13236228,,core:IntangibleAssets,As at 31 December 2025,"1,100,917",USD,0,,FY2025I_core_IntangibleAssetClassesDimension_core_BrandNames,False,ok
13236228,,core:IntangibleAssets,As at 31 December 2025,"1,100,917",USD,0,,FY2025I,False,ok
13236228,,core:IntangibleAssets,As at 1 January 2025,"466,900",USD,0,,FY2024I_core_IntangibleAssetClassesDimension_core_LicencesFranchises,False,ok
13236228,,core:IntangibleAssets,As at 1 January 2025,"1,301,185",USD,0,,FY2024I_core_IntangibleAssetClassesDimension_core_BrandNames,False,ok
13236228,,core:IntangibleAssets,As at 1 January 2025,"700,280",USD,0,,FY2024I_core_IntangibleAssetClassesDimension_core_OtherResidualIntangibleAssets,False,ok
13236228,,core:IntangibleAssets,As at 1 January 2025,"2,468,365",USD,0,,FY2024I,False,ok
13236228,,core:IntangibleAssetsGrossCost,As at 1 January 2024,"1,000,000",USD,0,,FY2023I_core_IntangibleAssetClassesDimension_core_LicencesFranchises,False,ok
13236228,,core:IntangibleAssetsGrossCost,As at 1 January 2024,"2,000,000",USD,0,,FY2023I_core_IntangibleAssetClassesDimension_core_BrandNames,False,ok
13236228,,core:IntangibleAssetsGrossCost,As at 1 January 2024,"1,499,850",USD,0,,FY2023I_core_IntangibleAssetClassesDimension_core_OtherResidualIntangibleAssets,False,ok
13236228,,core:IntangibleAssetsGrossCost,As at 1 January 2024,"4,499,850",USD,0,,FY2023I,False,ok
13236228,,core:IntangibleAssetsGrossCost,As at 31 December 2024,"1,000,000",USD,0,,FY2024I_core_IntangibleAssetClassesDimension_core_LicencesFranchises,False,ok
13236228,,core:IntangibleAssetsGrossCost,As at 31 December 2024,"2,000,000",USD,0,,FY2024I_core_IntangibleAssetClassesDimension_core_BrandNames,False,ok
13236228,,core:IntangibleAssetsGrossCost,As at 31 December 2024,"1,499,850",USD,0,,FY2024I_core_IntangibleAssetClassesDimension_core_OtherResidualIntangibleAssets,False,ok
13236228,,core:IntangibleAssetsGrossCost,As at 31 December 2024,"4,499,850",USD,0,,FY2024I,False,ok
13236228,,core:AccumulatedAmortisationImpairmentIntangibleAssets,As at 1 January 2024,"249,273",USD,0,,FY2023I_core_IntangibleAssetClassesDimension_core_LicencesFranchises,False,ok
13236228,,core:AccumulatedAmortisationImpairmentIntangibleAssets,As at 1 January 2024,"498,547",USD,0,,FY2023I_core_IntangibleAssetClassesDimension_core_BrandNames,False,ok
13236228,,core:AccumulatedAmortisationImpairmentIntangibleAssets,As at 1 January 2024,"373,873",USD,0,,FY2023I_core_IntangibleAssetClassesDimension_core_OtherResidualIntangibleAssets,False,ok
13236228,,core:AccumulatedAmortisationImpairmentIntangibleAssets,As at 1 January 2024,"1,121,693",USD,0,,FY2023I,False,ok
13236228,,core:IncreaseFromAmortisationChargeForYearIntangibleAssets,Amortisation provided during the year,"100,134",USD,0,,FY2024_core_IntangibleAssetClassesDimension_core_LicencesFranchises,False,ok
13236228,,core:IncreaseFromAmortisationChargeForYearIntangibleAssets,Amortisation provided during the year,"200,268",USD,0,,FY2024_core_IntangibleAssetClassesDimension_core_BrandNames,False,ok
13236228,,core:IncreaseFromAmortisationChargeForYearIntangibleAssets,Amortisation provided during the year,"150,186",USD,0,,FY2024_core_IntangibleAssetClassesDimension_core_OtherResidualIntangibleAssets,False,ok
13236228,,core:IncreaseFromAmortisationChargeForYearIntangibleAssets,Amortisation provided during the year,"450,588",USD,0,,FY2024,False,ok
13236228,,core:IncreaseDecreaseInAmortisationImpairmentIntangibleAssets,Impairment charge during the year*,"183,693",USD,0,,FY2024_core_IntangibleAssetClassesDimension_core_LicencesFranchises,False,ok
13236228,,core:IncreaseDecreaseInAmortisationImpairmentIntangibleAssets,Impairment charge during the year*,"275,511",USD,0,,FY2024_core_IntangibleAssetClassesDimension_core_OtherResidualIntangibleAssets,False,ok
13236228,,core:IncreaseDecreaseInAmortisationImpairmentIntangibleAssets,Impairment charge during the year*,"459,204",USD,0,,FY2024,False,ok
13236228,,core:AccumulatedAmortisationImpairmentIntangibleAssets,As at 31 December 2024,"533,100",USD,0,,FY2024I_core_IntangibleAssetClassesDimension_core_LicencesFranchises,False,ok
13236228,,core:AccumulatedAmortisationImpairmentIntangibleAssets,As at 31 December 2024,"698,815",USD,0,,FY2024I_core_IntangibleAssetClassesDimension_core_BrandNames,False,ok
13236228,,core:AccumulatedAmortisationImpairmentIntangibleAssets,As at 31 December 2024,"799,570",USD,0,,FY2024I_core_IntangibleAssetClassesDimension_core_OtherResidualIntangibleAssets,False,ok
13236228,,core:IntangibleAssets,As at 31 December 2024,"466,900",USD,0,,FY2024I_core_IntangibleAssetClassesDimension_core_LicencesFranchises,False,ok
13236228,,core:IntangibleAssets,As at 31 December 2024,"1,301,185",USD,0,,FY2024I_core_IntangibleAssetClassesDimension_core_BrandNames,False,ok
13236228,,core:IntangibleAssets,As at 31 December 2024,"700,280",USD,0,,FY2024I_core_IntangibleAssetClassesDimension_core_OtherResidualIntangibleAssets,False,ok
13236228,,core:IntangibleAssets,As at 31 December 2024,"2,468,365",USD,0,,FY2024I,False,ok
13236228,,core:IntangibleAssets,As at 1 January 2024,"750,727",USD,0,,FY2023I_core_IntangibleAssetClassesDimension_core_LicencesFranchises,False,ok
13236228,,core:IntangibleAssets,As at 1 January 2024,"1,501,453",USD,0,,FY2023I_core_IntangibleAssetClassesDimension_core_BrandNames,False,ok
13236228,,core:IntangibleAssets,As at 1 January 2024,"1,125,977",USD,0,,FY2023I_core_IntangibleAssetClassesDimension_core_OtherResidualIntangibleAssets,False,ok
13236228,,core:IntangibleAssets,As at 1 January 2024,"3,378,157",USD,0,,FY2023I,False,ok
13236228,,core:PropertyPlantEquipmentGrossCost,As at 1 January 2025,"139,468",USD,0,,FY2024I_core_PropertyPlantEquipmentClassesDimension_core_OtherPropertyPlantEquipment_bus_GroupCompanyDataDimension_bus_Consolidated,False,ok
13236228,,core:PropertyPlantEquipmentGrossCost,As at 1 January 2025,"72,055",USD,0,,FY2024I_core_PropertyPlantEquipmentClassesDimension_core_FurnitureFittings_bus_GroupCompanyDataDimension_bus_Consolidated,False,ok
13236228,,core:PropertyPlantEquipmentGrossCost,As at 1 January 2025,"13,259",USD,0,,FY2024I_core_PropertyPlantEquipmentClassesDimension_core_OfficeEquipment_bus_GroupCompanyDataDimension_bus_Consolidated,False,ok
13236228,,core:PropertyPlantEquipmentGrossCost,As at 1 January 2025,"320,383",USD,0,,FY2024I_core_PropertyPlantEquipmentClassesDimension_core_ComputerEquipment_bus_GroupCompanyDataDimension_bus_Consolidated,False,ok
13236228,,core:PropertyPlantEquipmentGrossCost,As at 1 January 2025,"545,166",USD,0,,FY2024I_bus_GroupCompanyDataDimension_bus_Consolidated,False,ok
13236228,,core:AdditionsOtherThanThroughBusinessCombinationsPropertyPlantEquipment,Additions,"32,029",USD,0,,FY2025_core_PropertyPlantEquipmentClassesDimension_core_FurnitureFittings_bus_GroupCompanyDataDimension_bus_Consolidated,False,ok
13236228,,core:AdditionsOtherThanThroughBusinessCombinationsPropertyPlantEquipment,Additions,"6,183",USD,0,,FY2025_core_PropertyPlantEquipmentClassesDimension_core_OfficeEquipment_bus_GroupCompanyDataDimension_bus_Consolidated,False,ok
13236228,,core:AdditionsOtherThanThroughBusinessCombinationsPropertyPlantEquipment,Additions,"18,125",USD,0,,FY2025_core_PropertyPlantEquipmentClassesDimension_core_ComputerEquipment_bus_GroupCompanyDataDimension_bus_Consolidated,False,ok
13236228,,core:AdditionsOtherThanThroughBusinessCombinationsPropertyPlantEquipment,Additions,"56,337",USD,0,,FY2025_bus_GroupCompanyDataDimension_bus_Consolidated,False,ok
13236228,,core:DisposalsPropertyPlantEquipment,Disposals,"3,268",USD,0,,FY2025_core_PropertyPlantEquipmentClassesDimension_core_OtherPropertyPlantEquipment_bus_GroupCompanyDataDimension_bus_Consolidated,False,ok
13236228,,core:DisposalsPropertyPlantEquipment,Disposals,"33,920",USD,0,,FY2025_core_PropertyPlantEquipmentClassesDimension_core_FurnitureFittings_bus_GroupCompanyDataDimension_bus_Consolidated,False,ok
13236228,,core:DisposalsPropertyPlantEquipment,Disposals,"37,189",USD,0,,FY2025_bus_GroupCompanyDataDimension_bus_Consolidated,False,ok
13236228,,core:PropertyPlantEquipmentGrossCost,As at 31 December 2025,"136,200",USD,0,,FY2025I_core_PropertyPlantEquipmentClassesDimension_core_OtherPropertyPlantEquipment_bus_GroupCompanyDataDimension_bus_Consolidated,False,ok
13236228,,core:PropertyPlantEquipmentGrossCost,As at 31 December 2025,"70,164",USD,0,,FY2025I_core_PropertyPlantEquipmentClassesDimension_core_FurnitureFittings_bus_GroupCompanyDataDimension_bus_Consolidated,False,ok
13236228,,core:PropertyPlantEquipmentGrossCost,As at 31 December 2025,"19,442",USD,0,,FY2025I_core_PropertyPlantEquipmentClassesDimension_core_OfficeEquipment_bus_GroupCompanyDataDimension_bus_Consolidated,False,ok
13236228,,core:PropertyPlantEquipmentGrossCost,As at 31 December 2025,"338,508",USD,0,,FY2025I_core_PropertyPlantEquipmentClassesDimension_core_ComputerEquipment_bus_GroupCompanyDataDimension_bus_Consolidated,False,ok
13236228,,core:PropertyPlantEquipmentGrossCost,As at 31 December 2025,"564,314",USD,0,,FY2025I_bus_GroupCompanyDataDimension_bus_Consolidated,False,ok
13236228,,core:AccumulatedDepreciationImpairmentPropertyPlantEquipment,As at 1 January 2025,"69,124",USD,0,,FY2024I_core_PropertyPlantEquipmentClassesDimension_core_OtherPropertyPlantEquipment_bus_GroupCompanyDataDimension_bus_Consolidated,False,ok
13236228,,core:AccumulatedDepreciationImpairmentPropertyPlantEquipment,As at 1 January 2025,"52,856",USD,0,,FY2024I_core_PropertyPlantEquipmentClassesDimension_core_FurnitureFittings_bus_GroupCompanyDataDimension_bus_Consolidated,False,ok
13236228,,core:AccumulatedDepreciationImpairmentPropertyPlantEquipment,As at 1 January 2025,"4,450",USD,0,,FY2024I_core_PropertyPlantEquipmentClassesDimension_core_OfficeEquipment_bus_GroupCompanyDataDimension_bus_Consolidated,False,ok
13236228,,core:AccumulatedDepreciationImpairmentPropertyPlantEquipment,As at 1 January 2025,"239,644",USD,0,,FY2024I_core_PropertyPlantEquipmentClassesDimension_core_ComputerEquipment_bus_GroupCompanyDataDimension_bus_Consolidated,False,ok
13236228,,core:AccumulatedDepreciationImpairmentPropertyPlantEquipment,As at 1 January 2025,"366,075",USD,0,,FY2024I_bus_GroupCompanyDataDimension_bus_Consolidated,False,ok
13236228,,core:DisposalsDecreaseInDepreciationImpairmentPropertyPlantEquipment,Adjustment for disposal,"1,904",USD,0,,FY2025_core_PropertyPlantEquipmentClassesDimension_core_OtherPropertyPlantEquipment_bus_GroupCompanyDataDimension_bus_Consolidated,False,ok
13236228,,core:DisposalsDecreaseInDepreciationImpairmentPropertyPlantEquipment,Adjustment for disposal,"26,971",USD,0,,FY2025_core_PropertyPlantEquipmentClassesDimension_core_FurnitureFittings_bus_GroupCompanyDataDimension_bus_Consolidated,False,ok
13236228,,core:DisposalsDecreaseInDepreciationImpairmentPropertyPlantEquipment,Adjustment for disposal,42,USD,0,,FY2025_core_PropertyPlantEquipmentClassesDimension_core_ComputerEquipment_bus_GroupCompanyDataDimension_bus_Consolidated,False,ok
13236228,,core:DisposalsDecreaseInDepreciationImpairmentPropertyPlantEquipment,Adjustment for disposal,"28,917",USD,0,,FY2025_bus_GroupCompanyDataDimension_bus_Consolidated,False,ok
13236228,,core:IncreaseFromDepreciationChargeForYearPropertyPlantEquipment,Provided during the period,"33,565",USD,0,,FY2025_core_PropertyPlantEquipmentClassesDimension_core_OtherPropertyPlantEquipment_bus_GroupCompanyDataDimension_bus_Consolidated,False,ok
13236228,,core:IncreaseFromDepreciationChargeForYearPropertyPlantEquipment,Provided during the period,"16,957",USD,0,,FY2025_core_PropertyPlantEquipmentClassesDimension_core_FurnitureFittings_bus_GroupCompanyDataDimension_bus_Consolidated,False,ok
13236228,,core:IncreaseFromDepreciationChargeForYearPropertyPlantEquipment,Provided during the period,"3,006",USD,0,,FY2025_core_PropertyPlantEquipmentClassesDimension_core_OfficeEquipment_bus_GroupCompanyDataDimension_bus_Consolidated,False,ok
13236228,,core:IncreaseFromDepreciationChargeForYearPropertyPlantEquipment,Provided during the period,"64,627",USD,0,,FY2025_core_PropertyPlantEquipmentClassesDimension_core_ComputerEquipment_bus_GroupCompanyDataDimension_bus_Consolidated,False,ok
13236228,,core:IncreaseFromDepreciationChargeForYearPropertyPlantEquipment,Provided during the period,"118,155",USD,0,,FY2025_bus_GroupCompanyDataDimension_bus_Consolidated,False,ok
13236228,,core:AccumulatedDepreciationImpairmentPropertyPlantEquipment,As at 31 December 2025,"100,785",USD,0,,FY2025I_core_PropertyPlantEquipmentClassesDimension_core_OtherPropertyPlantEquipment_bus_GroupCompanyDataDimension_bus_Consolidated,False,ok
13236228,,core:AccumulatedDepreciationImpairmentPropertyPlantEquipment,As at 31 December 2025,"42,842",USD,0,,FY2025I_core_PropertyPlantEquipmentClassesDimension_core_FurnitureFittings_bus_GroupCompanyDataDimension_bus_Consolidated,False,ok
13236228,,core:AccumulatedDepreciationImpairmentPropertyPlantEquipment,As at 31 December 2025,"7,456",USD,0,,FY2025I_core_PropertyPlantEquipmentClassesDimension_core_OfficeEquipment_bus_GroupCompanyDataDimension_bus_Consolidated,False,ok
13236228,,core:AccumulatedDepreciationImpairmentPropertyPlantEquipment,As at 31 December 2025,"304,230",USD,0,,FY2025I_core_PropertyPlantEquipmentClassesDimension_core_ComputerEquipment_bus_GroupCompanyDataDimension_bus_Consolidated,False,ok
13236228,,core:AccumulatedDepreciationImpairmentPropertyPlantEquipment,As at 31 December 2025,"455,312",USD,0,,FY2025I_bus_GroupCompanyDataDimension_bus_Consolidated,False,ok
13236228,,core:PropertyPlantEquipment,As at 31 December 2025,"35,415",USD,0,,FY2025I_core_PropertyPlantEquipmentClassesDimension_core_OtherPropertyPlantEquipment_bus_GroupCompanyDataDimension_bus_Consolidated,False,ok
13236228,,core:PropertyPlantEquipment,As at 31 December 2025,"27,323",USD,0,,FY2025I_core_PropertyPlantEquipmentClassesDimension_core_FurnitureFittings_bus_GroupCompanyDataDimension_bus_Consolidated,False,ok
13236228,,core:PropertyPlantEquipment,As at 31 December 2025,"11,986",USD,0,,FY2025I_core_PropertyPlantEquipmentClassesDimension_core_OfficeEquipment_bus_GroupCompanyDataDimension_bus_Consolidated,False,ok
13236228,,core:PropertyPlantEquipment,As at 31 December 2025,"34,279",USD,0,,FY2025I_core_PropertyPlantEquipmentClassesDimension_core_ComputerEquipment_bus_GroupCompanyDataDimension_bus_Consolidated,False,ok
13236228,,core:PropertyPlantEquipment,As at 31 December 2025,"109,001",USD,0,,FY2025I_bus_GroupCompanyDataDimension_bus_Consolidated,False,ok
13236228,,core:PropertyPlantEquipment,As at 1 January 2025,"70,344",USD,0,,FY2024I_core_PropertyPlantEquipmentClassesDimension_core_OtherPropertyPlantEquipment_bus_GroupCompanyDataDimension_bus_Consolidated,False,ok
13236228,,core:PropertyPlantEquipment,As at 1 January 2025,"19,199",USD,0,,FY2024I_core_PropertyPlantEquipmentClassesDimension_core_FurnitureFittings_bus_GroupCompanyDataDimension_bus_Consolidated,False,ok
13236228,,core:PropertyPlantEquipment,As at 1 January 2025,"8,809",USD,0,,FY2024I_core_PropertyPlantEquipmentClassesDimension_core_OfficeEquipment_bus_GroupCompanyDataDimension_bus_Consolidated,False,ok
13236228,,core:PropertyPlantEquipment,As at 1 January 2025,"80,739",USD,0,,FY2024I_core_PropertyPlantEquipmentClassesDimension_core_ComputerEquipment_bus_GroupCompanyDataDimension_bus_Consolidated,False,ok
13236228,,core:PropertyPlantEquipment,As at 1 January 2025,"179,090",USD,0,,FY2024I_bus_GroupCompanyDataDimension_bus_Consolidated,False,ok
13236228,,core:PropertyPlantEquipmentGrossCost,As at 1 January 2024,"139,468",USD,0,,FY2023I_core_PropertyPlantEquipmentClassesDimension_core_OtherPropertyPlantEquipment_bus_GroupCompanyDataDimension_bus_Consolidated,False,ok
13236228,,core:PropertyPlantEquipmentGrossCost,As at 1 January 2024,"72,055",USD,0,,FY2023I_core_PropertyPlantEquipmentClassesDimension_core_FurnitureFittings_bus_GroupCompanyDataDimension_bus_Consolidated,False,ok
13236228,,core:PropertyPlantEquipmentGrossCost,As at 1 January 2024,"12,322",USD,0,,FY2023I_core_PropertyPlantEquipmentClassesDimension_core_OfficeEquipment_bus_GroupCompanyDataDimension_bus_Consolidated,False,ok
13236228,,core:PropertyPlantEquipmentGrossCost,As at 1 January 2024,"353,182",USD,0,,FY2023I_core_PropertyPlantEquipmentClassesDimension_core_ComputerEquipment_bus_GroupCompanyDataDimension_bus_Consolidated,False,ok
13236228,,core:PropertyPlantEquipmentGrossCost,As at 1 January 2024,"577,027",USD,0,,FY2023I_bus_GroupCompanyDataDimension_bus_Consolidated,False,ok
13236228,,core:AdditionsOtherThanThroughBusinessCombinationsPropertyPlantEquipment,Additions,937,USD,0,,FY2024_core_PropertyPlantEquipmentClassesDimension_core_OfficeEquipment_bus_GroupCompanyDataDimension_bus_Consolidated,False,ok
13236228,,core:AdditionsOtherThanThroughBusinessCombinationsPropertyPlantEquipment,Additions,"15,370",USD,0,,FY2024_core_PropertyPlantEquipmentClassesDimension_core_ComputerEquipment_bus_GroupCompanyDataDimension_bus_Consolidated,False,ok
13236228,,core:AdditionsOtherThanThroughBusinessCombinationsPropertyPlantEquipment,Additions,"16,307",USD,0,,FY2024_bus_GroupCompanyDataDimension_bus_Consolidated,False,ok
13236228,,core:DisposalsPropertyPlantEquipment,Disposals,"48,169",USD,0,,FY2024_core_PropertyPlantEquipmentClassesDimension_core_ComputerEquipment_bus_GroupCompanyDataDimension_bus_Consolidated,False,ok
13236228,,core:DisposalsPropertyPlantEquipment,Disposals,"48,169",USD,0,,FY2024_bus_GroupCompanyDataDimension_bus_Consolidated,False,ok
13236228,,core:PropertyPlantEquipmentGrossCost,As at 31 December 2024,"139,468",USD,0,,FY2024I_core_PropertyPlantEquipmentClassesDimension_core_OtherPropertyPlantEquipment_bus_GroupCompanyDataDimension_bus_Consolidated,False,ok
13236228,,core:PropertyPlantEquipmentGrossCost,As at 31 December 2024,"72,055",USD,0,,FY2024I_core_PropertyPlantEquipmentClassesDimension_core_FurnitureFittings_bus_GroupCompanyDataDimension_bus_Consolidated,False,ok
13236228,,core:PropertyPlantEquipmentGrossCost,As at 31 December 2024,"13,259",USD,0,,FY2024I_core_PropertyPlantEquipmentClassesDimension_core_OfficeEquipment_bus_GroupCompanyDataDimension_bus_Consolidated,False,ok
13236228,,core:PropertyPlantEquipmentGrossCost,As at 31 December 2024,"320,383",USD,0,,FY2024I_core_PropertyPlantEquipmentClassesDimension_core_ComputerEquipment_bus_GroupCompanyDataDimension_bus_Consolidated,False,ok
13236228,,core:AccumulatedDepreciationImpairmentPropertyPlantEquipment,As at 1 January 2024,"34,937",USD,0,,FY2023I_core_PropertyPlantEquipmentClassesDimension_core_OtherPropertyPlantEquipment_bus_GroupCompanyDataDimension_bus_Consolidated,False,ok
13236228,,core:AccumulatedDepreciationImpairmentPropertyPlantEquipment,As at 1 January 2024,"29,526",USD,0,,FY2023I_core_PropertyPlantEquipmentClassesDimension_core_FurnitureFittings_bus_GroupCompanyDataDimension_bus_Consolidated,False,ok
13236228,,core:AccumulatedDepreciationImpairmentPropertyPlantEquipment,As at 1 January 2024,"1,873",USD,0,,FY2023I_core_PropertyPlantEquipmentClassesDimension_core_OfficeEquipment_bus_GroupCompanyDataDimension_bus_Consolidated,False,ok
13236228,,core:AccumulatedDepreciationImpairmentPropertyPlantEquipment,As at 1 January 2024,"173,911",USD,0,,FY2023I_core_PropertyPlantEquipmentClassesDimension_core_ComputerEquipment_bus_GroupCompanyDataDimension_bus_Consolidated,False,ok
13236228,,core:AccumulatedDepreciationImpairmentPropertyPlantEquipment,As at 1 January 2024,"240,247",USD,0,,FY2023I_bus_GroupCompanyDataDimension_bus_Consolidated,False,ok
13236228,,core:DisposalsDecreaseInDepreciationImpairmentPropertyPlantEquipment,Adjustment for disposal,"39,603",USD,0,,FY2024_core_PropertyPlantEquipmentClassesDimension_core_ComputerEquipment_bus_GroupCompanyDataDimension_bus_Consolidated,False,ok
13236228,,core:DisposalsDecreaseInDepreciationImpairmentPropertyPlantEquipment,Adjustment for disposal,"39,603",USD,0,,FY2024_bus_GroupCompanyDataDimension_bus_Consolidated,False,ok
13236228,,core:IncreaseFromDepreciationChargeForYearPropertyPlantEquipment,Provided during the period,"34,187",USD,0,,FY2024_core_PropertyPlantEquipmentClassesDimension_core_OtherPropertyPlantEquipment_bus_GroupCompanyDataDimension_bus_Consolidated,False,ok
13236228,,core:IncreaseFromDepreciationChargeForYearPropertyPlantEquipment,Provided during the period,"23,330",USD,0,,FY2024_core_PropertyPlantEquipmentClassesDimension_core_FurnitureFittings_bus_GroupCompanyDataDimension_bus_Consolidated,False,ok
13236228,,core:IncreaseFromDepreciationChargeForYearPropertyPlantEquipment,Provided during the period,"2,577",USD,0,,FY2024_core_PropertyPlantEquipmentClassesDimension_core_OfficeEquipment_bus_GroupCompanyDataDimension_bus_Consolidated,False,ok
13236228,,core:IncreaseFromDepreciationChargeForYearPropertyPlantEquipment,Provided during the period,"105,336",USD,0,,FY2024_core_PropertyPlantEquipmentClassesDimension_core_ComputerEquipment_bus_GroupCompanyDataDimension_bus_Consolidated,False,ok
13236228,,core:IncreaseFromDepreciationChargeForYearPropertyPlantEquipment,Provided during the period,"165,431",USD,0,,FY2024_bus_GroupCompanyDataDimension_bus_Consolidated,False,ok
13236228,,core:AccumulatedDepreciationImpairmentPropertyPlantEquipment,As at 31 December 2024,"69,124",USD,0,,FY2024I_core_PropertyPlantEquipmentClassesDimension_core_OtherPropertyPlantEquipment_bus_GroupCompanyDataDimension_bus_Consolidated,False,ok
13236228,,core:AccumulatedDepreciationImpairmentPropertyPlantEquipment,As at 31 December 2024,"52,856",USD,0,,FY2024I_core_PropertyPlantEquipmentClassesDimension_core_FurnitureFittings_bus_GroupCompanyDataDimension_bus_Consolidated,False,ok
13236228,,core:AccumulatedDepreciationImpairmentPropertyPlantEquipment,As at 31 December 2024,"4,450",USD,0,,FY2024I_core_PropertyPlantEquipmentClassesDimension_core_OfficeEquipment_bus_GroupCompanyDataDimension_bus_Consolidated,False,ok
13236228,,core:AccumulatedDepreciationImpairmentPropertyPlantEquipment,As at 31 December 2024,"239,644",USD,0,,FY2024I_core_PropertyPlantEquipmentClassesDimension_core_ComputerEquipment_bus_GroupCompanyDataDimension_bus_Consolidated,False,ok
13236228,,core:AccumulatedDepreciationImpairmentPropertyPlantEquipment,As at 31 December 2024,"366,075",USD,0,,FY2024I_bus_GroupCompanyDataDimension_bus_Consolidated,False,ok
13236228,,core:PropertyPlantEquipment,As at 31 December 2024,"70,344",USD,0,,FY2024I_core_PropertyPlantEquipmentClassesDimension_core_OtherPropertyPlantEquipment_bus_GroupCompanyDataDimension_bus_Consolidated,False,ok
13236228,,core:PropertyPlantEquipment,As at 31 December 2024,"19,199",USD,0,,FY2024I_core_PropertyPlantEquipmentClassesDimension_core_FurnitureFittings_bus_GroupCompanyDataDimension_bus_Consolidated,False,ok
13236228,,core:PropertyPlantEquipment,As at 31 December 2024,"8,809",USD,0,,FY2024I_core_PropertyPlantEquipmentClassesDimension_core_OfficeEquipment_bus_GroupCompanyDataDimension_bus_Consolidated,False,ok
13236228,,core:PropertyPlantEquipment,As at 31 December 2024,"80,739",USD,0,,FY2024I_core_PropertyPlantEquipmentClassesDimension_core_ComputerEquipment_bus_GroupCompanyDataDimension_bus_Consolidated,False,ok
13236228,,core:PropertyPlantEquipment,As at 31 December 2024,"179,090",USD,0,,FY2024I_bus_GroupCompanyDataDimension_bus_Consolidated,False,ok
13236228,,core:PropertyPlantEquipment,As at 1 January 2024,"104,530",USD,0,,FY2023I_core_PropertyPlantEquipmentClassesDimension_core_OtherPropertyPlantEquipment_bus_GroupCompanyDataDimension_bus_Consolidated,False,ok
13236228,,core:PropertyPlantEquipment,As at 1 January 2024,"42,529",USD,0,,FY2023I_core_PropertyPlantEquipmentClassesDimension_core_FurnitureFittings_bus_GroupCompanyDataDimension_bus_Consolidated,False,ok
13236228,,core:PropertyPlantEquipment,As at 1 January 2024,"10,448",USD,0,,FY2023I_core_PropertyPlantEquipmentClassesDimension_core_OfficeEquipment_bus_GroupCompanyDataDimension_bus_Consolidated,False,ok
13236228,,core:PropertyPlantEquipment,As at 1 January 2024,"179,271",USD,0,,FY2023I_core_PropertyPlantEquipmentClassesDimension_core_ComputerEquipment_bus_GroupCompanyDataDimension_bus_Consolidated,False,ok
13236228,,core:PropertyPlantEquipment,As at 1 January 2024,"336,779",USD,0,,FY2023I_bus_GroupCompanyDataDimension_bus_Consolidated,False,ok
13236228,,core:PropertyPlantEquipmentGrossCost,As at 1 January 2025,"109,082",USD,0,,FY2024I_core_PropertyPlantEquipmentClassesDimension_core_OtherPropertyPlantEquipment,False,ok
13236228,,core:PropertyPlantEquipmentGrossCost,As at 1 January 2025,"72,055",USD,0,,FY2024I_core_PropertyPlantEquipmentClassesDimension_core_FurnitureFittings,False,ok
13236228,,core:PropertyPlantEquipmentGrossCost,As at 1 January 2025,"211,534",USD,0,,FY2024I_core_PropertyPlantEquipmentClassesDimension_core_ComputerEquipment,False,ok
13236228,,core:PropertyPlantEquipmentGrossCost,As at 1 January 2025,"392,671",USD,0,,FY2024I,False,ok
13236228,,core:AdditionsOtherThanThroughBusinessCombinationsPropertyPlantEquipment,Additions,"27,330",USD,0,,FY2025_core_PropertyPlantEquipmentClassesDimension_core_FurnitureFittings,False,ok
13236228,,core:AdditionsOtherThanThroughBusinessCombinationsPropertyPlantEquipment,Additions,"5,432",USD,0,,FY2025_core_PropertyPlantEquipmentClassesDimension_core_OfficeEquipment,False,ok
13236228,,core:AdditionsOtherThanThroughBusinessCombinationsPropertyPlantEquipment,Additions,"18,002",USD,0,,FY2025_core_PropertyPlantEquipmentClassesDimension_core_ComputerEquipment,False,ok
13236228,,core:AdditionsOtherThanThroughBusinessCombinationsPropertyPlantEquipment,Additions,"50,763",USD,0,,FY2025,False,ok
13236228,,core:DisposalsPropertyPlantEquipment,Disposals,"3,268",USD,0,,FY2025_core_PropertyPlantEquipmentClassesDimension_core_OtherPropertyPlantEquipment,False,ok
13236228,,core:DisposalsPropertyPlantEquipment,Disposals,"33,920",USD,0,,FY2025_core_PropertyPlantEquipmentClassesDimension_core_FurnitureFittings,False,ok
13236228,,core:DisposalsPropertyPlantEquipment,Disposals,"37,189",USD,0,,FY2025,False,ok
13236228,,core:PropertyPlantEquipmentGrossCost,As at 31 December 2025,"105,813",USD,0,,FY2025I_core_PropertyPlantEquipmentClassesDimension_core_OtherPropertyPlantEquipment,False,ok
13236228,,core:PropertyPlantEquipmentGrossCost,As at 31 December 2025,"65,465",USD,0,,FY2025I_core_PropertyPlantEquipmentClassesDimension_core_FurnitureFittings,False,ok
13236228,,core:PropertyPlantEquipmentGrossCost,As at 31 December 2025,"5,432",USD,0,,FY2025I_core_PropertyPlantEquipmentClassesDimension_core_OfficeEquipment,False,ok
13236228,,core:PropertyPlantEquipmentGrossCost,As at 31 December 2025,"229,536",USD,0,,FY2025I_core_PropertyPlantEquipmentClassesDimension_core_ComputerEquipment,False,ok
13236228,,core:PropertyPlantEquipmentGrossCost,As at 31 December 2025,"406,246",USD,0,,FY2025I,False,ok
13236228,,core:AccumulatedDepreciationImpairmentPropertyPlantEquipment,As at 1 January 2025,"56,508",USD,0,,FY2024I_core_PropertyPlantEquipmentClassesDimension_core_OtherPropertyPlantEquipment,False,ok
13236228,,core:AccumulatedDepreciationImpairmentPropertyPlantEquipment,As at 1 January 2025,"52,856",USD,0,,FY2024I_core_PropertyPlantEquipmentClassesDimension_core_FurnitureFittings,False,ok
13236228,,core:AccumulatedDepreciationImpairmentPropertyPlantEquipment,As at 1 January 2025,"179,345",USD,0,,FY2024I_core_PropertyPlantEquipmentClassesDimension_core_ComputerEquipment,False,ok
13236228,,core:AccumulatedDepreciationImpairmentPropertyPlantEquipment,As at 1 January 2025,"288,709",USD,0,,FY2024I,False,ok
13236228,,core:DisposalsDecreaseInDepreciationImpairmentPropertyPlantEquipment,Adjustment for disposal,"1,904",USD,0,,FY2025_core_PropertyPlantEquipmentClassesDimension_core_OtherPropertyPlantEquipment,False,ok
13236228,,core:DisposalsDecreaseInDepreciationImpairmentPropertyPlantEquipment,Adjustment for disposal,"26,971",USD,0,,FY2025_core_PropertyPlantEquipmentClassesDimension_core_FurnitureFittings,False,ok
13236228,,core:DisposalsDecreaseInDepreciationImpairmentPropertyPlantEquipment,Adjustment for disposal,42,USD,0,,FY2025_core_PropertyPlantEquipmentClassesDimension_core_ComputerEquipment,False,ok
13236228,,core:DisposalsDecreaseInDepreciationImpairmentPropertyPlantEquipment,Adjustment for disposal,"28,917",USD,0,,FY2025,False,ok
13236228,,core:IncreaseFromDepreciationChargeForYearPropertyPlantEquipment,Provided during the period,"23,903",USD,0,,FY2025_core_PropertyPlantEquipmentClassesDimension_core_OtherPropertyPlantEquipment,False,ok
13236228,,core:IncreaseFromDepreciationChargeForYearPropertyPlantEquipment,Provided during the period,"16,709",USD,0,,FY2025_core_PropertyPlantEquipmentClassesDimension_core_FurnitureFittings,False,ok
13236228,,core:IncreaseFromDepreciationChargeForYearPropertyPlantEquipment,Provided during the period,318,USD,0,,FY2025_core_PropertyPlantEquipmentClassesDimension_core_OfficeEquipment,False,ok
13236228,,core:IncreaseFromDepreciationChargeForYearPropertyPlantEquipment,Provided during the period,"30,709",USD,0,,FY2025_core_PropertyPlantEquipmentClassesDimension_core_ComputerEquipment,False,ok
13236228,,core:IncreaseFromDepreciationChargeForYearPropertyPlantEquipment,Provided during the period,"71,638",USD,0,,FY2025,False,ok
13236228,,core:AccumulatedDepreciationImpairmentPropertyPlantEquipment,As at 31 December 2025,"78,506",USD,0,,FY2025I_core_PropertyPlantEquipmentClassesDimension_core_OtherPropertyPlantEquipment,False,ok
13236228,,core:AccumulatedDepreciationImpairmentPropertyPlantEquipment,As at 31 December 2025,"42,594",USD,0,,FY2025I_core_PropertyPlantEquipmentClassesDimension_core_FurnitureFittings,False,ok
13236228,,core:AccumulatedDepreciationImpairmentPropertyPlantEquipment,As at 31 December 2025,318,USD,0,,FY2025I_core_PropertyPlantEquipmentClassesDimension_core_OfficeEquipment,False,ok
13236228,,core:AccumulatedDepreciationImpairmentPropertyPlantEquipment,As at 31 December 2025,"210,011",USD,0,,FY2025I_core_PropertyPlantEquipmentClassesDimension_core_ComputerEquipment,False,ok
13236228,,core:AccumulatedDepreciationImpairmentPropertyPlantEquipment,As at 31 December 2025,"331,429",USD,0,,FY2025I,False,ok
13236228,,core:PropertyPlantEquipment,As at 31 December 2025,"27,307",USD,0,,FY2025I_core_PropertyPlantEquipmentClassesDimension_core_OtherPropertyPlantEquipment,False,ok
13236228,,core:PropertyPlantEquipment,As at 31 December 2025,"22,871",USD,0,,FY2025I_core_PropertyPlantEquipmentClassesDimension_core_FurnitureFittings,False,ok
13236228,,core:PropertyPlantEquipment,As at 31 December 2025,"5,114",USD,0,,FY2025I_core_PropertyPlantEquipmentClassesDimension_core_OfficeEquipment,False,ok
13236228,,core:PropertyPlantEquipment,As at 31 December 2025,"19,525",USD,0,,FY2025I_core_PropertyPlantEquipmentClassesDimension_core_ComputerEquipment,False,ok
13236228,,core:PropertyPlantEquipment,As at 31 December 2025,"74,817",USD,0,,FY2025I,False,ok
13236228,,core:PropertyPlantEquipment,As at 1 January 2025,"52,574",USD,0,,FY2024I_core_PropertyPlantEquipmentClassesDimension_core_OtherPropertyPlantEquipment,False,ok
13236228,,core:PropertyPlantEquipment,As at 1 January 2025,"19,199",USD,0,,FY2024I_core_PropertyPlantEquipmentClassesDimension_core_FurnitureFittings,False,ok
13236228,,core:PropertyPlantEquipment,As at 1 January 2025,"32,189",USD,0,,FY2024I_core_PropertyPlantEquipmentClassesDimension_core_ComputerEquipment,False,ok
13236228,,core:PropertyPlantEquipment,As at 1 January 2025,"103,962",USD,0,,FY2024I,False,ok
13236228,,core:PropertyPlantEquipmentGrossCost,As at,"109,082",USD,0,,FY2023I_core_PropertyPlantEquipmentClassesDimension_core_OtherPropertyPlantEquipment,False,ok
13236228,,core:PropertyPlantEquipmentGrossCost,As at,"72,055",USD,0,,FY2023I_core_PropertyPlantEquipmentClassesDimension_core_FurnitureFittings,False,ok
13236228,,core:PropertyPlantEquipmentGrossCost,As at,"254,344",USD,0,,FY2023I_core_PropertyPlantEquipmentClassesDimension_core_ComputerEquipment,False,ok
13236228,,core:PropertyPlantEquipmentGrossCost,As at,"435,481",USD,0,,FY2023I,False,ok
13236228,,core:AdditionsOtherThanThroughBusinessCombinationsPropertyPlantEquipment,Additions,"5,359",USD,0,,FY2024_core_PropertyPlantEquipmentClassesDimension_core_ComputerEquipment,False,ok
13236228,,core:AdditionsOtherThanThroughBusinessCombinationsPropertyPlantEquipment,Additions,"5,359",USD,0,,FY2024,False,ok
13236228,,core:DisposalsPropertyPlantEquipment,Disposals,"48,169",USD,0,,FY2024_core_PropertyPlantEquipmentClassesDimension_core_ComputerEquipment,False,ok
13236228,,core:DisposalsPropertyPlantEquipment,Disposals,"48,169",USD,0,,FY2024,False,ok
13236228,,core:PropertyPlantEquipmentGrossCost,As at,"109,082",USD,0,,FY2024I_core_PropertyPlantEquipmentClassesDimension_core_OtherPropertyPlantEquipment,False,ok
13236228,,core:PropertyPlantEquipmentGrossCost,As at,"72,055",USD,0,,FY2024I_core_PropertyPlantEquipmentClassesDimension_core_FurnitureFittings,False,ok
13236228,,core:PropertyPlantEquipmentGrossCost,As at,"211,534",USD,0,,FY2024I_core_PropertyPlantEquipmentClassesDimension_core_ComputerEquipment,False,ok
13236228,,core:PropertyPlantEquipmentGrossCost,As at,"392,671",USD,0,,FY2024I,False,ok
13236228,,core:AccumulatedDepreciationImpairmentPropertyPlantEquipment,As at 1 January 2024,"32,387",USD,0,,FY2023I_core_PropertyPlantEquipmentClassesDimension_core_OtherPropertyPlantEquipment,False,ok
13236228,,core:AccumulatedDepreciationImpairmentPropertyPlantEquipment,As at 1 January 2024,"29,526",USD,0,,FY2023I_core_PropertyPlantEquipmentClassesDimension_core_FurnitureFittings,False,ok
13236228,,core:AccumulatedDepreciationImpairmentPropertyPlantEquipment,As at 1 January 2024,"149,195",USD,0,,FY2023I_core_PropertyPlantEquipmentClassesDimension_core_ComputerEquipment,False,ok
13236228,,core:AccumulatedDepreciationImpairmentPropertyPlantEquipment,As at 1 January 2024,"211,108",USD,0,,FY2023I,False,ok
13236228,,core:DisposalsDecreaseInDepreciationImpairmentPropertyPlantEquipment,Adjustment for disposal,"39,603",USD,0,,FY2024_core_PropertyPlantEquipmentClassesDimension_core_ComputerEquipment,False,ok
13236228,,core:DisposalsDecreaseInDepreciationImpairmentPropertyPlantEquipment,Adjustment for disposal,"39,603",USD,0,,FY2024,False,ok
13236228,,core:IncreaseFromDepreciationChargeForYearPropertyPlantEquipment,Provided during the period,"24,121",USD,0,,FY2024_core_PropertyPlantEquipmentClassesDimension_core_OtherPropertyPlantEquipment,False,ok
13236228,,core:IncreaseFromDepreciationChargeForYearPropertyPlantEquipment,Provided during the period,"23,330",USD,0,,FY2024_core_PropertyPlantEquipmentClassesDimension_core_FurnitureFittings,False,ok
13236228,,core:IncreaseFromDepreciationChargeForYearPropertyPlantEquipment,Provided during the period,"69,753",USD,0,,FY2024_core_PropertyPlantEquipmentClassesDimension_core_ComputerEquipment,False,ok
13236228,,core:IncreaseFromDepreciationChargeForYearPropertyPlantEquipment,Provided during the period,"117,204",USD,0,,FY2024,False,ok
13236228,,core:AccumulatedDepreciationImpairmentPropertyPlantEquipment,As at 31 December 2024,"56,508",USD,0,,FY2024I_core_PropertyPlantEquipmentClassesDimension_core_OtherPropertyPlantEquipment,False,ok
13236228,,core:AccumulatedDepreciationImpairmentPropertyPlantEquipment,As at 31 December 2024,"52,856",USD,0,,FY2024I_core_PropertyPlantEquipmentClassesDimension_core_FurnitureFittings,False,ok
13236228,,core:AccumulatedDepreciationImpairmentPropertyPlantEquipment,As at 31 December 2024,"179,345",USD,0,,FY2024I_core_PropertyPlantEquipmentClassesDimension_core_ComputerEquipment,False,ok
13236228,,core:AccumulatedDepreciationImpairmentPropertyPlantEquipment,As at 31 December 2024,"288,709",USD,0,,FY2024I,False,ok
13236228,,core:PropertyPlantEquipment,As at 31 December 2024,"52,574",USD,0,,FY2024I_core_PropertyPlantEquipmentClassesDimension_core_OtherPropertyPlantEquipment,False,ok
13236228,,core:PropertyPlantEquipment,As at 31 December 2024,"19,199",USD,0,,FY2024I_core_PropertyPlantEquipmentClassesDimension_core_FurnitureFittings,False,ok
13236228,,core:PropertyPlantEquipment,As at 31 December 2024,"32,189",USD,0,,FY2024I_core_PropertyPlantEquipmentClassesDimension_core_ComputerEquipment,False,ok
13236228,,core:PropertyPlantEquipment,As at 31 December 2024,"103,962",USD,0,,FY2024I,False,ok
13236228,,core:PropertyPlantEquipment,As at 1 January 2024,"76,694",USD,0,,FY2023I_core_PropertyPlantEquipmentClassesDimension_core_OtherPropertyPlantEquipment,False,ok
13236228,,core:PropertyPlantEquipment,As at 1 January 2024,"42,529",USD,0,,FY2023I_core_PropertyPlantEquipmentClassesDimension_core_FurnitureFittings,False,ok
13236228,,core:PropertyPlantEquipment,As at 1 January 2024,"105,149",USD,0,,FY2023I_core_PropertyPlantEquipmentClassesDimension_core_ComputerEquipment,False,ok
13236228,,core:PropertyPlantEquipment,As at 1 January 2024,"224,372",USD,0,,FY2023I,False,ok
13236228,,core:InvestmentsInSubsidiaries,As at 1 January,"223,306",USD,0,,FY2024I,False,ok
13236228,,core:InvestmentsInSubsidiaries,As at 1 January,"223,306",USD,0,,FY2023I,False,ok
13236228,,core:InvestmentsInSubsidiaries,As at 31 December,"223,306",USD,0,,FY2025I,False,ok
13236228,,core:InvestmentsInSubsidiaries,As at 31 December,"223,306",USD,0,,FY2024I,False,ok
13236228,,core:InvestmentsInSubsidiaries,% of Holding,"120,798",USD,0,,FY2025I_core_SubsidiariesDimension_core_Subsidiary1,False,ok
13236228,,core:OwnershipInterestInSubsidiaryPercent,% of Holding,100.00,pure,4,,FY2025_core_SubsidiariesDimension_core_Subsidiary1,False,ok
13236228,,core:InvestmentsInSubsidiaries,%,"102,507",USD,0,,FY2025I_core_SubsidiariesDimension_core_Subsidiary2,False,ok
13236228,,core:OwnershipInterestInSubsidiaryPercent,%,100.00,pure,4,,FY2025_core_SubsidiariesDimension_core_Subsidiary2,False,ok
13236228,,core:PrepaymentsAccruedIncome,Prepayments and accrued income,"785,944",USD,0,,FY2025I_core_FinancialInstrumentCurrentNon-currentDimension_core_CurrentFinancialInstruments_core_MaturitiesOrExpirationPeriodsDimension_core_WithinOneYear_bus_GroupCompanyDataDimension_bus_Consolidated,False,ok
13236228,,core:PrepaymentsAccruedIncome,Prepayments and accrued income,"798,004",USD,0,,FY2024I_core_FinancialInstrumentCurrentNon-currentDimension_core_CurrentFinancialInstruments_core_MaturitiesOrExpirationPeriodsDimension_core_WithinOneYear_bus_GroupCompanyDataDimension_bus_Consolidated,False,ok
13236228,,core:PrepaymentsAccruedIncome,Prepayments and accrued income,"657,047",USD,0,,FY2025I_core_FinancialInstrumentCurrentNon-currentDimension_core_CurrentFinancialInstruments_core_MaturitiesOrExpirationPeriodsDimension_core_WithinOneYear,False,ok
13236228,,core:PrepaymentsAccruedIncome,Prepayments and accrued income,"620,017",USD,0,,FY2024I_core_FinancialInstrumentCurrentNon-currentDimension_core_CurrentFinancialInstruments_core_MaturitiesOrExpirationPeriodsDimension_core_WithinOneYear,False,ok
13236228,,core:OtherDebtors,Other debtors,"75,697",USD,0,,FY2025I_core_FinancialInstrumentCurrentNon-currentDimension_core_CurrentFinancialInstruments_core_MaturitiesOrExpirationPeriodsDimension_core_WithinOneYear_bus_GroupCompanyDataDimension_bus_Consolidated,False,ok
13236228,,core:OtherDebtors,Other debtors,"156,801",USD,0,,FY2024I_core_FinancialInstrumentCurrentNon-currentDimension_core_CurrentFinancialInstruments_core_MaturitiesOrExpirationPeriodsDimension_core_WithinOneYear_bus_GroupCompanyDataDimension_bus_Consolidated,False,ok
13236228,,core:OtherDebtors,Other debtors,"49,834",USD,0,,FY2025I_core_FinancialInstrumentCurrentNon-currentDimension_core_CurrentFinancialInstruments_core_MaturitiesOrExpirationPeriodsDimension_core_WithinOneYear,False,ok
13236228,,core:OtherDebtors,Other debtors,"156,984",USD,0,,FY2024I_core_FinancialInstrumentCurrentNon-currentDimension_core_CurrentFinancialInstruments_core_MaturitiesOrExpirationPeriodsDimension_core_WithinOneYear,False,ok
13236228,,core:CorporationTaxRecoverable,Corporation tax recoverable assets,"1,528,505",USD,0,,FY2025I_core_FinancialInstrumentCurrentNon-currentDimension_core_CurrentFinancialInstruments_core_MaturitiesOrExpirationPeriodsDimension_core_WithinOneYear_bus_GroupCompanyDataDimension_bus_Consolidated,False,ok
13236228,,core:CorporationTaxRecoverable,Corporation tax recoverable assets,"1,771,143",USD,0,,FY2024I_core_FinancialInstrumentCurrentNon-currentDimension_core_CurrentFinancialInstruments_core_MaturitiesOrExpirationPeriodsDimension_core_WithinOneYear_bus_GroupCompanyDataDimension_bus_Consolidated,False,ok
13236228,,core:CorporationTaxRecoverable,Corporation tax recoverable assets,"1,515,565",USD,0,,FY2025I_core_FinancialInstrumentCurrentNon-currentDimension_core_CurrentFinancialInstruments_core_MaturitiesOrExpirationPeriodsDimension_core_WithinOneYear,False,ok
13236228,,core:CorporationTaxRecoverable,Corporation tax recoverable assets,"1,761,700",USD,0,,FY2024I_core_FinancialInstrumentCurrentNon-currentDimension_core_CurrentFinancialInstruments_core_MaturitiesOrExpirationPeriodsDimension_core_WithinOneYear,False,ok
13236228,,core:RecoverableValue-addedTax,VAT,"58,332",USD,0,,FY2025I_core_FinancialInstrumentCurrentNon-currentDimension_core_CurrentFinancialInstruments_core_MaturitiesOrExpirationPeriodsDimension_core_WithinOneYear_bus_GroupCompanyDataDimension_bus_Consolidated,False,ok
13236228,,core:RecoverableValue-addedTax,VAT,"153,219",USD,0,,FY2024I_core_FinancialInstrumentCurrentNon-currentDimension_core_CurrentFinancialInstruments_core_MaturitiesOrExpirationPeriodsDimension_core_WithinOneYear_bus_GroupCompanyDataDimension_bus_Consolidated,False,ok
13236228,,core:RecoverableValue-addedTax,VAT,"87,240",USD,0,,FY2024I_core_FinancialInstrumentCurrentNon-currentDimension_core_CurrentFinancialInstruments_core_MaturitiesOrExpirationPeriodsDimension_core_WithinOneYear,False,ok
13236228,,core:Debtors,VAT,"2,448,478",USD,0,,FY2025I_core_FinancialInstrumentCurrentNon-currentDimension_core_CurrentFinancialInstruments_core_MaturitiesOrExpirationPeriodsDimension_core_WithinOneYear_bus_GroupCompanyDataDimension_bus_Consolidated,False,ok
13236228,,core:Debtors,VAT,"2,879,167",USD,0,,FY2024I_core_FinancialInstrumentCurrentNon-currentDimension_core_CurrentFinancialInstruments_core_MaturitiesOrExpirationPeriodsDimension_core_WithinOneYear_bus_GroupCompanyDataDimension_bus_Consolidated,False,ok
13236228,,core:Debtors,VAT,"2,222,447",USD,0,,FY2025I_core_FinancialInstrumentCurrentNon-currentDimension_core_CurrentFinancialInstruments_core_MaturitiesOrExpirationPeriodsDimension_core_WithinOneYear,False,ok
13236228,,core:Debtors,VAT,"2,625,941",USD,0,,FY2024I_core_FinancialInstrumentCurrentNon-currentDimension_core_CurrentFinancialInstruments_core_MaturitiesOrExpirationPeriodsDimension_core_WithinOneYear,False,ok
13236228,,core:TradeCreditorsTradePayables,Trade creditors*,239,USD,0,,FY2024I_core_FinancialInstrumentCurrentNon-currentDimension_core_CurrentFinancialInstruments_core_MaturitiesOrExpirationPeriodsDimension_core_WithinOneYear_bus_GroupCompanyDataDimension_bus_Consolidated,False,ok
13236228,,core:TradeCreditorsTradePayables,Trade creditors*,"1,386,702",USD,0,,FY2025I_core_FinancialInstrumentCurrentNon-currentDimension_core_CurrentFinancialInstruments_core_MaturitiesOrExpirationPeriodsDimension_core_WithinOneYear,False,ok
13236228,,core:TradeCreditorsTradePayables,Trade creditors*,"1,144,119",USD,0,,FY2024I_core_FinancialInstrumentCurrentNon-currentDimension_core_CurrentFinancialInstruments_core_MaturitiesOrExpirationPeriodsDimension_core_WithinOneYear,False,ok
13236228,,core:OtherTaxationSocialSecurityPayable,Other taxes and social security,"288,580",USD,0,,FY2025I_core_FinancialInstrumentCurrentNon-currentDimension_core_CurrentFinancialInstruments_core_MaturitiesOrExpirationPeriodsDimension_core_WithinOneYear_bus_GroupCompanyDataDimension_bus_Consolidated,False,ok
13236228,,core:OtherTaxationSocialSecurityPayable,Other taxes and social security,"320,632",USD,0,,FY2024I_core_FinancialInstrumentCurrentNon-currentDimension_core_CurrentFinancialInstruments_core_MaturitiesOrExpirationPeriodsDimension_core_WithinOneYear_bus_GroupCompanyDataDimension_bus_Consolidated,False,ok
13236228,,core:OtherTaxationSocialSecurityPayable,Other taxes and social security,"171,139",USD,0,,FY2025I_core_FinancialInstrumentCurrentNon-currentDimension_core_CurrentFinancialInstruments_core_MaturitiesOrExpirationPeriodsDimension_core_WithinOneYear,False,ok
13236228,,core:OtherTaxationSocialSecurityPayable,Other taxes and social security,"162,599",USD,0,,FY2024I_core_FinancialInstrumentCurrentNon-currentDimension_core_CurrentFinancialInstruments_core_MaturitiesOrExpirationPeriodsDimension_core_WithinOneYear,False,ok
13236228,,core:OtherCreditors,Other creditors,"38,433",USD,0,,FY2025I_core_FinancialInstrumentCurrentNon-currentDimension_core_CurrentFinancialInstruments_core_MaturitiesOrExpirationPeriodsDimension_core_WithinOneYear_bus_GroupCompanyDataDimension_bus_Consolidated,False,ok
13236228,,core:OtherCreditors,Other creditors,"29,477",USD,0,,FY2024I_core_FinancialInstrumentCurrentNon-currentDimension_core_CurrentFinancialInstruments_core_MaturitiesOrExpirationPeriodsDimension_core_WithinOneYear_bus_GroupCompanyDataDimension_bus_Consolidated,False,ok
13236228,,core:OtherCreditors,Other creditors,"24,701",USD,0,,FY2025I_core_FinancialInstrumentCurrentNon-currentDimension_core_CurrentFinancialInstruments_core_MaturitiesOrExpirationPeriodsDimension_core_WithinOneYear,False,ok
13236228,,core:OtherCreditors,Other creditors,"26,252",USD,0,,FY2024I_core_FinancialInstrumentCurrentNon-currentDimension_core_CurrentFinancialInstruments_core_MaturitiesOrExpirationPeriodsDimension_core_WithinOneYear,False,ok
13236228,,core:AccruedLiabilitiesDeferredIncome,Accruals and deferred income,"3,182,910",USD,0,,FY2025I_core_FinancialInstrumentCurrentNon-currentDimension_core_CurrentFinancialInstruments_core_MaturitiesOrExpirationPeriodsDimension_core_WithinOneYear_bus_GroupCompanyDataDimension_bus_Consolidated,False,ok
13236228,,core:AccruedLiabilitiesDeferredIncome,Accruals and deferred income,"2,128,902",USD,0,,FY2024I_core_FinancialInstrumentCurrentNon-currentDimension_core_CurrentFinancialInstruments_core_MaturitiesOrExpirationPeriodsDimension_core_WithinOneYear_bus_GroupCompanyDataDimension_bus_Consolidated,False,ok
13236228,,core:AccruedLiabilitiesDeferredIncome,Accruals and deferred income,"2,777,245",USD,0,,FY2025I_core_FinancialInstrumentCurrentNon-currentDimension_core_CurrentFinancialInstruments_core_MaturitiesOrExpirationPeriodsDimension_core_WithinOneYear,False,ok
13236228,,core:AccruedLiabilitiesDeferredIncome,Accruals and deferred income,"1,685,443",USD,0,,FY2024I_core_FinancialInstrumentCurrentNon-currentDimension_core_CurrentFinancialInstruments_core_MaturitiesOrExpirationPeriodsDimension_core_WithinOneYear,False,ok
13236228,,core:Value-addedTaxPayable,VAT,"18,345",USD,0,,FY2025I_core_FinancialInstrumentCurrentNon-currentDimension_core_CurrentFinancialInstruments_core_MaturitiesOrExpirationPeriodsDimension_core_WithinOneYear,False,ok
13236228,,core:Creditors,"3,509,922","2,479,250",USD,0,,FY2024I_core_FinancialInstrumentCurrentNon-currentDimension_core_CurrentFinancialInstruments_core_MaturitiesOrExpirationPeriodsDimension_core_WithinOneYear_bus_GroupCompanyDataDimension_bus_Consolidated,False,ok
13236228,,core:Creditors,"3,509,922","4,378,132",USD,0,,FY2025I_core_FinancialInstrumentCurrentNon-currentDimension_core_CurrentFinancialInstruments_core_MaturitiesOrExpirationPeriodsDimension_core_WithinOneYear,False,ok
13236228,,core:OtherCreditors,Share based payments*,"928,077",USD,0,,FY2024I_core_FinancialInstrumentCurrentNon-currentDimension_core_Non-currentFinancialInstruments_core_MaturitiesOrExpirationPeriodsDimension_core_AfterOneYear_bus_GroupCompanyDataDimension_bus_Consolidated,False,ok
13236228,,core:OtherCreditors,Share based payments*,"928,077",USD,0,,FY2024I_core_FinancialInstrumentCurrentNon-currentDimension_core_Non-currentFinancialInstruments_core_MaturitiesOrExpirationPeriodsDimension_core_AfterOneYear,False,ok
13236228,,core:Creditors,Share based payments*,0,USD,0,,FY2025I_core_FinancialInstrumentCurrentNon-currentDimension_core_Non-currentFinancialInstruments_core_MaturitiesOrExpirationPeriodsDimension_core_AfterOneYear_bus_GroupCompanyDataDimension_bus_Consolidated,False,ok
13236228,,core:Creditors,Share based payments*,"928,077",USD,0,,FY2024I_core_FinancialInstrumentCurrentNon-currentDimension_core_Non-currentFinancialInstruments_core_MaturitiesOrExpirationPeriodsDimension_core_AfterOneYear_bus_GroupCompanyDataDimension_bus_Consolidated,False,ok
13236228,,core:Creditors,Share based payments*,0,USD,0,,FY2025I_core_FinancialInstrumentCurrentNon-currentDimension_core_Non-currentFinancialInstruments_core_MaturitiesOrExpirationPeriodsDimension_core_AfterOneYear,False,ok
13236228,,core:Creditors,Share based payments*,"928,077",USD,0,,FY2024I_core_FinancialInstrumentCurrentNon-currentDimension_core_Non-currentFinancialInstruments_core_MaturitiesOrExpirationPeriodsDimension_core_AfterOneYear,False,ok
13236228,,core:PaymentsToRelatedParties,Purchase of services from subsidiary( IT design and development services),"3,671,264",USD,0,,FY2025_core_RelatedPartiesDimension_core_AllSubsidiaries_core_RelatedPartyTransactionTypeDimension_core_OtherTransactionType1,False,ok
13236228,,core:PaymentsToRelatedParties,Purchase of services from subsidiary( IT design and development services),"4,494,323",USD,0,,FY2024_core_RelatedPartiesDimension_core_AllSubsidiaries_core_RelatedPartyTransactionTypeDimension_core_OtherTransactionType1,False,ok
13236228,,core:PaymentsToRelatedParties,"Director's Remuneration (Including salary, bonus and pension contribution)","810,879",USD,0,,FY2025_core_RelatedPartiesDimension_core_AllSubsidiaries_core_RelatedPartyTransactionTypeDimension_core_OtherTransactionType2,False,ok
13236228,,core:PaymentsToRelatedParties,"Director's Remuneration (Including salary, bonus and pension contribution)","581,248",USD,0,,FY2024_core_RelatedPartiesDimension_core_AllSubsidiaries_core_RelatedPartyTransactionTypeDimension_core_OtherTransactionType2,False,ok
13236228,,core:BalancesAmountsOwedToRelatedParties,Trade Creditors (subsidiaries - Ireland),"273,128",USD,0,,FY2025I_core_RelatedPartiesDimension_core_Subsidiary2,False,ok
13236228,,core:BalancesAmountsOwedToRelatedParties,Trade Creditors (subsidiaries - Ireland),"206,967",USD,0,,FY2024I_core_RelatedPartiesDimension_core_Subsidiary2,False,ok
13236228,,core:BalancesAmountsOwedToRelatedParties,Trade Creditors (subsidiaries - India),"1,113,574",USD,0,,FY2025I_core_RelatedPartiesDimension_core_Subsidiary1,False,ok
13236228,,core:BalancesAmountsOwedToRelatedParties,Trade Creditors (subsidiaries - India),"937,152",USD,0,,FY2024I_core_RelatedPartiesDimension_core_Subsidiary1,False,ok
02812527,2025-12-31,core:TurnoverRevenue,Turnover,"4,935,174",GBP,0,,FY1.segment.bus-GroupCompanyDataDimension.bus-Consolidated,False,ok
02812527,2024-12-31,core:TurnoverRevenue,Turnover,"5,057,629",GBP,0,,FY2.segment.bus-GroupCompanyDataDimension.bus-Consolidated,False,ok
02812527,2025-12-31,core:CostSales,Cost of sales,"1,732,572",GBP,0,,FY1.segment.bus-GroupCompanyDataDimension.bus-Consolidated,False,ok
02812527,2024-12-31,core:CostSales,Cost of sales,"2,318,322",GBP,0,,FY2.segment.bus-GroupCompanyDataDimension.bus-Consolidated,False,ok
02812527,2025-12-31,core:GrossProfitLoss,Gross profit,"3,202,602",GBP,0,,FY1.segment.bus-GroupCompanyDataDimension.bus-Consolidated,False,ok
02812527,2024-12-31,core:GrossProfitLoss,Gross profit,"2,739,307",GBP,0,,FY2.segment.bus-GroupCompanyDataDimension.bus-Consolidated,False,ok
02812527,2025-12-31,core:AdministrativeExpenses,Administrative expenses,"3,469,783",GBP,0,,FY1.segment.bus-GroupCompanyDataDimension.bus-Consolidated,False,ok
02812527,2024-12-31,core:AdministrativeExpenses,Administrative expenses,"2,644,912",GBP,0,,FY2.segment.bus-GroupCompanyDataDimension.bus-Consolidated,False,ok
02812527,2025-12-31,core:OtherOperatingIncomeFormat1,Other operating income,"59,856",GBP,0,,FY1.segment.bus-GroupCompanyDataDimension.bus-Consolidated,False,ok
02812527,2024-12-31,core:OtherOperatingIncomeFormat1,Other operating income,"58,162",GBP,0,,FY2.segment.bus-GroupCompanyDataDimension.bus-Consolidated,False,ok
02812527,2025-12-31,core:OperatingProfitLoss,Operating (loss)/profit,"207,325",GBP,0,-,FY1.segment.bus-GroupCompanyDataDimension.bus-Consolidated,False,ok
02812527,2024-12-31,core:OperatingProfitLoss,Operating (loss)/profit,"152,557",GBP,0,,FY2.segment.bus-GroupCompanyDataDimension.bus-Consolidated,False,ok
02812527,2025-12-31,core:OtherInterestReceivableSimilarIncomeFinanceIncome,Other interest receivable and similar income,"3,919",GBP,0,,FY1.segment.bus-GroupCompanyDataDimension.bus-Consolidated,False,ok
02812527,2024-12-31,core:OtherInterestReceivableSimilarIncomeFinanceIncome,Other interest receivable and similar income,"2,199",GBP,0,,FY2.segment.bus-GroupCompanyDataDimension.bus-Consolidated,False,ok
02812527,2025-12-31,core:InterestPayableSimilarChargesFinanceCosts,Interest payable and similar expenses,"5,617",GBP,0,,FY1.segment.bus-GroupCompanyDataDimension.bus-Consolidated,False,ok
02812527,2024-12-31,core:InterestPayableSimilarChargesFinanceCosts,Interest payable and similar expenses,"35,389",GBP,0,,FY2.segment.bus-GroupCompanyDataDimension.bus-Consolidated,False,ok
02812527,2025-12-31,core:ProfitLossOnOrdinaryActivitiesBeforeTax,(Loss)/profit before tax,"209,023",GBP,0,-,FY1.segment.bus-GroupCompanyDataDimension.bus-Consolidated,False,ok
02812527,2024-12-31,core:ProfitLossOnOrdinaryActivitiesBeforeTax,(Loss)/profit before tax,"119,367",GBP,0,,FY2.segment.bus-GroupCompanyDataDimension.bus-Consolidated,False,ok
02812527,2025-12-31,core:TaxTaxCreditOnProfitOrLossOnOrdinaryActivities,Tax on (loss)/profit,"56,331",GBP,0,-,FY1.segment.bus-GroupCompanyDataDimension.bus-Consolidated,False,ok
02812527,2024-12-31,core:TaxTaxCreditOnProfitOrLossOnOrdinaryActivities,Tax on (loss)/profit,"29,377",GBP,0,,FY2.segment.bus-GroupCompanyDataDimension.bus-Consolidated,False,ok
02812527,2025-12-31,core:ProfitLoss,(Loss)/profit for the financial year,"152,692",GBP,0,-,FY1.segment.bus-GroupCompanyDataDimension.bus-Consolidated,False,ok
02812527,2024-12-31,core:ProfitLoss,(Loss)/profit for the financial year,"89,990",GBP,0,,FY2.segment.bus-GroupCompanyDataDimension.bus-Consolidated,False,ok
02812527,2025-12-31,core:ProfitLossAttributableToOwnersParent,Owners of the company,"152,692",GBP,0,-,FY1.segment.bus-GroupCompanyDataDimension.bus-Consolidated,False,ok
02812527,2024-12-31,core:ProfitLossAttributableToOwnersParent,Owners of the company,"89,990",GBP,0,,FY2.segment.bus-GroupCompanyDataDimension.bus-Consolidated,False,ok
02812527,2025-12-31,core:IntangibleAssets,Intangible assets,"419,024",GBP,0,,FY1.END.segment.bus-GroupCompanyDataDimension.bus-Consolidated,False,ok
02812527,2024-12-31,core:IntangibleAssets,Intangible assets,"626,786",GBP,0,,FY2.END.segment.bus-GroupCompanyDataDimension.bus-Consolidated,False,ok
02812527,2025-12-31,core:PropertyPlantEquipment,Tangible assets,"30,133",GBP,0,,FY1.END.segment.bus-GroupCompanyDataDimension.bus-Consolidated,False,ok
02812527,2024-12-31,core:PropertyPlantEquipment,Tangible assets,"30,499",GBP,0,,FY2.END.segment.bus-GroupCompanyDataDimension.bus-Consolidated,False,ok
02812527,2025-12-31,core:InvestmentProperty,Investment property,"143,311",GBP,0,,FY1.END.segment.bus-GroupCompanyDataDimension.bus-Consolidated,False,ok
02812527,2025-12-31,core:FixedAssets,Investment property,"592,468",GBP,0,,FY1.END.segment.bus-GroupCompanyDataDimension.bus-Consolidated,True,ok
02812527,2024-12-31,core:FixedAssets,Investment property,"657,285",GBP,0,,FY2.END.segment.bus-GroupCompanyDataDimension.bus-Consolidated,True,ok
02812527,2025-12-31,core:TotalInventories,Stocks,855,GBP,0,,FY1.END.segment.bus-GroupCompanyDataDimension.bus-Consolidated,True,ok
02812527,2024-12-31,core:TotalInventories,Stocks,"3,987",GBP,0,,FY2.END.segment.bus-GroupCompanyDataDimension.bus-Consolidated,True,ok
02812527,2025-12-31,core:Debtors,Debtors,"1,093,303",GBP,0,,FY1.END.segment.core-FinancialInstrumentCurrentNon-currentDimension.core-CurrentFinancialInstruments.bus-GroupCompanyDataDimension.bus-Consolidated,False,ok
02812527,2024-12-31,core:Debtors,Debtors,"1,079,957",GBP,0,,FY2.END.segment.core-FinancialInstrumentCurrentNon-currentDimension.core-CurrentFinancialInstruments.bus-GroupCompanyDataDimension.bus-Consolidated,False,ok
02812527,2025-12-31,core:CashBankOnHand,Cash at bank and in hand,"3,161,643",GBP,0,,FY1.END.segment.bus-GroupCompanyDataDimension.bus-Consolidated,False,ok
02812527,2024-12-31,core:CashBankOnHand,Cash at bank and in hand,"3,550,547",GBP,0,,FY2.END.segment.bus-GroupCompanyDataDimension.bus-Consolidated,False,ok
02812527,2025-12-31,core:CurrentAssets,Cash at bank and in hand,"4,255,801",GBP,0,,FY1.END.segment.bus-GroupCompanyDataDimension.bus-Consolidated,True,ok
02812527,2024-12-31,core:CurrentAssets,Cash at bank and in hand,"4,634,491",GBP,0,,FY2.END.segment.bus-GroupCompanyDataDimension.bus-Consolidated,True,ok
02812527,2025-12-31,core:Creditors,: Amounts falling due within one year,"3,662,697",GBP,0,,FY1.END.segment.core-FinancialInstrumentCurrentNon-currentDimension.core-CurrentFinancialInstruments.core-MaturitiesOrExpirationPeriodsDimension.core-WithinOneYear.bus-GroupCompanyDataDimension.bus-Consolidated,False,ok
02812527,2024-12-31,core:Creditors,: Amounts falling due within one year,"3,901,367",GBP,0,,FY2.END.segment.core-FinancialInstrumentCurrentNon-currentDimension.core-CurrentFinancialInstruments.core-MaturitiesOrExpirationPeriodsDimension.core-WithinOneYear.bus-GroupCompanyDataDimension.bus-Consolidated,False,ok
02812527,2025-12-31,core:NetCurrentAssetsLiabilities,assets,"593,104",GBP,0,,FY1.END.segment.bus-GroupCompanyDataDimension.bus-Consolidated,True,ok
02812527,2024-12-31,core:NetCurrentAssetsLiabilities,assets,"733,124",GBP,0,,FY2.END.segment.bus-GroupCompanyDataDimension.bus-Consolidated,True,ok
02812527,2025-12-31,core:TotalAssetsLessCurrentLiabilities,Total assets less current liabilities,"1,185,572",GBP,0,,FY1.END.segment.bus-GroupCompanyDataDimension.bus-Consolidated,True,ok
02812527,2024-12-31,core:TotalAssetsLessCurrentLiabilities,Total assets less current liabilities,"1,390,409",GBP,0,,FY2.END.segment.bus-GroupCompanyDataDimension.bus-Consolidated,True,ok
02812527,2025-12-31,core:Creditors,: Amounts falling due after more than one year,"30,442",GBP,0,,FY1.END.segment.core-FinancialInstrumentCurrentNon-currentDimension.core-Non-currentFinancialInstruments.core-MaturitiesOrExpirationPeriodsDimension.core-AfterOneYear.bus-GroupCompanyDataDimension.bus-Consolidated,False,ok
02812527,2024-12-31,core:Creditors,: Amounts falling due after more than one year,"50,066",GBP,0,,FY2.END.segment.core-FinancialInstrumentCurrentNon-currentDimension.core-Non-currentFinancialInstruments.core-MaturitiesOrExpirationPeriodsDimension.core-AfterOneYear.bus-GroupCompanyDataDimension.bus-Consolidated,False,ok
02812527,2025-12-31,core:ProvisionsForLiabilitiesBalanceSheetSubtotal,Provisions for liabilities,"60,000",GBP,0,,FY1.END.segment.bus-GroupCompanyDataDimension.bus-Consolidated,False,ok
02812527,2024-12-31,core:ProvisionsForLiabilitiesBalanceSheetSubtotal,Provisions for liabilities,"60,069",GBP,0,,FY2.END.segment.bus-GroupCompanyDataDimension.bus-Consolidated,False,ok
02812527,2025-12-31,core:NetAssetsLiabilities,assets,"1,095,130",GBP,0,,FY1.END.segment.bus-GroupCompanyDataDimension.bus-Consolidated,True,ok
02812527,2024-12-31,core:NetAssetsLiabilities,assets,"1,280,274",GBP,0,,FY2.END.segment.bus-GroupCompanyDataDimension.bus-Consolidated,True,ok
02812527,2025-12-31,core:IntangibleAssets,Intangible assets,"22,581",GBP,0,,FY1.END,False,ok
02812527,2025-12-31,core:PropertyPlantEquipment,Tangible assets,"27,566",GBP,0,,FY1.END,False,ok
02812527,2024-12-31,core:PropertyPlantEquipment,Tangible assets,"27,378",GBP,0,,FY2.END,False,ok
02812527,2025-12-31,core:InvestmentsFixedAssets,Investments,"890,591",GBP,0,,FY1.END,False,ok
02812527,2024-12-31,core:InvestmentsFixedAssets,Investments,"890,591",GBP,0,,FY2.END,False,ok
02812527,2025-12-31,core:FixedAssets,Investments,"940,738",GBP,0,,FY1.END,True,ok
02812527,2024-12-31,core:FixedAssets,Investments,"917,969",GBP,0,,FY2.END,True,ok
02812527,2024-12-31,core:TotalInventories,Stocks,"1,617",GBP,0,,FY2.END,True,ok
02812527,2025-12-31,core:Debtors,Debtors,"603,963",GBP,0,,FY1.END.segment.core-FinancialInstrumentCurrentNon-currentDimension.core-CurrentFinancialInstruments,False,ok
02812527,2024-12-31,core:Debtors,Debtors,"668,770",GBP,0,,FY2.END.segment.core-FinancialInstrumentCurrentNon-currentDimension.core-CurrentFinancialInstruments,False,ok
02812527,2025-12-31,core:CashBankOnHand,Cash at bank and in hand,"635,070",GBP,0,,FY1.END,False,ok
02812527,2024-12-31,core:CashBankOnHand,Cash at bank and in hand,"357,685",GBP,0,,FY2.END,False,ok
02812527,2025-12-31,core:CurrentAssets,Cash at bank and in hand,"1,239,033",GBP,0,,FY1.END,True,ok
02812527,2024-12-31,core:CurrentAssets,Cash at bank and in hand,"1,028,072",GBP,0,,FY2.END,True,ok
02812527,2025-12-31,core:Creditors,: Amounts falling due within one year,"925,291",GBP,0,,FY1.END.segment.core-FinancialInstrumentCurrentNon-currentDimension.core-CurrentFinancialInstruments.core-MaturitiesOrExpirationPeriodsDimension.core-WithinOneYear,False,ok
02812527,2024-12-31,core:Creditors,: Amounts falling due within one year,"1,069,556",GBP,0,,FY2.END.segment.core-FinancialInstrumentCurrentNon-currentDimension.core-CurrentFinancialInstruments.core-MaturitiesOrExpirationPeriodsDimension.core-WithinOneYear,False,ok
02812527,2025-12-31,core:NetCurrentAssetsLiabilities,assets/(liabilities),"313,742",GBP,0,,FY1.END,True,ok
02812527,2024-12-31,core:NetCurrentAssetsLiabilities,assets/(liabilities),"41,484",GBP,0,-,FY2.END,True,ok
02812527,2025-12-31,core:TotalAssetsLessCurrentLiabilities,Total assets less current liabilities,"1,254,480",GBP,0,,FY1.END,True,ok
02812527,2024-12-31,core:TotalAssetsLessCurrentLiabilities,Total assets less current liabilities,"876,485",GBP,0,,FY2.END,True,ok
02812527,2025-12-31,core:Creditors,: Amounts falling due after more than one year,"30,442",GBP,0,,FY1.END.segment.core-FinancialInstrumentCurrentNon-currentDimension.core-Non-currentFinancialInstruments.core-MaturitiesOrExpirationPeriodsDimension.core-AfterOneYear,False,ok
02812527,2024-12-31,core:Creditors,: Amounts falling due after more than one year,"50,066",GBP,0,,FY2.END.segment.core-FinancialInstrumentCurrentNon-currentDimension.core-Non-currentFinancialInstruments.core-MaturitiesOrExpirationPeriodsDimension.core-AfterOneYear,False,ok
02812527,2025-12-31,core:ProvisionsForLiabilitiesBalanceSheetSubtotal,Provisions for liabilities,"60,000",GBP,0,,FY1.END,False,ok
02812527,2024-12-31,core:ProvisionsForLiabilitiesBalanceSheetSubtotal,Provisions for liabilities,"45,000",GBP,0,,FY2.END,False,ok
02812527,2025-12-31,core:NetAssetsLiabilities,assets,"1,164,038",GBP,0,,FY1.END,True,ok
02812527,2024-12-31,core:NetAssetsLiabilities,assets,"781,419",GBP,0,,FY2.END,True,ok
02812527,2024-12-31,core:Equity,At 1 January 2025,"15,475",GBP,0,,FY1.START.segment.core-EquityClassesDimension.core-ShareCapital.bus-GroupCompanyDataDimension.bus-Consolidated,True,ok
02812527,2024-12-31,core:Equity,At 1 January 2025,"49,625",GBP,0,,FY1.START.segment.core-EquityClassesDimension.core-SharePremium.bus-GroupCompanyDataDimension.bus-Consolidated,True,ok
02812527,2024-12-31,core:Equity,At 1 January 2025,"1,215,174",GBP,0,,FY1.START.segment.core-EquityClassesDimension.core-RetainedEarningsAccumulatedLosses.bus-GroupCompanyDataDimension.bus-Consolidated,True,ok
02812527,2024-12-31,core:Equity,At 1 January 2025,"1,280,274",GBP,0,,FY1.START.segment.bus-GroupCompanyDataDimension.bus-Consolidated,True,ok
02812527,2025-12-31,core:ProfitLoss,Loss for the year,"152,692",GBP,0,-,FY1.segment.core-EquityClassesDimension.core-RetainedEarningsAccumulatedLosses.bus-GroupCompanyDataDimension.bus-Consolidated,False,ok
02812527,2025-12-31,core:ProfitLoss,Loss for the year,"152,692",GBP,0,-,FY1.segment.bus-GroupCompanyDataDimension.bus-Consolidated,False,ok
02812527,2025-12-31,core:DividendsPaid,Dividends,"32,452",GBP,0,-,FY1.segment.core-EquityClassesDimension.core-RetainedEarningsAccumulatedLosses.bus-GroupCompanyDataDimension.bus-Consolidated,False,ok
02812527,2025-12-31,core:DividendsPaid,Dividends,"32,452",GBP,0,-,FY1.segment.bus-GroupCompanyDataDimension.bus-Consolidated,False,ok
02812527,2025-12-31,core:Equity,At 31 December 2025,"15,475",GBP,0,,FY1.END.segment.core-EquityClassesDimension.core-ShareCapital.bus-GroupCompanyDataDimension.bus-Consolidated,True,ok
02812527,2025-12-31,core:Equity,At 31 December 2025,"49,625",GBP,0,,FY1.END.segment.core-EquityClassesDimension.core-SharePremium.bus-GroupCompanyDataDimension.bus-Consolidated,True,ok
02812527,2025-12-31,core:Equity,At 31 December 2025,"1,030,030",GBP,0,,FY1.END.segment.core-EquityClassesDimension.core-RetainedEarningsAccumulatedLosses.bus-GroupCompanyDataDimension.bus-Consolidated,True,ok
02812527,2025-12-31,core:Equity,At 31 December 2025,"1,095,130",GBP,0,,FY1.END.segment.bus-GroupCompanyDataDimension.bus-Consolidated,True,ok
02812527,2023-12-31,core:Equity,At 1 January 2024,"15,475",GBP,0,,FY2.START.segment.core-EquityClassesDimension.core-ShareCapital.bus-GroupCompanyDataDimension.bus-Consolidated,True,ok
02812527,2023-12-31,core:Equity,At 1 January 2024,"49,625",GBP,0,,FY2.START.segment.core-EquityClassesDimension.core-SharePremium.bus-GroupCompanyDataDimension.bus-Consolidated,True,ok
02812527,2023-12-31,core:Equity,At 1 January 2024,"1,163,432",GBP,0,,FY2.START.segment.core-EquityClassesDimension.core-RetainedEarningsAccumulatedLosses.bus-GroupCompanyDataDimension.bus-Consolidated,True,ok
02812527,2023-12-31,core:Equity,At 1 January 2024,"1,228,532",GBP,0,,FY2.START.segment.bus-GroupCompanyDataDimension.bus-Consolidated,True,ok
02812527,2024-12-31,core:ProfitLoss,Profit for the year,"89,990",GBP,0,,FY2.segment.core-EquityClassesDimension.core-RetainedEarningsAccumulatedLosses.bus-GroupCompanyDataDimension.bus-Consolidated,False,ok
02812527,2024-12-31,core:ProfitLoss,Profit for the year,"89,990",GBP,0,,FY2.segment.bus-GroupCompanyDataDimension.bus-Consolidated,False,ok
02812527,2024-12-31,core:DividendsPaid,Dividends,"38,248",GBP,0,-,FY2.segment.core-EquityClassesDimension.core-RetainedEarningsAccumulatedLosses.bus-GroupCompanyDataDimension.bus-Consolidated,False,ok
02812527,2024-12-31,core:DividendsPaid,Dividends,"38,248",GBP,0,-,FY2.segment.bus-GroupCompanyDataDimension.bus-Consolidated,False,ok
02812527,2024-12-31,core:Equity,At 1 January 2025,"15,475",GBP,0,,FY1.START.segment.core-EquityClassesDimension.core-ShareCapital,True,ok
02812527,2024-12-31,core:Equity,At 1 January 2025,"49,625",GBP,0,,FY1.START.segment.core-EquityClassesDimension.core-SharePremium,True,ok
02812527,2024-12-31,core:Equity,At 1 January 2025,"716,319",GBP,0,,FY1.START.segment.core-EquityClassesDimension.core-RetainedEarningsAccumulatedLosses,True,ok
02812527,2024-12-31,core:Equity,At 1 January 2025,"781,419",GBP,0,,FY1.START,True,ok
02812527,2025-12-31,core:ProfitLoss,Profit for the year,"415,071",GBP,0,,FY1.segment.core-EquityClassesDimension.core-RetainedEarningsAccumulatedLosses,False,ok
02812527,2025-12-31,core:ProfitLoss,Profit for the year,"415,071",GBP,0,,FY1,False,ok
02812527,2025-12-31,core:DividendsPaid,Dividends,"32,452",GBP,0,-,FY1.segment.core-EquityClassesDimension.core-RetainedEarningsAccumulatedLosses,False,ok
02812527,2025-12-31,core:DividendsPaid,Dividends,"32,452",GBP,0,-,FY1,False,ok
02812527,2025-12-31,core:Equity,At 31 December 2025,"15,475",GBP,0,,FY1.END.segment.core-EquityClassesDimension.core-ShareCapital,True,ok
02812527,2025-12-31,core:Equity,At 31 December 2025,"49,625",GBP,0,,FY1.END.segment.core-EquityClassesDimension.core-SharePremium,True,ok
02812527,2025-12-31,core:Equity,At 31 December 2025,"1,098,938",GBP,0,,FY1.END.segment.core-EquityClassesDimension.core-RetainedEarningsAccumulatedLosses,True,ok
02812527,2025-12-31,core:Equity,At 31 December 2025,"1,164,038",GBP,0,,FY1.END,True,ok
02812527,2023-12-31,core:Equity,At 1 January 2024,"15,475",GBP,0,,FY2.START.segment.core-EquityClassesDimension.core-ShareCapital,True,ok
02812527,2023-12-31,core:Equity,At 1 January 2024,"49,625",GBP,0,,FY2.START.segment.core-EquityClassesDimension.core-SharePremium,True,ok
02812527,2023-12-31,core:Equity,At 1 January 2024,"245,873",GBP,0,,FY2.START.segment.core-EquityClassesDimension.core-RetainedEarningsAccumulatedLosses,True,ok
02812527,2023-12-31,core:Equity,At 1 January 2024,"310,973",GBP,0,,FY2.START,True,ok
02812527,2024-12-31,core:ProfitLoss,Profit for the year,"508,694",GBP,0,,FY2.segment.core-EquityClassesDimension.core-RetainedEarningsAccumulatedLosses,False,ok
02812527,2024-12-31,core:ProfitLoss,Profit for the year,"508,694",GBP,0,,FY2,False,ok
02812527,2024-12-31,core:DividendsPaid,Dividends,"38,248",GBP,0,-,FY2.segment.core-EquityClassesDimension.core-RetainedEarningsAccumulatedLosses,False,ok
02812527,2024-12-31,core:DividendsPaid,Dividends,"38,248",GBP,0,-,FY2,False,ok
02812527,2025-12-31,core:ProfitLoss,(Loss)/profit for the year,"152,692",GBP,0,-,FY1.segment.bus-GroupCompanyDataDimension.bus-Consolidated,False,ok
02812527,2024-12-31,core:ProfitLoss,(Loss)/profit for the year,"89,990",GBP,0,,FY2.segment.bus-GroupCompanyDataDimension.bus-Consolidated,False,ok
02812527,2025-12-31,core:DepreciationAmortisationExpense,Depreciation and amortisation,"136,018",GBP,0,,FY1.segment.bus-GroupCompanyDataDimension.bus-Consolidated,False,ok
02812527,2024-12-31,core:DepreciationAmortisationExpense,Depreciation and amortisation,"106,795",GBP,0,,FY2.segment.bus-GroupCompanyDataDimension.bus-Consolidated,False,ok
02812527,2025-12-31,core:GainLossOnDisposalsPropertyPlantEquipment,Loss on disposal of tangible assets,31,GBP,0,-,FY1.segment.bus-GroupCompanyDataDimension.bus-Consolidated,False,ok
02812527,2024-12-31,core:GainLossOnDisposalsPropertyPlantEquipment,Loss on disposal of tangible assets,232,GBP,0,-,FY2.segment.bus-GroupCompanyDataDimension.bus-Consolidated,False,ok
02812527,2025-12-31,core:InterestReceivedClassifiedAsOperatingActivities,Finance income,"3,919",GBP,0,,FY1.segment.bus-GroupCompanyDataDimension.bus-Consolidated,False,ok
02812527,2024-12-31,core:InterestReceivedClassifiedAsOperatingActivities,Finance income,"2,199",GBP,0,,FY2.segment.bus-GroupCompanyDataDimension.bus-Consolidated,False,ok
02812527,2025-12-31,core:InterestPaidClassifiedAsOperatingActivities,Finance costs,"5,617",GBP,0,,FY1.segment.bus-GroupCompanyDataDimension.bus-Consolidated,False,ok
02812527,2024-12-31,core:InterestPaidClassifiedAsOperatingActivities,Finance costs,"50,260",GBP,0,,FY2.segment.bus-GroupCompanyDataDimension.bus-Consolidated,False,ok
02812527,2025-12-31,core:TaxTaxCreditOnProfitOrLossOnOrdinaryActivities,Income tax expense,"56,331",GBP,0,-,FY1.segment.bus-GroupCompanyDataDimension.bus-Consolidated,False,ok
02812527,2024-12-31,core:TaxTaxCreditOnProfitOrLossOnOrdinaryActivities,Income tax expense,"29,377",GBP,0,,FY2.segment.bus-GroupCompanyDataDimension.bus-Consolidated,False,ok
02812527,2025-12-31,core:NetCashInflowOutflowFromOperationsBeforeMovementsInWorkingCapital,"3,005","64,975",GBP,0,,FY1.segment.bus-GroupCompanyDataDimension.bus-Consolidated,False,ok
02812527,2024-12-31,core:NetCashInflowOutflowFromOperationsBeforeMovementsInWorkingCapital,"3,005","277,460",GBP,0,,FY2.segment.bus-GroupCompanyDataDimension.bus-Consolidated,False,ok
02812527,2025-12-31,core:GainLossInCashFlowsFromChangeInInventories,Decrease/(increase) in stocks,"3,132",GBP,0,-,FY1.segment.bus-GroupCompanyDataDimension.bus-Consolidated,False,ok
02812527,2024-12-31,core:GainLossInCashFlowsFromChangeInInventories,Decrease/(increase) in stocks,"3,182",GBP,0,,FY2.segment.bus-GroupCompanyDataDimension.bus-Consolidated,False,ok
02812527,2025-12-31,core:GainLossInCashFlowsFromChangeInDebtorsTradeOtherReceivables,(Increase)/decrease in trade debtors,"10,410",GBP,0,,FY1.segment.bus-GroupCompanyDataDimension.bus-Consolidated,False,ok
02812527,2024-12-31,core:GainLossInCashFlowsFromChangeInDebtorsTradeOtherReceivables,(Increase)/decrease in trade debtors,"23,343",GBP,0,-,FY2.segment.bus-GroupCompanyDataDimension.bus-Consolidated,False,ok
02812527,2025-12-31,core:GainLossInCashFlowsFromChangeInCreditorsTradeOtherPayables,Decrease in trade creditors,"136,567",GBP,0,-,FY1.segment.bus-GroupCompanyDataDimension.bus-Consolidated,False,ok
02812527,2024-12-31,core:GainLossInCashFlowsFromChangeInCreditorsTradeOtherPayables,Decrease in trade creditors,"57,008",GBP,0,-,FY2.segment.bus-GroupCompanyDataDimension.bus-Consolidated,False,ok
02812527,2025-12-31,core:GainLossInCashFlowsFromChangeInProvisions,Increase in provisions,"15,000",GBP,0,,FY1.segment.bus-GroupCompanyDataDimension.bus-Consolidated,False,ok
02812527,2024-12-31,core:GainLossInCashFlowsFromChangeInProvisions,Increase in provisions,"15,000",GBP,0,,FY2.segment.bus-GroupCompanyDataDimension.bus-Consolidated,False,ok
02812527,2025-12-31,core:NetCashGeneratedFromOperations,Cash generated from operations,"63,870",GBP,0,-,FY1.segment.bus-GroupCompanyDataDimension.bus-Consolidated,False,ok
02812527,2024-12-31,core:NetCashGeneratedFromOperations,Cash generated from operations,"255,613",GBP,0,,FY2.segment.bus-GroupCompanyDataDimension.bus-Consolidated,False,ok
02812527,2025-12-31,core:IncomeTaxesPaidRefundClassifiedAsOperatingActivities,Income taxes received/(paid),"30,073",GBP,0,-,FY1.segment.bus-GroupCompanyDataDimension.bus-Consolidated,False,ok
02812527,2024-12-31,core:IncomeTaxesPaidRefundClassifiedAsOperatingActivities,Income taxes received/(paid),"181,463",GBP,0,,FY2.segment.bus-GroupCompanyDataDimension.bus-Consolidated,False,ok
02812527,2025-12-31,core:NetCashFlowsFromUsedInOperatingActivities,Net cash flow from operating activities,"33,797",GBP,0,-,FY1.segment.bus-GroupCompanyDataDimension.bus-Consolidated,False,ok
02812527,2024-12-31,core:NetCashFlowsFromUsedInOperatingActivities,Net cash flow from operating activities,"74,150",GBP,0,,FY2.segment.bus-GroupCompanyDataDimension.bus-Consolidated,False,ok
02812527,2025-12-31,core:InterestReceivedClassifiedAsInvestingActivities,Interest received,"10,071",GBP,0,,FY1.segment.bus-GroupCompanyDataDimension.bus-Consolidated,False,ok
02812527,2024-12-31,core:InterestReceivedClassifiedAsInvestingActivities,Interest received,"2,199",GBP,0,,FY2.segment.bus-GroupCompanyDataDimension.bus-Consolidated,False,ok
02812527,2025-12-31,core:PurchasePropertyPlantEquipment,Acquisitions of tangible assets,"20,235",GBP,0,-,FY1.segment.bus-GroupCompanyDataDimension.bus-Consolidated,False,ok
02812527,2024-12-31,core:PurchasePropertyPlantEquipment,Acquisitions of tangible assets,"15,781",GBP,0,-,FY2.segment.bus-GroupCompanyDataDimension.bus-Consolidated,False,ok
02812527,2025-12-31,core:ProceedsFromSalesPropertyPlantEquipment,Proceeds from sale of tangible assets,167,GBP,0,,FY1.segment.bus-GroupCompanyDataDimension.bus-Consolidated,False,ok
02812527,2024-12-31,core:ProceedsFromSalesPropertyPlantEquipment,Proceeds from sale of tangible assets,"2,850",GBP,0,,FY2.segment.bus-GroupCompanyDataDimension.bus-Consolidated,False,ok
02812527,2025-12-31,core:PurchaseIntangibleAssets,Acquisition of intangible assets,"44,104",GBP,0,-,FY1.segment.bus-GroupCompanyDataDimension.bus-Consolidated,False,ok
02812527,2024-12-31,core:PurchaseIntangibleAssets,Acquisition of intangible assets,"148,167",GBP,0,-,FY2.segment.bus-GroupCompanyDataDimension.bus-Consolidated,False,ok
02812527,2025-12-31,core:PurchaseInvestmentProperties,Acquisition of investment properties,"143,311",GBP,0,-,FY1.segment.bus-GroupCompanyDataDimension.bus-Consolidated,False,ok
02812527,2025-12-31,core:NetCashFlowsFromUsedInInvestingActivities,Net cash flows from investing activities,"197,412",GBP,0,-,FY1.segment.bus-GroupCompanyDataDimension.bus-Consolidated,False,ok
02812527,2024-12-31,core:NetCashFlowsFromUsedInInvestingActivities,Net cash flows from investing activities,"158,899",GBP,0,-,FY2.segment.bus-GroupCompanyDataDimension.bus-Consolidated,False,ok
02812527,2025-12-31,core:InterestPaidClassifiedAsFinancingActivities,Interest paid,"5,641",GBP,0,-,FY1.segment.bus-GroupCompanyDataDimension.bus-Consolidated,False,ok
02812527,2024-12-31,core:InterestPaidClassifiedAsFinancingActivities,Interest paid,"27,901",GBP,0,-,FY2.segment.bus-GroupCompanyDataDimension.bus-Consolidated,False,ok
02812527,2025-12-31,core:RepaymentsBorrowingsClassifiedAsFinancingActivities,Repayment of bank borrowing,"100,002",GBP,0,-,FY1.segment.bus-GroupCompanyDataDimension.bus-Consolidated,False,ok
02812527,2024-12-31,core:RepaymentsBorrowingsClassifiedAsFinancingActivities,Repayment of bank borrowing,"149,998",GBP,0,-,FY2.segment.bus-GroupCompanyDataDimension.bus-Consolidated,False,ok
02812527,2025-12-31,core:FurtherItemCashFlowFromUsedInFinancingActivitiesComponentNetCashFlowsFromUsedInFinancingActivities,Repayment of other borrowing,"19,600",GBP,0,-,FY1.segment.bus-GroupCompanyDataDimension.bus-Consolidated.common-X-AnalysisDimension.3,False,ok
02812527,2024-12-31,core:FurtherItemCashFlowFromUsedInFinancingActivitiesComponentNetCashFlowsFromUsedInFinancingActivities,Repayment of other borrowing,"246,727",GBP,0,-,FY2.segment.bus-GroupCompanyDataDimension.bus-Consolidated.common-X-AnalysisDimension.3,False,ok
02812527,2025-12-31,core:DividendsPaidClassifiedAsFinancingActivities,Dividends paid,"32,452",GBP,0,-,FY1.segment.bus-GroupCompanyDataDimension.bus-Consolidated,False,ok
02812527,2024-12-31,core:DividendsPaidClassifiedAsFinancingActivities,Dividends paid,"38,248",GBP,0,-,FY2.segment.bus-GroupCompanyDataDimension.bus-Consolidated,False,ok
02812527,2025-12-31,core:NetCashFlowsFromUsedInFinancingActivities,Net cash flows from financing activities,"157,695",GBP,0,-,FY1.segment.bus-GroupCompanyDataDimension.bus-Consolidated,False,ok
02812527,2024-12-31,core:NetCashFlowsFromUsedInFinancingActivities,Net cash flows from financing activities,"462,874",GBP,0,-,FY2.segment.bus-GroupCompanyDataDimension.bus-Consolidated,False,ok
02812527,2025-12-31,core:IncreaseDecreaseInCashCashEquivalentsBeforeForeignExchangeDifferencesChangesInConsolidation,Net decrease in cash and cash equivalents,"388,904",GBP,0,-,FY1.segment.bus-GroupCompanyDataDimension.bus-Consolidated,False,ok
02812527,2024-12-31,core:IncreaseDecreaseInCashCashEquivalentsBeforeForeignExchangeDifferencesChangesInConsolidation,Net decrease in cash and cash equivalents,"547,623",GBP,0,-,FY2.segment.bus-GroupCompanyDataDimension.bus-Consolidated,False,ok
02812527,2024-12-31,core:CashCashEquivalentsCashFlowValue,Cash and cash equivalents at 1 January,"3,550,547",GBP,0,,FY1.START.segment.bus-GroupCompanyDataDimension.bus-Consolidated,False,ok
02812527,2023-12-31,core:CashCashEquivalentsCashFlowValue,Cash and cash equivalents at 1 January,"4,098,170",GBP,0,,FY2.START.segment.bus-GroupCompanyDataDimension.bus-Consolidated,False,ok
02812527,2025-12-31,core:RevenueFromSaleGoods,Sale of goods,"12,861",GBP,0,,FY1.segment.bus-GroupCompanyDataDimension.bus-Consolidated,False,ok
02812527,2024-12-31,core:RevenueFromSaleGoods,Sale of goods,"9,765",GBP,0,,FY2.segment.bus-GroupCompanyDataDimension.bus-Consolidated,False,ok
02812527,2025-12-31,core:RevenueFromRenderingServices,Rendering of services,"1,796,869",GBP,0,,FY1.segment.bus-GroupCompanyDataDimension.bus-Consolidated,False,ok
02812527,2024-12-31,core:RevenueFromRenderingServices,Rendering of services,"1,984,750",GBP,0,,FY2.segment.bus-GroupCompanyDataDimension.bus-Consolidated,False,ok
02812527,2025-12-31,core:RevenueFromCommissions,Commission,"3,119,258",GBP,0,,FY1.segment.bus-GroupCompanyDataDimension.bus-Consolidated,False,ok
02812527,2024-12-31,core:RevenueFromCommissions,Commission,"3,061,620",GBP,0,,FY2.segment.bus-GroupCompanyDataDimension.bus-Consolidated,False,ok
02812527,2025-12-31,core:OtherRevenue,Other revenue,"6,186",GBP,0,,FY1.segment.bus-GroupCompanyDataDimension.bus-Consolidated,False,ok
02812527,2024-12-31,core:OtherRevenue,Other revenue,"1,494",GBP,0,,FY2.segment.bus-GroupCompanyDataDimension.bus-Consolidated,False,ok
02812527,2025-12-31,core:TurnoverRevenue,Other revenue,"4,935,174",GBP,0,,FY1.segment.bus-GroupCompanyDataDimension.bus-Consolidated,False,ok
02812527,2024-12-31,core:TurnoverRevenue,Other revenue,"5,057,629",GBP,0,,FY2.segment.bus-GroupCompanyDataDimension.bus-Consolidated,False,ok
02812527,2025-12-31,core:TurnoverRevenue,UK,"4,332,919",GBP,0,,FY1.segment.core-GeographicSegmentsDimension.countries-UnitedKingdom.bus-GroupCompanyDataDimension.bus-Consolidated,False,ok
02812527,2024-12-31,core:TurnoverRevenue,UK,"4,434,010",GBP,0,,FY2.segment.core-GeographicSegmentsDimension.countries-UnitedKingdom.bus-GroupCompanyDataDimension.bus-Consolidated,False,ok
02812527,2025-12-31,core:TurnoverRevenue,Europe,"602,255",GBP,0,,FY1.segment.core-GeographicSegmentsDimension.countries-Europe.bus-GroupCompanyDataDimension.bus-Consolidated,False,ok
02812527,2024-12-31,core:TurnoverRevenue,Europe,"623,619",GBP,0,,FY2.segment.core-GeographicSegmentsDimension.countries-Europe.bus-GroupCompanyDataDimension.bus-Consolidated,False,ok
02812527,2025-12-31,core:TurnoverRevenue,Europe,"4,935,174",GBP,0,,FY1.segment.bus-GroupCompanyDataDimension.bus-Consolidated,False,ok
02812527,2024-12-31,core:TurnoverRevenue,Europe,"5,057,629",GBP,0,,FY2.segment.bus-GroupCompanyDataDimension.bus-Consolidated,False,ok
02812527,2025-12-31,core:RentalIncomeFromSub-leases,Sub lease rental income,"59,856",GBP,0,,FY1.segment.bus-GroupCompanyDataDimension.bus-Consolidated,False,ok
02812527,2024-12-31,core:RentalIncomeFromSub-leases,Sub lease rental income,"58,162",GBP,0,,FY2.segment.bus-GroupCompanyDataDimension.bus-Consolidated,False,ok
02812527,2025-12-31,core:DepreciationExpensePropertyPlantEquipment,Depreciation expense,"20,403",GBP,0,,FY1.segment.bus-GroupCompanyDataDimension.bus-Consolidated,False,ok
02812527,2024-12-31,core:DepreciationExpensePropertyPlantEquipment,Depreciation expense,"24,250",GBP,0,,FY2.segment.bus-GroupCompanyDataDimension.bus-Consolidated,False,ok
02812527,2025-12-31,core:AmortisationExpenseIntangibleAssets,Amortisation expense (included within administrative expenses),"115,615",GBP,0,,FY1.segment.bus-GroupCompanyDataDimension.bus-Consolidated,False,ok
02812527,2024-12-31,core:AmortisationExpenseIntangibleAssets,Amortisation expense (included within administrative expenses),"82,545",GBP,0,,FY2.segment.bus-GroupCompanyDataDimension.bus-Consolidated,False,ok
02812527,2025-12-31,core:ImpairmentLossReversal,Impairment loss on assets under construction (included within administrative expenses),"136,251",GBP,0,,FY1.segment.bus-GroupCompanyDataDimension.bus-Consolidated,False,ok
02812527,2025-12-31,core:GainLossOnNon-financingActivitiesDueToForeignExchangeDifferencesRecognisedInProfitOrLoss,Foreign exchange (gains)/losses,"4,596",GBP,0,,FY1.segment.bus-GroupCompanyDataDimension.bus-Consolidated,False,ok
02812527,2024-12-31,core:GainLossOnNon-financingActivitiesDueToForeignExchangeDifferencesRecognisedInProfitOrLoss,Foreign exchange (gains)/losses,"6,699",GBP,0,-,FY2.segment.bus-GroupCompanyDataDimension.bus-Consolidated,False,ok
02812527,2025-12-31,core:TotalOperatingLeasePayments,Operating lease expense - property,"139,945",GBP,0,,FY1.segment.core-OperatingLeasePurposeDimension.core-LandBuildingsUnderOperatingLeases.bus-GroupCompanyDataDimension.bus-Consolidated,True,ok
02812527,2024-12-31,core:TotalOperatingLeasePayments,Operating lease expense - property,"129,874",GBP,0,,FY2.segment.core-OperatingLeasePurposeDimension.core-LandBuildingsUnderOperatingLeases.bus-GroupCompanyDataDimension.bus-Consolidated,True,ok
02812527,2025-12-31,core:TotalOperatingLeasePayments,Operating lease expense - other,"4,879",GBP,0,,FY1.segment.core-OperatingLeasePurposeDimension.core-OtherAssetsUnderOperatingLeases.bus-GroupCompanyDataDimension.bus-Consolidated,True,ok
02812527,2024-12-31,core:TotalOperatingLeasePayments,Operating lease expense - other,"5,163",GBP,0,,FY2.segment.core-OperatingLeasePurposeDimension.core-OtherAssetsUnderOperatingLeases.bus-GroupCompanyDataDimension.bus-Consolidated,True,ok
02812527,2025-12-31,core:InterestIncomeOnBankDeposits,Interest income on bank deposits,"2,285",GBP,0,,FY1.segment.bus-GroupCompanyDataDimension.bus-Consolidated,False,ok
02812527,2024-12-31,core:InterestIncomeOnBankDeposits,Interest income on bank deposits,"1,789",GBP,0,,FY2.segment.bus-GroupCompanyDataDimension.bus-Consolidated,False,ok
02812527,2025-12-31,core:OtherInterestReceivableSimilarIncomeFinanceIncome,Interest income on bank deposits,"3,919",GBP,0,,FY1.segment.bus-GroupCompanyDataDimension.bus-Consolidated,False,ok
02812527,2024-12-31,core:OtherInterestReceivableSimilarIncomeFinanceIncome,Interest income on bank deposits,"2,199",GBP,0,,FY2.segment.bus-GroupCompanyDataDimension.bus-Consolidated,False,ok
02812527,2025-12-31,core:InterestExpenseOnBankOverdraftsBankLoansSimilarBorrowings,Interest on bank overdrafts and borrowings,"3,646",GBP,0,,FY1.segment.bus-GroupCompanyDataDimension.bus-Consolidated,False,ok
02812527,2024-12-31,core:InterestExpenseOnBankOverdraftsBankLoansSimilarBorrowings,Interest on bank overdrafts and borrowings,"18,628",GBP,0,,FY2.segment.bus-GroupCompanyDataDimension.bus-Consolidated,False,ok
02812527,2025-12-31,core:InterestExpenseOnFinancialLiabilitiesFairValueThroughProfitOrLoss,Other interest payable,"1,971",GBP,0,,FY1.segment.bus-GroupCompanyDataDimension.bus-Consolidated,False,ok
02812527,2024-12-31,core:InterestExpenseOnFinancialLiabilitiesFairValueThroughProfitOrLoss,Other interest payable,"16,761",GBP,0,,FY2.segment.bus-GroupCompanyDataDimension.bus-Consolidated,False,ok
02812527,2025-12-31,core:InterestPayableSimilarChargesFinanceCosts,Other interest payable,"5,617",GBP,0,,FY1.segment.bus-GroupCompanyDataDimension.bus-Consolidated,False,ok
02812527,2024-12-31,core:InterestPayableSimilarChargesFinanceCosts,Other interest payable,"35,389",GBP,0,,FY2.segment.bus-GroupCompanyDataDimension.bus-Consolidated,False,ok
02812527,2025-12-31,core:WagesSalaries,Wages and salaries,"2,506,899",GBP,0,,FY1.segment.bus-GroupCompanyDataDimension.bus-Consolidated,False,ok
02812527,2024-12-31,core:WagesSalaries,Wages and salaries,"2,558,403",GBP,0,,FY2.segment.bus-GroupCompanyDataDimension.bus-Consolidated,False,ok
02812527,2025-12-31,core:SocialSecurityCosts,Social security costs,"282,918",GBP,0,,FY1.segment.bus-GroupCompanyDataDimension.bus-Consolidated,False,ok
02812527,2024-12-31,core:SocialSecurityCosts,Social security costs,"245,353",GBP,0,,FY2.segment.bus-GroupCompanyDataDimension.bus-Consolidated,False,ok
02812527,2025-12-31,core:PensionCostsDefinedContributionPlan,"Pension costs, defined contribution scheme","109,844",GBP,0,,FY1.segment.bus-GroupCompanyDataDimension.bus-Consolidated,False,ok
02812527,2024-12-31,core:PensionCostsDefinedContributionPlan,"Pension costs, defined contribution scheme","117,818",GBP,0,,FY2.segment.bus-GroupCompanyDataDimension.bus-Consolidated,False,ok
02812527,2025-12-31,core:StaffCostsEmployeeBenefitsExpense,"Pension costs, defined contribution scheme","2,899,661",GBP,0,,FY1.segment.bus-GroupCompanyDataDimension.bus-Consolidated,False,ok
02812527,2024-12-31,core:StaffCostsEmployeeBenefitsExpense,"Pension costs, defined contribution scheme","2,921,574",GBP,0,,FY2.segment.bus-GroupCompanyDataDimension.bus-Consolidated,False,ok
02812527,2025-12-31,core:AverageNumberEmployeesDuringPeriod,"Sales, marketing and administration",75,pure,0,,FY1.segment.bus-GroupCompanyDataDimension.bus-Consolidated,False,ok
02812527,2024-12-31,core:AverageNumberEmployeesDuringPeriod,"Sales, marketing and administration",80,pure,0,,FY2.segment.bus-GroupCompanyDataDimension.bus-Consolidated,False,ok
02812527,2025-12-31,core:WagesSalaries,Wages and salaries,"2,111,493",GBP,0,,FY1,False,ok
02812527,2024-12-31,core:WagesSalaries,Wages and salaries,"1,564,117",GBP,0,,FY2,False,ok
02812527,2025-12-31,core:SocialSecurityCosts,Social security costs,"239,314",GBP,0,,FY1,False,ok
02812527,2024-12-31,core:SocialSecurityCosts,Social security costs,"152,467",GBP,0,,FY2,False,ok
02812527,2025-12-31,core:PensionCostsDefinedContributionPlan,"Pension costs, defined contribution scheme","93,164",GBP,0,,FY1,False,ok
02812527,2024-12-31,core:PensionCostsDefinedContributionPlan,"Pension costs, defined contribution scheme","77,781",GBP,0,,FY2,False,ok
02812527,2025-12-31,core:StaffCostsEmployeeBenefitsExpense,"Pension costs, defined contribution scheme","2,443,971",GBP,0,,FY1,False,ok
02812527,2024-12-31,core:StaffCostsEmployeeBenefitsExpense,"Pension costs, defined contribution scheme","1,794,365",GBP,0,,FY2,False,ok
02812527,2025-12-31,core:AverageNumberEmployeesDuringPeriod,"Sales, marketing and administration",63,pure,0,,FY1,False,ok
02812527,2024-12-31,core:AverageNumberEmployeesDuringPeriod,"Sales, marketing and administration",45,pure,0,,FY2,False,ok
02812527,2025-12-31,direp:DirectorRemuneration,Remuneration,"254,981",GBP,0,,FY1.segment.bus-GroupCompanyDataDimension.bus-Consolidated,False,ok
02812527,2024-12-31,direp:DirectorRemuneration,Remuneration,"308,845",GBP,0,,FY2.segment.bus-GroupCompanyDataDimension.bus-Consolidated,False,ok
02812527,2025-12-31,direp:CompanyContributionsToMoneyPurchasePlansDirectors,"Pension costs, defined contribution scheme","12,786",GBP,0,,FY1.segment.bus-GroupCompanyDataDimension.bus-Consolidated,False,ok
02812527,2024-12-31,direp:CompanyContributionsToMoneyPurchasePlansDirectors,"Pension costs, defined contribution scheme","15,786",GBP,0,,FY2.segment.bus-GroupCompanyDataDimension.bus-Consolidated,False,ok
02812527,2025-12-31,direp:NumberDirectorsAccruingBenefitsUnderMoneyPurchaseScheme,Accruing benefits under defined contribution pension scheme,4,pure,0,,FY1.segment.bus-GroupCompanyDataDimension.bus-Consolidated,False,ok
02812527,2024-12-31,direp:NumberDirectorsAccruingBenefitsUnderMoneyPurchaseScheme,Accruing benefits under defined contribution pension scheme,4,pure,0,,FY2.segment.bus-GroupCompanyDataDimension.bus-Consolidated,False,ok
02812527,2025-12-31,direp:DirectorRemuneration,Remuneration,"111,624",GBP,0,,FY1.segment.bus-EntityOfficersDimension.bus-HighestPaidDirector.bus-GroupCompanyDataDimension.bus-Consolidated,False,ok
02812527,2024-12-31,direp:DirectorRemuneration,Remuneration,"109,599",GBP,0,,FY2.segment.bus-EntityOfficersDimension.bus-HighestPaidDirector.bus-GroupCompanyDataDimension.bus-Consolidated,False,ok
02812527,2025-12-31,direp:CompanyContributionsToMoneyPurchasePlansDirectors,Company contributions to defined contribution pension schemes,"7,776",GBP,0,,FY1.segment.bus-EntityOfficersDimension.bus-HighestPaidDirector.bus-GroupCompanyDataDimension.bus-Consolidated,False,ok
02812527,2024-12-31,direp:CompanyContributionsToMoneyPurchasePlansDirectors,Company contributions to defined contribution pension schemes,"7,620",GBP,0,,FY2.segment.bus-EntityOfficersDimension.bus-HighestPaidDirector.bus-GroupCompanyDataDimension.bus-Consolidated,False,ok
02812527,2025-12-31,aurep:AuditFeesExpenses,"23,063","29,200",GBP,0,,FY1.segment.bus-GroupCompanyDataDimension.bus-Consolidated,False,ok
02812527,2024-12-31,aurep:AuditFeesExpenses,"23,063","31,383",GBP,0,,FY2.segment.bus-GroupCompanyDataDimension.bus-Consolidated,False,ok
02812527,2025-12-31,core:CurrentTaxForPeriod,UK corporation tax,713,GBP,0,-,FY1.segment.core-TaxJurisdictionDimension.core-UKTax.bus-GroupCompanyDataDimension.bus-Consolidated,False,ok
02812527,2024-12-31,core:CurrentTaxForPeriod,UK corporation tax,"41,938",GBP,0,,FY2.segment.core-TaxJurisdictionDimension.core-UKTax.bus-GroupCompanyDataDimension.bus-Consolidated,False,ok
02812527,2025-12-31,core:IncreaseDecreaseInCurrentTaxFromAdjustmentForPriorPeriods,UK corporation tax adjustment to prior periods,"37,613",GBP,0,-,FY1.segment.core-TaxJurisdictionDimension.core-UKTax.bus-GroupCompanyDataDimension.bus-Consolidated,False,ok
02812527,2024-12-31,core:IncreaseDecreaseInCurrentTaxFromAdjustmentForPriorPeriods,UK corporation tax adjustment to prior periods,"26,431",GBP,0,-,FY2.segment.core-TaxJurisdictionDimension.core-UKTax.bus-GroupCompanyDataDimension.bus-Consolidated,False,ok
02812527,2025-12-31,core:DeferredTaxExpenseCreditRelatingToOriginationReversalTimingDifferences,Arising from origination and reversal of timing differences,"35,299",GBP,0,-,FY1.segment.bus-GroupCompanyDataDimension.bus-Consolidated,False,ok
02812527,2024-12-31,core:DeferredTaxExpenseCreditRelatingToOriginationReversalTimingDifferences,Arising from origination and reversal of timing differences,"13,870",GBP,0,,FY2.segment.bus-GroupCompanyDataDimension.bus-Consolidated,False,ok
02812527,2025-12-31,core:TotalDeferredTaxExpenseCredit,Total deferred taxation,"18,005",GBP,0,-,FY1.segment.bus-GroupCompanyDataDimension.bus-Consolidated,True,ok
02812527,2024-12-31,core:TotalDeferredTaxExpenseCredit,Total deferred taxation,"13,870",GBP,0,,FY2.segment.bus-GroupCompanyDataDimension.bus-Consolidated,True,ok
02812527,2025-12-31,core:TaxTaxCreditOnProfitOrLossOnOrdinaryActivities,Tax (receipt)/expense in the profit and loss account,"56,331",GBP,0,-,FY1.segment.bus-GroupCompanyDataDimension.bus-Consolidated,False,ok
02812527,2024-12-31,core:TaxTaxCreditOnProfitOrLossOnOrdinaryActivities,Tax (receipt)/expense in the profit and loss account,"29,377",GBP,0,,FY2.segment.bus-GroupCompanyDataDimension.bus-Consolidated,False,ok
02812527,2025-12-31,core:ApplicableTaxRate,The tax on (loss)/profit before tax for the year is lower than the standard rate of corporation tax in the UK (2024 - lower than the standard rate of corporation tax in the UK) of,25,pure,2,,FY1.segment.core-TaxJurisdictionDimension.core-UKTax.bus-GroupCompanyDataDimension.bus-Consolidated,False,ok
02812527,2024-12-31,core:ApplicableTaxRate,(2024 -,25,pure,2,,FY2.segment.core-TaxJurisdictionDimension.core-UKTax.bus-GroupCompanyDataDimension.bus-Consolidated,False,ok
02812527,2025-12-31,core:ProfitLossOnOrdinaryActivitiesBeforeTax,(Loss)/profit before tax,"209,023",GBP,0,-,FY1.segment.bus-GroupCompanyDataDimension.bus-Consolidated,False,ok
02812527,2024-12-31,core:ProfitLossOnOrdinaryActivitiesBeforeTax,(Loss)/profit before tax,"119,367",GBP,0,,FY2.segment.bus-GroupCompanyDataDimension.bus-Consolidated,False,ok
02812527,2025-12-31,core:TaxExpenseCreditApplicableTaxRate,Corporation tax at standard rate,"52,256",GBP,0,-,FY1.segment.bus-GroupCompanyDataDimension.bus-Consolidated,False,ok
02812527,2024-12-31,core:TaxExpenseCreditApplicableTaxRate,Corporation tax at standard rate,"29,842",GBP,0,,FY2.segment.bus-GroupCompanyDataDimension.bus-Consolidated,False,ok
02812527,2025-12-31,core:IncreaseDecreaseInCurrentTaxFromAdjustmentForPriorPeriods,Decrease in UK and foreign current tax from adjustment for prior periods,"37,613",GBP,0,-,FY1.segment.bus-GroupCompanyDataDimension.bus-Consolidated,False,ok
02812527,2024-12-31,core:IncreaseDecreaseInCurrentTaxFromAdjustmentForPriorPeriods,Decrease in UK and foreign current tax from adjustment for prior periods,"26,431",GBP,0,-,FY2.segment.bus-GroupCompanyDataDimension.bus-Consolidated,False,ok
02812527,2025-12-31,core:TaxIncreaseDecreaseFromEffectExpensesNotDeductibleInDeterminingTaxableProfitOrLoss,Effect of expense not deductible in determining taxable profit (tax loss),"4,611",GBP,0,,FY1.segment.bus-GroupCompanyDataDimension.bus-Consolidated,False,ok
02812527,2024-12-31,core:TaxIncreaseDecreaseFromEffectExpensesNotDeductibleInDeterminingTaxableProfitOrLoss,Effect of expense not deductible in determining taxable profit (tax loss),"5,032",GBP,0,,FY2.segment.bus-GroupCompanyDataDimension.bus-Consolidated,False,ok
02812527,2025-12-31,core:TaxDecreaseFromTaxLossesForWhichNoDeferredTaxAssetWasRecognised,Increase from tax losses for which no deferred tax asset was recognised,"12,344",GBP,0,,FY1.segment.bus-GroupCompanyDataDimension.bus-Consolidated,False,ok
02812527,2024-12-31,core:TaxDecreaseFromTaxLossesForWhichNoDeferredTaxAssetWasRecognised,Increase from tax losses for which no deferred tax asset was recognised,"23,076",GBP,0,,FY2.segment.bus-GroupCompanyDataDimension.bus-Consolidated,False,ok
02812527,2025-12-31,core:DeferredTaxExpenseCreditFromUnrecognisedTimingDifferenceFromPriorPeriod,Deferred tax expense from unrecognised temporary difference from a prior period,"17,294",GBP,0,,FY1.segment.bus-GroupCompanyDataDimension.bus-Consolidated,False,ok
02812527,2025-12-31,core:TaxIncreaseDecreaseFromOtherTaxEffectsTaxReconciliation,Tax decrease from other tax effects,711,GBP,0,-,FY1.segment.bus-GroupCompanyDataDimension.bus-Consolidated,False,ok
02812527,2024-12-31,core:TaxIncreaseDecreaseFromOtherTaxEffectsTaxReconciliation,Tax decrease from other tax effects,"2,142",GBP,0,-,FY2.segment.bus-GroupCompanyDataDimension.bus-Consolidated,False,ok
02812527,2025-12-31,core:TaxTaxCreditOnProfitOrLossOnOrdinaryActivities,Total tax (credit)/charge,"56,331",GBP,0,-,FY1.segment.bus-GroupCompanyDataDimension.bus-Consolidated,False,ok
02812527,2024-12-31,core:TaxTaxCreditOnProfitOrLossOnOrdinaryActivities,Total tax (credit)/charge,"29,377",GBP,0,,FY2.segment.bus-GroupCompanyDataDimension.bus-Consolidated,False,ok
02812527,2025-12-31,core:DeferredTaxAssets,Tax losses,"5,821",GBP,0,,FY1.END.segment.core-DeferredTaxAssetLiabilityClassesDimension.core-TaxLossesCarry-forwardsDeferredTax.bus-GroupCompanyDataDimension.bus-Consolidated,False,ok
02812527,2025-12-31,core:DeferredTaxAssets,Short term timing differences,"16,741",GBP,0,,FY1.END.segment.core-DeferredTaxAssetLiabilityClassesDimension.core-FurtherSpecificItem1DeferredTaxComponentTotalForDeferredTax.bus-GroupCompanyDataDimension.bus-Consolidated,False,ok
02812527,2025-12-31,core:DeferredTaxAssets,Fixed asset timing differences,"19,626",GBP,0,-,FY1.END.segment.core-DeferredTaxAssetLiabilityClassesDimension.core-FurtherSpecificItem2DeferredTaxComponentTotalForDeferredTax.bus-GroupCompanyDataDimension.bus-Consolidated,False,ok
02812527,2025-12-31,core:DeferredTaxAssets,Fixed asset timing differences,"2,936",GBP,0,,FY1.END.segment.bus-GroupCompanyDataDimension.bus-Consolidated,False,ok
02812527,2024-12-31,core:DeferredTaxLiabilities,Short term timing differences,"17,724",GBP,0,-,FY2.END.segment.core-DeferredTaxAssetLiabilityClassesDimension.core-FurtherSpecificItem1DeferredTaxComponentTotalForDeferredTax.bus-GroupCompanyDataDimension.bus-Consolidated,False,ok
02812527,2024-12-31,core:DeferredTaxLiabilities,Fixed asset timing differences,"2,655",GBP,0,,FY2.END.segment.core-DeferredTaxAssetLiabilityClassesDimension.core-FurtherSpecificItem2DeferredTaxComponentTotalForDeferredTax.bus-GroupCompanyDataDimension.bus-Consolidated,False,ok
02812527,2024-12-31,core:DeferredTaxLiabilities,Fixed asset timing differences,"15,069",GBP,0,-,FY2.END.segment.bus-GroupCompanyDataDimension.bus-Consolidated,False,ok
02812527,2025-12-31,core:DeferredTaxAssets,Short term timing differences,"15,000",GBP,0,,FY1.END.segment.core-DeferredTaxAssetLiabilityClassesDimension.core-FurtherSpecificItem1DeferredTaxComponentTotalForDeferredTax,False,ok
02812527,2025-12-31,core:DeferredTaxAssets,Fixed asset timing differences,"6,892",GBP,0,-,FY1.END.segment.core-DeferredTaxAssetLiabilityClassesDimension.core-FurtherSpecificItem2DeferredTaxComponentTotalForDeferredTax,False,ok
02812527,2025-12-31,core:DeferredTaxAssets,Fixed asset timing differences,"8,108",GBP,0,,FY1.END,False,ok
02812527,2024-12-31,core:DeferredTaxLiabilities,Short term timing differences,"6,845",GBP,0,-,FY2.END.segment.core-DeferredTaxAssetLiabilityClassesDimension.core-FurtherSpecificItem1DeferredTaxComponentTotalForDeferredTax,False,ok
02812527,2024-12-31,core:DeferredTaxLiabilities,Fixed asset timing differences,"6,845",GBP,0,,FY2.END.segment.core-DeferredTaxAssetLiabilityClassesDimension.core-FurtherSpecificItem2DeferredTaxComponentTotalForDeferredTax,False,ok
02812527,2024-12-31,core:IntangibleAssetsGrossCost,At 1 January 2025,"404,481",GBP,0,,FY1.START.segment.core-IntangibleAssetClassesDimension.core-Goodwill.bus-GroupCompanyDataDimension.bus-Consolidated,False,ok
02812527,2024-12-31,core:IntangibleAssetsGrossCost,At 1 January 2025,"10,911",GBP,0,,FY1.START.segment.core-IntangibleAssetClassesDimension.core-PatentsTrademarksLicencesConcessionsSimilar.bus-GroupCompanyDataDimension.bus-Consolidated,False,ok
02812527,2024-12-31,core:IntangibleAssetsGrossCost,At 1 January 2025,"1,103,079",GBP,0,,FY1.START.segment.core-IntangibleAssetClassesDimension.core-DevelopmentCostsCapitalisedDevelopmentExpenditure.bus-GroupCompanyDataDimension.bus-Consolidated,False,ok
02812527,2024-12-31,core:IntangibleAssetsGrossCost,At 1 January 2025,"245,922",GBP,0,,FY1.START.segment.core-IntangibleAssetClassesDimension.core-OtherResidualIntangibleAssets.bus-GroupCompanyDataDimension.bus-Consolidated,False,ok
02812527,2024-12-31,core:IntangibleAssetsGrossCost,At 1 January 2025,"1,764,393",GBP,0,,FY1.START.segment.bus-GroupCompanyDataDimension.bus-Consolidated,False,ok
02812527,2025-12-31,core:TotalIncreaseDecreaseFromRevaluationsIntangibleAssets,Transfers between classes,"60,216",GBP,0,,FY1.segment.core-IntangibleAssetClassesDimension.core-DevelopmentCostsCapitalisedDevelopmentExpenditure.bus-GroupCompanyDataDimension.bus-Consolidated,True,ok
02812527,2025-12-31,core:TotalIncreaseDecreaseFromRevaluationsIntangibleAssets,Transfers between classes,"60,216",GBP,0,-,FY1.segment.core-IntangibleAssetClassesDimension.core-OtherResidualIntangibleAssets.bus-GroupCompanyDataDimension.bus-Consolidated,True,ok
02812527,2025-12-31,core:AdditionsOtherThanThroughBusinessCombinationsIntangibleAssets,Additions,"44,104",GBP,0,,FY1.segment.core-IntangibleAssetClassesDimension.core-OtherResidualIntangibleAssets.bus-GroupCompanyDataDimension.bus-Consolidated,False,ok
02812527,2025-12-31,core:AdditionsOtherThanThroughBusinessCombinationsIntangibleAssets,Additions,"44,104",GBP,0,,FY1.segment.bus-GroupCompanyDataDimension.bus-Consolidated,False,ok
02812527,2025-12-31,core:IntangibleAssetsGrossCost,At 31 December 2025,"404,481",GBP,0,,FY1.END.segment.core-IntangibleAssetClassesDimension.core-Goodwill.bus-GroupCompanyDataDimension.bus-Consolidated,False,ok
02812527,2025-12-31,core:IntangibleAssetsGrossCost,At 31 December 2025,"10,911",GBP,0,,FY1.END.segment.core-IntangibleAssetClassesDimension.core-PatentsTrademarksLicencesConcessionsSimilar.bus-GroupCompanyDataDimension.bus-Consolidated,False,ok
02812527,2025-12-31,core:IntangibleAssetsGrossCost,At 31 December 2025,"1,163,295",GBP,0,,FY1.END.segment.core-IntangibleAssetClassesDimension.core-DevelopmentCostsCapitalisedDevelopmentExpenditure.bus-GroupCompanyDataDimension.bus-Consolidated,False,ok
02812527,2025-12-31,core:IntangibleAssetsGrossCost,At 31 December 2025,"229,810",GBP,0,,FY1.END.segment.core-IntangibleAssetClassesDimension.core-OtherResidualIntangibleAssets.bus-GroupCompanyDataDimension.bus-Consolidated,False,ok
02812527,2025-12-31,core:IntangibleAssetsGrossCost,At 31 December 2025,"1,808,497",GBP,0,,FY1.END.segment.bus-GroupCompanyDataDimension.bus-Consolidated,False,ok
02812527,2024-12-31,core:AccumulatedAmortisationImpairmentIntangibleAssets,At 1 January 2025,"232,711",GBP,0,,FY1.START.segment.core-IntangibleAssetClassesDimension.core-Goodwill.bus-GroupCompanyDataDimension.bus-Consolidated,False,ok
02812527,2024-12-31,core:AccumulatedAmortisationImpairmentIntangibleAssets,At 1 January 2025,"10,911",GBP,0,,FY1.START.segment.core-IntangibleAssetClassesDimension.core-PatentsTrademarksLicencesConcessionsSimilar.bus-GroupCompanyDataDimension.bus-Consolidated,False,ok
02812527,2024-12-31,core:AccumulatedAmortisationImpairmentIntangibleAssets,At 1 January 2025,"893,985",GBP,0,,FY1.START.segment.core-IntangibleAssetClassesDimension.core-DevelopmentCostsCapitalisedDevelopmentExpenditure.bus-GroupCompanyDataDimension.bus-Consolidated,False,ok
02812527,2024-12-31,core:AccumulatedAmortisationImpairmentIntangibleAssets,At 1 January 2025,"1,137,607",GBP,0,,FY1.START.segment.bus-GroupCompanyDataDimension.bus-Consolidated,False,ok
02812527,2025-12-31,core:IncreaseFromAmortisationChargeForYearIntangibleAssets,Amortisation charge,"19,648",GBP,0,,FY1.segment.core-IntangibleAssetClassesDimension.core-Goodwill.bus-GroupCompanyDataDimension.bus-Consolidated,False,ok
02812527,2025-12-31,core:IncreaseFromAmortisationChargeForYearIntangibleAssets,Amortisation charge,"95,967",GBP,0,,FY1.segment.core-IntangibleAssetClassesDimension.core-DevelopmentCostsCapitalisedDevelopmentExpenditure.bus-GroupCompanyDataDimension.bus-Consolidated,False,ok
02812527,2025-12-31,core:IncreaseFromAmortisationChargeForYearIntangibleAssets,Amortisation charge,"115,615",GBP,0,,FY1.segment.bus-GroupCompanyDataDimension.bus-Consolidated,False,ok
02812527,2025-12-31,core:IncreaseFromImpairmentLossRecognisedInOtherComprehensiveIncomeIntangibleAssets,Impairment,"136,251",GBP,0,,FY1.segment.core-IntangibleAssetClassesDimension.core-OtherResidualIntangibleAssets.bus-GroupCompanyDataDimension.bus-Consolidated,False,ok
02812527,2025-12-31,core:IncreaseFromImpairmentLossRecognisedInOtherComprehensiveIncomeIntangibleAssets,Impairment,"136,251",GBP,0,,FY1.segment.bus-GroupCompanyDataDimension.bus-Consolidated,False,ok
02812527,2025-12-31,core:AccumulatedAmortisationImpairmentIntangibleAssets,At 31 December 2025,"252,359",GBP,0,,FY1.END.segment.core-IntangibleAssetClassesDimension.core-Goodwill.bus-GroupCompanyDataDimension.bus-Consolidated,False,ok
02812527,2025-12-31,core:AccumulatedAmortisationImpairmentIntangibleAssets,At 31 December 2025,"10,911",GBP,0,,FY1.END.segment.core-IntangibleAssetClassesDimension.core-PatentsTrademarksLicencesConcessionsSimilar.bus-GroupCompanyDataDimension.bus-Consolidated,False,ok
02812527,2025-12-31,core:AccumulatedAmortisationImpairmentIntangibleAssets,At 31 December 2025,"989,952",GBP,0,,FY1.END.segment.core-IntangibleAssetClassesDimension.core-DevelopmentCostsCapitalisedDevelopmentExpenditure.bus-GroupCompanyDataDimension.bus-Consolidated,False,ok
02812527,2025-12-31,core:AccumulatedAmortisationImpairmentIntangibleAssets,At 31 December 2025,"136,251",GBP,0,,FY1.END.segment.core-IntangibleAssetClassesDimension.core-OtherResidualIntangibleAssets.bus-GroupCompanyDataDimension.bus-Consolidated,False,ok
02812527,2025-12-31,core:AccumulatedAmortisationImpairmentIntangibleAssets,At 31 December 2025,"1,389,473",GBP,0,,FY1.END.segment.bus-GroupCompanyDataDimension.bus-Consolidated,False,ok
02812527,2025-12-31,core:IntangibleAssets,At 31 December 2025,"152,122",GBP,0,,FY1.END.segment.core-IntangibleAssetClassesDimension.core-Goodwill.bus-GroupCompanyDataDimension.bus-Consolidated,False,ok
02812527,2025-12-31,core:IntangibleAssets,At 31 December 2025,"173,343",GBP,0,,FY1.END.segment.core-IntangibleAssetClassesDimension.core-DevelopmentCostsCapitalisedDevelopmentExpenditure.bus-GroupCompanyDataDimension.bus-Consolidated,False,ok
02812527,2025-12-31,core:IntangibleAssets,At 31 December 2025,"93,559",GBP,0,,FY1.END.segment.core-IntangibleAssetClassesDimension.core-OtherResidualIntangibleAssets.bus-GroupCompanyDataDimension.bus-Consolidated,False,ok
02812527,2025-12-31,core:IntangibleAssets,At 31 December 2025,"419,024",GBP,0,,FY1.END.segment.bus-GroupCompanyDataDimension.bus-Consolidated,False,ok
02812527,2024-12-31,core:IntangibleAssets,At 31 December 2024,"171,770",GBP,0,,FY2.END.segment.core-IntangibleAssetClassesDimension.core-Goodwill.bus-GroupCompanyDataDimension.bus-Consolidated,False,ok
02812527,2024-12-31,core:IntangibleAssets,At 31 December 2024,"209,094",GBP,0,,FY2.END.segment.core-IntangibleAssetClassesDimension.core-DevelopmentCostsCapitalisedDevelopmentExpenditure.bus-GroupCompanyDataDimension.bus-Consolidated,False,ok
02812527,2024-12-31,core:IntangibleAssets,At 31 December 2024,"245,922",GBP,0,,FY2.END.segment.core-IntangibleAssetClassesDimension.core-OtherResidualIntangibleAssets.bus-GroupCompanyDataDimension.bus-Consolidated,False,ok
02812527,2024-12-31,core:IntangibleAssets,At 31 December 2024,"626,786",GBP,0,,FY2.END.segment.bus-GroupCompanyDataDimension.bus-Consolidated,False,ok
02812527,2024-12-31,core:IntangibleAssetsGrossCost,At 1 January 2025,"8,000",GBP,0,,FY1.START.segment.core-IntangibleAssetClassesDimension.core-Goodwill,False,ok
02812527,2024-12-31,core:IntangibleAssetsGrossCost,At 1 January 2025,"10,911",GBP,0,,FY1.START.segment.core-IntangibleAssetClassesDimension.core-PatentsTrademarksLicencesConcessionsSimilar,False,ok
02812527,2024-12-31,core:IntangibleAssetsGrossCost,At 1 January 2025,"768,438",GBP,0,,FY1.START.segment.core-IntangibleAssetClassesDimension.core-DevelopmentCostsCapitalisedDevelopmentExpenditure,False,ok
02812527,2024-12-31,core:IntangibleAssetsGrossCost,At 1 January 2025,"787,349",GBP,0,,FY1.START,False,ok
02812527,2025-12-31,core:AdditionsOtherThanThroughBusinessCombinationsIntangibleAssets,Additions,"22,581",GBP,0,,FY1.segment.core-IntangibleAssetClassesDimension.core-DevelopmentCostsCapitalisedDevelopmentExpenditure,False,ok
02812527,2025-12-31,core:AdditionsOtherThanThroughBusinessCombinationsIntangibleAssets,Additions,"22,581",GBP,0,,FY1,False,ok
02812527,2025-12-31,core:IntangibleAssetsGrossCost,At 31 December 2025,"8,000",GBP,0,,FY1.END.segment.core-IntangibleAssetClassesDimension.core-Goodwill,False,ok
02812527,2025-12-31,core:IntangibleAssetsGrossCost,At 31 December 2025,"10,911",GBP,0,,FY1.END.segment.core-IntangibleAssetClassesDimension.core-PatentsTrademarksLicencesConcessionsSimilar,False,ok
02812527,2025-12-31,core:IntangibleAssetsGrossCost,At 31 December 2025,"791,019",GBP,0,,FY1.END.segment.core-IntangibleAssetClassesDimension.core-DevelopmentCostsCapitalisedDevelopmentExpenditure,False,ok
02812527,2025-12-31,core:IntangibleAssetsGrossCost,At 31 December 2025,"809,930",GBP,0,,FY1.END,False,ok
02812527,2024-12-31,core:AccumulatedAmortisationImpairmentIntangibleAssets,At 1 January 2025,"8,000",GBP,0,,FY1.START.segment.core-IntangibleAssetClassesDimension.core-Goodwill,False,ok
02812527,2024-12-31,core:AccumulatedAmortisationImpairmentIntangibleAssets,At 1 January 2025,"10,911",GBP,0,,FY1.START.segment.core-IntangibleAssetClassesDimension.core-PatentsTrademarksLicencesConcessionsSimilar,False,ok
02812527,2024-12-31,core:AccumulatedAmortisationImpairmentIntangibleAssets,At 1 January 2025,"768,438",GBP,0,,FY1.START.segment.core-IntangibleAssetClassesDimension.core-DevelopmentCostsCapitalisedDevelopmentExpenditure,False,ok
02812527,2024-12-31,core:AccumulatedAmortisationImpairmentIntangibleAssets,At 1 January 2025,"787,349",GBP,0,,FY1.START,False,ok
02812527,2025-12-31,core:AccumulatedAmortisationImpairmentIntangibleAssets,At 31 December 2025,"8,000",GBP,0,,FY1.END.segment.core-IntangibleAssetClassesDimension.core-Goodwill,False,ok
02812527,2025-12-31,core:AccumulatedAmortisationImpairmentIntangibleAssets,At 31 December 2025,"10,911",GBP,0,,FY1.END.segment.core-IntangibleAssetClassesDimension.core-PatentsTrademarksLicencesConcessionsSimilar,False,ok
02812527,2025-12-31,core:AccumulatedAmortisationImpairmentIntangibleAssets,At 31 December 2025,"768,438",GBP,0,,FY1.END.segment.core-IntangibleAssetClassesDimension.core-DevelopmentCostsCapitalisedDevelopmentExpenditure,False,ok
02812527,2025-12-31,core:AccumulatedAmortisationImpairmentIntangibleAssets,At 31 December 2025,"787,349",GBP,0,,FY1.END,False,ok
02812527,2025-12-31,core:IntangibleAssets,At 31 December 2025,"22,581",GBP,0,,FY1.END.segment.core-IntangibleAssetClassesDimension.core-DevelopmentCostsCapitalisedDevelopmentExpenditure,False,ok
02812527,2025-12-31,core:IntangibleAssets,At 31 December 2025,"22,581",GBP,0,,FY1.END,False,ok
02812527,2024-12-31,core:PropertyPlantEquipmentGrossCost,At 1 January 2025,"231,594",GBP,0,,FY1.START.segment.core-PropertyPlantEquipmentClassesDimension.core-FurnitureFittingsToolsEquipment.bus-GroupCompanyDataDimension.bus-Consolidated,False,ok
02812527,2025-12-31,core:AdditionsOtherThanThroughBusinessCombinationsPropertyPlantEquipment,Additions,"20,235",GBP,0,,FY1.segment.core-PropertyPlantEquipmentClassesDimension.core-FurnitureFittingsToolsEquipment.bus-GroupCompanyDataDimension.bus-Consolidated,False,ok
02812527,2025-12-31,core:DisposalsPropertyPlantEquipment,Disposals,"40,939",GBP,0,-,FY1.segment.core-PropertyPlantEquipmentClassesDimension.core-FurnitureFittingsToolsEquipment.bus-GroupCompanyDataDimension.bus-Consolidated,False,ok
02812527,2025-12-31,core:PropertyPlantEquipmentGrossCost,At 31 December 2025,"210,890",GBP,0,,FY1.END.segment.core-PropertyPlantEquipmentClassesDimension.core-FurnitureFittingsToolsEquipment.bus-GroupCompanyDataDimension.bus-Consolidated,False,ok
02812527,2024-12-31,core:AccumulatedDepreciationImpairmentPropertyPlantEquipment,At 1 January 2025,"201,095",GBP,0,,FY1.START.segment.core-PropertyPlantEquipmentClassesDimension.core-FurnitureFittingsToolsEquipment.bus-GroupCompanyDataDimension.bus-Consolidated,False,ok
02812527,2025-12-31,core:IncreaseFromDepreciationChargeForYearPropertyPlantEquipment,Charge for the year,"20,403",GBP,0,,FY1.segment.core-PropertyPlantEquipmentClassesDimension.core-FurnitureFittingsToolsEquipment.bus-GroupCompanyDataDimension.bus-Consolidated,False,ok
02812527,2025-12-31,core:DisposalsDecreaseInDepreciationImpairmentPropertyPlantEquipment,Eliminated on disposal,"40,741",GBP,0,-,FY1.segment.core-PropertyPlantEquipmentClassesDimension.core-FurnitureFittingsToolsEquipment.bus-GroupCompanyDataDimension.bus-Consolidated,False,ok
02812527,2025-12-31,core:AccumulatedDepreciationImpairmentPropertyPlantEquipment,At 31 December 2025,"180,757",GBP,0,,FY1.END.segment.core-PropertyPlantEquipmentClassesDimension.core-FurnitureFittingsToolsEquipment.bus-GroupCompanyDataDimension.bus-Consolidated,False,ok
02812527,2025-12-31,core:PropertyPlantEquipment,At 31 December 2025,"30,133",GBP,0,,FY1.END.segment.core-PropertyPlantEquipmentClassesDimension.core-FurnitureFittingsToolsEquipment.bus-GroupCompanyDataDimension.bus-Consolidated,False,ok
02812527,2024-12-31,core:PropertyPlantEquipment,At 31 December 2024,"30,499",GBP,0,,FY2.END.segment.core-PropertyPlantEquipmentClassesDimension.core-FurnitureFittingsToolsEquipment.bus-GroupCompanyDataDimension.bus-Consolidated,False,ok
02812527,2024-12-31,core:PropertyPlantEquipmentGrossCost,At 1 January 2025,"227,277",GBP,0,,FY1.START.segment.core-PropertyPlantEquipmentClassesDimension.core-FurnitureFittingsToolsEquipment,False,ok
02812527,2025-12-31,core:AdditionsOtherThanThroughBusinessCombinationsPropertyPlantEquipment,Additions,"19,652",GBP,0,,FY1.segment.core-PropertyPlantEquipmentClassesDimension.core-FurnitureFittingsToolsEquipment,False,ok
02812527,2025-12-31,core:DisposalsPropertyPlantEquipment,Disposals,"40,939",GBP,0,-,FY1.segment.core-PropertyPlantEquipmentClassesDimension.core-FurnitureFittingsToolsEquipment,False,ok
02812527,2025-12-31,core:PropertyPlantEquipmentGrossCost,At 31 December 2025,"205,990",GBP,0,,FY1.END.segment.core-PropertyPlantEquipmentClassesDimension.core-FurnitureFittingsToolsEquipment,False,ok
02812527,2024-12-31,core:AccumulatedDepreciationImpairmentPropertyPlantEquipment,At 1 January 2025,"199,899",GBP,0,,FY1.START.segment.core-PropertyPlantEquipmentClassesDimension.core-FurnitureFittingsToolsEquipment,False,ok
02812527,2025-12-31,core:IncreaseFromDepreciationChargeForYearPropertyPlantEquipment,Charge for the year,"19,266",GBP,0,,FY1.segment.core-PropertyPlantEquipmentClassesDimension.core-FurnitureFittingsToolsEquipment,False,ok
02812527,2025-12-31,core:DisposalsDecreaseInDepreciationImpairmentPropertyPlantEquipment,Eliminated on disposal,"40,741",GBP,0,-,FY1.segment.core-PropertyPlantEquipmentClassesDimension.core-FurnitureFittingsToolsEquipment,False,ok
02812527,2025-12-31,core:AccumulatedDepreciationImpairmentPropertyPlantEquipment,At 31 December 2025,"178,424",GBP,0,,FY1.END.segment.core-PropertyPlantEquipmentClassesDimension.core-FurnitureFittingsToolsEquipment,False,ok
02812527,2025-12-31,core:PropertyPlantEquipment,At 31 December 2025,"27,566",GBP,0,,FY1.END.segment.core-PropertyPlantEquipmentClassesDimension.core-FurnitureFittingsToolsEquipment,False,ok
02812527,2024-12-31,core:PropertyPlantEquipment,At 31 December 2024,"27,378",GBP,0,,FY2.END.segment.core-PropertyPlantEquipmentClassesDimension.core-FurnitureFittingsToolsEquipment,False,ok
02812527,2025-12-31,core:AdditionsOtherThanThroughBusinessCombinationsInvestmentPropertyFairValueModel,Additions,"143,311",GBP,0,,FY1.segment.bus-GroupCompanyDataDimension.bus-Consolidated,False,ok
02812527,2025-12-31,core:InvestmentPropertyFairValueModel,At 31 December,"143,311",GBP,0,,FY1.END.segment.bus-GroupCompanyDataDimension.bus-Consolidated,False,ok
02812527,2025-12-31,core:InvestmentsInSubsidiaries,Investments in subsidiaries,"890,591",GBP,0,,FY1.END,False,ok
02812527,2024-12-31,core:InvestmentsInSubsidiaries,Investments in subsidiaries,"890,591",GBP,0,,FY2.END,False,ok
02812527,2024-12-31,core:InvestmentsInSubsidiaries,At 1 January 2025 and 31 December 2025,"890,591",GBP,0,,FY1.START.segment.core-InvestmentsMovementsDimension.core-CostValuation,False,ok
02812527,2025-12-31,core:InvestmentsInSubsidiaries,At 31 December 2025,"890,591",GBP,0,,FY1.END,False,ok
02812527,2024-12-31,core:InvestmentsInSubsidiaries,At 31 December 2024,"890,591",GBP,0,,FY2.END,False,ok
02812527,2025-12-31,core:PercentageClassShareHeldInSubsidiary,"Bristol, BS1 4RW",100,pure,2,,FY1.segment.core-SubsidiariesDimension.core-Subsidiary1.core-X-DetailsSharesHeldInSubsidiaryGroupingDimension.1,False,ok
02812527,2024-12-31,core:PercentageClassShareHeldInSubsidiary,%,100,pure,2,,FY2.segment.core-SubsidiariesDimension.core-Subsidiary1.core-X-DetailsSharesHeldInSubsidiaryGroupingDimension.1,False,ok
02812527,2025-12-31,core:PercentageClassShareHeldInSubsidiary,"Bristol, BS1 4RW",100,pure,2,,FY1.segment.core-SubsidiariesDimension.core-Subsidiary2.core-X-DetailsSharesHeldInSubsidiaryGroupingDimension.1,False,ok
02812527,2024-12-31,core:PercentageClassShareHeldInSubsidiary,%,100,pure,2,,FY2.segment.core-SubsidiariesDimension.core-Subsidiary2.core-X-DetailsSharesHeldInSubsidiaryGroupingDimension.1,False,ok
02812527,2025-12-31,core:PercentageClassShareHeldInSubsidiary,"Bristol, BS1 4RW",100,pure,2,,FY1.segment.core-SubsidiariesDimension.core-Subsidiary3.core-X-DetailsSharesHeldInSubsidiaryGroupingDimension.1,False,ok
02812527,2024-12-31,core:PercentageClassShareHeldInSubsidiary,%,100,pure,2,,FY2.segment.core-SubsidiariesDimension.core-Subsidiary3.core-X-DetailsSharesHeldInSubsidiaryGroupingDimension.1,False,ok
02812527,2025-12-31,core:TradeDebtorsTradeReceivables,Trade debtors,"273,526",GBP,0,,FY1.END.segment.bus-GroupCompanyDataDimension.bus-Consolidated,False,ok
02812527,2024-12-31,core:TradeDebtorsTradeReceivables,Trade debtors,"247,876",GBP,0,,FY2.END.segment.bus-GroupCompanyDataDimension.bus-Consolidated,False,ok
02812527,2025-12-31,core:TradeDebtorsTradeReceivables,Trade debtors,"248,838",GBP,0,,FY1.END,False,ok
02812527,2024-12-31,core:TradeDebtorsTradeReceivables,Trade debtors,"239,458",GBP,0,,FY2.END,False,ok
02812527,2025-12-31,core:AmountsOwedByRelatedParties,Amounts owed by related parties,100,GBP,0,,FY1.END.segment.bus-GroupCompanyDataDimension.bus-Consolidated,False,ok
02812527,2024-12-31,core:AmountsOwedByRelatedParties,Amounts owed by related parties,100,GBP,0,,FY2.END.segment.bus-GroupCompanyDataDimension.bus-Consolidated,False,ok
02812527,2025-12-31,core:AmountsOwedByRelatedParties,Amounts owed by related parties,100,GBP,0,,FY1.END,False,ok
02812527,2024-12-31,core:AmountsOwedByRelatedParties,Amounts owed by related parties,100,GBP,0,,FY2.END,False,ok
02812527,2025-12-31,core:OtherDebtors,Other debtors,"81,139",GBP,0,,FY1.END.segment.bus-GroupCompanyDataDimension.bus-Consolidated,False,ok
02812527,2024-12-31,core:OtherDebtors,Other debtors,"199,591",GBP,0,,FY2.END.segment.bus-GroupCompanyDataDimension.bus-Consolidated,False,ok
02812527,2025-12-31,core:OtherDebtors,Other debtors,"56,531",GBP,0,,FY1.END,False,ok
02812527,2024-12-31,core:OtherDebtors,Other debtors,"157,083",GBP,0,,FY2.END,False,ok
02812527,2025-12-31,core:Prepayments,Prepayments,"164,201",GBP,0,,FY1.END.segment.bus-GroupCompanyDataDimension.bus-Consolidated,False,ok
02812527,2024-12-31,core:Prepayments,Prepayments,"88,059",GBP,0,,FY2.END.segment.bus-GroupCompanyDataDimension.bus-Consolidated,False,ok
02812527,2025-12-31,core:Prepayments,Prepayments,"91,268",GBP,0,,FY1.END,False,ok
02812527,2024-12-31,core:Prepayments,Prepayments,"32,592",GBP,0,,FY2.END,False,ok
02812527,2025-12-31,core:AccruedIncome,Accrued income,"571,401",GBP,0,,FY1.END.segment.bus-GroupCompanyDataDimension.bus-Consolidated,False,ok
02812527,2024-12-31,core:AccruedIncome,Accrued income,"544,331",GBP,0,,FY2.END.segment.bus-GroupCompanyDataDimension.bus-Consolidated,False,ok
02812527,2025-12-31,core:AccruedIncome,Accrued income,"1,293",GBP,0,,FY1.END,False,ok
02812527,2025-12-31,core:DeferredTaxAssetDebtors,Deferred tax assets,"2,936",GBP,0,,FY1.END.segment.bus-GroupCompanyDataDimension.bus-Consolidated,False,ok
02812527,2025-12-31,core:DeferredTaxAssetDebtors,Deferred tax assets,"8,108",GBP,0,,FY1.END,False,ok
02812527,2025-12-31,core:Debtors,Deferred tax assets,"1,093,303",GBP,0,,FY1.END.segment.core-FinancialInstrumentCurrentNon-currentDimension.core-CurrentFinancialInstruments.core-MaturitiesOrExpirationPeriodsDimension.core-WithinOneYear.bus-GroupCompanyDataDimension.bus-Consolidated,False,ok
02812527,2024-12-31,core:Debtors,Deferred tax assets,"1,079,957",GBP,0,,FY2.END.segment.core-FinancialInstrumentCurrentNon-currentDimension.core-CurrentFinancialInstruments.core-MaturitiesOrExpirationPeriodsDimension.core-WithinOneYear.bus-GroupCompanyDataDimension.bus-Consolidated,False,ok
02812527,2025-12-31,core:Debtors,Deferred tax assets,"603,963",GBP,0,,FY1.END.segment.core-FinancialInstrumentCurrentNon-currentDimension.core-CurrentFinancialInstruments.core-MaturitiesOrExpirationPeriodsDimension.core-WithinOneYear,False,ok
02812527,2024-12-31,core:Debtors,Deferred tax assets,"668,770",GBP,0,,FY2.END.segment.core-FinancialInstrumentCurrentNon-currentDimension.core-CurrentFinancialInstruments.core-MaturitiesOrExpirationPeriodsDimension.core-WithinOneYear,False,ok
02812527,2024-12-31,core:TotalBorrowings,Loans and borrowings,"100,002",GBP,0,,FY2.END.segment.core-FinancialInstrumentCurrentNon-currentDimension.core-CurrentFinancialInstruments.core-MaturitiesOrExpirationPeriodsDimension.core-WithinOneYear.bus-GroupCompanyDataDimension.bus-Consolidated,True,ok
02812527,2024-12-31,core:TotalBorrowings,Loans and borrowings,"100,002",GBP,0,,FY2.END.segment.core-FinancialInstrumentCurrentNon-currentDimension.core-CurrentFinancialInstruments.core-MaturitiesOrExpirationPeriodsDimension.core-WithinOneYear,True,ok
02812527,2025-12-31,core:TradeCreditorsTradePayables,Trade creditors,"48,985",GBP,0,,FY1.END.segment.core-FinancialInstrumentCurrentNon-currentDimension.core-CurrentFinancialInstruments.core-MaturitiesOrExpirationPeriodsDimension.core-WithinOneYear.bus-GroupCompanyDataDimension.bus-Consolidated,False,ok
02812527,2024-12-31,core:TradeCreditorsTradePayables,Trade creditors,"63,640",GBP,0,,FY2.END.segment.core-FinancialInstrumentCurrentNon-currentDimension.core-CurrentFinancialInstruments.core-MaturitiesOrExpirationPeriodsDimension.core-WithinOneYear.bus-GroupCompanyDataDimension.bus-Consolidated,False,ok
02812527,2025-12-31,core:TradeCreditorsTradePayables,Trade creditors,"48,784",GBP,0,,FY1.END.segment.core-FinancialInstrumentCurrentNon-currentDimension.core-CurrentFinancialInstruments.core-MaturitiesOrExpirationPeriodsDimension.core-WithinOneYear,False,ok
02812527,2024-12-31,core:TradeCreditorsTradePayables,Trade creditors,"63,464",GBP,0,,FY2.END.segment.core-FinancialInstrumentCurrentNon-currentDimension.core-CurrentFinancialInstruments.core-MaturitiesOrExpirationPeriodsDimension.core-WithinOneYear,False,ok
02812527,2025-12-31,core:TaxationSocialSecurityPayable,Social security and other taxes,"129,833",GBP,0,,FY1.END.segment.core-FinancialInstrumentCurrentNon-currentDimension.core-CurrentFinancialInstruments.core-MaturitiesOrExpirationPeriodsDimension.core-WithinOneYear.bus-GroupCompanyDataDimension.bus-Consolidated,False,ok
02812527,2024-12-31,core:TaxationSocialSecurityPayable,Social security and other taxes,"129,338",GBP,0,,FY2.END.segment.core-FinancialInstrumentCurrentNon-currentDimension.core-CurrentFinancialInstruments.core-MaturitiesOrExpirationPeriodsDimension.core-WithinOneYear.bus-GroupCompanyDataDimension.bus-Consolidated,False,ok
02812527,2025-12-31,core:TaxationSocialSecurityPayable,Social security and other taxes,"1,479",GBP,0,,FY1.END.segment.core-FinancialInstrumentCurrentNon-currentDimension.core-CurrentFinancialInstruments.core-MaturitiesOrExpirationPeriodsDimension.core-WithinOneYear,False,ok
02812527,2024-12-31,core:TaxationSocialSecurityPayable,Social security and other taxes,"21,443",GBP,0,,FY2.END.segment.core-FinancialInstrumentCurrentNon-currentDimension.core-CurrentFinancialInstruments.core-MaturitiesOrExpirationPeriodsDimension.core-WithinOneYear,False,ok
02812527,2025-12-31,core:OtherCreditors,Other creditors,"2,533,850",GBP,0,,FY1.END.segment.core-FinancialInstrumentCurrentNon-currentDimension.core-CurrentFinancialInstruments.core-MaturitiesOrExpirationPeriodsDimension.core-WithinOneYear.bus-GroupCompanyDataDimension.bus-Consolidated,False,ok
02812527,2024-12-31,core:OtherCreditors,Other creditors,"2,662,553",GBP,0,,FY2.END.segment.core-FinancialInstrumentCurrentNon-currentDimension.core-CurrentFinancialInstruments.core-MaturitiesOrExpirationPeriodsDimension.core-WithinOneYear.bus-GroupCompanyDataDimension.bus-Consolidated,False,ok
02812527,2024-12-31,core:OtherCreditors,Other creditors,"26,941",GBP,0,,FY2.END.segment.core-FinancialInstrumentCurrentNon-currentDimension.core-CurrentFinancialInstruments.core-MaturitiesOrExpirationPeriodsDimension.core-WithinOneYear,False,ok
02812527,2025-12-31,core:OtherPayablesAccruedExpenses,Accrued expenses,"191,494",GBP,0,,FY1.END.segment.core-FinancialInstrumentCurrentNon-currentDimension.core-CurrentFinancialInstruments.core-MaturitiesOrExpirationPeriodsDimension.core-WithinOneYear.bus-GroupCompanyDataDimension.bus-Consolidated,False,ok
02812527,2024-12-31,core:OtherPayablesAccruedExpenses,Accrued expenses,"194,895",GBP,0,,FY2.END.segment.core-FinancialInstrumentCurrentNon-currentDimension.core-CurrentFinancialInstruments.core-MaturitiesOrExpirationPeriodsDimension.core-WithinOneYear.bus-GroupCompanyDataDimension.bus-Consolidated,False,ok
02812527,2025-12-31,core:OtherPayablesAccruedExpenses,Accrued expenses,"125,675",GBP,0,,FY1.END.segment.core-FinancialInstrumentCurrentNon-currentDimension.core-CurrentFinancialInstruments.core-MaturitiesOrExpirationPeriodsDimension.core-WithinOneYear,False,ok
02812527,2024-12-31,core:OtherPayablesAccruedExpenses,Accrued expenses,"121,817",GBP,0,,FY2.END.segment.core-FinancialInstrumentCurrentNon-currentDimension.core-CurrentFinancialInstruments.core-MaturitiesOrExpirationPeriodsDimension.core-WithinOneYear,False,ok
02812527,2025-12-31,core:DeferredIncome,Deferred income,"758,535",GBP,0,,FY1.END.segment.core-FinancialInstrumentCurrentNon-currentDimension.core-CurrentFinancialInstruments.core-MaturitiesOrExpirationPeriodsDimension.core-WithinOneYear.bus-GroupCompanyDataDimension.bus-Consolidated,False,ok
02812527,2024-12-31,core:DeferredIncome,Deferred income,"742,686",GBP,0,,FY2.END.segment.core-FinancialInstrumentCurrentNon-currentDimension.core-CurrentFinancialInstruments.core-MaturitiesOrExpirationPeriodsDimension.core-WithinOneYear.bus-GroupCompanyDataDimension.bus-Consolidated,False,ok
02812527,2025-12-31,core:DeferredIncome,Deferred income,"749,353",GBP,0,,FY1.END.segment.core-FinancialInstrumentCurrentNon-currentDimension.core-CurrentFinancialInstruments.core-MaturitiesOrExpirationPeriodsDimension.core-WithinOneYear,False,ok
02812527,2024-12-31,core:DeferredIncome,Deferred income,"735,889",GBP,0,,FY2.END.segment.core-FinancialInstrumentCurrentNon-currentDimension.core-CurrentFinancialInstruments.core-MaturitiesOrExpirationPeriodsDimension.core-WithinOneYear,False,ok
02812527,2025-12-31,core:Creditors,"8,253","3,662,697",GBP,0,,FY1.END.segment.core-FinancialInstrumentCurrentNon-currentDimension.core-CurrentFinancialInstruments.core-MaturitiesOrExpirationPeriodsDimension.core-WithinOneYear.bus-GroupCompanyDataDimension.bus-Consolidated,False,ok
02812527,2024-12-31,core:Creditors,"8,253","3,901,367",GBP,0,,FY2.END.segment.core-FinancialInstrumentCurrentNon-currentDimension.core-CurrentFinancialInstruments.core-MaturitiesOrExpirationPeriodsDimension.core-WithinOneYear.bus-GroupCompanyDataDimension.bus-Consolidated,False,ok
02812527,2025-12-31,core:Creditors,"8,253","925,291",GBP,0,,FY1.END.segment.core-FinancialInstrumentCurrentNon-currentDimension.core-CurrentFinancialInstruments.core-MaturitiesOrExpirationPeriodsDimension.core-WithinOneYear,False,ok
02812527,2024-12-31,core:Creditors,"8,253","1,069,556",GBP,0,,FY2.END.segment.core-FinancialInstrumentCurrentNon-currentDimension.core-CurrentFinancialInstruments.core-MaturitiesOrExpirationPeriodsDimension.core-WithinOneYear,False,ok
02812527,2025-12-31,core:TotalBorrowings,Loans and borrowings,"30,442",GBP,0,,FY1.END.segment.core-FinancialInstrumentCurrentNon-currentDimension.core-Non-currentFinancialInstruments.core-MaturitiesOrExpirationPeriodsDimension.core-AfterOneYear.bus-GroupCompanyDataDimension.bus-Consolidated,True,ok
02812527,2024-12-31,core:TotalBorrowings,Loans and borrowings,"50,066",GBP,0,,FY2.END.segment.core-FinancialInstrumentCurrentNon-currentDimension.core-Non-currentFinancialInstruments.core-MaturitiesOrExpirationPeriodsDimension.core-AfterOneYear.bus-GroupCompanyDataDimension.bus-Consolidated,True,ok
02812527,2025-12-31,core:TotalBorrowings,Loans and borrowings,"30,442",GBP,0,,FY1.END.segment.core-FinancialInstrumentCurrentNon-currentDimension.core-Non-currentFinancialInstruments.core-MaturitiesOrExpirationPeriodsDimension.core-AfterOneYear,True,ok
02812527,2024-12-31,core:TotalBorrowings,Loans and borrowings,"50,066",GBP,0,,FY2.END.segment.core-FinancialInstrumentCurrentNon-currentDimension.core-Non-currentFinancialInstruments.core-MaturitiesOrExpirationPeriodsDimension.core-AfterOneYear,True,ok
02812527,2024-12-31,core:BankBorrowings,Bank borrowings,"100,002",GBP,0,,FY2.END.segment.core-FinancialInstrumentCurrentNon-currentDimension.core-CurrentFinancialInstruments.bus-GroupCompanyDataDimension.bus-Consolidated,False,ok
02812527,2024-12-31,core:BankBorrowings,Bank borrowings,"100,002",GBP,0,,FY2.END.segment.core-FinancialInstrumentCurrentNon-currentDimension.core-CurrentFinancialInstruments,False,ok
02812527,2025-12-31,core:OtherRemainingBorrowings,Other borrowings,"30,442",GBP,0,,FY1.END.segment.core-FinancialInstrumentCurrentNon-currentDimension.core-Non-currentFinancialInstruments.bus-GroupCompanyDataDimension.bus-Consolidated,False,ok
02812527,2024-12-31,core:OtherRemainingBorrowings,Other borrowings,"50,066",GBP,0,,FY2.END.segment.core-FinancialInstrumentCurrentNon-currentDimension.core-Non-currentFinancialInstruments.bus-GroupCompanyDataDimension.bus-Consolidated,False,ok
02812527,2025-12-31,core:OtherRemainingBorrowings,Other borrowings,"30,442",GBP,0,,FY1.END.segment.core-FinancialInstrumentCurrentNon-currentDimension.core-Non-currentFinancialInstruments,False,ok
02812527,2024-12-31,core:OtherRemainingBorrowings,Other borrowings,"50,066",GBP,0,,FY2.END.segment.core-FinancialInstrumentCurrentNon-currentDimension.core-Non-currentFinancialInstruments,False,ok
02812527,2024-12-31,core:Provisions,At 1 January 2025,"15,069",GBP,0,,FY1.START.segment.core-ProvisionsClassesDimension.core-DeferredTaxation.bus-GroupCompanyDataDimension.bus-Consolidated,False,ok
02812527,2024-12-31,core:Provisions,At 1 January 2025,"45,000",GBP,0,,FY1.START.segment.core-ProvisionsClassesDimension.core-OtherProvisionsContingentLiabilities.bus-GroupCompanyDataDimension.bus-Consolidated,False,ok
02812527,2024-12-31,core:Provisions,At 1 January 2025,"60,069",GBP,0,,FY1.START.segment.bus-GroupCompanyDataDimension.bus-Consolidated,False,ok
02812527,2025-12-31,core:IncreaseDecreaseInExistingProvisions,Increase/(decrease) in existing provisions,"15,069",GBP,0,-,FY1.segment.core-ProvisionsClassesDimension.core-DeferredTaxation.bus-GroupCompanyDataDimension.bus-Consolidated,False,ok
02812527,2025-12-31,core:IncreaseDecreaseInExistingProvisions,Increase/(decrease) in existing provisions,"15,000",GBP,0,,FY1.segment.core-ProvisionsClassesDimension.core-OtherProvisionsContingentLiabilities.bus-GroupCompanyDataDimension.bus-Consolidated,False,ok
02812527,2025-12-31,core:IncreaseDecreaseInExistingProvisions,Increase/(decrease) in existing provisions,69,GBP,0,-,FY1.segment.bus-GroupCompanyDataDimension.bus-Consolidated,False,ok
02812527,2025-12-31,core:Provisions,At 31 December 2025,"60,000",GBP,0,,FY1.END.segment.core-ProvisionsClassesDimension.core-OtherProvisionsContingentLiabilities.bus-GroupCompanyDataDimension.bus-Consolidated,False,ok
02812527,2025-12-31,core:Provisions,At 31 December 2025,"60,000",GBP,0,,FY1.END.segment.bus-GroupCompanyDataDimension.bus-Consolidated,False,ok
02812527,2024-12-31,core:Provisions,At 1 January 2025,"45,000",GBP,0,,FY1.START.segment.core-ProvisionsClassesDimension.core-OtherProvisionsContingentLiabilities,False,ok
02812527,2024-12-31,core:Provisions,At 1 January 2025,"45,000",GBP,0,,FY1.START,False,ok
02812527,2025-12-31,core:IncreaseDecreaseInExistingProvisions,Increase in existing provisions,"15,000",GBP,0,,FY1.segment.core-ProvisionsClassesDimension.core-OtherProvisionsContingentLiabilities,False,ok
02812527,2025-12-31,core:IncreaseDecreaseInExistingProvisions,Increase in existing provisions,"15,000",GBP,0,,FY1,False,ok
02812527,2025-12-31,core:Provisions,At 31 December 2025,"60,000",GBP,0,,FY1.END.segment.core-ProvisionsClassesDimension.core-OtherProvisionsContingentLiabilities,False,ok
02812527,2025-12-31,core:Provisions,At 31 December 2025,"60,000",GBP,0,,FY1.END,False,ok
02812527,2024-12-31,core:PensionCostsDefinedContributionPlan,(2024 - £,"117,818",GBP,0,,FY2.segment.bus-GroupCompanyDataDimension.bus-Consolidated,False,ok
02812527,2024-12-31,core:OutstandingPre-paidContributionsToDefinedContributionPlanReportingDate,(2024 - £,"41,061",GBP,0,,FY2.END.segment.bus-GroupCompanyDataDimension.bus-Consolidated,False,ok
02812527,2025-12-31,core:ParValueShare,of £,1,pure,0,,FY1.segment.bus-EntityShareClassesDimension.bus-OrdinaryShareClass1.bus-ShareTypesDimension.bus-Non-cumulativeNon-redeemableShares.bus-GroupCompanyDataDimension.bus-Consolidated,False,ok
02812527,2025-12-31,core:NumberSharesIssuedFullyPaid,each,"15,475",shares,0,,FY1.END.segment.bus-EntityShareClassesDimension.bus-OrdinaryShareClass1.bus-ShareTypesDimension.bus-Non-cumulativeNon-redeemableShares.bus-GroupCompanyDataDimension.bus-Consolidated,False,ok
02812527,2024-12-31,core:NumberSharesIssuedFullyPaid,"15,475","15,475",shares,0,,FY2.END.segment.bus-EntityShareClassesDimension.bus-OrdinaryShareClass1.bus-ShareTypesDimension.bus-Non-cumulativeNon-redeemableShares.bus-GroupCompanyDataDimension.bus-Consolidated,False,ok
02812527,2025-12-31,core:FutureMinimumLeasePaymentsUnderNon-cancellableOperatingLeases,Not later than one year,"169,307",GBP,0,,FY1.END.segment.core-MaturitiesOrExpirationPeriodsDimension.core-WithinOneYear.bus-GroupCompanyDataDimension.bus-Consolidated,False,ok
02812527,2024-12-31,core:FutureMinimumLeasePaymentsUnderNon-cancellableOperatingLeases,Not later than one year,"143,596",GBP,0,,FY2.END.segment.core-MaturitiesOrExpirationPeriodsDimension.core-WithinOneYear.bus-GroupCompanyDataDimension.bus-Consolidated,False,ok
02812527,2025-12-31,core:FutureMinimumLeasePaymentsUnderNon-cancellableOperatingLeases,Later than one year and not later than five years,"366,642",GBP,0,,FY1.END.segment.core-MaturitiesOrExpirationPeriodsDimension.core-BetweenTwoFiveYears.bus-GroupCompanyDataDimension.bus-Consolidated,False,ok
02812527,2024-12-31,core:FutureMinimumLeasePaymentsUnderNon-cancellableOperatingLeases,Later than one year and not later than five years,"584,988",GBP,0,,FY2.END.segment.core-MaturitiesOrExpirationPeriodsDimension.core-BetweenTwoFiveYears.bus-GroupCompanyDataDimension.bus-Consolidated,False,ok
02812527,2024-12-31,core:FutureMinimumLeasePaymentsUnderNon-cancellableOperatingLeases,Later than five years,"1,225",GBP,0,,FY2.END.segment.core-MaturitiesOrExpirationPeriodsDimension.core-MoreThanFiveYears.bus-GroupCompanyDataDimension.bus-Consolidated,False,ok
02812527,2025-12-31,core:FutureMinimumLeasePaymentsUnderNon-cancellableOperatingLeases,Later than five years,"535,949",GBP,0,,FY1.END.segment.bus-GroupCompanyDataDimension.bus-Consolidated,False,ok
02812527,2024-12-31,core:FutureMinimumLeasePaymentsUnderNon-cancellableOperatingLeases,Later than five years,"729,809",GBP,0,,FY2.END.segment.bus-GroupCompanyDataDimension.bus-Consolidated,False,ok
02812527,2025-12-31,core:MinimumOperatingLeasePaymentsRecognisedAsExpense,The amount of non-cancellable operating lease payments recognised as an expense during the year was £,"144,824",GBP,0,,FY1.segment.bus-GroupCompanyDataDimension.bus-Consolidated,False,ok
02812527,2024-12-31,core:MinimumOperatingLeasePaymentsRecognisedAsExpense,(2024 - £,"135,037",GBP,0,,FY2.segment.bus-GroupCompanyDataDimension.bus-Consolidated,False,ok
02812527,2024-12-31,core:NetDebtFunds,Net debt,"3,400,479",GBP,0,,FY1.START.segment.bus-GroupCompanyDataDimension.bus-Consolidated,False,ok
02812527,2025-12-31,core:IncreaseDecreaseInNetDebtFromCashFlows,Net debt,"267,307",GBP,0,-,FY1.segment.bus-GroupCompanyDataDimension.bus-Consolidated,False,ok
02812527,2025-12-31,core:OtherItemsIncreaseDecreaseInNetDebtInPeriod,Net debt,"1,971",GBP,0,-,FY1.segment.bus-GroupCompanyDataDimension.bus-Consolidated,False,ok
02812527,2025-12-31,core:NetDebtFunds,Net debt,"3,131,201",GBP,0,,FY1.END.segment.bus-GroupCompanyDataDimension.bus-Consolidated,False,ok
11178390,2025-10-31,core:CostSales,Cost of sales,"19,078,540",GBP,0,,C_8_I,False,ok
11178390,2024-10-31,core:CostSales,Cost of sales,"15,297,619",GBP,0,,F_8_I,False,ok
11178390,2025-10-31,core:AdministrativeExpenses,Administrative expenses,"3,323,555",GBP,0,,C_8_I,False,ok
11178390,2024-10-31,core:AdministrativeExpenses,Administrative expenses,"2,429,095",GBP,0,,F_8_I,False,ok
11178390,2025-10-31,core:OtherOperatingIncomeFormat1,Other operating income,"13,878",GBP,0,,C_8_I,False,ok
11178390,2024-10-31,core:OtherOperatingIncomeFormat1,Other operating income,"62,010",GBP,0,,F_8_I,False,ok
11178390,2025-10-31,core:OtherInterestReceivableSimilarIncomeFinanceIncome,Interest receivable and similar income,"1,859",GBP,0,,C_8_I,False,ok
11178390,2024-10-31,core:OtherInterestReceivableSimilarIncomeFinanceIncome,Interest receivable and similar income,"5,654",GBP,0,,F_8_I,False,ok
11178390,2025-10-31,core:InterestPayableSimilarChargesFinanceCosts,Interest payable and similar expenses,"126,717",GBP,0,,C_8_I,False,ok
11178390,2024-10-31,core:InterestPayableSimilarChargesFinanceCosts,Interest payable and similar expenses,"135,866",GBP,0,,F_8_I,False,ok
11178390,2025-10-31,core:ProfitLossOnOrdinaryActivitiesBeforeTax,Profit before taxation,"3,308,238",GBP,0,,C_8_I,False,ok
11178390,2024-10-31,core:ProfitLossOnOrdinaryActivitiesBeforeTax,Profit before taxation,"2,162,295",GBP,0,,F_8_I,False,ok
11178390,2025-10-31,core:TaxTaxCreditOnProfitOrLossOnOrdinaryActivities,Tax on profit,"851,294",GBP,0,,C_8_I,False,ok
11178390,2024-10-31,core:TaxTaxCreditOnProfitOrLossOnOrdinaryActivities,Tax on profit,"570,676",GBP,0,,F_8_I,False,ok
11178390,2025-10-31,core:ProfitLoss,Profit for the financial year,"2,456,944",GBP,0,,C_8_I,False,ok
11178390,2024-10-31,core:ProfitLoss,Profit for the financial year,"1,591,619",GBP,0,,F_8_I,False,ok
11178390,2025-10-31,core:ProfitLoss,"224,042","2,456,944",GBP,0,,C_8_I,False,ok
11178390,2024-10-31,core:ProfitLoss,"224,042","1,591,619",GBP,0,,F_8_I,False,ok
11178390,2025-10-31,core:ComprehensiveIncomeExpenseAttributableToOwnersParent,- Owners of the parent company,"2,098,561",GBP,0,,C_8_I,False,ok
11178390,2024-10-31,core:ComprehensiveIncomeExpenseAttributableToOwnersParent,- Owners of the parent company,"1,367,577",GBP,0,,F_8_I,False,ok
11178390,2025-10-31,core:ComprehensiveIncomeExpenseAttributableToNon-controllingInterests,- Non-controlling interests,"358,383",GBP,0,,C_8_I,False,ok
11178390,2024-10-31,core:ComprehensiveIncomeExpenseAttributableToNon-controllingInterests,- Non-controlling interests,"224,042",GBP,0,,F,False,ok
11178390,2025-10-31,core:ComprehensiveIncomeExpense,- Non-controlling interests,"2,456,944",GBP,0,,C_8_I,False,ok
11178390,2024-10-31,core:ComprehensiveIncomeExpense,- Non-controlling interests,"1,591,619",GBP,0,,F_8_I,False,ok
11178390,2025-10-31,core:IntangibleAssets,Goodwill,"112,104",GBP,0,,B_V_W_8_I,False,ok
11178390,2024-10-31,core:IntangibleAssets,Goodwill,"118,555",GBP,0,,E_V_W_8_I,False,ok
11178390,2025-10-31,core:IntangibleAssets,Other intangible assets,"8,288",GBP,0,,B_V_AA_8_I,False,ok
11178390,2024-10-31,core:IntangibleAssets,Other intangible assets,"12,809",GBP,0,,E_V_AA_8_I,False,ok
11178390,2025-10-31,core:IntangibleAssets,Total intangible assets,"120,392",GBP,0,,B_8_I,False,ok
11178390,2024-10-31,core:IntangibleAssets,Total intangible assets,"131,364",GBP,0,,E_8_I,False,ok
11178390,2025-10-31,core:PropertyPlantEquipment,Tangible assets,"5,043,266",GBP,0,,B_8_I,False,ok
11178390,2024-10-31,core:PropertyPlantEquipment,Tangible assets,"4,335,323",GBP,0,,E_8_I,False,ok
11178390,2025-10-31,core:InvestmentProperty,Investment property,"297,500",GBP,0,,B_8_I,False,ok
11178390,2024-10-31,core:InvestmentProperty,Investment property,0,GBP,0,,E_8_I,False,ok
11178390,2025-10-31,core:FixedAssets,Investment property,"5,461,158",GBP,0,,B_8_I,True,ok
11178390,2024-10-31,core:FixedAssets,Investment property,"4,466,687",GBP,0,,E_8_I,True,ok
11178390,2025-10-31,core:Debtors,Debtors,"2,388,676",GBP,0,,B_AF_AG_AK_AL_8_I,False,ok
11178390,2024-10-31,core:Debtors,Debtors,"2,181,803",GBP,0,,E_AF_AG_8_I,False,ok
11178390,2025-10-31,core:CashBankOnHand,Cash at bank and in hand,"3,303,651",GBP,0,,B_8_I,False,ok
11178390,2024-10-31,core:CashBankOnHand,Cash at bank and in hand,"2,541,166",GBP,0,,E_8_I,False,ok
11178390,2025-10-31,core:CurrentAssets,Cash at bank and in hand,"10,199,373",GBP,0,,B_8_I,True,ok
11178390,2024-10-31,core:CurrentAssets,Cash at bank and in hand,"9,337,956",GBP,0,,E_8_I,True,ok
11178390,2025-10-31,core:Creditors,Creditors: amounts falling due within one year,"5,154,544",GBP,0,,B_AF_AG_AK_AL_8_I,False,ok
11178390,2024-10-31,core:Creditors,Creditors: amounts falling due within one year,"5,499,665",GBP,0,,E_AF_AG_AK_AL_8_I,False,ok
11178390,2025-10-31,core:NetCurrentAssetsLiabilities,Net current assets,"5,044,829",GBP,0,,B_8_I,True,ok
11178390,2024-10-31,core:NetCurrentAssetsLiabilities,Net current assets,"3,838,291",GBP,0,,E_8_I,True,ok
11178390,2025-10-31,core:TotalAssetsLessCurrentLiabilities,Total assets less current liabilities,"10,505,987",GBP,0,,B_8_I,True,ok
11178390,2024-10-31,core:TotalAssetsLessCurrentLiabilities,Total assets less current liabilities,"8,304,978",GBP,0,,E_8_I,True,ok
11178390,2025-10-31,core:Creditors,Creditors: amounts falling due after more than one year,"1,814,738",GBP,0,,B_AF_BP_AK_BQ_8_I,False,ok
11178390,2024-10-31,core:Creditors,Creditors: amounts falling due after more than one year,"1,894,081",GBP,0,,E_AF_BP_AK_BQ_8_I,False,ok
11178390,2025-10-31,core:OtherProvisionsBalanceSheetSubtotal,Provisions,"30,000",GBP,0,,B_8_I,False,ok
11178390,2024-10-31,core:OtherProvisionsBalanceSheetSubtotal,Provisions,"30,000",GBP,0,,E_8_I,False,ok
11178390,2025-10-31,core:TaxationIncludingDeferredTaxationBalanceSheetSubtotal,Deferred tax liability,"198,164",GBP,0,,B_8_I,False,ok
11178390,2024-10-31,core:TaxationIncludingDeferredTaxationBalanceSheetSubtotal,Deferred tax liability,"165,856",GBP,0,,E_8_I,False,ok
11178390,2025-10-31,core:NetAssetsLiabilities,Net assets,"8,463,085",GBP,0,,B_8_I,True,ok
11178390,2024-10-31,core:NetAssetsLiabilities,Net assets,"6,215,041",GBP,0,,E_8_I,True,ok
11178390,2025-10-31,core:Equity,Called up share capital,200,GBP,0,,B_U_BR_8_I,True,ok
11178390,2024-10-31,core:Equity,Called up share capital,200,GBP,0,,E_U_BR_8_I,True,ok
11178390,2025-10-31,core:Equity,Share premium account,"39,980",GBP,0,,B_U_BS_8_I,True,ok
11178390,2024-10-31,core:Equity,Share premium account,"39,980",GBP,0,,E_U_BS_8_I,True,ok
11178390,2025-10-31,core:Equity,Other reserves,"2,099,900",GBP,0,,B_U_BT_8_I,True,ok
11178390,2024-10-31,core:Equity,Other reserves,"2,099,900",GBP,0,,E_U_BT_8_I,True,ok
11178390,2025-10-31,core:Equity,Profit and loss reserves,"5,627,590",GBP,0,,B_U_BU_8_I,True,ok
11178390,2024-10-31,core:Equity,Profit and loss reserves,"3,617,929",GBP,0,,E_U_BU_8_I,True,ok
11178390,2025-10-31,core:Equity,Equity attributable to owners of the parent company,"7,767,670",GBP,0,,B_U_DV_8_I,True,ok
11178390,2024-10-31,core:Equity,Equity attributable to owners of the parent company,"5,758,009",GBP,0,,E_U_DV_8_I,True,ok
11178390,2025-10-31,core:Equity,Non-controlling interests,"695,415",GBP,0,,B_U_BV_8_I,True,ok
11178390,2024-10-31,core:Equity,Non-controlling interests,"457,032",GBP,0,,E_U_BV_8_I,True,ok
11178390,2025-10-31,core:Equity,Total equity,"8,463,085",GBP,0,,B_8_I,True,ok
11178390,2024-10-31,core:Equity,Total equity,"6,215,041",GBP,0,,E_8_I,True,ok
11178390,2025-10-31,core:PropertyPlantEquipment,Tangible assets,"1,439,518",GBP,0,,B,False,ok
11178390,2024-10-31,core:PropertyPlantEquipment,Tangible assets,"1,450,386",GBP,0,,E,False,ok
11178390,2025-10-31,core:InvestmentsFixedAssets,Investments,635,GBP,0,,B,False,ok
11178390,2024-10-31,core:InvestmentsFixedAssets,Investments,555,GBP,0,,E,False,ok
11178390,2025-10-31,core:FixedAssets,Investments,"1,440,153",GBP,0,,B,True,ok
11178390,2024-10-31,core:FixedAssets,Investments,"1,450,941",GBP,0,,E,True,ok
11178390,2025-10-31,core:Debtors,Debtors,"1,588,570",GBP,0,,B,False,ok
11178390,2024-10-31,core:Debtors,Debtors,"464,234",GBP,0,,E,False,ok
11178390,2025-10-31,core:CashBankOnHand,Cash at bank and in hand,"667,018",GBP,0,,B,False,ok
11178390,2024-10-31,core:CashBankOnHand,Cash at bank and in hand,"468,765",GBP,0,,E,False,ok
11178390,2025-10-31,core:CurrentAssets,Cash at bank and in hand,"2,255,588",GBP,0,,B,True,ok
11178390,2024-10-31,core:CurrentAssets,Cash at bank and in hand,"932,999",GBP,0,,E,True,ok
11178390,2025-10-31,core:Creditors,Creditors: amounts falling due within one year,"1,277,516",GBP,0,,B_AF_AG_AK_AL,False,ok
11178390,2024-10-31,core:Creditors,Creditors: amounts falling due within one year,"335,330",GBP,0,,E_AF_AG_AK_AL,False,ok
11178390,2025-10-31,core:NetCurrentAssetsLiabilities,Net current assets,"978,072",GBP,0,,B,True,ok
11178390,2024-10-31,core:NetCurrentAssetsLiabilities,Net current assets,"597,669",GBP,0,,E,True,ok
11178390,2025-10-31,core:TotalAssetsLessCurrentLiabilities,Total assets less current liabilities,"2,418,225",GBP,0,,B,True,ok
11178390,2024-10-31,core:TotalAssetsLessCurrentLiabilities,Total assets less current liabilities,"2,048,610",GBP,0,,E,True,ok
11178390,2025-10-31,core:Creditors,Creditors: amounts falling due after more than one year,"719,785",GBP,0,,B_AF_BP_AK_BQ,False,ok
11178390,2024-10-31,core:Creditors,Creditors: amounts falling due after more than one year,"758,253",GBP,0,,E_AF_BP_AK_BQ,False,ok
11178390,2025-10-31,core:TaxationIncludingDeferredTaxationBalanceSheetSubtotal,Deferred tax liability,"6,804",GBP,0,,B,False,ok
11178390,2024-10-31,core:TaxationIncludingDeferredTaxationBalanceSheetSubtotal,Deferred tax liability,"8,579",GBP,0,,E,False,ok
11178390,2025-10-31,core:NetAssetsLiabilities,Net assets,"1,691,636",GBP,0,,B,True,ok
11178390,2024-10-31,core:NetAssetsLiabilities,Net assets,"1,281,778",GBP,0,,E,True,ok
11178390,2025-10-31,core:Equity,Called up share capital,200,GBP,0,,B_U_BR,True,ok
11178390,2024-10-31,core:Equity,Called up share capital,200,GBP,0,,E_U_BR,True,ok
11178390,2025-10-31,core:Equity,Profit and loss reserves,"1,691,436",GBP,0,,B_U_BU,True,ok
11178390,2024-10-31,core:Equity,Profit and loss reserves,"1,281,578",GBP,0,,E_U_BU,True,ok
11178390,2025-10-31,core:Equity,Total equity,"1,691,636",GBP,0,,B,True,ok
11178390,2024-10-31,core:Equity,Total equity,"1,281,778",GBP,0,,E,True,ok
11178390,2023-10-31,core:Equity,Balance at 1 November 2023,200,GBP,0,,D_U_BR_8_I,True,ok
11178390,2023-10-31,core:Equity,Balance at 1 November 2023,"39,980",GBP,0,,D_U_BS_8_I,True,ok
11178390,2023-10-31,core:Equity,"2,099,900","2,302,752",GBP,0,,D,True,ok
11178390,2024-10-31,core:Equity,Balance at 31 October 2024,200,GBP,0,,E_U_BR_8_I,True,ok
11178390,2024-10-31,core:Equity,Balance at 31 October 2024,"39,980",GBP,0,,E_U_BS_8_I,True,ok
11178390,2024-10-31,core:Equity,"2,099,900","3,617,929",GBP,0,,E_U_BU_8_I,True,ok
11178390,2024-10-31,core:Equity,"2,099,900","5,758,009",GBP,0,,E_U_DV_8_I,True,ok
11178390,2024-10-31,core:Equity,"2,099,900","457,032",GBP,0,,E_U_BV_8_I,True,ok
11178390,2024-10-31,core:Equity,"2,099,900","6,215,041",GBP,0,,E_8_I,True,ok
11178390,2025-10-31,core:ProfitLoss,"358,383","2,456,944",GBP,0,,C_8_I,False,ok
11178390,2025-10-31,core:Equity,Balance at 31 October 2025,200,GBP,0,,B_U_BR_8_I,True,ok
11178390,2025-10-31,core:Equity,Balance at 31 October 2025,"39,980",GBP,0,,B_U_BS_8_I,True,ok
11178390,2025-10-31,core:Equity,"2,099,900","5,627,590",GBP,0,,B_U_BU_8_I,True,ok
11178390,2025-10-31,core:Equity,"2,099,900","7,767,670",GBP,0,,B_U_DV_8_I,True,ok
11178390,2025-10-31,core:Equity,"2,099,900","695,415",GBP,0,,B_U_BV_8_I,True,ok
11178390,2025-10-31,core:Equity,"2,099,900","8,463,085",GBP,0,,B_8_I,True,ok
11178390,2023-10-31,core:Equity,Balance at 1 November 2023,200,GBP,0,,D_U_BR,True,ok
11178390,2024-10-31,core:ProfitLoss,"444,748","444,748",GBP,0,,F,False,ok
11178390,2024-10-31,core:DividendsPaidClassifiedAsFinancingActivities,Dividends,"52,400",GBP,0,-,F,False,ok
11178390,2024-10-31,core:DividendsPaidClassifiedAsFinancingActivities,Dividends,"52,400",GBP,0,-,F,False,ok
11178390,2024-10-31,core:Equity,Balance at 31 October 2024,200,GBP,0,,E_U_BR,True,ok
11178390,2024-10-31,core:Equity,Balance at 31 October 2024,"1,281,578",GBP,0,,E_U_BU,True,ok
11178390,2024-10-31,core:Equity,Balance at 31 October 2024,"1,281,778",GBP,0,,E,True,ok
11178390,2025-10-31,core:ProfitLoss,"498,758","498,758",GBP,0,,C,False,ok
11178390,2025-10-31,core:DividendsPaidClassifiedAsFinancingActivities,Dividends,"88,900",GBP,0,-,C,False,ok
11178390,2025-10-31,core:DividendsPaidClassifiedAsFinancingActivities,Dividends,"88,900",GBP,0,-,C,False,ok
11178390,2025-10-31,core:Equity,Balance at 31 October 2025,200,GBP,0,,B_U_BR,True,ok
11178390,2025-10-31,core:Equity,Balance at 31 October 2025,"1,691,436",GBP,0,,B_U_BU,True,ok
11178390,2025-10-31,core:Equity,Balance at 31 October 2025,"1,691,636",GBP,0,,B,True,ok
11178390,2025-10-31,core:NetCashGeneratedFromOperations,Cash generated from operations,"3,232,230",GBP,0,-,C_8_I,False,ok
11178390,2025-10-31,core:InterestPaidClassifiedAsOperatingActivities,Interest paid,"126,717",GBP,0,-,C_8_I,False,ok
11178390,2024-10-31,core:InterestPaidClassifiedAsOperatingActivities,Interest paid,"135,866",GBP,0,-,F_8_I,False,ok
11178390,2025-10-31,core:IncomeTaxesPaidRefundClassifiedAsOperatingActivities,Income taxes paid,"837,387",GBP,0,-,C_8_I,False,ok
11178390,2025-10-31,core:InterestReceivedClassifiedAsInvestingActivities,Interest received,"1,859",GBP,0,-,C_8_I,False,ok
11178390,2024-10-31,core:InterestReceivedClassifiedAsInvestingActivities,Interest received,"5,654",GBP,0,-,F_8_I,False,ok
11178390,2025-10-31,core:DividendsPaidToOwnersParentClassifiedAsFinancingActivities,Dividends paid to equity shareholders,"88,900",GBP,0,-,C_8_I,False,ok
11178390,2024-10-31,core:DividendsPaidToOwnersParentClassifiedAsFinancingActivities,Dividends paid to equity shareholders,"52,400",GBP,0,-,F_8_I,False,ok
11178390,2025-10-31,core:DividendsPaidToNon-controllingInterestsClassifiedAsFinancingActivities,Dividends paid to non-controlling interests,"120,000",GBP,0,-,C_8_I,False,ok
11178390,2024-10-31,core:DividendsPaidToNon-controllingInterestsClassifiedAsFinancingActivities,Dividends paid to non-controlling interests,"50,000",GBP,0,-,F_8_I,False,ok
11178390,2024-10-31,core:CashCashEquivalents,Cash and cash equivalents at beginning of year,"2,527,391",GBP,0,,E_8_I,False,ok
11178390,2023-10-31,core:CashCashEquivalents,Cash and cash equivalents at beginning of year,"1,817,782",GBP,0,,D_8_I,False,ok
11178390,2025-10-31,core:CashCashEquivalents,Cash and cash equivalents at end of year,"3,290,507",GBP,0,,B_8_I,False,ok
11178390,2024-10-31,core:CashCashEquivalents,Cash and cash equivalents at end of year,"2,527,391",GBP,0,,E_8_I,False,ok
11178390,2025-10-31,core:NetCashGeneratedFromOperations,Cash (absorbed by)/generated from operations,"142,586",GBP,0,,C,False,ok
11178390,2025-10-31,core:InterestPaidClassifiedAsOperatingActivities,Interest paid,"44,009",GBP,0,-,C,False,ok
11178390,2024-10-31,core:InterestPaidClassifiedAsOperatingActivities,Interest paid,"69,028",GBP,0,-,F,False,ok
11178390,2025-10-31,core:IncomeTaxesPaidRefundClassifiedAsOperatingActivities,Income taxes paid,0,GBP,0,,C,False,ok
11178390,2024-10-31,core:IncomeTaxesPaidRefundClassifiedAsOperatingActivities,Income taxes paid,254,GBP,0,-,F,False,ok
11178390,2025-10-31,core:PurchasePropertyPlantEquipment,Purchase of tangible fixed assets,0,GBP,0,,C,False,ok
11178390,2024-10-31,core:PurchasePropertyPlantEquipment,Purchase of tangible fixed assets,"64,172",GBP,0,-,F,False,ok
11178390,2025-10-31,core:ProceedsFromSalesPropertyPlantEquipment,Proceeds from disposal of tangible fixed assets,0,GBP,0,,C,False,ok
11178390,2024-10-31,core:ProceedsFromSalesPropertyPlantEquipment,Proceeds from disposal of tangible fixed assets,"148,702",GBP,0,-,F,False,ok
11178390,2024-10-31,core:CashFlowsUsedInAcquiringOrObtainingControlSubsidiariesOrOtherBusinessesClassifiedAsInvestingActivities,(80),0,GBP,0,,F,False,ok
11178390,2025-10-31,core:DividendsReceivedClassifiedAsInvestingActivities,Dividends received,"496,000",GBP,0,-,C,False,ok
11178390,2024-10-31,core:DividendsReceivedClassifiedAsInvestingActivities,Dividends received,"450,000",GBP,0,-,F,False,ok
11178390,2024-10-31,core:CashCashEquivalentsCashFlowValue,Cash and cash equivalents at beginning of year,"468,765",GBP,0,,E,False,ok
11178390,2023-10-31,core:CashCashEquivalents,Cash and cash equivalents at beginning of year,"404,552",GBP,0,,D,False,ok
11178390,2025-10-31,core:CashCashEquivalentsCashFlowValue,Cash and cash equivalents at end of year,"667,018",GBP,0,,B_8_I,False,ok
11178390,2024-10-31,core:CashCashEquivalentsCashFlowValue,Cash and cash equivalents at end of year,"468,765",GBP,0,,E,False,ok
11178390,2025-10-31,core:AverageNumberEmployeesDuringPeriod,Total,71,pure,2,,C_8_I,False,ok
11178390,2024-10-31,core:AverageNumberEmployeesDuringPeriod,Total,46,pure,2,,F_8_I,False,ok
11178390,2025-10-31,core:AverageNumberEmployeesDuringPeriod,Total,2,pure,2,,C,False,ok
11178390,2024-10-31,core:AverageNumberEmployeesDuringPeriod,Total,2,pure,2,,F,False,ok
11178390,2025-10-31,core:WagesSalaries,Wages and salaries,"1,875,131",GBP,0,,C_8_I,False,ok
11178390,2024-10-31,core:WagesSalaries,Wages and salaries,"1,371,358",GBP,0,,F_8_I,False,ok
11178390,2025-10-31,core:WagesSalaries,Wages and salaries,0,GBP,0,,C,False,ok
11178390,2024-10-31,core:WagesSalaries,Wages and salaries,0,GBP,0,,F,False,ok
11178390,2025-10-31,core:PensionOtherPost-employmentBenefitCostsOtherPensionCosts,Pension costs,"42,404",GBP,0,,C_8_I,False,ok
11178390,2024-10-31,core:PensionOtherPost-employmentBenefitCostsOtherPensionCosts,Pension costs,"24,135",GBP,0,,F_8_I,False,ok
11178390,2025-10-31,core:PensionOtherPost-employmentBenefitCostsOtherPensionCosts,Pension costs,0,GBP,0,,C,False,ok
11178390,2024-10-31,core:PensionOtherPost-employmentBenefitCostsOtherPensionCosts,Pension costs,0,GBP,0,,F,False,ok
11178390,2025-10-31,core:StaffCostsEmployeeBenefitsExpense,"1,508,889",0,GBP,0,,C,False,ok
11178390,2024-10-31,core:StaffCostsEmployeeBenefitsExpense,"1,508,889",0,GBP,0,,F,False,ok
11178390,2025-10-31,core:InterestPayableSimilarChargesFinanceCosts,Total finance costs,"126,717",GBP,0,,C_8_I,False,ok
11178390,2024-10-31,core:InterestPayableSimilarChargesFinanceCosts,Total finance costs,"135,866",GBP,0,,F_8_I,False,ok
11178390,2025-10-31,core:CurrentTaxForPeriod,UK corporation tax on profits for the current period,"818,986",GBP,0,,C_T_CR_8_I,False,ok
11178390,2024-10-31,core:CurrentTaxForPeriod,UK corporation tax on profits for the current period,"524,561",GBP,0,,F_T_CR_8_I,False,ok
11178390,2025-10-31,core:DeferredTaxExpenseCreditRelatingToOriginationReversalTimingDifferences,Origination and reversal of timing differences,"32,308",GBP,0,,C_8_I,False,ok
11178390,2024-10-31,core:DeferredTaxExpenseCreditRelatingToOriginationReversalTimingDifferences,Origination and reversal of timing differences,"46,115",GBP,0,,F_8_I,False,ok
11178390,2025-10-31,core:TaxTaxCreditOnProfitOrLossOnOrdinaryActivities,Total tax charge,"851,294",GBP,0,,C_8_I,False,ok
11178390,2024-10-31,core:TaxTaxCreditOnProfitOrLossOnOrdinaryActivities,Total tax charge,"570,676",GBP,0,,F_8_I,False,ok
11178390,2025-10-31,core:TaxIncreaseDecreaseFromEffectExpensesNotDeductibleInDeterminingTaxableProfitOrLoss,Expenses that are not deductible in determining taxable profit,"2,424",GBP,0,,C_8_I,False,ok
11178390,2024-10-31,core:TaxIncreaseDecreaseFromEffectExpensesNotDeductibleInDeterminingTaxableProfitOrLoss,Expenses that are not deductible in determining taxable profit,"2,113",GBP,0,,F_8_I,False,ok
11178390,2025-10-31,core:FurtherItemTaxIncreaseDecreaseComponentAdjustingItems,Gains not taxable,0,GBP,0,,C_8_I_CS_CT,False,ok
11178390,2024-10-31,core:FurtherItemTaxIncreaseDecreaseComponentAdjustingItems,Gains not taxable,"8,679",GBP,0,,F_8_I_CS_CT,False,ok
11178390,2025-10-31,core:TaxDecreaseFromUtilisationTaxLosses,Utilisation of tax losses not previously recognised,0,GBP,0,,C_8_I,False,ok
11178390,2024-10-31,core:TaxDecreaseFromUtilisationTaxLosses,Utilisation of tax losses not previously recognised,388,GBP,0,,F_8_I,False,ok
11178390,2025-10-31,core:TaxIncreaseDecreaseFromEffectUnrelievedTaxLossesCarriedForward,Unutilised tax losses carried forward,"12,162",GBP,0,,C_8_I,False,ok
11178390,2024-10-31,core:TaxIncreaseDecreaseFromEffectUnrelievedTaxLossesCarriedForward,Unutilised tax losses carried forward,0,GBP,0,,F_8_I,False,ok
11178390,2025-10-31,core:TaxIncreaseDecreaseFromEffectCapitalAllowancesDepreciation,Permanent capital allowances in excess of depreciation,"10,044",GBP,0,,C_8_I,False,ok
11178390,2024-10-31,core:TaxIncreaseDecreaseFromEffectCapitalAllowancesDepreciation,Permanent capital allowances in excess of depreciation,"19,698",GBP,0,,F_8_I,False,ok
11178390,2024-10-31,core:IntangibleAssetsGrossCost,At 1 November 2024,"164,757",GBP,0,,A_V_W_8_I,False,ok
11178390,2024-10-31,core:IntangibleAssetsGrossCost,At 1 November 2024,"18,083",GBP,0,,A_V_CC_8_I,False,ok
11178390,2024-10-31,core:IntangibleAssetsGrossCost,At 1 November 2024,"182,840",GBP,0,,A_8_I,False,ok
11178390,2025-10-31,core:AdditionsOtherThanThroughBusinessCombinationsIntangibleAssets,Additions,"30,000",GBP,0,,C_V_W_X_CU_8_I,False,ok
11178390,2025-10-31,core:AdditionsOtherThanThroughBusinessCombinationsIntangibleAssets,Additions,0,GBP,0,,C_V_CC_X_CU_8_I,False,ok
11178390,2025-10-31,core:AdditionsOtherThanThroughBusinessCombinationsIntangibleAssets,Additions,"30,000",GBP,0,,C_X_CU_8_I,False,ok
11178390,2025-10-31,core:IntangibleAssetsGrossCost,At 31 October 2025,"194,757",GBP,0,,B_V_W_8_I,False,ok
11178390,2025-10-31,core:IntangibleAssetsGrossCost,At 31 October 2025,"18,083",GBP,0,,B_V_CC_8_I,False,ok
11178390,2025-10-31,core:IntangibleAssetsGrossCost,At 31 October 2025,"212,840",GBP,0,,B_8_I,False,ok
11178390,2024-10-31,core:AccumulatedAmortisationImpairmentIntangibleAssets,At 1 November 2024,"46,202",GBP,0,,A_V_W_8_I,False,ok
11178390,2024-10-31,core:AccumulatedAmortisationImpairmentIntangibleAssets,At 1 November 2024,"5,274",GBP,0,,A_V_CC_8_I,False,ok
11178390,2024-10-31,core:AccumulatedAmortisationImpairmentIntangibleAssets,At 1 November 2024,"51,476",GBP,0,,A_8_I,False,ok
11178390,2025-10-31,core:IncreaseFromAmortisationChargeForYearIntangibleAssets,Amortisation charged for the year,"36,451",GBP,0,,C_V_W_8_I,False,ok
11178390,2025-10-31,core:IncreaseFromAmortisationChargeForYearIntangibleAssets,Amortisation charged for the year,"4,521",GBP,0,,C_V_CC_8_I,False,ok
11178390,2025-10-31,core:IncreaseFromAmortisationChargeForYearIntangibleAssets,Amortisation charged for the year,"40,972",GBP,0,,C_8_I,False,ok
11178390,2025-10-31,core:AccumulatedAmortisationImpairmentIntangibleAssets,At 31 October 2025,"82,653",GBP,0,,B_V_W_8_I,False,ok
11178390,2025-10-31,core:AccumulatedAmortisationImpairmentIntangibleAssets,At 31 October 2025,"9,795",GBP,0,,B_V_CC_8_I,False,ok
11178390,2025-10-31,core:AccumulatedAmortisationImpairmentIntangibleAssets,At 31 October 2025,"92,448",GBP,0,,B_8_I,False,ok
11178390,2025-10-31,core:IntangibleAssets,At 31 October 2025,"112,104",GBP,0,,B_V_W_8_I,False,ok
11178390,2025-10-31,core:IntangibleAssets,At 31 October 2025,"8,288",GBP,0,,B_V_CC_8_I,False,ok
11178390,2025-10-31,core:IntangibleAssets,At 31 October 2025,"120,392",GBP,0,,B_8_I,False,ok
11178390,2024-10-31,core:IntangibleAssets,At 31 October 2024,"118,555",GBP,0,,E_V_W_8_I,False,ok
11178390,2024-10-31,core:IntangibleAssets,At 31 October 2024,"12,809",GBP,0,,E_V_CC_8_I,False,ok
11178390,2024-10-31,core:IntangibleAssets,At 31 October 2024,"131,364",GBP,0,,E_8_I,False,ok
11178390,2024-10-31,core:PropertyPlantEquipmentGrossCost,At 1 November 2024,"3,730,086",GBP,0,,A_AB_CD_AC_CE_8_I,False,ok
11178390,2024-10-31,core:PropertyPlantEquipmentGrossCost,At 1 November 2024,"257,027",GBP,0,,A_AB_CF_8_I,False,ok
11178390,2024-10-31,core:PropertyPlantEquipmentGrossCost,At 1 November 2024,"152,751",GBP,0,,A_AB_CG_8_I,False,ok
11178390,2024-10-31,core:PropertyPlantEquipmentGrossCost,At 1 November 2024,"129,477",GBP,0,,A_AB_CH_8_I,False,ok
11178390,2024-10-31,core:PropertyPlantEquipmentGrossCost,At 1 November 2024,"340,957",GBP,0,,A_AB_CI_8_I,False,ok
11178390,2024-10-31,core:PropertyPlantEquipmentGrossCost,At 1 November 2024,"9,430",GBP,0,,A_AB_CJ_8_I,False,ok
11178390,2024-10-31,core:PropertyPlantEquipmentGrossCost,At 1 November 2024,"4,619,728",GBP,0,,A_8_I,False,ok
11178390,2025-10-31,core:AdditionsOtherThanThroughBusinessCombinationsPropertyPlantEquipment,Additions,"900,374",GBP,0,,C_AB_CD_AC_CE_8_I,False,ok
11178390,2025-10-31,core:AdditionsOtherThanThroughBusinessCombinationsPropertyPlantEquipment,Additions,"95,237",GBP,0,,C_AB_CF_8_I,False,ok
11178390,2025-10-31,core:AdditionsOtherThanThroughBusinessCombinationsPropertyPlantEquipment,Additions,"85,456",GBP,0,,C_AB_CG_8_I,False,ok
11178390,2025-10-31,core:AdditionsOtherThanThroughBusinessCombinationsPropertyPlantEquipment,Additions,"62,070",GBP,0,,C_AB_CH_8_I,False,ok
11178390,2025-10-31,core:AdditionsOtherThanThroughBusinessCombinationsPropertyPlantEquipment,Additions,"89,310",GBP,0,,C_AB_CI_8_I,False,ok
11178390,2025-10-31,core:AdditionsOtherThanThroughBusinessCombinationsPropertyPlantEquipment,Additions,0,GBP,0,,C_AB_CJ_8_I,False,ok
11178390,2025-10-31,core:AdditionsOtherThanThroughBusinessCombinationsPropertyPlantEquipment,Additions,"1,232,447",GBP,0,,C_8_I,False,ok
11178390,2025-10-31,core:OtherDisposalsPropertyPlantEquipment,Disposals,"1,094",GBP,0,,C_AB_CD_AC_CE_8_I,False,ok
11178390,2025-10-31,core:OtherDisposalsPropertyPlantEquipment,Disposals,"1,000",GBP,0,,C_AB_CF_8_I,False,ok
11178390,2025-10-31,core:OtherDisposalsPropertyPlantEquipment,Disposals,0,GBP,0,,C_AB_CG_8_I,False,ok
11178390,2025-10-31,core:OtherDisposalsPropertyPlantEquipment,Disposals,0,GBP,0,,C_AB_CH_8_I,False,ok
11178390,2025-10-31,core:OtherDisposalsPropertyPlantEquipment,Disposals,0,GBP,0,,C_AB_CI_8_I,False,ok
11178390,2025-10-31,core:OtherDisposalsPropertyPlantEquipment,Disposals,0,GBP,0,,C_AB_CJ_8_I,False,ok
11178390,2025-10-31,core:OtherDisposalsPropertyPlantEquipment,Disposals,"2,094",GBP,0,,C_8_I,False,ok
11178390,2025-10-31,core:IncreaseDecreaseDueToTransfersIntoOrOutPropertyPlantEquipment,Transfer to investment property,"294,800",GBP,0,-,C_AB_CD_AC_CE_8_I,False,ok
11178390,2025-10-31,core:IncreaseDecreaseDueToTransfersIntoOrOutPropertyPlantEquipment,Transfer to investment property,0,GBP,0,,C_AB_CF_8_I,False,ok
11178390,2025-10-31,core:IncreaseDecreaseDueToTransfersIntoOrOutPropertyPlantEquipment,Transfer to investment property,0,GBP,0,,C_AB_CG_8_I,False,ok
11178390,2025-10-31,core:IncreaseDecreaseDueToTransfersIntoOrOutPropertyPlantEquipment,Transfer to investment property,0,GBP,0,,C_AB_CH_8_I,False,ok
11178390,2025-10-31,core:IncreaseDecreaseDueToTransfersIntoOrOutPropertyPlantEquipment,Transfer to investment property,0,GBP,0,,C_AB_CI_8_I,False,ok
11178390,2025-10-31,core:IncreaseDecreaseDueToTransfersIntoOrOutPropertyPlantEquipment,Transfer to investment property,0,GBP,0,,C_AB_CJ_8_I,False,ok
11178390,2025-10-31,core:IncreaseDecreaseDueToTransfersIntoOrOutPropertyPlantEquipment,Transfer to investment property,"294,800",GBP,0,-,C_8_I,False,ok
11178390,2025-10-31,core:PropertyPlantEquipmentGrossCost,At 31 October 2025,"4,334,566",GBP,0,,B_AB_CD_AC_CE_8_I,False,ok
11178390,2025-10-31,core:PropertyPlantEquipmentGrossCost,At 31 October 2025,"351,264",GBP,0,,B_AB_CF_8_I,False,ok
11178390,2025-10-31,core:PropertyPlantEquipmentGrossCost,At 31 October 2025,"238,207",GBP,0,,B_AB_CG_8_I,False,ok
11178390,2025-10-31,core:PropertyPlantEquipmentGrossCost,At 31 October 2025,"191,547",GBP,0,,B_AB_CH_8_I,False,ok
11178390,2025-10-31,core:PropertyPlantEquipmentGrossCost,At 31 October 2025,"430,267",GBP,0,,B_AB_CI_8_I,False,ok
11178390,2025-10-31,core:PropertyPlantEquipmentGrossCost,At 31 October 2025,"9,430",GBP,0,,B_AB_CJ_8_I,False,ok
11178390,2025-10-31,core:PropertyPlantEquipmentGrossCost,At 31 October 2025,"5,555,281",GBP,0,,B_8_I,False,ok
11178390,2024-10-31,core:AccumulatedDepreciationImpairmentPropertyPlantEquipment,At 1 November 2024,"5,681",GBP,0,,A_AB_CD_AC_CE_8_I,False,ok
11178390,2024-10-31,core:AccumulatedDepreciationImpairmentPropertyPlantEquipment,At 1 November 2024,"84,349",GBP,0,,A_AB_CF_8_I,False,ok
11178390,2024-10-31,core:AccumulatedDepreciationImpairmentPropertyPlantEquipment,At 1 November 2024,"60,578",GBP,0,,A_AB_CG_8_I,False,ok
11178390,2024-10-31,core:AccumulatedDepreciationImpairmentPropertyPlantEquipment,At 1 November 2024,"51,562",GBP,0,,A_AB_CH_8_I,False,ok
11178390,2024-10-31,core:AccumulatedDepreciationImpairmentPropertyPlantEquipment,At 1 November 2024,"80,513",GBP,0,,A_AB_CI_8_I,False,ok
11178390,2024-10-31,core:AccumulatedDepreciationImpairmentPropertyPlantEquipment,At 1 November 2024,"1,722",GBP,0,,A_AB_CJ_8_I,False,ok
11178390,2024-10-31,core:AccumulatedDepreciationImpairmentPropertyPlantEquipment,At 1 November 2024,"284,405",GBP,0,,A_8_I,False,ok
11178390,2025-10-31,core:IncreaseFromDepreciationChargeForYearPropertyPlantEquipment,Depreciation charged in the year,"43,117",GBP,0,,C_AB_CD_AC_CE_8_I,False,ok
11178390,2025-10-31,core:IncreaseFromDepreciationChargeForYearPropertyPlantEquipment,Depreciation charged in the year,"41,295",GBP,0,,C_AB_CF_8_I,False,ok
11178390,2025-10-31,core:IncreaseFromDepreciationChargeForYearPropertyPlantEquipment,Depreciation charged in the year,"30,904",GBP,0,,C_AB_CG_8_I,False,ok
11178390,2025-10-31,core:IncreaseFromDepreciationChargeForYearPropertyPlantEquipment,Depreciation charged in the year,"31,956",GBP,0,,C_AB_CH_8_I,False,ok
11178390,2025-10-31,core:IncreaseFromDepreciationChargeForYearPropertyPlantEquipment,Depreciation charged in the year,"84,939",GBP,0,,C_AB_CI_8_I,False,ok
11178390,2025-10-31,core:IncreaseFromDepreciationChargeForYearPropertyPlantEquipment,Depreciation charged in the year,771,GBP,0,,C_AB_CJ_8_I,False,ok
11178390,2025-10-31,core:IncreaseFromDepreciationChargeForYearPropertyPlantEquipment,Depreciation charged in the year,"232,982",GBP,0,,C_8_I,False,ok
11178390,2025-10-31,core:OtherDisposalsDecreaseInDepreciationImpairmentPropertyPlantEquipment,Eliminated in respect of disposals,0,GBP,0,,C_AB_CD_AC_CE_8_I,False,ok
11178390,2025-10-31,core:OtherDisposalsDecreaseInDepreciationImpairmentPropertyPlantEquipment,Eliminated in respect of disposals,133,GBP,0,,C_AB_CF_8_I,False,ok
11178390,2025-10-31,core:OtherDisposalsDecreaseInDepreciationImpairmentPropertyPlantEquipment,Eliminated in respect of disposals,0,GBP,0,,C_AB_CG_8_I,False,ok
11178390,2025-10-31,core:OtherDisposalsDecreaseInDepreciationImpairmentPropertyPlantEquipment,Eliminated in respect of disposals,0,GBP,0,,C_AB_CH_8_I,False,ok
11178390,2025-10-31,core:OtherDisposalsDecreaseInDepreciationImpairmentPropertyPlantEquipment,Eliminated in respect of disposals,0,GBP,0,,C_AB_CI_8_I,False,ok
11178390,2025-10-31,core:OtherDisposalsDecreaseInDepreciationImpairmentPropertyPlantEquipment,Eliminated in respect of disposals,0,GBP,0,,C_AB_CJ_8_I,False,ok
11178390,2025-10-31,core:OtherDisposalsDecreaseInDepreciationImpairmentPropertyPlantEquipment,Eliminated in respect of disposals,133,GBP,0,,C_8_I,False,ok
11178390,2025-10-31,core:TransfersIntoOrOutPropertyPlantEquipmentIncreaseDecreaseInDepreciationImpairment,Transfer to investment property,"5,239",GBP,0,-,C_AB_CD_AC_CE_8_I,False,ok
11178390,2025-10-31,core:TransfersIntoOrOutPropertyPlantEquipmentIncreaseDecreaseInDepreciationImpairment,Transfer to investment property,0,GBP,0,,C_AB_CF_8_I,False,ok
11178390,2025-10-31,core:TransfersIntoOrOutPropertyPlantEquipmentIncreaseDecreaseInDepreciationImpairment,Transfer to investment property,0,GBP,0,,C_AB_CG_8_I,False,ok
11178390,2025-10-31,core:TransfersIntoOrOutPropertyPlantEquipmentIncreaseDecreaseInDepreciationImpairment,Transfer to investment property,0,GBP,0,,C_AB_CH_8_I,False,ok
11178390,2025-10-31,core:TransfersIntoOrOutPropertyPlantEquipmentIncreaseDecreaseInDepreciationImpairment,Transfer to investment property,0,GBP,0,,C_AB_CI_8_I,False,ok
11178390,2025-10-31,core:TransfersIntoOrOutPropertyPlantEquipmentIncreaseDecreaseInDepreciationImpairment,Transfer to investment property,0,GBP,0,,C_AB_CJ_8_I,False,ok
11178390,2025-10-31,core:TransfersIntoOrOutPropertyPlantEquipmentIncreaseDecreaseInDepreciationImpairment,Transfer to investment property,"5,239",GBP,0,-,C_8_I,False,ok
11178390,2025-10-31,core:AccumulatedDepreciationImpairmentPropertyPlantEquipment,At 31 October 2025,"43,559",GBP,0,,B_AB_CD_AC_CE_8_I,False,ok
11178390,2025-10-31,core:AccumulatedDepreciationImpairmentPropertyPlantEquipment,At 31 October 2025,"125,511",GBP,0,,B_AB_CF_8_I,False,ok
11178390,2025-10-31,core:AccumulatedDepreciationImpairmentPropertyPlantEquipment,At 31 October 2025,"91,482",GBP,0,,B_AB_CG_8_I,False,ok
11178390,2025-10-31,core:AccumulatedDepreciationImpairmentPropertyPlantEquipment,At 31 October 2025,"83,518",GBP,0,,B_AB_CH_8_I,False,ok
11178390,2025-10-31,core:AccumulatedDepreciationImpairmentPropertyPlantEquipment,At 31 October 2025,"165,452",GBP,0,,B_AB_CI_8_I,False,ok
11178390,2025-10-31,core:AccumulatedDepreciationImpairmentPropertyPlantEquipment,At 31 October 2025,"2,493",GBP,0,,B_AB_CJ_8_I,False,ok
11178390,2025-10-31,core:AccumulatedDepreciationImpairmentPropertyPlantEquipment,At 31 October 2025,"512,015",GBP,0,,B_8_I,False,ok
11178390,2025-10-31,core:PropertyPlantEquipment,At 31 October 2025,"4,291,007",GBP,0,,B_AB_CD_AC_CE_8_I,False,ok
11178390,2025-10-31,core:PropertyPlantEquipment,At 31 October 2025,"225,753",GBP,0,,B_AB_CF_8_I,False,ok
11178390,2025-10-31,core:PropertyPlantEquipment,At 31 October 2025,"146,725",GBP,0,,B_AB_CG_8_I,False,ok
11178390,2025-10-31,core:PropertyPlantEquipment,At 31 October 2025,"108,029",GBP,0,,B_AB_CH_8_I,False,ok
11178390,2025-10-31,core:PropertyPlantEquipment,At 31 October 2025,"264,815",GBP,0,,B_AB_CI_8_I,False,ok
11178390,2025-10-31,core:PropertyPlantEquipment,At 31 October 2025,"6,937",GBP,0,,B_AB_CJ_8_I,False,ok
11178390,2025-10-31,core:PropertyPlantEquipment,At 31 October 2025,"5,043,266",GBP,0,,B_8_I,False,ok
11178390,2024-10-31,core:PropertyPlantEquipment,At 31 October 2024,"3,724,405",GBP,0,,E_AB_CD_AC_CE_8_I,False,ok
11178390,2024-10-31,core:PropertyPlantEquipment,At 31 October 2024,"172,678",GBP,0,,E_AB_CF_8_I,False,ok
11178390,2024-10-31,core:PropertyPlantEquipment,At 31 October 2024,"92,173",GBP,0,,E_AB_CG_8_I,False,ok
11178390,2024-10-31,core:PropertyPlantEquipment,At 31 October 2024,"77,915",GBP,0,,E_AB_CH_8_I,False,ok
11178390,2024-10-31,core:PropertyPlantEquipment,At 31 October 2024,"260,444",GBP,0,,E_AB_CI_8_I,False,ok
11178390,2024-10-31,core:PropertyPlantEquipment,At 31 October 2024,"7,708",GBP,0,,E_AB_CJ_8_I,False,ok
11178390,2024-10-31,core:PropertyPlantEquipment,At 31 October 2024,"4,335,323",GBP,0,,E_8_I,False,ok
11178390,2024-10-31,core:PropertyPlantEquipmentGrossCost,At 1 November 2024 and 31 October 2025,"1,416,069",GBP,0,,A_AB_CD_AC_CE,False,ok
11178390,2024-10-31,core:PropertyPlantEquipmentGrossCost,At 1 November 2024 and 31 October 2025,"35,500",GBP,0,,A_AB_CF,False,ok
11178390,2024-10-31,core:PropertyPlantEquipmentGrossCost,At 1 November 2024 and 31 October 2025,"1,451,569",GBP,0,,A,False,ok
11178390,2024-10-31,core:AccumulatedDepreciationImpairmentPropertyPlantEquipment,At 1 November 2024,0,GBP,0,,A_AB_CD_AC_CE,False,ok
11178390,2024-10-31,core:AccumulatedDepreciationImpairmentPropertyPlantEquipment,At 1 November 2024,"1,183",GBP,0,,A_AB_CF,False,ok
11178390,2024-10-31,core:AccumulatedDepreciationImpairmentPropertyPlantEquipment,At 1 November 2024,"1,183",GBP,0,,A,False,ok
11178390,2025-10-31,core:IncreaseFromDepreciationChargeForYearPropertyPlantEquipment,Depreciation charged in the year,"3,768",GBP,0,,C_AB_CD_AC_CE,False,ok
11178390,2025-10-31,core:IncreaseFromDepreciationChargeForYearPropertyPlantEquipment,Depreciation charged in the year,"7,100",GBP,0,,C_AB_CF,False,ok
11178390,2025-10-31,core:IncreaseFromDepreciationChargeForYearPropertyPlantEquipment,Depreciation charged in the year,"10,868",GBP,0,,C,False,ok
11178390,2025-10-31,core:AccumulatedDepreciationImpairmentPropertyPlantEquipment,At 31 October 2025,"3,768",GBP,0,,B_AB_CD_AC_CE,False,ok
11178390,2025-10-31,core:AccumulatedDepreciationImpairmentPropertyPlantEquipment,At 31 October 2025,"8,283",GBP,0,,B_AB_CF,False,ok
11178390,2025-10-31,core:AccumulatedDepreciationImpairmentPropertyPlantEquipment,At 31 October 2025,"12,051",GBP,0,,B,False,ok
11178390,2025-10-31,core:PropertyPlantEquipment,At 31 October 2025,"1,412,301",GBP,0,,B_AB_CD_AC_CE,False,ok
11178390,2025-10-31,core:PropertyPlantEquipment,At 31 October 2025,"27,217",GBP,0,,B_AB_CF,False,ok
11178390,2025-10-31,core:PropertyPlantEquipment,At 31 October 2025,"1,439,518",GBP,0,,B,False,ok
11178390,2024-10-31,core:PropertyPlantEquipment,At 31 October 2024,"1,416,069",GBP,0,,E_AB_CD_AC_CE,False,ok
11178390,2024-10-31,core:PropertyPlantEquipment,At 31 October 2024,"34,317",GBP,0,,E_AB_CF,False,ok
11178390,2024-10-31,core:PropertyPlantEquipment,At 31 October 2024,"1,450,386",GBP,0,,E,False,ok
11178390,2025-10-31,core:CarryingAmountUnderCostModelRevaluedAssetsPropertyPlantEquipment,Motor vehicles,"170,236",GBP,0,,B_AB_CI_8_I,False,ok
11178390,2024-10-31,core:CarryingAmountUnderCostModelRevaluedAssetsPropertyPlantEquipment,Motor vehicles,"149,792",GBP,0,,E_AB_CI_8_I,False,ok
11178390,2025-10-31,core:CarryingAmountUnderCostModelRevaluedAssetsPropertyPlantEquipment,Motor vehicles,0,GBP,0,,B_AB_CI,False,ok
11178390,2024-10-31,core:CarryingAmountUnderCostModelRevaluedAssetsPropertyPlantEquipment,Motor vehicles,0,GBP,0,,E_AB_CI,False,ok
11178390,2025-10-31,core:InvestmentsInSubsidiaries,Investments in subsidiaries,0,GBP,0,,B_8_I,False,ok
11178390,2024-10-31,core:InvestmentsInSubsidiaries,Investments in subsidiaries,0,GBP,0,,E_8_I,False,ok
11178390,2025-10-31,core:InvestmentsInSubsidiaries,Investments in subsidiaries,635,GBP,0,,B,False,ok
11178390,2024-10-31,core:InvestmentsInSubsidiaries,Investments in subsidiaries,555,GBP,0,,E,False,ok
11178390,2025-10-31,core:PercentageClassShareHeldInSubsidiary,"Riviera House, Nicholson Road, Torquay, Devon TQ2 7TD",100.00,pure,4,,C_CB_CW_CY_CT,False,ok
11178390,2025-10-31,core:PercentageClassShareHeldInSubsidiary,"Units 5-7, The Alpha Centre Osprey Road, Sowton Industrial Estate, Exeter, Devon EX2 7JG",80.00,pure,4,,C_CB_CZ_CY_DA,False,ok
11178390,2025-10-31,core:PercentageClassShareHeldInSubsidiary,"Riviera House, Nicholson Road, Torquay, Devon TQ2 7TD",95.00,pure,4,,C_CB_DB_CY_DC,False,ok
11178390,2025-10-31,core:PercentageClassShareHeldInSubsidiary,"Riviera House, Nicholson Road, Torquay, Devon TQ2 7TD",100.00,pure,4,,C_CB_DD_CY_DE,False,ok
11178390,2025-10-31,core:PercentageClassShareHeldInSubsidiary,"Riviera House, Nicholson Road, Torquay, Devon TQ2 7TD",100.00,pure,4,,C_CB_DF_CY_DG,False,ok
11178390,2025-10-31,core:FinishedGoodsGoodsForResale,Finished goods and goods for resale,"4,507,046",GBP,0,,B_8_I,False,ok
11178390,2024-10-31,core:FinishedGoodsGoodsForResale,Finished goods and goods for resale,"4,614,987",GBP,0,,E_8_I,False,ok
11178390,2025-10-31,core:FinishedGoodsGoodsForResale,Finished goods and goods for resale,0,GBP,0,,B,False,ok
11178390,2024-10-31,core:FinishedGoodsGoodsForResale,Finished goods and goods for resale,0,GBP,0,,E,False,ok
11178390,2025-10-31,core:TradeDebtorsTradeReceivables,Trade debtors,"2,275,934",GBP,0,,B_AF_AG_8_I,False,ok
11178390,2024-10-31,core:TradeDebtorsTradeReceivables,Trade debtors,"2,071,245",GBP,0,,E_AF_AG_8_I,False,ok
11178390,2025-10-31,core:TradeDebtorsTradeReceivables,Trade debtors,0,GBP,0,,B_AF_AG,False,ok
11178390,2024-10-31,core:TradeDebtorsTradeReceivables,Trade debtors,0,GBP,0,,E_AF_AG,False,ok
11178390,2025-10-31,core:CorporationTaxRecoverable,Corporation tax recoverable,"1,035",GBP,0,,B_AF_AG_8_I,False,ok
11178390,2024-10-31,core:CorporationTaxRecoverable,Corporation tax recoverable,0,GBP,0,,E_AF_AG_8_I,False,ok
11178390,2025-10-31,core:CorporationTaxRecoverable,Corporation tax recoverable,0,GBP,0,,B_AF_AG,False,ok
11178390,2024-10-31,core:CorporationTaxRecoverable,Corporation tax recoverable,0,GBP,0,,E_AF_AG,False,ok
11178390,2025-10-31,core:AmountsOwedByGroupUndertakings,Amounts owed by group undertakings,0,GBP,0,,B_AF_AG_8_I,False,ok
11178390,2024-10-31,core:AmountsOwedByGroupUndertakings,Amounts owed by group undertakings,0,GBP,0,,E_AF_AG_8_I,False,ok
11178390,2025-10-31,core:AmountsOwedByGroupUndertakings,Amounts owed by group undertakings,"1,588,570",GBP,0,,B_AF_AG,False,ok
11178390,2024-10-31,core:AmountsOwedByGroupUndertakings,Amounts owed by group undertakings,"456,151",GBP,0,,E_AF_AG,False,ok
11178390,2025-10-31,core:FurtherItemDebtorsComponentTotalDebtors,Other debtors,"38,071",GBP,0,,B_AF_AG_8_I_CS_CT,True,ok
11178390,2024-10-31,core:FurtherItemDebtorsComponentTotalDebtors,Other debtors,"53,800",GBP,0,,E_AF_AG_8_I_CS_CT,True,ok
11178390,2025-10-31,core:FurtherItemDebtorsComponentTotalDebtors,Other debtors,0,GBP,0,,B_AF_AG_CS_DA,True,ok
11178390,2024-10-31,core:FurtherItemDebtorsComponentTotalDebtors,Other debtors,"8,083",GBP,0,,E_AF_AG_CS_DA,True,ok
11178390,2025-10-31,core:PrepaymentsAccruedIncome,Prepayments and accrued income,"73,636",GBP,0,,B_AF_AG_8_I,False,ok
11178390,2024-10-31,core:PrepaymentsAccruedIncome,Prepayments and accrued income,"56,758",GBP,0,,E_AF_AG_8_I,False,ok
11178390,2025-10-31,core:PrepaymentsAccruedIncome,Prepayments and accrued income,0,GBP,0,,B_AF_AG,False,ok
11178390,2024-10-31,core:PrepaymentsAccruedIncome,Prepayments and accrued income,0,GBP,0,,E_AF_AG,False,ok
11178390,2025-10-31,core:BankBorrowingsOverdrafts,Bank loans and overdrafts,"88,211",GBP,0,,B_AK_AL_8_I,False,ok
11178390,2024-10-31,core:BankBorrowingsOverdrafts,Bank loans and overdrafts,"68,352",GBP,0,,E_AK_AL_8_I,False,ok
11178390,2025-10-31,core:BankBorrowingsOverdrafts,Bank loans and overdrafts,"39,048",GBP,0,,B_AF_AG_AK_AL,False,ok
11178390,2024-10-31,core:BankBorrowingsOverdrafts,Bank loans and overdrafts,"22,752",GBP,0,,E_AF_AG_AK_AL,False,ok
11178390,2025-10-31,core:FinanceLeaseLiabilitiesPresentValueTotal,Obligations under finance leases,"44,914",GBP,0,,B_AF_AG_8_I,True,ok
11178390,2024-10-31,core:FinanceLeaseLiabilitiesPresentValueTotal,Obligations under finance leases,"23,677",GBP,0,,E_AF_AG_8_I,True,ok
11178390,2025-10-31,core:FinanceLeaseLiabilitiesPresentValueTotal,Obligations under finance leases,0,GBP,0,,B_AF_AG,True,ok
11178390,2024-10-31,core:FinanceLeaseLiabilitiesPresentValueTotal,Obligations under finance leases,0,GBP,0,,E_AF_AG,True,ok
11178390,2025-10-31,core:TradeCreditorsTradePayables,Trade creditors,"3,543,117",GBP,0,,B_AF_AG_AK_AL_8_I,False,ok
11178390,2024-10-31,core:TradeCreditorsTradePayables,Trade creditors,"3,695,456",GBP,0,,E_AF_AG_AK_AL_8_I,False,ok
11178390,2025-10-31,core:TradeCreditorsTradePayables,Trade creditors,"23,612",GBP,0,,B_AF_AG_AK_AL,False,ok
11178390,2024-10-31,core:TradeCreditorsTradePayables,Trade creditors,"23,494",GBP,0,,E_AF_AG_AK_AL,False,ok
11178390,2025-10-31,core:AmountsOwedToGroupUndertakings,Amounts owed to group undertakings,0,GBP,0,,B_AF_AG_AK_AL_8_I,False,ok
11178390,2024-10-31,core:AmountsOwedToGroupUndertakings,Amounts owed to group undertakings,0,GBP,0,,E_AF_AG_AK_AL_8_I,False,ok
11178390,2025-10-31,core:AmountsOwedToGroupUndertakings,Amounts owed to group undertakings,"901,775",GBP,0,,B_AF_AG_AK_AL,False,ok
11178390,2024-10-31,core:AmountsOwedToGroupUndertakings,Amounts owed to group undertakings,"15,931",GBP,0,,E_AF_AG_AK_AL,False,ok
11178390,2025-10-31,core:CorporationTaxPayable,Corporation tax payable,"295,695",GBP,0,,B_AF_AG_8_I,False,ok
11178390,2024-10-31,core:CorporationTaxPayable,Corporation tax payable,"313,061",GBP,0,,E_AF_AG_8_I,False,ok
11178390,2025-10-31,core:CorporationTaxPayable,Corporation tax payable,"3,422",GBP,0,,B_AF_AG,False,ok
11178390,2024-10-31,core:CorporationTaxPayable,Corporation tax payable,0,GBP,0,,E_AF_AG,False,ok
11178390,2025-10-31,core:OtherTaxationSocialSecurityPayable,Other taxation and social security,"687,793",GBP,0,,B_AF_AG_8_I,False,ok
11178390,2024-10-31,core:OtherTaxationSocialSecurityPayable,Other taxation and social security,"864,592",GBP,0,,E_AF_AG_8_I,False,ok
11178390,2025-10-31,core:OtherTaxationSocialSecurityPayable,Other taxation and social security,"6,996",GBP,0,,B_AF_AG,False,ok
11178390,2024-10-31,core:OtherTaxationSocialSecurityPayable,Other taxation and social security,0,GBP,0,,E_AF_AG,False,ok
11178390,2025-10-31,core:OtherCreditors,Other creditors,"428,244",GBP,0,,B_AF_AG_8_I,False,ok
11178390,2024-10-31,core:OtherCreditors,Other creditors,"451,629",GBP,0,,E_AF_AG_8_I,False,ok
11178390,2025-10-31,core:OtherCreditors,Other creditors,"292,863",GBP,0,,B_AF_AG,False,ok
11178390,2024-10-31,core:OtherCreditors,Other creditors,"255,252",GBP,0,,E_AF_AG,False,ok
11178390,2025-10-31,core:AccruedLiabilitiesDeferredIncome,Accruals and deferred income,"66,570",GBP,0,,B_AF_AG_AK_AL_8_I,False,ok
11178390,2024-10-31,core:AccruedLiabilitiesDeferredIncome,Accruals and deferred income,"82,898",GBP,0,,E_AF_AG_AK_AL_8_I,False,ok
11178390,2025-10-31,core:AccruedLiabilitiesDeferredIncome,Accruals and deferred income,"9,800",GBP,0,,B_AF_AG_AK_AL,False,ok
11178390,2024-10-31,core:AccruedLiabilitiesDeferredIncome,Accruals and deferred income,"17,901",GBP,0,,E_AF_AG_AK_AL,False,ok
11178390,2025-10-31,core:Creditors,Accruals and deferred income,"5,154,544",GBP,0,,B_AF_AG_AK_AL_8_I,False,ok
11178390,2024-10-31,core:Creditors,Accruals and deferred income,"5,499,665",GBP,0,,E_AF_AG_AK_AL_8_I,False,ok
11178390,2025-10-31,core:Creditors,Accruals and deferred income,"1,277,516",GBP,0,,B_AF_AG_AK_AL,False,ok
11178390,2024-10-31,core:Creditors,Accruals and deferred income,"335,330",GBP,0,,E_AF_AG_AK_AL,False,ok
11178390,2025-10-31,core:BankBorrowingsOverdrafts,Bank loans and overdrafts,"1,706,899",GBP,0,,B_AF_BP_AK_BQ_8_I,False,ok
11178390,2024-10-31,core:BankBorrowingsOverdrafts,Bank loans and overdrafts,"1,782,208",GBP,0,,E_AF_BP_AK_BQ_8_I,False,ok
11178390,2025-10-31,core:BankBorrowingsOverdrafts,Bank loans and overdrafts,"719,785",GBP,0,,B_AF_BP_AK_BQ,False,ok
11178390,2024-10-31,core:BankBorrowingsOverdrafts,Bank loans and overdrafts,"758,253",GBP,0,,E_AF_BP_AK_BQ,False,ok
11178390,2025-10-31,core:FinanceLeaseLiabilitiesPresentValueTotal,Obligations under finance leases,"107,839",GBP,0,,B_AF_BP_8_I,True,ok
11178390,2024-10-31,core:FinanceLeaseLiabilitiesPresentValueTotal,Obligations under finance leases,"111,873",GBP,0,,E_AF_BP_8_I,True,ok
11178390,2025-10-31,core:FinanceLeaseLiabilitiesPresentValueTotal,Obligations under finance leases,0,GBP,0,,B_AF_BP,True,ok
11178390,2024-10-31,core:FinanceLeaseLiabilitiesPresentValueTotal,Obligations under finance leases,0,GBP,0,,E_AF_BP,True,ok
11178390,2025-10-31,core:BankBorrowings,Bank loans,"1,781,966",GBP,0,,B_8_I,False,ok
11178390,2024-10-31,core:BankBorrowings,Bank loans,"1,836,785",GBP,0,,E_8_I,False,ok
11178390,2025-10-31,core:BankBorrowings,Bank loans,"758,833",GBP,0,,B,False,ok
11178390,2024-10-31,core:BankBorrowings,Bank loans,"781,005",GBP,0,,E,False,ok
11178390,2025-10-31,core:BankOverdrafts,Bank overdrafts,"13,144",GBP,0,,B_8_I,False,ok
11178390,2024-10-31,core:BankOverdrafts,Bank overdrafts,"13,775",GBP,0,,E_8_I,False,ok
11178390,2025-10-31,core:BankOverdrafts,Bank overdrafts,0,GBP,0,,B,False,ok
11178390,2024-10-31,core:BankOverdrafts,Bank overdrafts,0,GBP,0,,E,False,ok
11178390,2025-10-31,core:TotalBorrowings,Payable within one year,"88,211",GBP,0,,B_AK_AL_8_I,True,ok
11178390,2024-10-31,core:TotalBorrowings,Payable within one year,"68,352",GBP,0,,E_AK_AL_8_I,True,ok
11178390,2025-10-31,core:TotalBorrowings,Payable within one year,"39,048",GBP,0,,B_AF_AG_AK_AL,True,ok
11178390,2024-10-31,core:TotalBorrowings,Payable within one year,"22,752",GBP,0,,E_AF_AG_AK_AL,True,ok
11178390,2025-10-31,core:TotalBorrowings,Payable after one year,"1,706,899",GBP,0,,B_AF_BP_AK_BQ_8_I,True,ok
11178390,2024-10-31,core:TotalBorrowings,Payable after one year,"1,782,208",GBP,0,,E_AF_BP_AK_BQ_8_I,True,ok
11178390,2025-10-31,core:TotalBorrowings,Payable after one year,"719,785",GBP,0,,B_AF_BP_AK_BQ,True,ok
11178390,2024-10-31,core:TotalBorrowings,Payable after one year,"758,253",GBP,0,,E_AF_BP_AK_BQ,True,ok
11178390,2025-10-31,core:FinanceLeaseLiabilitiesPresentValueTotal,Current liabilities,"44,914",GBP,0,,B_AF_AG_8_I,True,ok
11178390,2024-10-31,core:FinanceLeaseLiabilitiesPresentValueTotal,Current liabilities,"23,677",GBP,0,,E_AF_AG_8_I,True,ok
11178390,2025-10-31,core:FinanceLeaseLiabilitiesPresentValueTotal,Current liabilities,0,GBP,0,,B_AF_AG,True,ok
11178390,2024-10-31,core:FinanceLeaseLiabilitiesPresentValueTotal,Current liabilities,0,GBP,0,,E_AF_AG,True,ok
11178390,2025-10-31,core:FinanceLeaseLiabilitiesPresentValueTotal,Non-current liabilities,"107,839",GBP,0,,B_AF_BP_8_I,True,ok
11178390,2024-10-31,core:FinanceLeaseLiabilitiesPresentValueTotal,Non-current liabilities,"111,873",GBP,0,,E_AF_BP_8_I,True,ok
11178390,2025-10-31,core:FinanceLeaseLiabilitiesPresentValueTotal,Non-current liabilities,0,GBP,0,,B_AF_BP,True,ok
11178390,2024-10-31,core:FinanceLeaseLiabilitiesPresentValueTotal,Non-current liabilities,0,GBP,0,,E_AF_BP,True,ok
11178390,2024-10-31,core:FinanceLeasePaymentsOwingMinimumGross,"51,932","31,073",GBP,0,,E_AK_AL_8_I,False,ok
11178390,2025-10-31,core:FinanceLeasePaymentsOwingMinimumGross,"51,932",0,GBP,0,,B_AK_AL,False,ok
11178390,2024-10-31,core:FinanceLeasePaymentsOwingMinimumGross,"51,932",0,GBP,0,,E_AK_AL,False,ok
11178390,2024-10-31,core:FinanceLeasePaymentsOwingMinimumGross,"110,268","118,744",GBP,0,,E_AK_DI_8_I,False,ok
11178390,2025-10-31,core:FinanceLeasePaymentsOwingMinimumGross,"110,268",0,GBP,0,,B_AK_DI,False,ok
11178390,2024-10-31,core:FinanceLeasePaymentsOwingMinimumGross,"110,268",0,GBP,0,,E_AK_DI,False,ok
11178390,2024-10-31,core:FutureFinanceChargesOnFinanceLeases,"(9,447)","14,267",GBP,0,,E_8_I,False,ok
11178390,2025-10-31,core:FutureFinanceChargesOnFinanceLeases,"(9,447)",0,GBP,0,,B,False,ok
11178390,2024-10-31,core:FutureFinanceChargesOnFinanceLeases,"(9,447)",0,GBP,0,,E,False,ok
11178390,2025-10-31,core:FinanceLeaseLiabilitiesPresentValueTotal,"135,550",0,GBP,0,,B,True,ok
11178390,2024-10-31,core:FinanceLeaseLiabilitiesPresentValueTotal,"135,550",0,GBP,0,,E,True,ok
11178390,2025-10-31,core:Equity,At the beginning and end of the year,"39,980",GBP,0,,B_U_BS_8_I,True,ok
11178390,2024-10-31,core:Equity,At the beginning and end of the year,"39,980",GBP,0,,E_U_BS_8_I,True,ok
11178390,2025-10-31,core:Equity,At the beginning and end of the year,0,GBP,0,,B_U_BS,True,ok
11178390,2024-10-31,core:Equity,At the beginning and end of the year,0,GBP,0,,E_U_BS,True,ok
11178390,2025-10-31,core:TaxTaxCreditOnProfitOrLossOnOrdinaryActivities,Taxation charged,"851,294",GBP,0,,C_8_I,False,ok
11178390,2024-10-31,core:TaxTaxCreditOnProfitOrLossOnOrdinaryActivities,Taxation charged,"570,676",GBP,0,,F_8_I,False,ok
11178390,2025-10-31,core:InterestPayableSimilarChargesFinanceCosts,Finance costs,"126,717",GBP,0,,C_8_I,False,ok
11178390,2024-10-31,core:InterestPayableSimilarChargesFinanceCosts,Finance costs,"135,866",GBP,0,,F_8_I,False,ok
11178390,2025-10-31,core:NetFinanceIncomeCosts,Investment income,"1,859",GBP,0,,C_8_I,False,ok
11178390,2024-10-31,core:NetFinanceIncomeCosts,Investment income,"5,654",GBP,0,,F_8_I,False,ok
11178390,2025-10-31,core:GainLossFromSalesInvestmentPropertiesRecognisedInProfitOrLoss,Fair value gain on investment properties,"7,939",GBP,0,,C,False,ok
11178390,2024-10-31,core:GainLossFromSalesInvestmentPropertiesRecognisedInProfitOrLoss,Fair value gain on investment properties,0,GBP,0,,F,False,ok
11178390,2025-10-31,core:TaxTaxCreditOnProfitOrLossOnOrdinaryActivities,Taxation charged,"1,647",GBP,0,,C,False,ok
11178390,2024-10-31,core:TaxTaxCreditOnProfitOrLossOnOrdinaryActivities,Taxation charged,"8,579",GBP,0,,F,False,ok
11178390,2025-10-31,core:InterestPayableSimilarChargesFinanceCosts,Finance costs,"44,009",GBP,0,,C,False,ok
11178390,2024-10-31,core:InterestPayableSimilarChargesFinanceCosts,Finance costs,"69,028",GBP,0,,F,False,ok
11178390,2025-10-31,core:NetFinanceIncomeCosts,Investment income,"496,000",GBP,0,,C,False,ok
11178390,2024-10-31,core:NetFinanceIncomeCosts,Investment income,"450,000",GBP,0,,F,False,ok
11178390,2024-10-31,core:BankOverdrafts,Bank overdrafts,"13,775",GBP,0,,E_8_I,False,ok
11178390,2025-10-31,core:BankOverdrafts,Bank overdrafts,"13,144",GBP,0,,B_8_I,False,ok
13984507,2023-12-31,core:Equity,"767,077","887,940",GBP,0,-,D_P_Q,True,ok
13984507,2025-12-31,core:CostSales,Cost of sales,"28,496,265",GBP,0,,C_4_W,False,ok
13984507,2024-12-31,core:CostSales,Cost of sales,"19,038,635",GBP,0,,F_4_W,False,ok
13984507,2025-12-31,core:AdministrativeExpenses,Administrative expenses,"11,528,311",GBP,0,,C_4_W,False,ok
13984507,2024-12-31,core:AdministrativeExpenses,Administrative expenses,"8,025,124",GBP,0,,F_4_W,False,ok
13984507,2025-12-31,core:OtherOperatingIncomeFormat1,Other operating income,"126,090",GBP,0,,C_4_W,False,ok
13984507,2024-12-31,core:OtherOperatingIncomeFormat1,Other operating income,"3,903",GBP,0,,F_4_W,False,ok
13984507,2025-12-31,core:FurtherItemOperatingIncomeGainIncomeStatementItemComponentOperatingProfitLoss,Property related restructuring income,0,GBP,0,,C_4_W_AH_AI,False,ok
13984507,2024-12-31,core:FurtherItemOperatingIncomeGainIncomeStatementItemComponentOperatingProfitLoss,Property related restructuring income,"216,298",GBP,0,,F_4_W_AH_AI,False,ok
13984507,2025-12-31,core:OtherInterestReceivableSimilarIncomeFinanceIncome,Interest receivable and similar income,"38,650",GBP,0,,C_4_W,False,ok
13984507,2024-12-31,core:OtherInterestReceivableSimilarIncomeFinanceIncome,Interest receivable and similar income,"49,127",GBP,0,,F_4_W,False,ok
13984507,2025-12-31,core:InterestPayableSimilarChargesFinanceCosts,Interest payable and similar expenses,"4,530,396",GBP,0,,C_4_W,False,ok
13984507,2024-12-31,core:InterestPayableSimilarChargesFinanceCosts,Interest payable and similar expenses,"3,167,617",GBP,0,,F_4_W,False,ok
13984507,2025-12-31,core:ProfitLossOnOrdinaryActivitiesBeforeTax,Loss before taxation,"1,750,198",GBP,0,-,C_4_W,False,ok
13984507,2024-12-31,core:ProfitLossOnOrdinaryActivitiesBeforeTax,Loss before taxation,"3,553,823",GBP,0,-,F_4_W,False,ok
13984507,2025-12-31,core:TaxTaxCreditOnProfitOrLossOnOrdinaryActivities,Tax on loss,"4,543,211",GBP,0,-,C_4_W,False,ok
13984507,2024-12-31,core:TaxTaxCreditOnProfitOrLossOnOrdinaryActivities,Tax on loss,"163,213",GBP,0,,F_4_W,False,ok
13984507,2025-12-31,core:ProfitLoss,Profit/(loss) for the financial year,"2,793,013",GBP,0,,C_4_W,False,ok
13984507,2024-12-31,core:ProfitLoss,Profit/(loss) for the financial year,"3,717,036",GBP,0,-,F_4_W,False,ok
13984507,2025-12-31,core:ProfitLoss,"5,006","2,793,013",GBP,0,,C_4_W,False,ok
13984507,2024-12-31,core:ProfitLoss,"5,006","3,717,036",GBP,0,-,F_4_W,False,ok
13984507,2025-12-31,core:ComprehensiveIncomeExpenseAttributableToOwnersParent,- Owners of the parent company,"2,793,013",GBP,0,,C_4_W,False,ok
13984507,2024-12-31,core:ComprehensiveIncomeExpenseAttributableToOwnersParent,- Owners of the parent company,"3,722,042",GBP,0,-,F_4_W,False,ok
13984507,2025-12-31,core:ComprehensiveIncomeExpenseAttributableToNon-controllingInterests,- Non-controlling interests,0,GBP,0,,C_4_W,False,ok
13984507,2024-12-31,core:ComprehensiveIncomeExpenseAttributableToNon-controllingInterests,- Non-controlling interests,"5,006",GBP,0,,F,False,ok
13984507,2025-12-31,core:ComprehensiveIncomeExpense,- Non-controlling interests,"2,793,013",GBP,0,,C_4_W,False,ok
13984507,2024-12-31,core:ComprehensiveIncomeExpense,- Non-controlling interests,"3,717,036",GBP,0,-,F_4_W,False,ok
13984507,2025-12-31,core:IntangibleAssets,Goodwill,"31,702,083",GBP,0,,B_AK_AL_4_W,False,ok
13984507,2024-12-31,core:IntangibleAssets,Goodwill,"18,425,091",GBP,0,,E_AK_AL_4_W,False,ok
13984507,2025-12-31,core:IntangibleAssets,Other intangible assets,"41,614",GBP,0,,B_AK_AP_4_W,False,ok
13984507,2024-12-31,core:IntangibleAssets,Other intangible assets,"55,485",GBP,0,,E_AK_AP_4_W,False,ok
13984507,2025-12-31,core:IntangibleAssets,Total intangible assets,"31,743,697",GBP,0,,B_4_W,False,ok
13984507,2024-12-31,core:IntangibleAssets,Total intangible assets,"18,480,576",GBP,0,,E_4_W,False,ok
13984507,2025-12-31,core:PropertyPlantEquipment,Tangible assets,"9,985,520",GBP,0,,B_4_W,False,ok
13984507,2024-12-31,core:PropertyPlantEquipment,Tangible assets,"8,907,223",GBP,0,,E_4_W,False,ok
13984507,2025-12-31,core:TotalAssetsLessCurrentLiabilities,Tangible assets,"41,729,217",GBP,0,,B_4_W,True,ok
13984507,2024-12-31,core:TotalAssetsLessCurrentLiabilities,Tangible assets,"27,387,799",GBP,0,,E_4_W,True,ok
13984507,2025-12-31,core:Debtors,Debtors falling due after more than one year,"4,489,044",GBP,0,,B_AW_AX_4_W,False,ok
13984507,2024-12-31,core:Debtors,Debtors falling due after more than one year,0,GBP,0,,E_AW_AX_4_W,False,ok
13984507,2025-12-31,core:Debtors,Debtors falling due within one year,"1,804,367",GBP,0,,B_AS_BE_AW_BF_4_W,False,ok
13984507,2024-12-31,core:Debtors,Debtors falling due within one year,"1,227,807",GBP,0,,E_AS_BE_4_W,False,ok
13984507,2025-12-31,core:CashBankOnHand,Cash at bank and in hand,"6,771,003",GBP,0,,B_4_W,False,ok
13984507,2024-12-31,core:CashBankOnHand,Cash at bank and in hand,"4,227,608",GBP,0,,E_4_W,False,ok
13984507,2025-12-31,core:OtherProvisionsBalanceSheetSubtotal,Provisions,"643,521",GBP,0,,B_4_W,False,ok
13984507,2024-12-31,core:OtherProvisionsBalanceSheetSubtotal,Provisions,"542,664",GBP,0,,E_4_W,False,ok
13984507,2025-12-31,core:TaxationIncludingDeferredTaxationBalanceSheetSubtotal,Deferred tax liability,"102,204",GBP,0,,B_4_W,False,ok
13984507,2024-12-31,core:TaxationIncludingDeferredTaxationBalanceSheetSubtotal,Deferred tax liability,"53,178",GBP,0,,E_4_W,False,ok
13984507,2025-12-31,core:NetAssetsLiabilities,Net liabilities,"12,618,664",GBP,0,-,B_4_W,True,ok
13984507,2024-12-31,core:NetAssetsLiabilities,Net liabilities,"15,412,959",GBP,0,-,E_4_W,True,ok
13984507,2025-12-31,core:Equity,Called up share capital,10,GBP,0,,B_P_CD_4_W,True,ok
13984507,2024-12-31,core:Equity,Called up share capital,10,GBP,0,,E_P_CD_4_W,True,ok
13984507,2025-12-31,core:Equity,Share premium account,"34,872",GBP,0,,B_P_CE_4_W,True,ok
13984507,2024-12-31,core:Equity,Share premium account,"33,590",GBP,0,,E_P_CE_4_W,True,ok
13984507,2025-12-31,core:Equity,Profit and loss reserves,"12,653,546",GBP,0,-,B_P_CF_4_W,True,ok
13984507,2024-12-31,core:Equity,Profit and loss reserves,"15,451,565",GBP,0,-,E_P_CF_4_W,True,ok
13984507,2025-12-31,core:Equity,Non-controlling interests,0,GBP,0,,B_P_CG_4_W,True,ok
13984507,2024-12-31,core:Equity,Non-controlling interests,"5,006",GBP,0,,E_P_CG_4_W,True,ok
13984507,2025-12-31,core:InvestmentsFixedAssets,Investments,100,GBP,0,,B,False,ok
13984507,2024-12-31,core:InvestmentsFixedAssets,Investments,100,GBP,0,,E,False,ok
13984507,2025-12-31,core:Debtors,Debtors,0,GBP,0,,B,False,ok
13984507,2024-12-31,core:Debtors,Debtors,"29,931",GBP,0,,E,False,ok
13984507,2025-12-31,core:NetCurrentAssetsLiabilities,Net current liabilities,"82,000",GBP,0,-,B,True,ok
13984507,2024-12-31,core:NetCurrentAssetsLiabilities,Net current liabilities,"25,633",GBP,0,-,E,True,ok
13984507,2025-12-31,core:TotalAssetsLessCurrentLiabilities,Net liabilities,"81,900",GBP,0,-,B,True,ok
13984507,2024-12-31,core:TotalAssetsLessCurrentLiabilities,Net liabilities,"25,533",GBP,0,-,E,True,ok
13984507,2025-12-31,core:Equity,Called up share capital,10,GBP,0,,B_P_CD,True,ok
13984507,2024-12-31,core:Equity,Called up share capital,10,GBP,0,,E_P_CD,True,ok
13984507,2025-12-31,core:Equity,Share premium account,"34,872",GBP,0,,B_P_CE,True,ok
13984507,2024-12-31,core:Equity,Share premium account,"33,590",GBP,0,,E_P_CE,True,ok
13984507,2025-12-31,core:Equity,Profit and loss reserves,"116,782",GBP,0,-,B_P_CF,True,ok
13984507,2024-12-31,core:Equity,Profit and loss reserves,"59,133",GBP,0,-,E_P_CF,True,ok
13984507,2025-12-31,core:Equity,Total equity,"81,900",GBP,0,-,B,True,ok
13984507,2024-12-31,core:Equity,Total equity,"25,533",GBP,0,-,E,True,ok
13984507,2023-12-31,core:Equity,Balance at 1 January 2024,10,GBP,0,,D_P_CD_4_W,True,ok
13984507,2023-12-31,core:Equity,Balance at 1 January 2024,"30,145",GBP,0,,D_P_CE_4_W,True,ok
13984507,2023-12-31,core:Equity,Balance at 1 January 2024,"11,729,523",GBP,0,-,D_P_CF_4_W,True,ok
13984507,2024-12-31,core:IssueEquityInstruments,Issue of share capital,0,GBP,0,,F_P_CD_4_W,False,ok
13984507,2024-12-31,core:IssueEquityInstruments,Issue of share capital,"3,445",GBP,0,,F_P_CE_4_W,False,ok
13984507,2024-12-31,core:IssueEquityInstruments,Issue of share capital,"3,445",GBP,0,,F_4_W,False,ok
13984507,2024-12-31,core:Equity,Balance at 31 December 2024,10,GBP,0,,E_P_CD_4_W,True,ok
13984507,2024-12-31,core:Equity,Balance at 31 December 2024,"33,590",GBP,0,,E_P_CE_4_W,True,ok
13984507,2024-12-31,core:Equity,Balance at 31 December 2024,"15,451,565",GBP,0,-,E_P_CF_4_W,True,ok
13984507,2024-12-31,core:Equity,Balance at 31 December 2024,"15,417,965",GBP,0,-,E_P_FC_4_W,True,ok
13984507,2024-12-31,core:Equity,Balance at 31 December 2024,"5,006",GBP,0,,E_P_CG_4_W,True,ok
13984507,2024-12-31,core:Equity,Balance at 31 December 2024,"15,412,959",GBP,0,-,E_4_W,True,ok
13984507,2025-12-31,core:ProfitLoss,"2,793,013","2,793,013",GBP,0,,C_4_W,False,ok
13984507,2025-12-31,core:IssueEquityInstruments,Issue of share capital,0,GBP,0,,C_P_CD_4_W,False,ok
13984507,2025-12-31,core:IssueEquityInstruments,Issue of share capital,"1,282",GBP,0,,C_P_CE_4_W,False,ok
13984507,2025-12-31,core:IssueEquityInstruments,Issue of share capital,"1,282",GBP,0,,C_4_W,False,ok
13984507,2025-12-31,core:Equity,Balance at 31 December 2025,10,GBP,0,,B_P_CD_4_W,True,ok
13984507,2025-12-31,core:Equity,Balance at 31 December 2025,"34,872",GBP,0,,B_P_CE_4_W,True,ok
13984507,2025-12-31,core:Equity,Balance at 31 December 2025,"12,653,546",GBP,0,-,B_P_CF_4_W,True,ok
13984507,2025-12-31,core:Equity,Balance at 31 December 2025,"12,618,664",GBP,0,-,B_4_W,True,ok
13984507,2025-12-31,core:Equity,Balance at 31 December 2025,0,GBP,0,,B_P_CG_4_W,True,ok
13984507,2025-12-31,core:Equity,Balance at 31 December 2025,"12,618,664",GBP,0,-,B_4_W,True,ok
13984507,2023-12-31,core:Equity,Balance at 1 January 2024,10,GBP,0,,D_P_CD,True,ok
13984507,2023-12-31,core:Equity,Balance at 1 January 2024,"30,145",GBP,0,,D_P_CE,True,ok
13984507,2023-12-31,core:Equity,Balance at 1 January 2024,"39,579",GBP,0,-,D_P_CF,True,ok
13984507,2024-12-31,core:ProfitLoss,"(19,554)","19,554",GBP,0,-,F,False,ok
13984507,2024-12-31,core:IssueEquityInstruments,Issue of share capital,0,GBP,0,,F_P_CD,False,ok
13984507,2024-12-31,core:IssueEquityInstruments,Issue of share capital,"3,445",GBP,0,,F_P_CE,False,ok
13984507,2024-12-31,core:IssueEquityInstruments,Issue of share capital,"3,445",GBP,0,,F,False,ok
13984507,2024-12-31,core:Equity,Balance at 31 December 2024,10,GBP,0,,E_P_CD,True,ok
13984507,2024-12-31,core:Equity,Balance at 31 December 2024,"33,590",GBP,0,,E_P_CE,True,ok
13984507,2024-12-31,core:Equity,Balance at 31 December 2024,"59,133",GBP,0,-,E_P_CF,True,ok
13984507,2024-12-31,core:Equity,Balance at 31 December 2024,"25,533",GBP,0,-,E,True,ok
13984507,2025-12-31,core:ProfitLoss,"(57,649)","57,649",GBP,0,-,C,False,ok
13984507,2025-12-31,core:IssueEquityInstruments,Issue of share capital,0,GBP,0,,C_P_CD,False,ok
13984507,2025-12-31,core:IssueEquityInstruments,Issue of share capital,"1,282",GBP,0,,C_P_CE,False,ok
13984507,2025-12-31,core:IssueEquityInstruments,Issue of share capital,"1,282",GBP,0,,C,False,ok
13984507,2025-12-31,core:Equity,Balance at 31 December 2025,10,GBP,0,,B_P_CD,True,ok
13984507,2025-12-31,core:Equity,Balance at 31 December 2025,"34,872",GBP,0,,B_P_CE,True,ok
13984507,2025-12-31,core:Equity,Balance at 31 December 2025,"116,782",GBP,0,-,B_P_CF,True,ok
13984507,2025-12-31,core:Equity,Balance at 31 December 2025,"81,900",GBP,0,-,B,True,ok
13984507,2025-12-31,core:NetCashGeneratedFromOperations,Cash generated from operations,"9,423,645",GBP,0,-,C_4_W,False,ok
13984507,2024-12-31,core:InterestReceivedClassifiedAsInvestingActivities,"38,400","49,127",GBP,0,-,F_4_W,False,ok
13984507,2024-12-31,core:CashCashEquivalents,Cash and cash equivalents at beginning of year,"4,227,608",GBP,0,,E_4_W,False,ok
13984507,2023-12-31,core:CashCashEquivalents,Cash and cash equivalents at beginning of year,"1,291,904",GBP,0,,D_4_W,False,ok
13984507,2025-12-31,core:CashCashEquivalents,Cash and cash equivalents at end of year,"6,771,003",GBP,0,,B_4_W,False,ok
13984507,2024-12-31,core:CashCashEquivalents,Cash and cash equivalents at end of year,"4,227,608",GBP,0,,E_4_W,False,ok
13984507,2025-12-31,core:AverageNumberEmployeesDuringPeriod,Total,"1,187",pure,2,,C_4_W,False,ok
13984507,2024-12-31,core:AverageNumberEmployeesDuringPeriod,Total,814,pure,2,,F_4_W,False,ok
13984507,2025-12-31,core:AverageNumberEmployeesDuringPeriod,Total,9,pure,2,,C,False,ok
13984507,2024-12-31,core:AverageNumberEmployeesDuringPeriod,Total,9,pure,2,,F,False,ok
13984507,2025-12-31,core:WagesSalaries,Wages and salaries,"22,208,596",GBP,0,,C_4_W,False,ok
13984507,2024-12-31,core:WagesSalaries,Wages and salaries,"15,433,698",GBP,0,,F_4_W,False,ok
13984507,2025-12-31,core:WagesSalaries,Wages and salaries,0,GBP,0,,C,False,ok
13984507,2024-12-31,core:WagesSalaries,Wages and salaries,0,GBP,0,,F,False,ok
13984507,2025-12-31,core:PensionOtherPost-employmentBenefitCostsOtherPensionCosts,Pension costs,"551,470",GBP,0,,C_4_W,False,ok
13984507,2024-12-31,core:PensionOtherPost-employmentBenefitCostsOtherPensionCosts,Pension costs,"379,038",GBP,0,,F_4_W,False,ok
13984507,2025-12-31,core:PensionOtherPost-employmentBenefitCostsOtherPensionCosts,Pension costs,0,GBP,0,,C,False,ok
13984507,2024-12-31,core:PensionOtherPost-employmentBenefitCostsOtherPensionCosts,Pension costs,0,GBP,0,,F,False,ok
13984507,2025-12-31,core:StaffCostsEmployeeBenefitsExpense,Pension costs,"24,822,845",GBP,0,,C_4_W,False,ok
13984507,2024-12-31,core:StaffCostsEmployeeBenefitsExpense,Pension costs,"16,905,153",GBP,0,,F_4_W,False,ok
13984507,2025-12-31,core:StaffCostsEmployeeBenefitsExpense,Pension costs,0,GBP,0,,C,False,ok
13984507,2024-12-31,core:StaffCostsEmployeeBenefitsExpense,Pension costs,0,GBP,0,,F,False,ok
13984507,2025-12-31,core:InterestIncomeOnBankDeposits,Interest on bank deposits,"38,400",GBP,0,,C_4_W,False,ok
13984507,2024-12-31,core:InterestIncomeOnBankDeposits,Interest on bank deposits,"49,127",GBP,0,,F_4_W,False,ok
13984507,2025-12-31,core:NetFinanceIncomeCosts,Total income,"38,650",GBP,0,,C_4_W,False,ok
13984507,2024-12-31,core:NetFinanceIncomeCosts,Total income,"49,127",GBP,0,,F_4_W,False,ok
13984507,2025-12-31,core:InterestPayableSimilarChargesFinanceCosts,Total finance costs,"4,530,396",GBP,0,,C_4_W,False,ok
13984507,2024-12-31,core:InterestPayableSimilarChargesFinanceCosts,Total finance costs,"3,167,617",GBP,0,,F_4_W,False,ok
13984507,2025-12-31,core:CurrentTaxForPeriod,UK corporation tax on profits for the current period,0,GBP,0,,C_AJ_CX_4_W,False,ok
13984507,2024-12-31,core:CurrentTaxForPeriod,UK corporation tax on profits for the current period,"163,213",GBP,0,,F_AJ_CX_4_W,False,ok
13984507,2025-12-31,core:IncreaseDecreaseInCurrentTaxFromAdjustmentForPriorPeriods,Adjustments in respect of prior periods,"39,175",GBP,0,-,C_AJ_CX_4_W,False,ok
13984507,2024-12-31,core:IncreaseDecreaseInCurrentTaxFromAdjustmentForPriorPeriods,Adjustments in respect of prior periods,0,GBP,0,,F_AJ_CX_4_W,False,ok
13984507,2025-12-31,core:TotalCurrentTaxExpenseCredit,Total current tax,"39,175",GBP,0,-,C_4_W,True,ok
13984507,2024-12-31,core:TotalCurrentTaxExpenseCredit,Total current tax,"163,213",GBP,0,,F_4_W,True,ok
13984507,2025-12-31,core:DeferredTaxExpenseCreditRelatingToOriginationReversalTimingDifferences,Origination and reversal of timing differences,"4,504,036",GBP,0,-,C_4_W,False,ok
13984507,2024-12-31,core:DeferredTaxExpenseCreditRelatingToOriginationReversalTimingDifferences,Origination and reversal of timing differences,0,GBP,0,,F_4_W,False,ok
13984507,2025-12-31,core:TaxTaxCreditOnProfitOrLossOnOrdinaryActivities,Total tax (credit)/charge,"4,543,211",GBP,0,-,C_4_W,False,ok
13984507,2024-12-31,core:TaxTaxCreditOnProfitOrLossOnOrdinaryActivities,Total tax (credit)/charge,"163,213",GBP,0,,F_4_W,False,ok
13984507,2025-12-31,core:TaxIncreaseDecreaseFromEffectExpensesNotDeductibleInDeterminingTaxableProfitOrLoss,Tax effect of expenses that are not deductible in determining taxable profit,"1,406,418",GBP,0,,C_4_W,False,ok
13984507,2024-12-31,core:TaxIncreaseDecreaseFromEffectExpensesNotDeductibleInDeterminingTaxableProfitOrLoss,Tax effect of expenses that are not deductible in determining taxable profit,"602,242",GBP,0,,F_4_W,False,ok
13984507,2025-12-31,core:TaxDecreaseIncreaseFromEffectRevenueExemptFromTaxation,Tax effect of income not taxable in determining taxable profit,63,GBP,0,,C_4_W,False,ok
13984507,2024-12-31,core:TaxDecreaseIncreaseFromEffectRevenueExemptFromTaxation,Tax effect of income not taxable in determining taxable profit,0,GBP,0,,F_4_W,False,ok
13984507,2025-12-31,core:IncreaseDecreaseInCurrentTaxFromAdjustmentForPriorPeriods,Adjustments in respect of prior years,"36,215",GBP,0,-,C_4_W,False,ok
13984507,2024-12-31,core:IncreaseDecreaseInCurrentTaxFromAdjustmentForPriorPeriods,Adjustments in respect of prior years,"5,024",GBP,0,,F_4_W,False,ok
13984507,2025-12-31,core:FurtherItemTaxIncreaseDecreaseComponentAdjustingItems,Other permanent differences,0,GBP,0,,C_4_W_AH_AI,False,ok
13984507,2024-12-31,core:FurtherItemTaxIncreaseDecreaseComponentAdjustingItems,Other permanent differences,"4,278",GBP,0,,F_4_W_AH_AI,False,ok
13984507,2025-12-31,core:FurtherItemTaxIncreaseDecreaseComponentAdjustingItems,Fixed asset differences,"226,967",GBP,0,,C_4_W_AH_CY,False,ok
13984507,2024-12-31,core:FurtherItemTaxIncreaseDecreaseComponentAdjustingItems,Fixed asset differences,0,GBP,0,,F_4_W_AH_CY,False,ok
13984507,2025-12-31,core:FurtherItemTaxIncreaseDecreaseComponentAdjustingItems,Deferred tax not recognised,"5,702,768",GBP,0,-,C_4_W_AH_CZ,False,ok
13984507,2024-12-31,core:FurtherItemTaxIncreaseDecreaseComponentAdjustingItems,Deferred tax not recognised,"440,125",GBP,0,,F_4_W_AH_CZ,False,ok
13984507,2024-12-31,core:IntangibleAssetsGrossCost,At 1 January 2025,"22,248,408",GBP,0,,A_AK_AL_4_W,False,ok
13984507,2024-12-31,core:IntangibleAssetsGrossCost,At 1 January 2025,"69,356",GBP,0,,A_AK_CI_4_W,False,ok
13984507,2024-12-31,core:IntangibleAssetsGrossCost,At 1 January 2025,"22,317,764",GBP,0,,A_4_W,False,ok
13984507,2025-12-31,core:AdditionsOtherThanThroughBusinessCombinationsIntangibleAssets,Additions,"16,512,836",GBP,0,,C_AK_AL_AM_DA_4_W,False,ok
13984507,2025-12-31,core:AdditionsOtherThanThroughBusinessCombinationsIntangibleAssets,Additions,0,GBP,0,,C_AK_CI_AM_DA_4_W,False,ok
13984507,2025-12-31,core:AdditionsOtherThanThroughBusinessCombinationsIntangibleAssets,Additions,"16,512,836",GBP,0,,C_AM_DA_4_W,False,ok
13984507,2025-12-31,core:IntangibleAssetsGrossCost,At 31 December 2025,"38,761,244",GBP,0,,B_AK_AL_4_W,False,ok
13984507,2025-12-31,core:IntangibleAssetsGrossCost,At 31 December 2025,"69,356",GBP,0,,B_AK_CI_4_W,False,ok
13984507,2025-12-31,core:IntangibleAssetsGrossCost,At 31 December 2025,"38,830,600",GBP,0,,B_4_W,False,ok
13984507,2024-12-31,core:AccumulatedAmortisationImpairmentIntangibleAssets,At 1 January 2025,"3,823,317",GBP,0,,A_AK_AL_4_W,False,ok
13984507,2024-12-31,core:AccumulatedAmortisationImpairmentIntangibleAssets,At 1 January 2025,"13,871",GBP,0,,A_AK_CI_4_W,False,ok
13984507,2024-12-31,core:AccumulatedAmortisationImpairmentIntangibleAssets,At 1 January 2025,"3,837,188",GBP,0,,A_4_W,False,ok
13984507,2025-12-31,core:IncreaseFromAmortisationChargeForYearIntangibleAssets,Amortisation charged for the year,"3,235,844",GBP,0,,C_AK_AL_4_W,False,ok
13984507,2025-12-31,core:IncreaseFromAmortisationChargeForYearIntangibleAssets,Amortisation charged for the year,"13,871",GBP,0,,C_AK_CI_4_W,False,ok
13984507,2025-12-31,core:IncreaseFromAmortisationChargeForYearIntangibleAssets,Amortisation charged for the year,"3,249,715",GBP,0,,C_4_W,False,ok
13984507,2025-12-31,core:AccumulatedAmortisationImpairmentIntangibleAssets,At 31 December 2025,"7,059,161",GBP,0,,B_AK_AL_4_W,False,ok
13984507,2025-12-31,core:AccumulatedAmortisationImpairmentIntangibleAssets,At 31 December 2025,"27,742",GBP,0,,B_AK_CI_4_W,False,ok
13984507,2025-12-31,core:AccumulatedAmortisationImpairmentIntangibleAssets,At 31 December 2025,"7,086,903",GBP,0,,B_4_W,False,ok
13984507,2025-12-31,core:IntangibleAssets,At 31 December 2025,"31,702,083",GBP,0,,B_AK_AL_4_W,False,ok
13984507,2025-12-31,core:IntangibleAssets,At 31 December 2025,"41,614",GBP,0,,B_AK_CI_4_W,False,ok
13984507,2025-12-31,core:IntangibleAssets,At 31 December 2025,"31,743,697",GBP,0,,B_4_W,False,ok
13984507,2024-12-31,core:IntangibleAssets,At 31 December 2024,"18,425,091",GBP,0,,E_AK_AL_4_W,False,ok
13984507,2024-12-31,core:IntangibleAssets,At 31 December 2024,"55,485",GBP,0,,E_AK_CI_4_W,False,ok
13984507,2024-12-31,core:IntangibleAssets,At 31 December 2024,"18,480,576",GBP,0,,E_4_W,False,ok
13984507,2024-12-31,core:PropertyPlantEquipmentGrossCost,At 1 January 2025,"11,969,452",GBP,0,,A_AQ_CJ_AR_DB_4_W,False,ok
13984507,2024-12-31,core:PropertyPlantEquipmentGrossCost,At 1 January 2025,"239,975",GBP,0,,A_AQ_DC_4_W,False,ok
13984507,2024-12-31,core:PropertyPlantEquipmentGrossCost,At 1 January 2025,"87,755",GBP,0,,A_AQ_CL_4_W,False,ok
13984507,2024-12-31,core:PropertyPlantEquipmentGrossCost,At 1 January 2025,"1,562,073",GBP,0,,A_AQ_CM_4_W,False,ok
13984507,2024-12-31,core:PropertyPlantEquipmentGrossCost,At 1 January 2025,"624,269",GBP,0,,A_AQ_CN_4_W,False,ok
13984507,2024-12-31,core:PropertyPlantEquipmentGrossCost,At 1 January 2025,"9,743",GBP,0,,A_AQ_CO_4_W,False,ok
13984507,2024-12-31,core:PropertyPlantEquipmentGrossCost,At 1 January 2025,"183,254",GBP,0,,A_AQ_CP_4_W,False,ok
13984507,2024-12-31,core:PropertyPlantEquipmentGrossCost,At 1 January 2025,"14,676,521",GBP,0,,A_4_W,False,ok
13984507,2025-12-31,core:AdditionsOtherThanThroughBusinessCombinationsPropertyPlantEquipment,Additions,"986,048",GBP,0,,C_AQ_CJ_AR_DB_4_W,False,ok
13984507,2025-12-31,core:AdditionsOtherThanThroughBusinessCombinationsPropertyPlantEquipment,Additions,"993,136",GBP,0,,C_AQ_DC_4_W,False,ok
13984507,2025-12-31,core:AdditionsOtherThanThroughBusinessCombinationsPropertyPlantEquipment,Additions,"46,376",GBP,0,,C_AQ_CL_4_W,False,ok
13984507,2025-12-31,core:AdditionsOtherThanThroughBusinessCombinationsPropertyPlantEquipment,Additions,"143,126",GBP,0,,C_AQ_CM_4_W,False,ok
13984507,2025-12-31,core:AdditionsOtherThanThroughBusinessCombinationsPropertyPlantEquipment,Additions,"134,787",GBP,0,,C_AQ_CN_4_W,False,ok
13984507,2025-12-31,core:AdditionsOtherThanThroughBusinessCombinationsPropertyPlantEquipment,Additions,0,GBP,0,,C_AQ_CO_4_W,False,ok
13984507,2025-12-31,core:AdditionsOtherThanThroughBusinessCombinationsPropertyPlantEquipment,Additions,"21,206",GBP,0,,C_AQ_CP_4_W,False,ok
13984507,2025-12-31,core:AdditionsOtherThanThroughBusinessCombinationsPropertyPlantEquipment,Additions,"2,324,679",GBP,0,,C_4_W,False,ok
13984507,2025-12-31,core:AcquiredThroughBusinessCombinationsPropertyPlantEquipment,Acquisition of subsidiary,"713,842",GBP,0,,C_AQ_CJ_AR_DB_4_W,False,ok
13984507,2025-12-31,core:AcquiredThroughBusinessCombinationsPropertyPlantEquipment,Acquisition of subsidiary,0,GBP,0,,C_AQ_DC_4_W,False,ok
13984507,2025-12-31,core:AcquiredThroughBusinessCombinationsPropertyPlantEquipment,Acquisition of subsidiary,"8,824",GBP,0,,C_AQ_CL_4_W,False,ok
13984507,2025-12-31,core:AcquiredThroughBusinessCombinationsPropertyPlantEquipment,Acquisition of subsidiary,"253,454",GBP,0,,C_AQ_CM_4_W,False,ok
13984507,2025-12-31,core:AcquiredThroughBusinessCombinationsPropertyPlantEquipment,Acquisition of subsidiary,"3,044",GBP,0,,C_AQ_CN_4_W,False,ok
13984507,2025-12-31,core:AcquiredThroughBusinessCombinationsPropertyPlantEquipment,Acquisition of subsidiary,0,GBP,0,,C_AQ_CO_4_W,False,ok
13984507,2025-12-31,core:AcquiredThroughBusinessCombinationsPropertyPlantEquipment,Acquisition of subsidiary,0,GBP,0,,C_AQ_CP_4_W,False,ok
13984507,2025-12-31,core:AcquiredThroughBusinessCombinationsPropertyPlantEquipment,Acquisition of subsidiary,"979,164",GBP,0,,C_4_W,False,ok
13984507,2025-12-31,core:OtherDisposalsPropertyPlantEquipment,Disposals,"698,330",GBP,0,,C_AQ_CJ_AR_DB_4_W,False,ok
13984507,2025-12-31,core:OtherDisposalsPropertyPlantEquipment,Disposals,"36,264",GBP,0,,C_AQ_DC_4_W,False,ok
13984507,2025-12-31,core:OtherDisposalsPropertyPlantEquipment,Disposals,885,GBP,0,,C_AQ_CL_4_W,False,ok
13984507,2025-12-31,core:OtherDisposalsPropertyPlantEquipment,Disposals,0,GBP,0,,C_AQ_CM_4_W,False,ok
13984507,2025-12-31,core:OtherDisposalsPropertyPlantEquipment,Disposals,0,GBP,0,,C_AQ_CN_4_W,False,ok
13984507,2025-12-31,core:OtherDisposalsPropertyPlantEquipment,Disposals,"9,743",GBP,0,,C_AQ_CO_4_W,False,ok
13984507,2025-12-31,core:OtherDisposalsPropertyPlantEquipment,Disposals,0,GBP,0,,C_AQ_CP_4_W,False,ok
13984507,2025-12-31,core:OtherDisposalsPropertyPlantEquipment,Disposals,"745,222",GBP,0,,C_4_W,False,ok
13984507,2025-12-31,core:TransfersToFromNon-currentAssetsOrDisposalGroupsHeldForSalePropertyPlantEquipment,Transfers,"206,197",GBP,0,-,C_AQ_CJ_AR_DB_4_W,False,ok
13984507,2025-12-31,core:TransfersToFromNon-currentAssetsOrDisposalGroupsHeldForSalePropertyPlantEquipment,Transfers,"224,370",GBP,0,,C_AQ_DC_4_W,False,ok
13984507,2025-12-31,core:TransfersToFromNon-currentAssetsOrDisposalGroupsHeldForSalePropertyPlantEquipment,Transfers,"10,380",GBP,0,,C_AQ_CL_4_W,False,ok
13984507,2025-12-31,core:TransfersToFromNon-currentAssetsOrDisposalGroupsHeldForSalePropertyPlantEquipment,Transfers,"10,128",GBP,0,-,C_AQ_CM_4_W,False,ok
13984507,2025-12-31,core:TransfersToFromNon-currentAssetsOrDisposalGroupsHeldForSalePropertyPlantEquipment,Transfers,0,GBP,0,,C_AQ_CN_4_W,False,ok
13984507,2025-12-31,core:TransfersToFromNon-currentAssetsOrDisposalGroupsHeldForSalePropertyPlantEquipment,Transfers,0,GBP,0,,C_AQ_CO_4_W,False,ok
13984507,2025-12-31,core:TransfersToFromNon-currentAssetsOrDisposalGroupsHeldForSalePropertyPlantEquipment,Transfers,"18,425",GBP,0,-,C_AQ_CP_4_W,False,ok
13984507,2025-12-31,core:TransfersToFromNon-currentAssetsOrDisposalGroupsHeldForSalePropertyPlantEquipment,Transfers,0,GBP,0,,C_4_W,False,ok
13984507,2025-12-31,core:PropertyPlantEquipmentGrossCost,At 31 December 2025,"13,177,209",GBP,0,,B_AQ_CJ_AR_DB_4_W,False,ok
13984507,2025-12-31,core:PropertyPlantEquipmentGrossCost,At 31 December 2025,"972,477",GBP,0,,B_AQ_DC_4_W,False,ok
13984507,2025-12-31,core:PropertyPlantEquipmentGrossCost,At 31 December 2025,"131,690",GBP,0,,B_AQ_CL_4_W,False,ok
13984507,2025-12-31,core:PropertyPlantEquipmentGrossCost,At 31 December 2025,"1,968,781",GBP,0,,B_AQ_CM_4_W,False,ok
13984507,2025-12-31,core:PropertyPlantEquipmentGrossCost,At 31 December 2025,"762,100",GBP,0,,B_AQ_CN_4_W,False,ok
13984507,2025-12-31,core:PropertyPlantEquipmentGrossCost,At 31 December 2025,0,GBP,0,,B_AQ_CO_4_W,False,ok
13984507,2025-12-31,core:PropertyPlantEquipmentGrossCost,At 31 December 2025,"222,885",GBP,0,,B_AQ_CP_4_W,False,ok
13984507,2025-12-31,core:PropertyPlantEquipmentGrossCost,At 31 December 2025,"17,235,142",GBP,0,,B_4_W,False,ok
13984507,2024-12-31,core:AccumulatedDepreciationImpairmentPropertyPlantEquipment,At 1 January 2025,"4,098,503",GBP,0,,A_AQ_CJ_AR_DB_4_W,False,ok
13984507,2024-12-31,core:AccumulatedDepreciationImpairmentPropertyPlantEquipment,At 1 January 2025,0,GBP,0,,A_AQ_DC_4_W,False,ok
13984507,2024-12-31,core:AccumulatedDepreciationImpairmentPropertyPlantEquipment,At 1 January 2025,"28,839",GBP,0,,A_AQ_CL_4_W,False,ok
13984507,2024-12-31,core:AccumulatedDepreciationImpairmentPropertyPlantEquipment,At 1 January 2025,"992,902",GBP,0,,A_AQ_CM_4_W,False,ok
13984507,2024-12-31,core:AccumulatedDepreciationImpairmentPropertyPlantEquipment,At 1 January 2025,"467,176",GBP,0,,A_AQ_CN_4_W,False,ok
13984507,2024-12-31,core:AccumulatedDepreciationImpairmentPropertyPlantEquipment,At 1 January 2025,"5,989",GBP,0,,A_AQ_CO_4_W,False,ok
13984507,2024-12-31,core:AccumulatedDepreciationImpairmentPropertyPlantEquipment,At 1 January 2025,"175,889",GBP,0,,A_AQ_CP_4_W,False,ok
13984507,2024-12-31,core:AccumulatedDepreciationImpairmentPropertyPlantEquipment,At 1 January 2025,"5,769,298",GBP,0,,A_4_W,False,ok
13984507,2025-12-31,core:IncreaseFromDepreciationChargeForYearPropertyPlantEquipment,Depreciation charged in the year,"894,649",GBP,0,,C_AQ_CJ_AR_DB_4_W,False,ok
13984507,2025-12-31,core:IncreaseFromDepreciationChargeForYearPropertyPlantEquipment,Depreciation charged in the year,0,GBP,0,,C_AQ_DC_4_W,False,ok
13984507,2025-12-31,core:IncreaseFromDepreciationChargeForYearPropertyPlantEquipment,Depreciation charged in the year,"45,630",GBP,0,,C_AQ_CL_4_W,False,ok
13984507,2025-12-31,core:IncreaseFromDepreciationChargeForYearPropertyPlantEquipment,Depreciation charged in the year,"429,484",GBP,0,,C_AQ_CM_4_W,False,ok
13984507,2025-12-31,core:IncreaseFromDepreciationChargeForYearPropertyPlantEquipment,Depreciation charged in the year,"101,741",GBP,0,,C_AQ_CN_4_W,False,ok
13984507,2025-12-31,core:IncreaseFromDepreciationChargeForYearPropertyPlantEquipment,Depreciation charged in the year,0,GBP,0,,C_AQ_CO_4_W,False,ok
13984507,2025-12-31,core:IncreaseFromDepreciationChargeForYearPropertyPlantEquipment,Depreciation charged in the year,"14,809",GBP,0,,C_AQ_CP_4_W,False,ok
13984507,2025-12-31,core:IncreaseFromDepreciationChargeForYearPropertyPlantEquipment,Depreciation charged in the year,"1,486,313",GBP,0,,C_4_W,False,ok
13984507,2025-12-31,core:OtherDisposalsDecreaseInDepreciationImpairmentPropertyPlantEquipment,Eliminated in respect of disposals,0,GBP,0,,C_AQ_CJ_AR_DB_4_W,False,ok
13984507,2025-12-31,core:OtherDisposalsDecreaseInDepreciationImpairmentPropertyPlantEquipment,Eliminated in respect of disposals,0,GBP,0,,C_AQ_DC_4_W,False,ok
13984507,2025-12-31,core:OtherDisposalsDecreaseInDepreciationImpairmentPropertyPlantEquipment,Eliminated in respect of disposals,0,GBP,0,,C_AQ_CL_4_W,False,ok
13984507,2025-12-31,core:OtherDisposalsDecreaseInDepreciationImpairmentPropertyPlantEquipment,Eliminated in respect of disposals,0,GBP,0,,C_AQ_CM_4_W,False,ok
13984507,2025-12-31,core:OtherDisposalsDecreaseInDepreciationImpairmentPropertyPlantEquipment,Eliminated in respect of disposals,0,GBP,0,,C_AQ_CN_4_W,False,ok
13984507,2025-12-31,core:OtherDisposalsDecreaseInDepreciationImpairmentPropertyPlantEquipment,Eliminated in respect of disposals,"5,989",GBP,0,,C_AQ_CO_4_W,False,ok
13984507,2025-12-31,core:OtherDisposalsDecreaseInDepreciationImpairmentPropertyPlantEquipment,Eliminated in respect of disposals,0,GBP,0,,C_AQ_CP_4_W,False,ok
13984507,2025-12-31,core:OtherDisposalsDecreaseInDepreciationImpairmentPropertyPlantEquipment,Eliminated in respect of disposals,"5,989",GBP,0,,C_4_W,False,ok
13984507,2025-12-31,core:TransferToNon-currentAssetsOrDisposalGroupsHeldForSaleDecreaseInDepreciationImpairmentPropertyPlantEquipment,Transfers,0,GBP,0,,C_AQ_CJ_AR_DB_4_W,False,ok
13984507,2025-12-31,core:TransferToNon-currentAssetsOrDisposalGroupsHeldForSaleDecreaseInDepreciationImpairmentPropertyPlantEquipment,Transfers,0,GBP,0,,C_AQ_DC_4_W,False,ok
13984507,2025-12-31,core:TransferToNon-currentAssetsOrDisposalGroupsHeldForSaleDecreaseInDepreciationImpairmentPropertyPlantEquipment,Transfers,"13,151",GBP,0,,C_AQ_CL_4_W,False,ok
13984507,2025-12-31,core:TransferToNon-currentAssetsOrDisposalGroupsHeldForSaleDecreaseInDepreciationImpairmentPropertyPlantEquipment,Transfers,"2,658",GBP,0,-,C_AQ_CM_4_W,False,ok
13984507,2025-12-31,core:TransferToNon-currentAssetsOrDisposalGroupsHeldForSaleDecreaseInDepreciationImpairmentPropertyPlantEquipment,Transfers,0,GBP,0,,C_AQ_CN_4_W,False,ok
13984507,2025-12-31,core:TransferToNon-currentAssetsOrDisposalGroupsHeldForSaleDecreaseInDepreciationImpairmentPropertyPlantEquipment,Transfers,0,GBP,0,,C_AQ_CO_4_W,False,ok
13984507,2025-12-31,core:TransferToNon-currentAssetsOrDisposalGroupsHeldForSaleDecreaseInDepreciationImpairmentPropertyPlantEquipment,Transfers,"10,493",GBP,0,-,C_AQ_CP_4_W,False,ok
13984507,2025-12-31,core:TransferToNon-currentAssetsOrDisposalGroupsHeldForSaleDecreaseInDepreciationImpairmentPropertyPlantEquipment,Transfers,0,GBP,0,,C_4_W,False,ok
13984507,2025-12-31,core:AccumulatedDepreciationImpairmentPropertyPlantEquipment,At 31 December 2025,"4,993,152",GBP,0,,B_AQ_CJ_AR_DB_4_W,False,ok
13984507,2025-12-31,core:AccumulatedDepreciationImpairmentPropertyPlantEquipment,At 31 December 2025,0,GBP,0,,B_AQ_DC_4_W,False,ok
13984507,2025-12-31,core:AccumulatedDepreciationImpairmentPropertyPlantEquipment,At 31 December 2025,"61,318",GBP,0,,B_AQ_CL_4_W,False,ok
13984507,2025-12-31,core:AccumulatedDepreciationImpairmentPropertyPlantEquipment,At 31 December 2025,"1,425,044",GBP,0,,B_AQ_CM_4_W,False,ok
13984507,2025-12-31,core:AccumulatedDepreciationImpairmentPropertyPlantEquipment,At 31 December 2025,"568,917",GBP,0,,B_AQ_CN_4_W,False,ok
13984507,2025-12-31,core:AccumulatedDepreciationImpairmentPropertyPlantEquipment,At 31 December 2025,0,GBP,0,,B_AQ_CO_4_W,False,ok
13984507,2025-12-31,core:AccumulatedDepreciationImpairmentPropertyPlantEquipment,At 31 December 2025,"201,191",GBP,0,,B_AQ_CP_4_W,False,ok
13984507,2025-12-31,core:AccumulatedDepreciationImpairmentPropertyPlantEquipment,At 31 December 2025,"7,249,622",GBP,0,,B_4_W,False,ok
13984507,2025-12-31,core:PropertyPlantEquipment,At 31 December 2025,"8,184,057",GBP,0,,B_AQ_CJ_AR_DB_4_W,False,ok
13984507,2025-12-31,core:PropertyPlantEquipment,At 31 December 2025,"972,477",GBP,0,,B_AQ_DC_4_W,False,ok
13984507,2025-12-31,core:PropertyPlantEquipment,At 31 December 2025,"70,372",GBP,0,,B_AQ_CL_4_W,False,ok
13984507,2025-12-31,core:PropertyPlantEquipment,At 31 December 2025,"543,737",GBP,0,,B_AQ_CM_4_W,False,ok
13984507,2025-12-31,core:PropertyPlantEquipment,At 31 December 2025,"193,183",GBP,0,,B_AQ_CN_4_W,False,ok
13984507,2025-12-31,core:PropertyPlantEquipment,At 31 December 2025,0,GBP,0,,B_AQ_CO_4_W,False,ok
13984507,2025-12-31,core:PropertyPlantEquipment,At 31 December 2025,"21,694",GBP,0,,B_AQ_CP_4_W,False,ok
13984507,2025-12-31,core:PropertyPlantEquipment,At 31 December 2025,"9,985,520",GBP,0,,B_4_W,False,ok
13984507,2024-12-31,core:PropertyPlantEquipment,At 31 December 2024,"7,870,949",GBP,0,,E_AQ_CJ_AR_DB_4_W,False,ok
13984507,2024-12-31,core:PropertyPlantEquipment,At 31 December 2024,"239,975",GBP,0,,E_AQ_DC_4_W,False,ok
13984507,2024-12-31,core:PropertyPlantEquipment,At 31 December 2024,"58,916",GBP,0,,E_AQ_CL_4_W,False,ok
13984507,2024-12-31,core:PropertyPlantEquipment,At 31 December 2024,"569,171",GBP,0,,E_AQ_CM_4_W,False,ok
13984507,2024-12-31,core:PropertyPlantEquipment,At 31 December 2024,"157,093",GBP,0,,E_AQ_CN_4_W,False,ok
13984507,2024-12-31,core:PropertyPlantEquipment,At 31 December 2024,"3,754",GBP,0,,E_AQ_CO_4_W,False,ok
13984507,2024-12-31,core:PropertyPlantEquipment,At 31 December 2024,"7,365",GBP,0,,E_AQ_CP_4_W,False,ok
13984507,2024-12-31,core:PropertyPlantEquipment,At 31 December 2024,"8,907,223",GBP,0,,E_4_W,False,ok
13984507,2025-12-31,core:InvestmentsInSubsidiaries,Investments in subsidiaries,0,GBP,0,,B_4_W,False,ok
13984507,2024-12-31,core:InvestmentsInSubsidiaries,Investments in subsidiaries,0,GBP,0,,E_4_W,False,ok
13984507,2025-12-31,core:InvestmentsInSubsidiaries,Investments in subsidiaries,100,GBP,0,,B,False,ok
13984507,2024-12-31,core:InvestmentsInSubsidiaries,Investments in subsidiaries,100,GBP,0,,E,False,ok
13984507,2025-12-31,core:PercentageClassShareHeldInSubsidiary,England,100.00,pure,4,,C_DD_DF_DH_AI,False,ok
13984507,2025-12-31,core:PercentageClassShareHeldInSubsidiary,England,0,pure,2,,C_DD_DI_DH_CY,False,ok
13984507,2025-12-31,core:PercentageClassShareHeldInSubsidiary,England,0,pure,2,,C_DD_DJ_DH_CZ,False,ok
13984507,2025-12-31,core:PercentageClassShareHeldInSubsidiary,England,0,pure,2,,C_DD_DK_DH_DL,False,ok
13984507,2025-12-31,core:PercentageClassShareHeldInSubsidiary,England,0,pure,2,,C_DD_DM_DH_DN,False,ok
13984507,2025-12-31,core:PercentageClassShareHeldInSubsidiary,England,0,pure,2,,C_DD_DO_DH_DP,False,ok
13984507,2025-12-31,core:PercentageClassShareHeldInSubsidiary,England,0,pure,2,,C_DD_DQ_DH_DR,False,ok
13984507,2025-12-31,core:PercentageClassShareHeldInSubsidiary,England,0,pure,2,,C_DD_DS_DH_DT,False,ok
13984507,2025-12-31,core:PercentageClassShareHeldInSubsidiary,England,0,pure,2,,C_DD_DU_DH_DV,False,ok
13984507,2025-12-31,core:PercentageClassShareHeldInSubsidiary,England,0,pure,2,,C_DD_DW_DH_DX,False,ok
13984507,2025-12-31,core:PercentageClassShareHeldInSubsidiary,England,0,pure,2,,C_DD_DY_DH_DZ,False,ok
13984507,2025-12-31,core:PercentageClassShareHeldInSubsidiary,England,0,pure,2,,C_DD_EA_DH_EB,False,ok
13984507,2025-12-31,core:PercentageClassShareHeldInSubsidiary,England,0,pure,2,,C_DD_EC_DH_ED,False,ok
13984507,2025-12-31,core:PercentageClassShareHeldInSubsidiary,England,0,pure,2,,C_DD_EE_DH_EF,False,ok
13984507,2025-12-31,core:PercentageClassShareHeldInSubsidiary,England,0,pure,2,,C_DD_EG_DH_EH,False,ok
13984507,2025-12-31,core:PercentageClassShareHeldInSubsidiary,England,0,pure,2,,C_DD_EI_DH_EJ,False,ok
13984507,2025-12-31,core:TradeDebtorsTradeReceivables,Trade debtors,"377,603",GBP,0,,B_AS_BE_4_W,False,ok
13984507,2024-12-31,core:TradeDebtorsTradeReceivables,Trade debtors,"224,844",GBP,0,,E_AS_BE_4_W,False,ok
13984507,2025-12-31,core:TradeDebtorsTradeReceivables,Trade debtors,0,GBP,0,,B_AS_BE,False,ok
13984507,2024-12-31,core:TradeDebtorsTradeReceivables,Trade debtors,0,GBP,0,,E_AS_BE,False,ok
13984507,2025-12-31,core:CorporationTaxRecoverable,Corporation tax recoverable,"117,815",GBP,0,,B_AS_BE_4_W,False,ok
13984507,2024-12-31,core:CorporationTaxRecoverable,Corporation tax recoverable,"10,262",GBP,0,,E_AS_BE_4_W,False,ok
13984507,2025-12-31,core:CorporationTaxRecoverable,Corporation tax recoverable,0,GBP,0,,B_AS_BE,False,ok
13984507,2024-12-31,core:CorporationTaxRecoverable,Corporation tax recoverable,0,GBP,0,,E_AS_BE,False,ok
13984507,2025-12-31,core:AmountsOwedByGroupUndertakings,Amounts owed by group undertakings,0,GBP,0,,B_AS_BE_4_W,False,ok
13984507,2024-12-31,core:AmountsOwedByGroupUndertakings,Amounts owed by group undertakings,0,GBP,0,,E_AS_BE_4_W,False,ok
13984507,2025-12-31,core:AmountsOwedByGroupUndertakings,Amounts owed by group undertakings,0,GBP,0,,B_AS_BE,False,ok
13984507,2024-12-31,core:AmountsOwedByGroupUndertakings,Amounts owed by group undertakings,"29,931",GBP,0,,E_AS_BE,False,ok
13984507,2025-12-31,core:FurtherItemDebtorsComponentTotalDebtors,Other debtors,"276,743",GBP,0,,B_AS_BE_4_W_AH_AI,True,ok
13984507,2024-12-31,core:FurtherItemDebtorsComponentTotalDebtors,Other debtors,"145,628",GBP,0,,E_AS_BE_4_W_AH_AI,True,ok
13984507,2025-12-31,core:FurtherItemDebtorsComponentTotalDebtors,Other debtors,0,GBP,0,,B_AS_BE_AH_CY,True,ok
13984507,2024-12-31,core:FurtherItemDebtorsComponentTotalDebtors,Other debtors,0,GBP,0,,E_AS_BE_AH_CY,True,ok
13984507,2025-12-31,core:PrepaymentsAccruedIncome,Prepayments and accrued income,"1,032,206",GBP,0,,B_AS_BE_4_W,False,ok
13984507,2024-12-31,core:PrepaymentsAccruedIncome,Prepayments and accrued income,"847,073",GBP,0,,E_AS_BE_4_W,False,ok
13984507,2025-12-31,core:PrepaymentsAccruedIncome,Prepayments and accrued income,0,GBP,0,,B_AS_BE,False,ok
13984507,2024-12-31,core:PrepaymentsAccruedIncome,Prepayments and accrued income,0,GBP,0,,E_AS_BE,False,ok
13984507,2025-12-31,core:DeferredTaxAssetDebtors,Deferred tax asset,"4,489,044",GBP,0,,B_AS_EK_4_W,False,ok
13984507,2024-12-31,core:DeferredTaxAssetDebtors,Deferred tax asset,0,GBP,0,,E_AS_EK_4_W,False,ok
13984507,2025-12-31,core:DeferredTaxAssetDebtors,Deferred tax asset,0,GBP,0,,B_AS_EK,False,ok
13984507,2024-12-31,core:DeferredTaxAssetDebtors,Deferred tax asset,0,GBP,0,,E_AS_EK,False,ok
13984507,2025-12-31,core:FinanceLeaseLiabilitiesPresentValueTotal,Obligations under finance leases,0,GBP,0,,B_AS_BE_4_W,True,ok
13984507,2024-12-31,core:FinanceLeaseLiabilitiesPresentValueTotal,Obligations under finance leases,"1,203",GBP,0,,E_AS_BE_4_W,True,ok
13984507,2025-12-31,core:FinanceLeaseLiabilitiesPresentValueTotal,Obligations under finance leases,0,GBP,0,,B_AS_BE,True,ok
13984507,2024-12-31,core:FinanceLeaseLiabilitiesPresentValueTotal,Obligations under finance leases,0,GBP,0,,E_AS_BE,True,ok
13984507,2025-12-31,core:OtherRemainingBorrowings,Other borrowings,"1,639,776",GBP,0,,B_AS_BE_4_W,False,ok
13984507,2024-12-31,core:OtherRemainingBorrowings,Other borrowings,0,GBP,0,,E_AS_BE_4_W,False,ok
13984507,2025-12-31,core:OtherRemainingBorrowings,Other borrowings,0,GBP,0,,B_AS_BE,False,ok
13984507,2024-12-31,core:OtherRemainingBorrowings,Other borrowings,0,GBP,0,,E_AS_BE,False,ok
13984507,2025-12-31,core:TradeCreditorsTradePayables,Trade creditors,"405,912",GBP,0,,B_AS_BE_AW_BF_4_W,False,ok
13984507,2024-12-31,core:TradeCreditorsTradePayables,Trade creditors,"585,822",GBP,0,,E_AS_BE_AW_BF_4_W,False,ok
13984507,2025-12-31,core:TradeCreditorsTradePayables,Trade creditors,0,GBP,0,,B_AS_BE_AW_BF,False,ok
13984507,2024-12-31,core:TradeCreditorsTradePayables,Trade creditors,0,GBP,0,,E_AS_BE_AW_BF,False,ok
13984507,2025-12-31,core:AmountsOwedToGroupUndertakings,Amounts owed to group undertakings,0,GBP,0,,B_AS_BE_AW_BF_4_W,False,ok
13984507,2024-12-31,core:AmountsOwedToGroupUndertakings,Amounts owed to group undertakings,0,GBP,0,,E_AS_BE_AW_BF_4_W,False,ok
13984507,2025-12-31,core:AmountsOwedToGroupUndertakings,Amounts owed to group undertakings,"24,250",GBP,0,,B_AS_BE_AW_BF,False,ok
13984507,2024-12-31,core:AmountsOwedToGroupUndertakings,Amounts owed to group undertakings,0,GBP,0,,E_AS_BE_AW_BF,False,ok
13984507,2025-12-31,core:CorporationTaxPayable,Corporation tax payable,"378,281",GBP,0,,B_AS_BE_4_W,False,ok
13984507,2024-12-31,core:CorporationTaxPayable,Corporation tax payable,"402,587",GBP,0,,E_AS_BE_4_W,False,ok
13984507,2025-12-31,core:CorporationTaxPayable,Corporation tax payable,0,GBP,0,,B_AS_BE,False,ok
13984507,2024-12-31,core:CorporationTaxPayable,Corporation tax payable,0,GBP,0,,E_AS_BE,False,ok
13984507,2025-12-31,core:OtherTaxationSocialSecurityPayable,Other taxation and social security,"486,772",GBP,0,,B_AS_BE_4_W,False,ok
13984507,2024-12-31,core:OtherTaxationSocialSecurityPayable,Other taxation and social security,"296,081",GBP,0,,E_AS_BE_4_W,False,ok
13984507,2025-12-31,core:OtherTaxationSocialSecurityPayable,Other taxation and social security,0,GBP,0,,B_AS_BE,False,ok
13984507,2024-12-31,core:OtherTaxationSocialSecurityPayable,Other taxation and social security,0,GBP,0,,E_AS_BE,False,ok
13984507,2025-12-31,core:DeferredIncome,Deferred income,"2,742,824",GBP,0,,B_AS_BE_AW_BF_4_W,False,ok
13984507,2024-12-31,core:DeferredIncome,Deferred income,0,GBP,0,,E_AS_BE_4_W,False,ok
13984507,2025-12-31,core:DeferredIncome,Deferred income,0,GBP,0,,B_AS_BE,False,ok
13984507,2024-12-31,core:DeferredIncome,Deferred income,0,GBP,0,,E_AS_BE,False,ok
13984507,2025-12-31,core:OtherCreditors,Other creditors,"4,246,805",GBP,0,,B_AS_BE_4_W,False,ok
13984507,2024-12-31,core:OtherCreditors,Other creditors,"3,460,479",GBP,0,,E_AS_BE_4_W,False,ok
13984507,2025-12-31,core:OtherCreditors,Other creditors,100,GBP,0,,B_AS_BE,False,ok
13984507,2024-12-31,core:OtherCreditors,Other creditors,100,GBP,0,,E_AS_BE,False,ok
13984507,2025-12-31,core:AccruedLiabilitiesDeferredIncome,Accruals,"688,579",GBP,0,,B_AS_BE_AW_BF_4_W,False,ok
13984507,2024-12-31,core:AccruedLiabilitiesDeferredIncome,Accruals,"1,537,331",GBP,0,,E_AS_BE_AW_BF_4_W,False,ok
13984507,2025-12-31,core:AccruedLiabilitiesDeferredIncome,Accruals,"57,650",GBP,0,,B_AS_BE_AW_BF,False,ok
13984507,2024-12-31,core:AccruedLiabilitiesDeferredIncome,Accruals,"55,464",GBP,0,,E_AS_BE_AW_BF,False,ok
13984507,2025-12-31,core:BankBorrowingsOverdrafts,Bank loans,"18,187,719",GBP,0,,B_AS_EK_AW_AX_4_W,False,ok
13984507,2024-12-31,core:BankBorrowingsOverdrafts,Bank loans,"6,376,798",GBP,0,,E_AS_EK_AW_AX_4_W,False,ok
13984507,2025-12-31,core:BankBorrowingsOverdrafts,Bank loans,0,GBP,0,,B_AS_EK_AW_AX,False,ok
13984507,2024-12-31,core:BankBorrowingsOverdrafts,Bank loans,0,GBP,0,,E_AS_EK_AW_AX,False,ok
13984507,2025-12-31,core:OtherRemainingBorrowings,Other borrowings,"37,642,659",GBP,0,,B_AS_EK_4_W,False,ok
13984507,2024-12-31,core:OtherRemainingBorrowings,Other borrowings,"34,535,204",GBP,0,,E_AS_EK_4_W,False,ok
13984507,2025-12-31,core:OtherRemainingBorrowings,Other borrowings,0,GBP,0,,B_AS_EK,False,ok
13984507,2024-12-31,core:OtherRemainingBorrowings,Other borrowings,0,GBP,0,,E_AS_EK,False,ok
13984507,2025-12-31,core:AccruedLiabilitiesDeferredIncome,Deferred income,"247,243",GBP,0,,B_AS_EK_AW_AX_4_W,False,ok
13984507,2024-12-31,core:AccruedLiabilitiesDeferredIncome,Deferred income,"464,826",GBP,0,,E_AS_EK_AW_AX_4_W,False,ok
13984507,2025-12-31,core:AccruedLiabilitiesDeferredIncome,Deferred income,0,GBP,0,,B_AS_EK_AW_AX,False,ok
13984507,2024-12-31,core:AccruedLiabilitiesDeferredIncome,Deferred income,0,GBP,0,,E_AS_EK_AW_AX,False,ok
13984507,2025-12-31,core:Creditors,"41,376,828",0,GBP,0,,B_AS_EK,False,ok
13984507,2024-12-31,core:Creditors,"41,376,828",0,GBP,0,,E_AS_EK,False,ok
13984507,2025-12-31,core:FinanceLeasePaymentsOwingMinimumGross,Within one year,0,GBP,0,,B_AW_BF_4_W,False,ok
13984507,2024-12-31,core:FinanceLeasePaymentsOwingMinimumGross,Within one year,"1,533",GBP,0,,E_AW_BF_4_W,False,ok
13984507,2025-12-31,core:FinanceLeasePaymentsOwingMinimumGross,Within one year,0,GBP,0,,B_AW_BF,False,ok
13984507,2024-12-31,core:FinanceLeasePaymentsOwingMinimumGross,Within one year,0,GBP,0,,E_AW_BF,False,ok
13984507,2025-12-31,core:FutureFinanceChargesOnFinanceLeases,Less: future finance charges,0,GBP,0,,B_4_W,False,ok
13984507,2024-12-31,core:FutureFinanceChargesOnFinanceLeases,Less: future finance charges,330,GBP,0,,E_4_W,False,ok
13984507,2025-12-31,core:FutureFinanceChargesOnFinanceLeases,Less: future finance charges,0,GBP,0,,B,False,ok
13984507,2024-12-31,core:FutureFinanceChargesOnFinanceLeases,Less: future finance charges,0,GBP,0,,E,False,ok
13984507,2025-12-31,core:FinanceLeaseLiabilitiesPresentValueTotal,"1,203",0,GBP,0,,B,True,ok
13984507,2024-12-31,core:FinanceLeaseLiabilitiesPresentValueTotal,"1,203",0,GBP,0,,E,True,ok
13984507,2025-12-31,core:BankBorrowings,Bank loans,"18,187,719",GBP,0,,B_4_W,False,ok
13984507,2024-12-31,core:BankBorrowings,Bank loans,"6,376,798",GBP,0,,E_4_W,False,ok
13984507,2025-12-31,core:BankBorrowings,Bank loans,0,GBP,0,,B,False,ok
13984507,2024-12-31,core:BankBorrowings,Bank loans,0,GBP,0,,E,False,ok
13984507,2025-12-31,core:LoansFromOtherRelatedPartiesOtherThanDirectors,Loans from related parties,"39,282,435",GBP,0,,B_4_W,False,ok
13984507,2024-12-31,core:LoansFromOtherRelatedPartiesOtherThanDirectors,Loans from related parties,"34,535,204",GBP,0,,E_4_W,False,ok
13984507,2025-12-31,core:LoansFromOtherRelatedPartiesOtherThanDirectors,Loans from related parties,0,GBP,0,,B,False,ok
13984507,2024-12-31,core:LoansFromOtherRelatedPartiesOtherThanDirectors,Loans from related parties,0,GBP,0,,E,False,ok
13984507,2025-12-31,core:TotalBorrowings,Payable within one year,"1,639,776",GBP,0,,B_AW_BF_4_W,True,ok
13984507,2024-12-31,core:TotalBorrowings,Payable within one year,0,GBP,0,,E_AW_BF_4_W,True,ok
13984507,2025-12-31,core:TotalBorrowings,Payable within one year,0,GBP,0,,B_AS_BE_AW_BF,True,ok
13984507,2024-12-31,core:TotalBorrowings,Payable within one year,0,GBP,0,,E_AS_BE_AW_BF,True,ok
13984507,2025-12-31,core:TotalBorrowings,Payable after one year,"55,830,378",GBP,0,,B_AS_EK_AW_AX_4_W,True,ok
13984507,2024-12-31,core:TotalBorrowings,Payable after one year,"40,912,002",GBP,0,,E_AS_EK_AW_AX_4_W,True,ok
13984507,2025-12-31,core:TotalBorrowings,Payable after one year,0,GBP,0,,B_AS_EK_AW_AX,True,ok
13984507,2024-12-31,core:TotalBorrowings,Payable after one year,0,GBP,0,,E_AS_EK_AW_AX,True,ok
13984507,2025-12-31,core:TaxTaxCreditOnProfitOrLossOnOrdinaryActivities,Taxation (credited)/charged,"4,543,211",GBP,0,-,C_4_W,False,ok
13984507,2024-12-31,core:TaxTaxCreditOnProfitOrLossOnOrdinaryActivities,Taxation (credited)/charged,"163,213",GBP,0,,F_4_W,False,ok
13984507,2025-12-31,core:InterestPayableSimilarChargesFinanceCosts,Finance costs,"4,530,396",GBP,0,,C_4_W,False,ok
13984507,2024-12-31,core:InterestPayableSimilarChargesFinanceCosts,Finance costs,"3,167,617",GBP,0,,F_4_W,False,ok
13984507,2025-12-31,core:NetFinanceIncomeCosts,Investment income,"38,650",GBP,0,,C_4_W,False,ok
13984507,2024-12-31,core:NetFinanceIncomeCosts,Investment income,"49,127",GBP,0,,F_4_W,False,ok
02497396,2025-12-31,core:TurnoverRevenue,Turnover,"34,448,457",GBP,0,,FY1.segment.bus-GroupCompanyDataDimension.bus-Consolidated,False,ok
02497396,2024-12-31,core:TurnoverRevenue,Turnover,"32,675,972",GBP,0,,FY2.segment.bus-GroupCompanyDataDimension.bus-Consolidated,False,ok
02497396,2025-12-31,core:CostSales,Cost of sales,"24,152,352",GBP,0,,FY1.segment.bus-GroupCompanyDataDimension.bus-Consolidated,False,ok
02497396,2024-12-31,core:CostSales,Cost of sales,"24,367,158",GBP,0,,FY2.segment.bus-GroupCompanyDataDimension.bus-Consolidated,False,ok
02497396,2025-12-31,core:GrossProfitLoss,Gross profit,"10,296,105",GBP,0,,FY1.segment.bus-GroupCompanyDataDimension.bus-Consolidated,False,ok
02497396,2024-12-31,core:GrossProfitLoss,Gross profit,"8,308,814",GBP,0,,FY2.segment.bus-GroupCompanyDataDimension.bus-Consolidated,False,ok
02497396,2025-12-31,core:AdministrativeExpenses,Administrative expenses,"4,390,134",GBP,0,,FY1.segment.bus-GroupCompanyDataDimension.bus-Consolidated,False,ok
02497396,2024-12-31,core:AdministrativeExpenses,Administrative expenses,"3,807,550",GBP,0,,FY2.segment.bus-GroupCompanyDataDimension.bus-Consolidated,False,ok
02497396,2025-12-31,core:OtherOperatingIncomeFormat1,Other operating income,"115,816",GBP,0,,FY1.segment.bus-GroupCompanyDataDimension.bus-Consolidated,False,ok
02497396,2025-12-31,core:OperatingProfitLoss,Operating profit,"6,021,787",GBP,0,,FY1.segment.bus-GroupCompanyDataDimension.bus-Consolidated,False,ok
02497396,2024-12-31,core:OperatingProfitLoss,Operating profit,"4,501,264",GBP,0,,FY2.segment.bus-GroupCompanyDataDimension.bus-Consolidated,False,ok
02497396,2025-12-31,core:OtherInterestReceivableSimilarIncomeFinanceIncome,Other interest receivable and similar income,"481,084",GBP,0,,FY1.segment.bus-GroupCompanyDataDimension.bus-Consolidated,False,ok
02497396,2024-12-31,core:OtherInterestReceivableSimilarIncomeFinanceIncome,Other interest receivable and similar income,"616,321",GBP,0,,FY2.segment.bus-GroupCompanyDataDimension.bus-Consolidated,False,ok
02497396,2025-12-31,core:InterestPayableSimilarChargesFinanceCosts,Interest payable and similar charges,"10,161",GBP,0,,FY1.segment.bus-GroupCompanyDataDimension.bus-Consolidated,False,ok
02497396,2024-12-31,core:InterestPayableSimilarChargesFinanceCosts,Interest payable and similar charges,"21,366",GBP,0,,FY2.segment.bus-GroupCompanyDataDimension.bus-Consolidated,False,ok
02497396,2025-12-31,core:ProfitLossOnOrdinaryActivitiesBeforeTax,Profit before tax,"6,492,710",GBP,0,,FY1.segment.bus-GroupCompanyDataDimension.bus-Consolidated,False,ok
02497396,2024-12-31,core:ProfitLossOnOrdinaryActivitiesBeforeTax,Profit before tax,"5,096,219",GBP,0,,FY2.segment.bus-GroupCompanyDataDimension.bus-Consolidated,False,ok
02497396,2025-12-31,core:TaxTaxCreditOnProfitOrLossOnOrdinaryActivities,Taxation,"1,039,320",GBP,0,,FY1.segment.bus-GroupCompanyDataDimension.bus-Consolidated,False,ok
02497396,2024-12-31,core:TaxTaxCreditOnProfitOrLossOnOrdinaryActivities,Taxation,"998,385",GBP,0,,FY2.segment.bus-GroupCompanyDataDimension.bus-Consolidated,False,ok
02497396,2025-12-31,core:ProfitLoss,Profit for the financial year,"5,453,390",GBP,0,,FY1.segment.bus-GroupCompanyDataDimension.bus-Consolidated,False,ok
02497396,2024-12-31,core:ProfitLoss,Profit for the financial year,"4,097,834",GBP,0,,FY2.segment.bus-GroupCompanyDataDimension.bus-Consolidated,False,ok
02497396,2025-12-31,core:ProfitLossAttributableToOwnersParent,Owners of the company,"5,453,390",GBP,0,,FY1.segment.bus-GroupCompanyDataDimension.bus-Consolidated,False,ok
02497396,2024-12-31,core:ProfitLossAttributableToOwnersParent,Owners of the company,"4,097,834",GBP,0,,FY2.segment.bus-GroupCompanyDataDimension.bus-Consolidated,False,ok
02497396,2025-12-31,core:TurnoverRevenue,Turnover,"4,484,817",GBP,0,,FY1,False,ok
02497396,2024-12-31,core:TurnoverRevenue,Turnover,"4,855,692",GBP,0,,FY2,False,ok
02497396,2025-12-31,core:AdministrativeExpenses,Administrative expenses,"275,629",GBP,0,,FY1,False,ok
02497396,2024-12-31,core:AdministrativeExpenses,Administrative expenses,"161,799",GBP,0,,FY2,False,ok
02497396,2025-12-31,core:OtherOperatingIncomeFormat1,Other operating income,"170,000",GBP,0,,FY1,False,ok
02497396,2024-12-31,core:OtherOperatingIncomeFormat1,Other operating income,"83,333",GBP,0,,FY2,False,ok
02497396,2025-12-31,core:OperatingProfitLoss,Operating profit,"4,379,188",GBP,0,,FY1,False,ok
02497396,2024-12-31,core:OperatingProfitLoss,Operating profit,"4,777,226",GBP,0,,FY2,False,ok
02497396,2025-12-31,core:OtherInterestReceivableSimilarIncomeFinanceIncome,Other interest receivable and similar income,"481,012",GBP,0,,FY1,False,ok
02497396,2024-12-31,core:OtherInterestReceivableSimilarIncomeFinanceIncome,Other interest receivable and similar income,"614,460",GBP,0,,FY2,False,ok
02497396,2025-12-31,core:ProfitLossOnOrdinaryActivitiesBeforeTax,Profit before tax,"4,860,200",GBP,0,,FY1,False,ok
02497396,2024-12-31,core:ProfitLossOnOrdinaryActivitiesBeforeTax,Profit before tax,"5,391,686",GBP,0,,FY2,False,ok
02497396,2025-12-31,core:TaxTaxCreditOnProfitOrLossOnOrdinaryActivities,Taxation,"208,895",GBP,0,,FY1,False,ok
02497396,2024-12-31,core:TaxTaxCreditOnProfitOrLossOnOrdinaryActivities,Taxation,"256,547",GBP,0,,FY2,False,ok
02497396,2025-12-31,core:ProfitLoss,Profit for the financial year,"4,651,305",GBP,0,,FY1,False,ok
02497396,2024-12-31,core:ProfitLoss,Profit for the financial year,"5,135,139",GBP,0,,FY2,False,ok
02497396,2025-12-31,core:PropertyPlantEquipment,Tangible assets,"13,552,603",GBP,0,,FY1.END.segment.bus-GroupCompanyDataDimension.bus-Consolidated,False,ok
02497396,2024-12-31,core:PropertyPlantEquipment,Tangible assets,"12,806,351",GBP,0,,FY2.END.segment.bus-GroupCompanyDataDimension.bus-Consolidated,False,ok
02497396,2025-12-31,core:TotalInventories,Stocks,"1,384,117",GBP,0,,FY1.END.segment.bus-GroupCompanyDataDimension.bus-Consolidated,True,ok
02497396,2024-12-31,core:TotalInventories,Stocks,"1,369,757",GBP,0,,FY2.END.segment.bus-GroupCompanyDataDimension.bus-Consolidated,True,ok
02497396,2025-12-31,core:Debtors,Debtors,"7,153,489",GBP,0,,FY1.END.segment.core-FinancialInstrumentCurrentNon-currentDimension.core-CurrentFinancialInstruments.bus-GroupCompanyDataDimension.bus-Consolidated,False,ok
02497396,2024-12-31,core:Debtors,Debtors,"8,263,101",GBP,0,,FY2.END.segment.core-FinancialInstrumentCurrentNon-currentDimension.core-CurrentFinancialInstruments.bus-GroupCompanyDataDimension.bus-Consolidated,False,ok
02497396,2025-12-31,core:CashBankOnHand,Cash at bank and in hand,"14,115,525",GBP,0,,FY1.END.segment.bus-GroupCompanyDataDimension.bus-Consolidated,False,ok
02497396,2024-12-31,core:CashBankOnHand,Cash at bank and in hand,"11,183,533",GBP,0,,FY2.END.segment.bus-GroupCompanyDataDimension.bus-Consolidated,False,ok
02497396,2025-12-31,core:CurrentAssets,Cash at bank and in hand,"22,653,131",GBP,0,,FY1.END.segment.bus-GroupCompanyDataDimension.bus-Consolidated,True,ok
02497396,2024-12-31,core:CurrentAssets,Cash at bank and in hand,"20,816,391",GBP,0,,FY2.END.segment.bus-GroupCompanyDataDimension.bus-Consolidated,True,ok
02497396,2025-12-31,core:Creditors,: Amounts falling due within one year,"2,953,693",GBP,0,,FY1.END.segment.core-FinancialInstrumentCurrentNon-currentDimension.core-CurrentFinancialInstruments.core-MaturitiesOrExpirationPeriodsDimension.core-WithinOneYear.bus-GroupCompanyDataDimension.bus-Consolidated,False,ok
02497396,2024-12-31,core:Creditors,: Amounts falling due within one year,"4,979,242",GBP,0,,FY2.END.segment.core-FinancialInstrumentCurrentNon-currentDimension.core-CurrentFinancialInstruments.core-MaturitiesOrExpirationPeriodsDimension.core-WithinOneYear.bus-GroupCompanyDataDimension.bus-Consolidated,False,ok
02497396,2025-12-31,core:NetCurrentAssetsLiabilities,assets,"19,699,438",GBP,0,,FY1.END.segment.bus-GroupCompanyDataDimension.bus-Consolidated,True,ok
02497396,2024-12-31,core:NetCurrentAssetsLiabilities,assets,"15,837,149",GBP,0,,FY2.END.segment.bus-GroupCompanyDataDimension.bus-Consolidated,True,ok
02497396,2025-12-31,core:TotalAssetsLessCurrentLiabilities,Total assets less current liabilities,"33,252,041",GBP,0,,FY1.END.segment.bus-GroupCompanyDataDimension.bus-Consolidated,True,ok
02497396,2024-12-31,core:TotalAssetsLessCurrentLiabilities,Total assets less current liabilities,"28,643,500",GBP,0,,FY2.END.segment.bus-GroupCompanyDataDimension.bus-Consolidated,True,ok
02497396,2025-12-31,core:ProvisionsForLiabilitiesBalanceSheetSubtotal,Provisions for liabilities,"636,396",GBP,0,,FY1.END.segment.bus-GroupCompanyDataDimension.bus-Consolidated,False,ok
02497396,2024-12-31,core:ProvisionsForLiabilitiesBalanceSheetSubtotal,Provisions for liabilities,"481,195",GBP,0,,FY2.END.segment.bus-GroupCompanyDataDimension.bus-Consolidated,False,ok
02497396,2025-12-31,core:NetAssetsLiabilities,assets,"32,615,645",GBP,0,,FY1.END.segment.bus-GroupCompanyDataDimension.bus-Consolidated,True,ok
02497396,2024-12-31,core:NetAssetsLiabilities,assets,"28,162,305",GBP,0,,FY2.END.segment.bus-GroupCompanyDataDimension.bus-Consolidated,True,ok
02497396,2025-12-31,core:Equity,Called up share capital,"20,000",GBP,0,,FY1.END.segment.core-EquityClassesDimension.core-ShareCapital.bus-GroupCompanyDataDimension.bus-Consolidated,True,ok
02497396,2024-12-31,core:Equity,Called up share capital,"20,000",GBP,0,,FY2.END.segment.core-EquityClassesDimension.core-ShareCapital.bus-GroupCompanyDataDimension.bus-Consolidated,True,ok
02497396,2025-12-31,core:Equity,Retained earnings,"32,595,645",GBP,0,,FY1.END.segment.core-EquityClassesDimension.core-RetainedEarningsAccumulatedLosses.bus-GroupCompanyDataDimension.bus-Consolidated,True,ok
02497396,2024-12-31,core:Equity,Retained earnings,"28,142,305",GBP,0,,FY2.END.segment.core-EquityClassesDimension.core-RetainedEarningsAccumulatedLosses.bus-GroupCompanyDataDimension.bus-Consolidated,True,ok
02497396,2025-12-31,core:Equity,Equity attributable to owners of the company,"32,615,645",GBP,0,,FY1.END.segment.core-EquityClassesDimension.core-TotalEquityAttributableToOwnersParentBeforeNon-controllingInterests.bus-GroupCompanyDataDimension.bus-Consolidated,True,ok
02497396,2024-12-31,core:Equity,Equity attributable to owners of the company,"28,162,305",GBP,0,,FY2.END.segment.core-EquityClassesDimension.core-TotalEquityAttributableToOwnersParentBeforeNon-controllingInterests.bus-GroupCompanyDataDimension.bus-Consolidated,True,ok
02497396,2025-12-31,core:Equity,Shareholders' funds,"32,615,645",GBP,0,,FY1.END.segment.bus-GroupCompanyDataDimension.bus-Consolidated,True,ok
02497396,2024-12-31,core:Equity,Shareholders' funds,"28,162,305",GBP,0,,FY2.END.segment.bus-GroupCompanyDataDimension.bus-Consolidated,True,ok
02497396,2025-12-31,core:InvestmentProperty,Investment property,"10,864,950",GBP,0,,FY1.END,False,ok
02497396,2024-12-31,core:InvestmentProperty,Investment property,"10,747,200",GBP,0,,FY2.END,False,ok
02497396,2025-12-31,core:InvestmentsFixedAssets,Investments,"80,000",GBP,0,,FY1.END,False,ok
02497396,2024-12-31,core:InvestmentsFixedAssets,Investments,"80,000",GBP,0,,FY2.END,False,ok
02497396,2025-12-31,core:FixedAssets,Investments,"10,944,950",GBP,0,,FY1.END,True,ok
02497396,2024-12-31,core:FixedAssets,Investments,"10,827,200",GBP,0,,FY2.END,True,ok
02497396,2025-12-31,core:Debtors,Debtors,"359,056",GBP,0,,FY1.END.segment.core-FinancialInstrumentCurrentNon-currentDimension.core-CurrentFinancialInstruments,False,ok
02497396,2024-12-31,core:Debtors,Debtors,"962,443",GBP,0,,FY2.END.segment.core-FinancialInstrumentCurrentNon-currentDimension.core-CurrentFinancialInstruments,False,ok
02497396,2025-12-31,core:CashBankOnHand,Cash at bank and in hand,"11,111,560",GBP,0,,FY1.END,False,ok
02497396,2024-12-31,core:CashBankOnHand,Cash at bank and in hand,"6,961,060",GBP,0,,FY2.END,False,ok
02497396,2025-12-31,core:CurrentAssets,Cash at bank and in hand,"11,470,616",GBP,0,,FY1.END,True,ok
02497396,2024-12-31,core:CurrentAssets,Cash at bank and in hand,"7,923,503",GBP,0,,FY2.END,True,ok
02497396,2025-12-31,core:Creditors,: Amounts falling due within one year,"162,421",GBP,0,,FY1.END.segment.core-FinancialInstrumentCurrentNon-currentDimension.core-CurrentFinancialInstruments.core-MaturitiesOrExpirationPeriodsDimension.core-WithinOneYear,False,ok
02497396,2024-12-31,core:Creditors,: Amounts falling due within one year,"148,813",GBP,0,,FY2.END.segment.core-FinancialInstrumentCurrentNon-currentDimension.core-CurrentFinancialInstruments.core-MaturitiesOrExpirationPeriodsDimension.core-WithinOneYear,False,ok
02497396,2025-12-31,core:NetCurrentAssetsLiabilities,assets,"11,308,195",GBP,0,,FY1.END,True,ok
02497396,2024-12-31,core:NetCurrentAssetsLiabilities,assets,"7,774,690",GBP,0,,FY2.END,True,ok
02497396,2025-12-31,core:NetAssetsLiabilities,assets,"22,253,145",GBP,0,,FY1.END,True,ok
02497396,2024-12-31,core:NetAssetsLiabilities,assets,"18,601,890",GBP,0,,FY2.END,True,ok
02497396,2025-12-31,core:Equity,Called up share capital,"20,000",GBP,0,,FY1.END.segment.core-EquityClassesDimension.core-ShareCapital,True,ok
02497396,2024-12-31,core:Equity,Called up share capital,"20,000",GBP,0,,FY2.END.segment.core-EquityClassesDimension.core-ShareCapital,True,ok
02497396,2025-12-31,core:Equity,Retained earnings,"22,233,145",GBP,0,,FY1.END.segment.core-EquityClassesDimension.core-RetainedEarningsAccumulatedLosses,True,ok
02497396,2024-12-31,core:Equity,Retained earnings,"18,581,890",GBP,0,,FY2.END.segment.core-EquityClassesDimension.core-RetainedEarningsAccumulatedLosses,True,ok
02497396,2025-12-31,core:Equity,Shareholders' funds,"22,253,145",GBP,0,,FY1.END,True,ok
02497396,2024-12-31,core:Equity,Shareholders' funds,"18,601,890",GBP,0,,FY2.END,True,ok
02497396,2024-12-31,core:Equity,At 1 January 2025,"20,000",GBP,0,,FY1.START.segment.core-EquityClassesDimension.core-ShareCapital.bus-GroupCompanyDataDimension.bus-Consolidated,True,ok
02497396,2024-12-31,core:Equity,At 1 January 2025,"28,142,305",GBP,0,,FY1.START.segment.core-EquityClassesDimension.core-RetainedEarningsAccumulatedLosses.bus-GroupCompanyDataDimension.bus-Consolidated,True,ok
02497396,2024-12-31,core:Equity,At 1 January 2025,"28,162,305",GBP,0,,FY1.START.segment.core-EquityClassesDimension.core-TotalEquityAttributableToOwnersParentBeforeNon-controllingInterests.bus-GroupCompanyDataDimension.bus-Consolidated,True,ok
02497396,2024-12-31,core:Equity,At 1 January 2025,"28,162,305",GBP,0,,FY1.START.segment.bus-GroupCompanyDataDimension.bus-Consolidated,True,ok
02497396,2025-12-31,core:ProfitLoss,Profit for the year,"5,453,390",GBP,0,,FY1.segment.core-EquityClassesDimension.core-RetainedEarningsAccumulatedLosses.bus-GroupCompanyDataDimension.bus-Consolidated,False,ok
02497396,2025-12-31,core:ProfitLoss,Profit for the year,"5,453,390",GBP,0,,FY1.segment.core-EquityClassesDimension.core-TotalEquityAttributableToOwnersParentBeforeNon-controllingInterests.bus-GroupCompanyDataDimension.bus-Consolidated,False,ok
02497396,2025-12-31,core:ProfitLoss,Profit for the year,"5,453,390",GBP,0,,FY1.segment.bus-GroupCompanyDataDimension.bus-Consolidated,False,ok
02497396,2025-12-31,core:DividendsPaid,Dividends,"1,000,050",GBP,0,-,FY1.segment.core-EquityClassesDimension.core-RetainedEarningsAccumulatedLosses.bus-GroupCompanyDataDimension.bus-Consolidated,False,ok
02497396,2025-12-31,core:DividendsPaid,Dividends,"1,000,050",GBP,0,-,FY1.segment.core-EquityClassesDimension.core-TotalEquityAttributableToOwnersParentBeforeNon-controllingInterests.bus-GroupCompanyDataDimension.bus-Consolidated,False,ok
02497396,2025-12-31,core:DividendsPaid,Dividends,"1,000,050",GBP,0,-,FY1.segment.bus-GroupCompanyDataDimension.bus-Consolidated,False,ok
02497396,2025-12-31,core:Equity,At 31 December 2025,"20,000",GBP,0,,FY1.END.segment.core-EquityClassesDimension.core-ShareCapital.bus-GroupCompanyDataDimension.bus-Consolidated,True,ok
02497396,2025-12-31,core:Equity,At 31 December 2025,"32,595,645",GBP,0,,FY1.END.segment.core-EquityClassesDimension.core-RetainedEarningsAccumulatedLosses.bus-GroupCompanyDataDimension.bus-Consolidated,True,ok
02497396,2025-12-31,core:Equity,At 31 December 2025,"32,615,645",GBP,0,,FY1.END.segment.core-EquityClassesDimension.core-TotalEquityAttributableToOwnersParentBeforeNon-controllingInterests.bus-GroupCompanyDataDimension.bus-Consolidated,True,ok
02497396,2025-12-31,core:Equity,At 31 December 2025,"32,615,645",GBP,0,,FY1.END.segment.bus-GroupCompanyDataDimension.bus-Consolidated,True,ok
02497396,2023-12-31,core:Equity,At 1 January 2024,"20,000",GBP,0,,FY2.START.segment.core-EquityClassesDimension.core-ShareCapital.bus-GroupCompanyDataDimension.bus-Consolidated,True,ok
02497396,2023-12-31,core:Equity,At 1 January 2024,"26,044,471",GBP,0,,FY2.START.segment.core-EquityClassesDimension.core-RetainedEarningsAccumulatedLosses.bus-GroupCompanyDataDimension.bus-Consolidated,True,ok
02497396,2023-12-31,core:Equity,At 1 January 2024,"26,064,471",GBP,0,,FY2.START.segment.core-EquityClassesDimension.core-TotalEquityAttributableToOwnersParentBeforeNon-controllingInterests.bus-GroupCompanyDataDimension.bus-Consolidated,True,ok
02497396,2023-12-31,core:Equity,At 1 January 2024,"26,064,471",GBP,0,,FY2.START.segment.bus-GroupCompanyDataDimension.bus-Consolidated,True,ok
02497396,2024-12-31,core:ProfitLoss,Profit for the year,"4,097,834",GBP,0,,FY2.segment.core-EquityClassesDimension.core-RetainedEarningsAccumulatedLosses.bus-GroupCompanyDataDimension.bus-Consolidated,False,ok
02497396,2024-12-31,core:ProfitLoss,Profit for the year,"4,097,834",GBP,0,,FY2.segment.core-EquityClassesDimension.core-TotalEquityAttributableToOwnersParentBeforeNon-controllingInterests.bus-GroupCompanyDataDimension.bus-Consolidated,False,ok
02497396,2024-12-31,core:ProfitLoss,Profit for the year,"4,097,834",GBP,0,,FY2.segment.bus-GroupCompanyDataDimension.bus-Consolidated,False,ok
02497396,2024-12-31,core:DividendsPaid,Dividends,"2,000,000",GBP,0,-,FY2.segment.core-EquityClassesDimension.core-RetainedEarningsAccumulatedLosses.bus-GroupCompanyDataDimension.bus-Consolidated,False,ok
02497396,2024-12-31,core:DividendsPaid,Dividends,"2,000,000",GBP,0,-,FY2.segment.core-EquityClassesDimension.core-TotalEquityAttributableToOwnersParentBeforeNon-controllingInterests.bus-GroupCompanyDataDimension.bus-Consolidated,False,ok
02497396,2024-12-31,core:DividendsPaid,Dividends,"2,000,000",GBP,0,-,FY2.segment.bus-GroupCompanyDataDimension.bus-Consolidated,False,ok
02497396,2024-12-31,core:Equity,At 1 January 2025,"20,000",GBP,0,,FY1.START.segment.core-EquityClassesDimension.core-ShareCapital,True,ok
02497396,2024-12-31,core:Equity,At 1 January 2025,"18,581,890",GBP,0,,FY1.START.segment.core-EquityClassesDimension.core-RetainedEarningsAccumulatedLosses,True,ok
02497396,2024-12-31,core:Equity,At 1 January 2025,"18,601,890",GBP,0,,FY1.START,True,ok
02497396,2025-12-31,core:ProfitLoss,Profit for the year,"4,651,305",GBP,0,,FY1.segment.core-EquityClassesDimension.core-RetainedEarningsAccumulatedLosses,False,ok
02497396,2025-12-31,core:ProfitLoss,Profit for the year,"4,651,305",GBP,0,,FY1,False,ok
02497396,2025-12-31,core:DividendsPaid,Dividends,"1,000,050",GBP,0,-,FY1.segment.core-EquityClassesDimension.core-RetainedEarningsAccumulatedLosses,False,ok
02497396,2025-12-31,core:DividendsPaid,Dividends,"1,000,050",GBP,0,-,FY1,False,ok
02497396,2025-12-31,core:Equity,At 31 December 2025,"20,000",GBP,0,,FY1.END.segment.core-EquityClassesDimension.core-ShareCapital,True,ok
02497396,2025-12-31,core:Equity,At 31 December 2025,"22,233,145",GBP,0,,FY1.END.segment.core-EquityClassesDimension.core-RetainedEarningsAccumulatedLosses,True,ok
02497396,2025-12-31,core:Equity,At 31 December 2025,"22,253,145",GBP,0,,FY1.END,True,ok
02497396,2023-12-31,core:Equity,At 1 January 2024,"20,000",GBP,0,,FY2.START.segment.core-EquityClassesDimension.core-ShareCapital,True,ok
02497396,2023-12-31,core:Equity,At 1 January 2024,"15,446,751",GBP,0,,FY2.START.segment.core-EquityClassesDimension.core-RetainedEarningsAccumulatedLosses,True,ok
02497396,2023-12-31,core:Equity,At 1 January 2024,"15,466,751",GBP,0,,FY2.START,True,ok
02497396,2024-12-31,core:ProfitLoss,Profit for the year,"5,135,139",GBP,0,,FY2.segment.core-EquityClassesDimension.core-RetainedEarningsAccumulatedLosses,False,ok
02497396,2024-12-31,core:ProfitLoss,Profit for the year,"5,135,139",GBP,0,,FY2,False,ok
02497396,2024-12-31,core:DividendsPaid,Dividends,"2,000,000",GBP,0,-,FY2.segment.core-EquityClassesDimension.core-RetainedEarningsAccumulatedLosses,False,ok
02497396,2024-12-31,core:DividendsPaid,Dividends,"2,000,000",GBP,0,-,FY2,False,ok
02497396,2025-12-31,core:DepreciationAmortisationExpense,Depreciation and amortisation,"319,345",GBP,0,,FY1.segment.bus-GroupCompanyDataDimension.bus-Consolidated,False,ok
02497396,2024-12-31,core:DepreciationAmortisationExpense,Depreciation and amortisation,"388,673",GBP,0,,FY2.segment.bus-GroupCompanyDataDimension.bus-Consolidated,False,ok
02497396,2025-12-31,core:GainLossOnDisposalsPropertyPlantEquipment,Profit on disposal of tangible assets,"22,925",GBP,0,,FY1.segment.bus-GroupCompanyDataDimension.bus-Consolidated,False,ok
02497396,2025-12-31,core:InterestReceivedClassifiedAsOperatingActivities,Finance income,"481,084",GBP,0,,FY1.segment.bus-GroupCompanyDataDimension.bus-Consolidated,False,ok
02497396,2024-12-31,core:InterestReceivedClassifiedAsOperatingActivities,Finance income,"495,406",GBP,0,,FY2.segment.bus-GroupCompanyDataDimension.bus-Consolidated,False,ok
02497396,2025-12-31,core:InterestPaidClassifiedAsOperatingActivities,Finance costs,"7,848",GBP,0,-,FY1.segment.bus-GroupCompanyDataDimension.bus-Consolidated,False,ok
02497396,2024-12-31,core:InterestPaidClassifiedAsOperatingActivities,Finance costs,"92,428",GBP,0,-,FY2.segment.bus-GroupCompanyDataDimension.bus-Consolidated,False,ok
02497396,2025-12-31,core:TaxTaxCreditOnProfitOrLossOnOrdinaryActivities,Income tax expense,"1,039,320",GBP,0,,FY1.segment.bus-GroupCompanyDataDimension.bus-Consolidated,False,ok
02497396,2024-12-31,core:TaxTaxCreditOnProfitOrLossOnOrdinaryActivities,Income tax expense,"998,385",GBP,0,,FY2.segment.bus-GroupCompanyDataDimension.bus-Consolidated,False,ok
02497396,2025-12-31,core:NetCashInflowOutflowFromOperationsBeforeMovementsInWorkingCapital,Income tax expense,"6,280,838",GBP,0,,FY1.segment.bus-GroupCompanyDataDimension.bus-Consolidated,False,ok
02497396,2024-12-31,core:NetCashInflowOutflowFromOperationsBeforeMovementsInWorkingCapital,Income tax expense,"4,769,545",GBP,0,,FY2.segment.bus-GroupCompanyDataDimension.bus-Consolidated,False,ok
02497396,2025-12-31,core:GainLossInCashFlowsFromChangeInInventories,Increase in stocks,"14,360",GBP,0,,FY1.segment.bus-GroupCompanyDataDimension.bus-Consolidated,False,ok
02497396,2024-12-31,core:GainLossInCashFlowsFromChangeInInventories,Increase in stocks,"707,023",GBP,0,,FY2.segment.bus-GroupCompanyDataDimension.bus-Consolidated,False,ok
02497396,2025-12-31,core:GainLossInCashFlowsFromChangeInDebtorsTradeOtherReceivables,Decrease/(increase) in trade debtors,"1,066,308",GBP,0,-,FY1.segment.bus-GroupCompanyDataDimension.bus-Consolidated,False,ok
02497396,2024-12-31,core:GainLossInCashFlowsFromChangeInDebtorsTradeOtherReceivables,Decrease/(increase) in trade debtors,"875,054",GBP,0,,FY2.segment.bus-GroupCompanyDataDimension.bus-Consolidated,False,ok
02497396,2025-12-31,core:GainLossInCashFlowsFromChangeInCreditorsTradeOtherPayables,Increase in trade creditors,"66,998",GBP,0,,FY1.segment.bus-GroupCompanyDataDimension.bus-Consolidated,False,ok
02497396,2024-12-31,core:GainLossInCashFlowsFromChangeInCreditorsTradeOtherPayables,Increase in trade creditors,"650,727",GBP,0,,FY2.segment.bus-GroupCompanyDataDimension.bus-Consolidated,False,ok
02497396,2025-12-31,core:GainLossInCashFlowsFromChangeInDeferredItems,"(Decrease)/increase in deferred income, including government grants","2,092,547",GBP,0,-,FY1.segment.bus-GroupCompanyDataDimension.bus-Consolidated,False,ok
02497396,2024-12-31,core:GainLossInCashFlowsFromChangeInDeferredItems,"(Decrease)/increase in deferred income, including government grants","2,092,547",GBP,0,,FY2.segment.bus-GroupCompanyDataDimension.bus-Consolidated,False,ok
02497396,2025-12-31,core:NetCashGeneratedFromOperations,Cash generated from operations,"5,307,237",GBP,0,,FY1.segment.bus-GroupCompanyDataDimension.bus-Consolidated,False,ok
02497396,2024-12-31,core:NetCashGeneratedFromOperations,Cash generated from operations,"5,930,742",GBP,0,,FY2.segment.bus-GroupCompanyDataDimension.bus-Consolidated,False,ok
02497396,2025-12-31,core:IncomeTaxesPaidRefundClassifiedAsOperatingActivities,Income taxes paid,"821,455",GBP,0,,FY1.segment.bus-GroupCompanyDataDimension.bus-Consolidated,False,ok
02497396,2024-12-31,core:IncomeTaxesPaidRefundClassifiedAsOperatingActivities,Income taxes paid,"2,611,875",GBP,0,,FY2.segment.bus-GroupCompanyDataDimension.bus-Consolidated,False,ok
02497396,2025-12-31,core:NetCashFlowsFromUsedInOperatingActivities,Net cash flow from operating activities,"4,485,782",GBP,0,,FY1.segment.bus-GroupCompanyDataDimension.bus-Consolidated,False,ok
02497396,2024-12-31,core:NetCashFlowsFromUsedInOperatingActivities,Net cash flow from operating activities,"3,318,867",GBP,0,,FY2.segment.bus-GroupCompanyDataDimension.bus-Consolidated,False,ok
02497396,2025-12-31,core:InterestReceivedClassifiedAsInvestingActivities,Interest received,"481,084",GBP,0,,FY1.segment.bus-GroupCompanyDataDimension.bus-Consolidated,False,ok
02497396,2024-12-31,core:InterestReceivedClassifiedAsInvestingActivities,Interest received,"495,406",GBP,0,,FY2.segment.bus-GroupCompanyDataDimension.bus-Consolidated,False,ok
02497396,2025-12-31,core:PurchasePropertyPlantEquipment,Acquisitions of tangible assets,"1,075,885",GBP,0,-,FY1.segment.bus-GroupCompanyDataDimension.bus-Consolidated,False,ok
02497396,2024-12-31,core:PurchasePropertyPlantEquipment,Acquisitions of tangible assets,"5,592,265",GBP,0,-,FY2.segment.bus-GroupCompanyDataDimension.bus-Consolidated,False,ok
02497396,2025-12-31,core:ProceedsFromSalesPropertyPlantEquipment,Proceeds from sale of tangible assets,"33,213",GBP,0,,FY1.segment.bus-GroupCompanyDataDimension.bus-Consolidated,False,ok
02497396,2024-12-31,core:ProceedsFromSalesPropertyPlantEquipment,Proceeds from sale of tangible assets,"185,355",GBP,0,,FY2.segment.bus-GroupCompanyDataDimension.bus-Consolidated,False,ok
02497396,2025-12-31,core:NetCashFlowsFromUsedInInvestingActivities,Net cash flows from investing activities,"561,588",GBP,0,-,FY1.segment.bus-GroupCompanyDataDimension.bus-Consolidated,False,ok
02497396,2024-12-31,core:NetCashFlowsFromUsedInInvestingActivities,Net cash flows from investing activities,"4,911,504",GBP,0,-,FY2.segment.bus-GroupCompanyDataDimension.bus-Consolidated,False,ok
02497396,2025-12-31,core:InterestPaidClassifiedAsFinancingActivities,Interest paid,"7,848",GBP,0,,FY1.segment.bus-GroupCompanyDataDimension.bus-Consolidated,False,ok
02497396,2024-12-31,core:InterestPaidClassifiedAsFinancingActivities,Interest paid,"92,428",GBP,0,,FY2.segment.bus-GroupCompanyDataDimension.bus-Consolidated,False,ok
02497396,2025-12-31,core:DividendsPaidClassifiedAsFinancingActivities,Dividends paid,"1,000,050",GBP,0,-,FY1.segment.bus-GroupCompanyDataDimension.bus-Consolidated,False,ok
02497396,2024-12-31,core:DividendsPaidClassifiedAsFinancingActivities,Dividends paid,"2,000,000",GBP,0,-,FY2.segment.bus-GroupCompanyDataDimension.bus-Consolidated,False,ok
02497396,2025-12-31,core:NetCashFlowsFromUsedInFinancingActivities,Net cash flows from financing activities,"992,202",GBP,0,-,FY1.segment.bus-GroupCompanyDataDimension.bus-Consolidated,False,ok
02497396,2024-12-31,core:NetCashFlowsFromUsedInFinancingActivities,Net cash flows from financing activities,"1,907,572",GBP,0,-,FY2.segment.bus-GroupCompanyDataDimension.bus-Consolidated,False,ok
02497396,2025-12-31,core:IncreaseDecreaseInCashCashEquivalentsBeforeForeignExchangeDifferencesChangesInConsolidation,Net increase/(decrease) in cash and cash equivalents,"2,931,992",GBP,0,,FY1.segment.bus-GroupCompanyDataDimension.bus-Consolidated,False,ok
02497396,2024-12-31,core:IncreaseDecreaseInCashCashEquivalentsBeforeForeignExchangeDifferencesChangesInConsolidation,Net increase/(decrease) in cash and cash equivalents,"3,500,209",GBP,0,-,FY2.segment.bus-GroupCompanyDataDimension.bus-Consolidated,False,ok
02497396,2024-12-31,core:CashCashEquivalentsCashFlowValue,Cash and cash equivalents at 1 January,"11,183,533",GBP,0,,FY1.START.segment.bus-GroupCompanyDataDimension.bus-Consolidated,False,ok
02497396,2023-12-31,core:CashCashEquivalentsCashFlowValue,Cash and cash equivalents at 1 January,"14,683,742",GBP,0,,FY2.START.segment.bus-GroupCompanyDataDimension.bus-Consolidated,False,ok
02497396,2025-12-31,core:RevenueFromSaleGoods,Sale of goods,"15,332,996",GBP,0,,FY1.segment.bus-GroupCompanyDataDimension.bus-Consolidated,False,ok
02497396,2024-12-31,core:RevenueFromSaleGoods,Sale of goods,"15,933,580",GBP,0,,FY2.segment.bus-GroupCompanyDataDimension.bus-Consolidated,False,ok
02497396,2025-12-31,core:RevenueFromRenderingServices,Construction contracts,"19,095,044",GBP,0,,FY1.segment.bus-GroupCompanyDataDimension.bus-Consolidated,False,ok
02497396,2024-12-31,core:RevenueFromRenderingServices,Construction contracts,"16,740,700",GBP,0,,FY2.segment.bus-GroupCompanyDataDimension.bus-Consolidated,False,ok
02497396,2025-12-31,core:RentalIncomeFromInvestmentProperty,Rental income from investment property,"20,417",GBP,0,,FY1.segment.bus-GroupCompanyDataDimension.bus-Consolidated,False,ok
02497396,2024-12-31,core:RentalIncomeFromInvestmentProperty,Rental income from investment property,"1,692",GBP,0,,FY2.segment.bus-GroupCompanyDataDimension.bus-Consolidated,False,ok
02497396,2025-12-31,core:TurnoverRevenue,Rental income from investment property,"34,448,457",GBP,0,,FY1.segment.bus-GroupCompanyDataDimension.bus-Consolidated,False,ok
02497396,2024-12-31,core:TurnoverRevenue,Rental income from investment property,"32,675,972",GBP,0,,FY2.segment.bus-GroupCompanyDataDimension.bus-Consolidated,False,ok
02497396,2025-12-31,core:OtherRemainingOperatingIncome,Research and Development Expenditure Credit,"115,816",GBP,0,,FY1.segment.bus-GroupCompanyDataDimension.bus-Consolidated,False,ok
02497396,2025-12-31,core:DepreciationExpensePropertyPlantEquipment,Depreciation expense,"480,059",GBP,0,,FY1.segment.bus-GroupCompanyDataDimension.bus-Consolidated,False,ok
02497396,2024-12-31,core:DepreciationExpensePropertyPlantEquipment,Depreciation expense,"388,673",GBP,0,,FY2.segment.bus-GroupCompanyDataDimension.bus-Consolidated,False,ok
02497396,2025-12-31,core:GainLossOnDisposalsPropertyPlantEquipment,"Profit on disposal of property, plant and equipment","22,925",GBP,0,,FY1.segment.bus-GroupCompanyDataDimension.bus-Consolidated,False,ok
02497396,2024-12-31,core:GainLossOnDisposalsPropertyPlantEquipment,"Profit on disposal of property, plant and equipment","128,770",GBP,0,,FY2.segment.bus-GroupCompanyDataDimension.bus-Consolidated,False,ok
02497396,2025-12-31,core:InterestIncomeOnBankDeposits,Interest income on bank deposits,"481,084",GBP,0,,FY1.segment.bus-GroupCompanyDataDimension.bus-Consolidated,False,ok
02497396,2024-12-31,core:InterestIncomeOnBankDeposits,Interest income on bank deposits,"616,321",GBP,0,,FY2.segment.bus-GroupCompanyDataDimension.bus-Consolidated,False,ok
02497396,2025-12-31,core:InterestExpenseOnFinancialLiabilitiesFairValueThroughProfitOrLoss,Interest expense on other finance liabilities,441,GBP,0,,FY1.segment.bus-GroupCompanyDataDimension.bus-Consolidated,False,ok
02497396,2024-12-31,core:InterestExpenseOnFinancialLiabilitiesFairValueThroughProfitOrLoss,Interest expense on other finance liabilities,"28,487",GBP,0,,FY2.segment.bus-GroupCompanyDataDimension.bus-Consolidated,False,ok
02497396,2025-12-31,core:LossOnFinancingActivitiesDueToForeignExchangeDifferences,Foreign exchange gains/(losses),"9,720",GBP,0,,FY1.segment.bus-GroupCompanyDataDimension.bus-Consolidated,False,ok
02497396,2024-12-31,core:LossOnFinancingActivitiesDueToForeignExchangeDifferences,Foreign exchange gains/(losses),"7,121",GBP,0,-,FY2.segment.bus-GroupCompanyDataDimension.bus-Consolidated,False,ok
02497396,2025-12-31,core:InterestPayableSimilarChargesFinanceCosts,Foreign exchange gains/(losses),"10,161",GBP,0,,FY1.segment.bus-GroupCompanyDataDimension.bus-Consolidated,False,ok
02497396,2024-12-31,core:InterestPayableSimilarChargesFinanceCosts,Foreign exchange gains/(losses),"21,366",GBP,0,,FY2.segment.bus-GroupCompanyDataDimension.bus-Consolidated,False,ok
02497396,2025-12-31,core:WagesSalaries,Wages and salaries,"8,221,963",GBP,0,,FY1.segment.bus-GroupCompanyDataDimension.bus-Consolidated,False,ok
02497396,2024-12-31,core:WagesSalaries,Wages and salaries,"7,726,667",GBP,0,,FY2.segment.bus-GroupCompanyDataDimension.bus-Consolidated,False,ok
02497396,2025-12-31,core:SocialSecurityCosts,Social security costs,"700,652",GBP,0,,FY1.segment.bus-GroupCompanyDataDimension.bus-Consolidated,False,ok
02497396,2024-12-31,core:SocialSecurityCosts,Social security costs,"516,488",GBP,0,,FY2.segment.bus-GroupCompanyDataDimension.bus-Consolidated,False,ok
02497396,2025-12-31,core:PensionCostsDefinedContributionPlan,"Pension costs, defined contribution scheme","581,062",GBP,0,,FY1.segment.bus-GroupCompanyDataDimension.bus-Consolidated,False,ok
02497396,2024-12-31,core:PensionCostsDefinedContributionPlan,"Pension costs, defined contribution scheme","404,715",GBP,0,,FY2.segment.bus-GroupCompanyDataDimension.bus-Consolidated,False,ok
02497396,2025-12-31,core:OtherEmployeeExpense,Other employee expense,"333,094",GBP,0,,FY1.segment.bus-GroupCompanyDataDimension.bus-Consolidated,False,ok
02497396,2024-12-31,core:OtherEmployeeExpense,Other employee expense,"315,842",GBP,0,,FY2.segment.bus-GroupCompanyDataDimension.bus-Consolidated,False,ok
02497396,2025-12-31,core:StaffCostsEmployeeBenefitsExpense,Other employee expense,"9,836,771",GBP,0,,FY1.segment.bus-GroupCompanyDataDimension.bus-Consolidated,False,ok
02497396,2024-12-31,core:StaffCostsEmployeeBenefitsExpense,Other employee expense,"8,963,712",GBP,0,,FY2.segment.bus-GroupCompanyDataDimension.bus-Consolidated,False,ok
02497396,2025-12-31,core:ProductionAverageNumberEmployees,Production,147,pure,0,,FY1.segment.bus-GroupCompanyDataDimension.bus-Consolidated,False,ok
02497396,2024-12-31,core:ProductionAverageNumberEmployees,Production,146,pure,0,,FY2.segment.bus-GroupCompanyDataDimension.bus-Consolidated,False,ok
02497396,2025-12-31,core:AdministrationSupportAverageNumberEmployees,Administration and support,24,pure,0,,FY1.segment.bus-GroupCompanyDataDimension.bus-Consolidated,False,ok
02497396,2024-12-31,core:AdministrationSupportAverageNumberEmployees,Administration and support,22,pure,0,,FY2.segment.bus-GroupCompanyDataDimension.bus-Consolidated,False,ok
02497396,2025-12-31,core:AverageNumberEmployeesDuringPeriod,Administration and support,171,pure,0,,FY1.segment.bus-GroupCompanyDataDimension.bus-Consolidated,False,ok
02497396,2024-12-31,core:AverageNumberEmployeesDuringPeriod,Administration and support,168,pure,0,,FY2.segment.bus-GroupCompanyDataDimension.bus-Consolidated,False,ok
02497396,2025-12-31,direp:DirectorRemuneration,Remuneration,"235,337",GBP,0,,FY1.segment.bus-GroupCompanyDataDimension.bus-Consolidated,False,ok
02497396,2024-12-31,direp:DirectorRemuneration,Remuneration,"235,076",GBP,0,,FY2.segment.bus-GroupCompanyDataDimension.bus-Consolidated,False,ok
02497396,2025-12-31,direp:CompanyContributionsToMoneyPurchasePlansDirectors,Contributions paid to money purchase schemes,"10,000",GBP,0,,FY1.segment.bus-GroupCompanyDataDimension.bus-Consolidated,False,ok
02497396,2025-12-31,direp:NumberDirectorsAccruingBenefitsUnderMoneyPurchaseScheme,Accruing benefits under money purchase pension scheme,2,pure,0,,FY1.segment.bus-GroupCompanyDataDimension.bus-Consolidated,False,ok
02497396,2024-12-31,direp:NumberDirectorsAccruingBenefitsUnderMoneyPurchaseScheme,Accruing benefits under money purchase pension scheme,2,pure,0,,FY2.segment.bus-GroupCompanyDataDimension.bus-Consolidated,False,ok
02497396,2025-12-31,direp:DirectorRemuneration,Remuneration,"173,075",GBP,0,,FY1.segment.bus-EntityOfficersDimension.bus-HighestPaidDirector.bus-GroupCompanyDataDimension.bus-Consolidated,False,ok
02497396,2024-12-31,direp:DirectorRemuneration,Remuneration,"173,075",GBP,0,,FY2.segment.bus-EntityOfficersDimension.bus-HighestPaidDirector.bus-GroupCompanyDataDimension.bus-Consolidated,False,ok
02497396,2025-12-31,core:CurrentTaxForPeriod,UK corporation tax,"1,097,624",GBP,0,,FY1.segment.core-TaxJurisdictionDimension.core-UKTax.bus-GroupCompanyDataDimension.bus-Consolidated,False,ok
02497396,2024-12-31,core:CurrentTaxForPeriod,UK corporation tax,"1,173,967",GBP,0,,FY2.segment.core-TaxJurisdictionDimension.core-UKTax.bus-GroupCompanyDataDimension.bus-Consolidated,False,ok
02497396,2025-12-31,core:IncreaseDecreaseInCurrentTaxFromAdjustmentForPriorPeriods,UK corporation tax adjustment to prior periods,"213,505",GBP,0,-,FY1.segment.core-TaxJurisdictionDimension.core-UKTax.bus-GroupCompanyDataDimension.bus-Consolidated,False,ok
02497396,2024-12-31,core:IncreaseDecreaseInCurrentTaxFromAdjustmentForPriorPeriods,UK corporation tax adjustment to prior periods,"227,006",GBP,0,-,FY2.segment.core-TaxJurisdictionDimension.core-UKTax.bus-GroupCompanyDataDimension.bus-Consolidated,False,ok
02497396,2025-12-31,core:DeferredTaxExpenseCreditRelatingToOriginationReversalTimingDifferences,Arising from origination and reversal of timing differences,"155,201",GBP,0,,FY1.segment.bus-GroupCompanyDataDimension.bus-Consolidated,False,ok
02497396,2024-12-31,core:DeferredTaxExpenseCreditRelatingToOriginationReversalTimingDifferences,Arising from origination and reversal of timing differences,"51,424",GBP,0,,FY2.segment.bus-GroupCompanyDataDimension.bus-Consolidated,False,ok
02497396,2025-12-31,core:TaxTaxCreditOnProfitOrLossOnOrdinaryActivities,Tax expense in the income statement,"1,039,320",GBP,0,,FY1.segment.bus-GroupCompanyDataDimension.bus-Consolidated,False,ok
02497396,2024-12-31,core:TaxTaxCreditOnProfitOrLossOnOrdinaryActivities,Tax expense in the income statement,"998,385",GBP,0,,FY2.segment.bus-GroupCompanyDataDimension.bus-Consolidated,False,ok
02497396,2025-12-31,core:ApplicableTaxRate,The tax on profit before tax for the year is higher than the standard rate of corporation tax in the UK (2024 - higher than the standard rate of corporation tax in the UK) of,25,pure,2,,FY1.segment.core-TaxJurisdictionDimension.core-UKTax.bus-GroupCompanyDataDimension.bus-Consolidated,False,ok
02497396,2024-12-31,core:ApplicableTaxRate,(2024 -,25,pure,2,,FY2.segment.core-TaxJurisdictionDimension.core-UKTax.bus-GroupCompanyDataDimension.bus-Consolidated,False,ok
02497396,2025-12-31,core:ProfitLossOnOrdinaryActivitiesBeforeTax,Profit before tax,"6,492,710",GBP,0,,FY1.segment.bus-GroupCompanyDataDimension.bus-Consolidated,False,ok
02497396,2024-12-31,core:ProfitLossOnOrdinaryActivitiesBeforeTax,Profit before tax,"5,096,219",GBP,0,,FY2.segment.bus-GroupCompanyDataDimension.bus-Consolidated,False,ok
02497396,2025-12-31,core:TaxExpenseCreditApplicableTaxRate,Corporation tax at standard rate,"1,623,178",GBP,0,,FY1.segment.bus-GroupCompanyDataDimension.bus-Consolidated,False,ok
02497396,2024-12-31,core:TaxExpenseCreditApplicableTaxRate,Corporation tax at standard rate,"1,274,055",GBP,0,,FY2.segment.bus-GroupCompanyDataDimension.bus-Consolidated,False,ok
02497396,2025-12-31,core:TaxIncreaseDecreaseFromEffectCapitalAllowancesDepreciation,Tax decrease from effect of capital allowances and depreciation,"164,596",GBP,0,-,FY1.segment.bus-GroupCompanyDataDimension.bus-Consolidated,False,ok
02497396,2024-12-31,core:TaxIncreaseDecreaseFromEffectCapitalAllowancesDepreciation,Tax decrease from effect of capital allowances and depreciation,"22,669",GBP,0,-,FY2.segment.bus-GroupCompanyDataDimension.bus-Consolidated,False,ok
02497396,2025-12-31,core:TaxIncreaseDecreaseFromOtherShort-termTimingDifferences,Tax increase from other short-term timing differences,"1,933",GBP,0,,FY1.segment.bus-GroupCompanyDataDimension.bus-Consolidated,False,ok
02497396,2024-12-31,core:TaxIncreaseDecreaseFromOtherShort-termTimingDifferences,Tax increase from other short-term timing differences,"44,150",GBP,0,,FY2.segment.bus-GroupCompanyDataDimension.bus-Consolidated,False,ok
02497396,2025-12-31,core:TaxIncreaseDecreaseFromEffectExpensesNotDeductibleInDeterminingTaxableProfitOrLoss,Effect of expense not deductible in determining taxable profit (tax loss),"38,092",GBP,0,-,FY1.segment.bus-GroupCompanyDataDimension.bus-Consolidated,False,ok
02497396,2024-12-31,core:TaxIncreaseDecreaseFromEffectExpensesNotDeductibleInDeterminingTaxableProfitOrLoss,Effect of expense not deductible in determining taxable profit (tax loss),"29,444",GBP,0,,FY2.segment.bus-GroupCompanyDataDimension.bus-Consolidated,False,ok
02497396,2025-12-31,core:TaxDecreaseFromUtilisationTaxLosses,Effect of tax losses,"44,151",GBP,0,-,FY1.segment.bus-GroupCompanyDataDimension.bus-Consolidated,False,ok
02497396,2024-12-31,core:TaxDecreaseFromUtilisationTaxLosses,Effect of tax losses,"54,344",GBP,0,-,FY2.segment.bus-GroupCompanyDataDimension.bus-Consolidated,False,ok
02497396,2025-12-31,core:IncreaseDecreaseInCurrentTaxFromUnrecognisedTimingDifferenceFromPriorPeriod,Decrease in UK and foreign current tax from unrecognised temporary difference from a prior period,"213,505",GBP,0,-,FY1.segment.bus-GroupCompanyDataDimension.bus-Consolidated,False,ok
02497396,2024-12-31,core:IncreaseDecreaseInCurrentTaxFromUnrecognisedTimingDifferenceFromPriorPeriod,Decrease in UK and foreign current tax from unrecognised temporary difference from a prior period,"54,900",GBP,0,-,FY2.segment.bus-GroupCompanyDataDimension.bus-Consolidated,False,ok
02497396,2025-12-31,core:DeferredTaxExpenseCreditRelatingToChangesInTaxRatesOrLaws,Deferred tax expense relating to changes in tax rates or laws,"129,922",GBP,0,,FY1.segment.bus-GroupCompanyDataDimension.bus-Consolidated,False,ok
02497396,2024-12-31,core:DeferredTaxExpenseCreditRelatingToChangesInTaxRatesOrLaws,Deferred tax expense relating to changes in tax rates or laws,"51,424",GBP,0,,FY2.segment.bus-GroupCompanyDataDimension.bus-Consolidated,False,ok
02497396,2025-12-31,core:TaxIncreaseDecreaseFromEffectDividendsFromCompanies,Tax decrease from other tax affects,"255,369",GBP,0,-,FY1.segment.bus-GroupCompanyDataDimension.bus-Consolidated,False,ok
02497396,2024-12-31,core:TaxIncreaseDecreaseFromEffectDividendsFromCompanies,Tax decrease from other tax affects,"161,368",GBP,0,-,FY2.segment.bus-GroupCompanyDataDimension.bus-Consolidated,False,ok
02497396,2024-12-31,core:TaxIncreaseDecreaseFromEffectAdjustmentInResearchDevelopmentTaxCredit,Tax decrease from effect of adjustment in research and development tax credit,"107,407",GBP,0,-,FY2.segment.bus-GroupCompanyDataDimension.bus-Consolidated,False,ok
02497396,2025-12-31,core:TaxTaxCreditOnProfitOrLossOnOrdinaryActivities,Total tax charge,"1,039,320",GBP,0,,FY1.segment.bus-GroupCompanyDataDimension.bus-Consolidated,False,ok
02497396,2024-12-31,core:TaxTaxCreditOnProfitOrLossOnOrdinaryActivities,Total tax charge,"998,385",GBP,0,,FY2.segment.bus-GroupCompanyDataDimension.bus-Consolidated,False,ok
02497396,2024-12-31,core:PropertyPlantEquipmentGrossCost,At 1 January 2025,"10,982,243",GBP,0,,FY1.START.segment.core-PropertyPlantEquipmentClassesDimension.core-LandBuildings.bus-GroupCompanyDataDimension.bus-Consolidated,False,ok
02497396,2024-12-31,core:PropertyPlantEquipmentGrossCost,At 1 January 2025,"931,272",GBP,0,,FY1.START.segment.core-PropertyPlantEquipmentClassesDimension.core-FurnitureFittingsToolsEquipment.bus-GroupCompanyDataDimension.bus-Consolidated,False,ok
02497396,2024-12-31,core:PropertyPlantEquipmentGrossCost,At 1 January 2025,"271,276",GBP,0,,FY1.START.segment.core-PropertyPlantEquipmentClassesDimension.core-MotorVehicles.bus-GroupCompanyDataDimension.bus-Consolidated,False,ok
02497396,2024-12-31,core:PropertyPlantEquipmentGrossCost,At 1 January 2025,"5,543,113",GBP,0,,FY1.START.segment.core-PropertyPlantEquipmentClassesDimension.core-PlantMachinery.bus-GroupCompanyDataDimension.bus-Consolidated,False,ok
02497396,2024-12-31,core:PropertyPlantEquipmentGrossCost,At 1 January 2025,"17,727,904",GBP,0,,FY1.START.segment.bus-GroupCompanyDataDimension.bus-Consolidated,False,ok
02497396,2025-12-31,core:AdditionsOtherThanThroughBusinessCombinationsPropertyPlantEquipment,Additions,"117,750",GBP,0,,FY1.segment.core-PropertyPlantEquipmentClassesDimension.core-LandBuildings.bus-GroupCompanyDataDimension.bus-Consolidated,False,ok
02497396,2025-12-31,core:AdditionsOtherThanThroughBusinessCombinationsPropertyPlantEquipment,Additions,"64,984",GBP,0,,FY1.segment.core-PropertyPlantEquipmentClassesDimension.core-FurnitureFittingsToolsEquipment.bus-GroupCompanyDataDimension.bus-Consolidated,False,ok
02497396,2025-12-31,core:AdditionsOtherThanThroughBusinessCombinationsPropertyPlantEquipment,Additions,"46,422",GBP,0,,FY1.segment.core-PropertyPlantEquipmentClassesDimension.core-MotorVehicles.bus-GroupCompanyDataDimension.bus-Consolidated,False,ok
02497396,2025-12-31,core:AdditionsOtherThanThroughBusinessCombinationsPropertyPlantEquipment,Additions,"1,017,385",GBP,0,,FY1.segment.core-PropertyPlantEquipmentClassesDimension.core-PlantMachinery.bus-GroupCompanyDataDimension.bus-Consolidated,False,ok
02497396,2025-12-31,core:AdditionsOtherThanThroughBusinessCombinationsPropertyPlantEquipment,Additions,"1,246,541",GBP,0,,FY1.segment.bus-GroupCompanyDataDimension.bus-Consolidated,False,ok
02497396,2025-12-31,core:DisposalsPropertyPlantEquipment,Disposals,"42,974",GBP,0,-,FY1.segment.core-PropertyPlantEquipmentClassesDimension.core-FurnitureFittingsToolsEquipment.bus-GroupCompanyDataDimension.bus-Consolidated,False,ok
02497396,2025-12-31,core:DisposalsPropertyPlantEquipment,Disposals,"6,500",GBP,0,-,FY1.segment.core-PropertyPlantEquipmentClassesDimension.core-MotorVehicles.bus-GroupCompanyDataDimension.bus-Consolidated,False,ok
02497396,2025-12-31,core:DisposalsPropertyPlantEquipment,Disposals,"182,261",GBP,0,-,FY1.segment.core-PropertyPlantEquipmentClassesDimension.core-PlantMachinery.bus-GroupCompanyDataDimension.bus-Consolidated,False,ok
02497396,2025-12-31,core:DisposalsPropertyPlantEquipment,Disposals,"231,735",GBP,0,-,FY1.segment.bus-GroupCompanyDataDimension.bus-Consolidated,False,ok
02497396,2025-12-31,core:PropertyPlantEquipmentGrossCost,At 31 December 2025,"11,099,993",GBP,0,,FY1.END.segment.core-PropertyPlantEquipmentClassesDimension.core-LandBuildings.bus-GroupCompanyDataDimension.bus-Consolidated,False,ok
02497396,2025-12-31,core:PropertyPlantEquipmentGrossCost,At 31 December 2025,"953,282",GBP,0,,FY1.END.segment.core-PropertyPlantEquipmentClassesDimension.core-FurnitureFittingsToolsEquipment.bus-GroupCompanyDataDimension.bus-Consolidated,False,ok
02497396,2025-12-31,core:PropertyPlantEquipmentGrossCost,At 31 December 2025,"311,198",GBP,0,,FY1.END.segment.core-PropertyPlantEquipmentClassesDimension.core-MotorVehicles.bus-GroupCompanyDataDimension.bus-Consolidated,False,ok
02497396,2025-12-31,core:PropertyPlantEquipmentGrossCost,At 31 December 2025,"6,378,237",GBP,0,,FY1.END.segment.core-PropertyPlantEquipmentClassesDimension.core-PlantMachinery.bus-GroupCompanyDataDimension.bus-Consolidated,False,ok
02497396,2025-12-31,core:PropertyPlantEquipmentGrossCost,At 31 December 2025,"18,742,710",GBP,0,,FY1.END.segment.bus-GroupCompanyDataDimension.bus-Consolidated,False,ok
02497396,2024-12-31,core:AccumulatedDepreciationImpairmentPropertyPlantEquipment,At 1 January 2025,"36,627",GBP,0,,FY1.START.segment.core-PropertyPlantEquipmentClassesDimension.core-LandBuildings.bus-GroupCompanyDataDimension.bus-Consolidated,False,ok
02497396,2024-12-31,core:AccumulatedDepreciationImpairmentPropertyPlantEquipment,At 1 January 2025,"522,819",GBP,0,,FY1.START.segment.core-PropertyPlantEquipmentClassesDimension.core-FurnitureFittingsToolsEquipment.bus-GroupCompanyDataDimension.bus-Consolidated,False,ok
02497396,2024-12-31,core:AccumulatedDepreciationImpairmentPropertyPlantEquipment,At 1 January 2025,"139,519",GBP,0,,FY1.START.segment.core-PropertyPlantEquipmentClassesDimension.core-MotorVehicles.bus-GroupCompanyDataDimension.bus-Consolidated,False,ok
02497396,2024-12-31,core:AccumulatedDepreciationImpairmentPropertyPlantEquipment,At 1 January 2025,"4,222,588",GBP,0,,FY1.START.segment.core-PropertyPlantEquipmentClassesDimension.core-PlantMachinery.bus-GroupCompanyDataDimension.bus-Consolidated,False,ok
02497396,2024-12-31,core:AccumulatedDepreciationImpairmentPropertyPlantEquipment,At 1 January 2025,"4,921,553",GBP,0,,FY1.START.segment.bus-GroupCompanyDataDimension.bus-Consolidated,False,ok
02497396,2025-12-31,core:IncreaseFromDepreciationChargeForYearPropertyPlantEquipment,Charge for the year,"32,206",GBP,0,,FY1.segment.core-PropertyPlantEquipmentClassesDimension.core-LandBuildings.bus-GroupCompanyDataDimension.bus-Consolidated,False,ok
02497396,2025-12-31,core:IncreaseFromDepreciationChargeForYearPropertyPlantEquipment,Charge for the year,"95,404",GBP,0,,FY1.segment.core-PropertyPlantEquipmentClassesDimension.core-FurnitureFittingsToolsEquipment.bus-GroupCompanyDataDimension.bus-Consolidated,False,ok
02497396,2025-12-31,core:IncreaseFromDepreciationChargeForYearPropertyPlantEquipment,Charge for the year,"41,532",GBP,0,,FY1.segment.core-PropertyPlantEquipmentClassesDimension.core-MotorVehicles.bus-GroupCompanyDataDimension.bus-Consolidated,False,ok
02497396,2025-12-31,core:IncreaseFromDepreciationChargeForYearPropertyPlantEquipment,Charge for the year,"312,299",GBP,0,,FY1.segment.core-PropertyPlantEquipmentClassesDimension.core-PlantMachinery.bus-GroupCompanyDataDimension.bus-Consolidated,False,ok
02497396,2025-12-31,core:IncreaseFromDepreciationChargeForYearPropertyPlantEquipment,Charge for the year,"481,441",GBP,0,,FY1.segment.bus-GroupCompanyDataDimension.bus-Consolidated,False,ok
02497396,2025-12-31,core:DisposalsDecreaseInDepreciationImpairmentPropertyPlantEquipment,Eliminated on disposal,"39,038",GBP,0,-,FY1.segment.core-PropertyPlantEquipmentClassesDimension.core-FurnitureFittingsToolsEquipment.bus-GroupCompanyDataDimension.bus-Consolidated,False,ok
02497396,2025-12-31,core:DisposalsDecreaseInDepreciationImpairmentPropertyPlantEquipment,Eliminated on disposal,650,GBP,0,-,FY1.segment.core-PropertyPlantEquipmentClassesDimension.core-MotorVehicles.bus-GroupCompanyDataDimension.bus-Consolidated,False,ok
02497396,2025-12-31,core:DisposalsDecreaseInDepreciationImpairmentPropertyPlantEquipment,Eliminated on disposal,"173,199",GBP,0,-,FY1.segment.core-PropertyPlantEquipmentClassesDimension.core-PlantMachinery.bus-GroupCompanyDataDimension.bus-Consolidated,False,ok
02497396,2025-12-31,core:DisposalsDecreaseInDepreciationImpairmentPropertyPlantEquipment,Eliminated on disposal,"212,887",GBP,0,-,FY1.segment.bus-GroupCompanyDataDimension.bus-Consolidated,False,ok
02497396,2025-12-31,core:AccumulatedDepreciationImpairmentPropertyPlantEquipment,At 31 December 2025,"68,833",GBP,0,,FY1.END.segment.core-PropertyPlantEquipmentClassesDimension.core-LandBuildings.bus-GroupCompanyDataDimension.bus-Consolidated,False,ok
02497396,2025-12-31,core:AccumulatedDepreciationImpairmentPropertyPlantEquipment,At 31 December 2025,"579,185",GBP,0,,FY1.END.segment.core-PropertyPlantEquipmentClassesDimension.core-FurnitureFittingsToolsEquipment.bus-GroupCompanyDataDimension.bus-Consolidated,False,ok
02497396,2025-12-31,core:AccumulatedDepreciationImpairmentPropertyPlantEquipment,At 31 December 2025,"180,401",GBP,0,,FY1.END.segment.core-PropertyPlantEquipmentClassesDimension.core-MotorVehicles.bus-GroupCompanyDataDimension.bus-Consolidated,False,ok
02497396,2025-12-31,core:AccumulatedDepreciationImpairmentPropertyPlantEquipment,At 31 December 2025,"4,361,688",GBP,0,,FY1.END.segment.core-PropertyPlantEquipmentClassesDimension.core-PlantMachinery.bus-GroupCompanyDataDimension.bus-Consolidated,False,ok
02497396,2025-12-31,core:AccumulatedDepreciationImpairmentPropertyPlantEquipment,At 31 December 2025,"5,190,107",GBP,0,,FY1.END.segment.bus-GroupCompanyDataDimension.bus-Consolidated,False,ok
02497396,2025-12-31,core:PropertyPlantEquipment,At 31 December 2025,"11,031,160",GBP,0,,FY1.END.segment.core-PropertyPlantEquipmentClassesDimension.core-LandBuildings.bus-GroupCompanyDataDimension.bus-Consolidated,False,ok
02497396,2025-12-31,core:PropertyPlantEquipment,At 31 December 2025,"374,097",GBP,0,,FY1.END.segment.core-PropertyPlantEquipmentClassesDimension.core-FurnitureFittingsToolsEquipment.bus-GroupCompanyDataDimension.bus-Consolidated,False,ok
02497396,2025-12-31,core:PropertyPlantEquipment,At 31 December 2025,"130,797",GBP,0,,FY1.END.segment.core-PropertyPlantEquipmentClassesDimension.core-MotorVehicles.bus-GroupCompanyDataDimension.bus-Consolidated,False,ok
02497396,2025-12-31,core:PropertyPlantEquipment,At 31 December 2025,"2,016,549",GBP,0,,FY1.END.segment.core-PropertyPlantEquipmentClassesDimension.core-PlantMachinery.bus-GroupCompanyDataDimension.bus-Consolidated,False,ok
02497396,2025-12-31,core:PropertyPlantEquipment,At 31 December 2025,"13,552,603",GBP,0,,FY1.END.segment.bus-GroupCompanyDataDimension.bus-Consolidated,False,ok
02497396,2024-12-31,core:PropertyPlantEquipment,At 31 December 2024,"10,945,616",GBP,0,,FY2.END.segment.core-PropertyPlantEquipmentClassesDimension.core-LandBuildings.bus-GroupCompanyDataDimension.bus-Consolidated,False,ok
02497396,2024-12-31,core:PropertyPlantEquipment,At 31 December 2024,"408,453",GBP,0,,FY2.END.segment.core-PropertyPlantEquipmentClassesDimension.core-FurnitureFittingsToolsEquipment.bus-GroupCompanyDataDimension.bus-Consolidated,False,ok
02497396,2024-12-31,core:PropertyPlantEquipment,At 31 December 2024,"131,757",GBP,0,,FY2.END.segment.core-PropertyPlantEquipmentClassesDimension.core-MotorVehicles.bus-GroupCompanyDataDimension.bus-Consolidated,False,ok
02497396,2024-12-31,core:PropertyPlantEquipment,At 31 December 2024,"1,320,525",GBP,0,,FY2.END.segment.core-PropertyPlantEquipmentClassesDimension.core-PlantMachinery.bus-GroupCompanyDataDimension.bus-Consolidated,False,ok
02497396,2024-12-31,core:PropertyPlantEquipment,At 31 December 2024,"12,806,351",GBP,0,,FY2.END.segment.bus-GroupCompanyDataDimension.bus-Consolidated,False,ok
02497396,2024-12-31,core:InvestmentPropertyFairValueModel,At 1 January 2025,"10,747,200",GBP,0,,FY1.START,False,ok
02497396,2025-12-31,core:AdditionsOtherThanThroughBusinessCombinationsInvestmentPropertyFairValueModel,Additions,"117,750",GBP,0,,FY1,False,ok
02497396,2025-12-31,core:InvestmentPropertyFairValueModel,At 31 December 2025,"10,864,950",GBP,0,,FY1.END,False,ok
02497396,2025-12-31,core:CarryingAmountInvestmentPropertyRentedToAnotherGroupEntity,The carrying amount of investment property rented to another group entity was,"5,654,500",GBP,0,,FY1.END,False,ok
02497396,2024-12-31,core:CarryingAmountInvestmentPropertyRentedToAnotherGroupEntity,(2024 - £,"5,754,500",GBP,0,,FY2.END,False,ok
02497396,2025-12-31,core:InvestmentsInSubsidiaries,Investments in subsidiaries,"80,000",GBP,0,,FY1.END,False,ok
02497396,2024-12-31,core:InvestmentsInSubsidiaries,Investments in subsidiaries,"80,000",GBP,0,,FY2.END,False,ok
02497396,2024-12-31,core:InvestmentsInSubsidiaries,At 1 January 2025,"80,000",GBP,0,,FY1.START.segment.core-InvestmentsMovementsDimension.core-CostValuation,False,ok
02497396,2025-12-31,core:InvestmentsInSubsidiaries,At 31 December 2025,"80,000",GBP,0,,FY1.END,False,ok
02497396,2024-12-31,core:InvestmentsInSubsidiaries,At 31 December 2024,"80,000",GBP,0,,FY2.END,False,ok
02497396,2025-12-31,core:OwnershipInterestInSubsidiaryPercent,Ordinary A,100,pure,2,,FY1.segment.core-SubsidiariesDimension.core-Subsidiary1,False,ok
02497396,2024-12-31,core:OwnershipInterestInSubsidiaryPercent,%,100,pure,2,,FY2.segment.core-SubsidiariesDimension.core-Subsidiary1,False,ok
02497396,2025-12-31,core:OwnershipInterestInSubsidiaryPercent,Ordinary A,100,pure,2,,FY1.segment.core-SubsidiariesDimension.core-Subsidiary2,False,ok
02497396,2024-12-31,core:OwnershipInterestInSubsidiaryPercent,%,100,pure,2,,FY2.segment.core-SubsidiariesDimension.core-Subsidiary2,False,ok
02497396,2025-12-31,core:OwnershipInterestInSubsidiaryPercent,Ordinary A,100,pure,2,,FY1.segment.core-SubsidiariesDimension.core-Subsidiary3,False,ok
02497396,2024-12-31,core:OwnershipInterestInSubsidiaryPercent,%,100,pure,2,,FY2.segment.core-SubsidiariesDimension.core-Subsidiary3,False,ok
02497396,2025-12-31,core:OwnershipInterestInSubsidiaryPercent,Ordinary A,100,pure,2,,FY1.segment.core-SubsidiariesDimension.core-Subsidiary4,False,ok
02497396,2024-12-31,core:OwnershipInterestInSubsidiaryPercent,%,100,pure,2,,FY2.segment.core-SubsidiariesDimension.core-Subsidiary4,False,ok
02497396,2025-12-31,core:RawMaterialsConsumables,Raw materials and consumables,"364,262",GBP,0,,FY1.END.segment.bus-GroupCompanyDataDimension.bus-Consolidated,False,ok
02497396,2024-12-31,core:RawMaterialsConsumables,Raw materials and consumables,"411,954",GBP,0,,FY2.END.segment.bus-GroupCompanyDataDimension.bus-Consolidated,False,ok
02497396,2025-12-31,core:WorkInProgress,Work in progress,"1,008,488",GBP,0,,FY1.END.segment.bus-GroupCompanyDataDimension.bus-Consolidated,False,ok
02497396,2024-12-31,core:WorkInProgress,Work in progress,"944,487",GBP,0,,FY2.END.segment.bus-GroupCompanyDataDimension.bus-Consolidated,False,ok
02497396,2025-12-31,core:OtherInventories,Other stocks,"11,367",GBP,0,,FY1.END.segment.bus-GroupCompanyDataDimension.bus-Consolidated,False,ok
02497396,2024-12-31,core:OtherInventories,Other stocks,"13,316",GBP,0,,FY2.END.segment.bus-GroupCompanyDataDimension.bus-Consolidated,False,ok
02497396,2025-12-31,core:TotalInventories,Other stocks,"1,384,117",GBP,0,,FY1.END.segment.bus-GroupCompanyDataDimension.bus-Consolidated,True,ok
02497396,2024-12-31,core:TotalInventories,Other stocks,"1,369,757",GBP,0,,FY2.END.segment.bus-GroupCompanyDataDimension.bus-Consolidated,True,ok
02497396,2025-12-31,core:TradeDebtorsTradeReceivables,Trade debtors,"2,539,378",GBP,0,,FY1.END.segment.core-FinancialInstrumentCurrentNon-currentDimension.core-CurrentFinancialInstruments.bus-GroupCompanyDataDimension.bus-Consolidated,False,ok
02497396,2024-12-31,core:TradeDebtorsTradeReceivables,Trade debtors,"2,485,193",GBP,0,,FY2.END.segment.core-FinancialInstrumentCurrentNon-currentDimension.core-CurrentFinancialInstruments.bus-GroupCompanyDataDimension.bus-Consolidated,False,ok
02497396,2024-12-31,core:TradeDebtorsTradeReceivables,Trade debtors,"4,000",GBP,0,,FY2.END.segment.core-FinancialInstrumentCurrentNon-currentDimension.core-CurrentFinancialInstruments,False,ok
02497396,2025-12-31,core:AmountsOwedByRelatedParties,Amounts owed by related parties,"353,340",GBP,0,,FY1.END.segment.core-FinancialInstrumentCurrentNon-currentDimension.core-CurrentFinancialInstruments,False,ok
02497396,2024-12-31,core:AmountsOwedByRelatedParties,Amounts owed by related parties,"380,538",GBP,0,,FY2.END.segment.core-FinancialInstrumentCurrentNon-currentDimension.core-CurrentFinancialInstruments,False,ok
02497396,2025-12-31,core:OtherDebtors,Other debtors,"136,101",GBP,0,,FY1.END.segment.core-FinancialInstrumentCurrentNon-currentDimension.core-CurrentFinancialInstruments.bus-GroupCompanyDataDimension.bus-Consolidated,False,ok
02497396,2024-12-31,core:OtherDebtors,Other debtors,"1,961,738",GBP,0,,FY2.END.segment.core-FinancialInstrumentCurrentNon-currentDimension.core-CurrentFinancialInstruments.bus-GroupCompanyDataDimension.bus-Consolidated,False,ok
02497396,2024-12-31,core:OtherDebtors,Other debtors,"447,091",GBP,0,,FY2.END.segment.core-FinancialInstrumentCurrentNon-currentDimension.core-CurrentFinancialInstruments,False,ok
02497396,2025-12-31,core:Prepayments,Prepayments,"420,478",GBP,0,,FY1.END.segment.core-FinancialInstrumentCurrentNon-currentDimension.core-CurrentFinancialInstruments.bus-GroupCompanyDataDimension.bus-Consolidated,False,ok
02497396,2024-12-31,core:Prepayments,Prepayments,"841,093",GBP,0,,FY2.END.segment.core-FinancialInstrumentCurrentNon-currentDimension.core-CurrentFinancialInstruments.bus-GroupCompanyDataDimension.bus-Consolidated,False,ok
02497396,2025-12-31,core:Prepayments,Prepayments,"2,587",GBP,0,,FY1.END.segment.core-FinancialInstrumentCurrentNon-currentDimension.core-CurrentFinancialInstruments,False,ok
02497396,2024-12-31,core:Prepayments,Prepayments,"127,685",GBP,0,,FY2.END.segment.core-FinancialInstrumentCurrentNon-currentDimension.core-CurrentFinancialInstruments,False,ok
02497396,2025-12-31,core:AccruedIncome,Accrued income,"110,902",GBP,0,,FY1.END.segment.core-FinancialInstrumentCurrentNon-currentDimension.core-CurrentFinancialInstruments.bus-GroupCompanyDataDimension.bus-Consolidated,False,ok
02497396,2024-12-31,core:AccruedIncome,Accrued income,"36,305",GBP,0,,FY2.END.segment.core-FinancialInstrumentCurrentNon-currentDimension.core-CurrentFinancialInstruments.bus-GroupCompanyDataDimension.bus-Consolidated,False,ok
02497396,2025-12-31,core:GrossAmountDueFromCustomersForConstructionContractWorkAsAsset,Gross amount due from customers for contract work,"3,887,842",GBP,0,,FY1.END.segment.bus-GroupCompanyDataDimension.bus-Consolidated,False,ok
02497396,2024-12-31,core:GrossAmountDueFromCustomersForConstructionContractWorkAsAsset,Gross amount due from customers for contract work,"2,836,680",GBP,0,,FY2.END.segment.bus-GroupCompanyDataDimension.bus-Consolidated,False,ok
02497396,2025-12-31,core:DeferredTaxAssetDebtors,Deferred tax,"3,129",GBP,0,,FY1.END.segment.core-FinancialInstrumentCurrentNon-currentDimension.core-CurrentFinancialInstruments,False,ok
02497396,2024-12-31,core:DeferredTaxAssetDebtors,Deferred tax,"3,129",GBP,0,,FY2.END.segment.core-FinancialInstrumentCurrentNon-currentDimension.core-CurrentFinancialInstruments,False,ok
02497396,2025-12-31,core:FurtherItemDebtorsComponentTotalDebtors,Corporation tax,"58,788",GBP,0,,FY1.END.segment.core-FinancialInstrumentCurrentNon-currentDimension.core-CurrentFinancialInstruments.bus-GroupCompanyDataDimension.bus-Consolidated.common-X-AnalysisDimension.2,True,ok
02497396,2024-12-31,core:FurtherItemDebtorsComponentTotalDebtors,Corporation tax,"102,092",GBP,0,,FY2.END.segment.core-FinancialInstrumentCurrentNon-currentDimension.core-CurrentFinancialInstruments.bus-GroupCompanyDataDimension.bus-Consolidated.common-X-AnalysisDimension.2,True,ok
02497396,2025-12-31,core:Debtors,Corporation tax,"7,153,489",GBP,0,,FY1.END.segment.core-FinancialInstrumentCurrentNon-currentDimension.core-CurrentFinancialInstruments.bus-GroupCompanyDataDimension.bus-Consolidated,False,ok
02497396,2024-12-31,core:Debtors,Corporation tax,"8,263,101",GBP,0,,FY2.END.segment.core-FinancialInstrumentCurrentNon-currentDimension.core-CurrentFinancialInstruments.bus-GroupCompanyDataDimension.bus-Consolidated,False,ok
02497396,2025-12-31,core:Debtors,Corporation tax,"359,056",GBP,0,,FY1.END.segment.core-FinancialInstrumentCurrentNon-currentDimension.core-CurrentFinancialInstruments,False,ok
02497396,2024-12-31,core:Debtors,Corporation tax,"962,443",GBP,0,,FY2.END.segment.core-FinancialInstrumentCurrentNon-currentDimension.core-CurrentFinancialInstruments,False,ok
02497396,2025-12-31,core:CashOnHand,Cash on hand,824,GBP,0,,FY1.END.segment.bus-GroupCompanyDataDimension.bus-Consolidated,False,ok
02497396,2024-12-31,core:CashOnHand,Cash on hand,900,GBP,0,,FY2.END.segment.bus-GroupCompanyDataDimension.bus-Consolidated,False,ok
02497396,2025-12-31,core:BalancesWithBanks,Cash at bank,"14,114,701",GBP,0,,FY1.END.segment.bus-GroupCompanyDataDimension.bus-Consolidated,False,ok
02497396,2024-12-31,core:BalancesWithBanks,Cash at bank,"11,182,633",GBP,0,,FY2.END.segment.bus-GroupCompanyDataDimension.bus-Consolidated,False,ok
02497396,2025-12-31,core:BalancesWithBanks,Cash at bank,"11,111,560",GBP,0,,FY1.END,False,ok
02497396,2024-12-31,core:BalancesWithBanks,Cash at bank,"6,961,060",GBP,0,,FY2.END,False,ok
02497396,2025-12-31,core:CashCashEquivalents,Cash at bank,"14,115,525",GBP,0,,FY1.END.segment.bus-GroupCompanyDataDimension.bus-Consolidated,False,ok
02497396,2024-12-31,core:CashCashEquivalents,Cash at bank,"11,183,533",GBP,0,,FY2.END.segment.bus-GroupCompanyDataDimension.bus-Consolidated,False,ok
02497396,2025-12-31,core:CashCashEquivalents,Cash at bank,"11,111,560",GBP,0,,FY1.END,False,ok
02497396,2024-12-31,core:CashCashEquivalents,Cash at bank,"6,961,060",GBP,0,,FY2.END,False,ok
02497396,2025-12-31,core:TradeCreditorsTradePayables,Trade creditors,"1,994,284",GBP,0,,FY1.END.segment.bus-GroupCompanyDataDimension.bus-Consolidated,False,ok
02497396,2024-12-31,core:TradeCreditorsTradePayables,Trade creditors,"1,341,911",GBP,0,,FY2.END.segment.bus-GroupCompanyDataDimension.bus-Consolidated,False,ok
02497396,2025-12-31,core:TradeCreditorsTradePayables,Trade creditors,"8,617",GBP,0,,FY1.END,False,ok
02497396,2024-12-31,core:TradeCreditorsTradePayables,Trade creditors,"1,013",GBP,0,,FY2.END,False,ok
02497396,2025-12-31,core:TaxationSocialSecurityPayable,Social security and other taxes,"169,367",GBP,0,,FY1.END.segment.bus-GroupCompanyDataDimension.bus-Consolidated,False,ok
02497396,2024-12-31,core:TaxationSocialSecurityPayable,Social security and other taxes,"136,712",GBP,0,,FY2.END.segment.bus-GroupCompanyDataDimension.bus-Consolidated,False,ok
02497396,2025-12-31,core:TaxationSocialSecurityPayable,Social security and other taxes,"30,285",GBP,0,,FY1.END,False,ok
02497396,2024-12-31,core:TaxationSocialSecurityPayable,Social security and other taxes,"7,542",GBP,0,,FY2.END,False,ok
02497396,2025-12-31,core:UnpaidContributionsToPensionSchemes,Outstanding defined contribution pension costs,"29,516",GBP,0,,FY1.END.segment.bus-GroupCompanyDataDimension.bus-Consolidated,False,ok
02497396,2024-12-31,core:UnpaidContributionsToPensionSchemes,Outstanding defined contribution pension costs,"23,313",GBP,0,,FY2.END.segment.bus-GroupCompanyDataDimension.bus-Consolidated,False,ok
02497396,2025-12-31,core:OtherCreditors,Other creditors,"113,579",GBP,0,,FY1.END.segment.bus-GroupCompanyDataDimension.bus-Consolidated,False,ok
02497396,2024-12-31,core:OtherCreditors,Other creditors,"114,020",GBP,0,,FY2.END.segment.bus-GroupCompanyDataDimension.bus-Consolidated,False,ok
02497396,2025-12-31,core:OtherPayablesAccruedExpenses,Accrued expenses,"646,947",GBP,0,,FY1.END.segment.bus-GroupCompanyDataDimension.bus-Consolidated,False,ok
02497396,2024-12-31,core:OtherPayablesAccruedExpenses,Accrued expenses,"1,270,739",GBP,0,,FY2.END.segment.bus-GroupCompanyDataDimension.bus-Consolidated,False,ok
02497396,2025-12-31,core:OtherPayablesAccruedExpenses,Accrued expenses,"7,998",GBP,0,,FY1.END,False,ok
02497396,2024-12-31,core:OtherPayablesAccruedExpenses,Accrued expenses,"13,633",GBP,0,,FY2.END,False,ok
02497396,2024-12-31,core:DeferredIncome,Deferred income,"2,092,547",GBP,0,,FY2.END.segment.core-FinancialInstrumentCurrentNon-currentDimension.core-CurrentFinancialInstruments.core-MaturitiesOrExpirationPeriodsDimension.core-WithinOneYear.bus-GroupCompanyDataDimension.bus-Consolidated,False,ok
02497396,2025-12-31,core:Creditors,Deferred income,"2,953,693",GBP,0,,FY1.END.segment.core-FinancialInstrumentCurrentNon-currentDimension.core-CurrentFinancialInstruments.core-MaturitiesOrExpirationPeriodsDimension.core-WithinOneYear.bus-GroupCompanyDataDimension.bus-Consolidated,False,ok
02497396,2024-12-31,core:Creditors,Deferred income,"4,979,242",GBP,0,,FY2.END.segment.core-FinancialInstrumentCurrentNon-currentDimension.core-CurrentFinancialInstruments.core-MaturitiesOrExpirationPeriodsDimension.core-WithinOneYear.bus-GroupCompanyDataDimension.bus-Consolidated,False,ok
02497396,2025-12-31,core:Creditors,Deferred income,"162,421",GBP,0,,FY1.END.segment.core-FinancialInstrumentCurrentNon-currentDimension.core-CurrentFinancialInstruments.core-MaturitiesOrExpirationPeriodsDimension.core-WithinOneYear,False,ok
02497396,2024-12-31,core:Creditors,Deferred income,"148,813",GBP,0,,FY2.END.segment.core-FinancialInstrumentCurrentNon-currentDimension.core-CurrentFinancialInstruments.core-MaturitiesOrExpirationPeriodsDimension.core-WithinOneYear,False,ok
02497396,2024-12-31,core:Provisions,At 1 January 2025,"481,195",GBP,0,,FY1.START.segment.core-ProvisionsClassesDimension.core-DeferredTaxation.bus-GroupCompanyDataDimension.bus-Consolidated,False,ok
02497396,2024-12-31,core:Provisions,At 1 January 2025,"481,195",GBP,0,,FY1.START.segment.bus-GroupCompanyDataDimension.bus-Consolidated,False,ok
02497396,2025-12-31,core:IncreaseDecreaseInExistingProvisions,Increase (decrease) in existing provisions,"155,201",GBP,0,,FY1.segment.core-ProvisionsClassesDimension.core-DeferredTaxation.bus-GroupCompanyDataDimension.bus-Consolidated,False,ok
02497396,2025-12-31,core:IncreaseDecreaseInExistingProvisions,Increase (decrease) in existing provisions,"155,201",GBP,0,,FY1.segment.bus-GroupCompanyDataDimension.bus-Consolidated,False,ok
02497396,2025-12-31,core:Provisions,At 31 December 2025,"636,396",GBP,0,,FY1.END.segment.core-ProvisionsClassesDimension.core-DeferredTaxation.bus-GroupCompanyDataDimension.bus-Consolidated,False,ok
02497396,2025-12-31,core:Provisions,At 31 December 2025,"636,396",GBP,0,,FY1.END.segment.bus-GroupCompanyDataDimension.bus-Consolidated,False,ok
02497396,2025-12-31,core:DeferredTaxLiabilities,Accelerated tax depreciation,"636,396",GBP,0,,FY1.END.segment.core-DeferredTaxAssetLiabilityClassesDimension.core-AcceleratedTaxDepreciationDeferredTax.bus-GroupCompanyDataDimension.bus-Consolidated,False,ok
02497396,2025-12-31,core:DeferredTaxLiabilities,Accelerated tax depreciation,"636,396",GBP,0,,FY1.END.segment.bus-GroupCompanyDataDimension.bus-Consolidated,False,ok
02497396,2024-12-31,core:DeferredTaxLiabilities,Accelerated tax depreciation,"481,195",GBP,0,,FY2.END.segment.core-DeferredTaxAssetLiabilityClassesDimension.core-AcceleratedTaxDepreciationDeferredTax.bus-GroupCompanyDataDimension.bus-Consolidated,False,ok
02497396,2024-12-31,core:DeferredTaxLiabilities,Accelerated tax depreciation,"481,195",GBP,0,,FY2.END.segment.bus-GroupCompanyDataDimension.bus-Consolidated,False,ok
02497396,2025-12-31,core:PensionCostsDefinedContributionPlan,The group operates a defined contribution pension scheme. The pension cost charge for the year represents contributions payable by the group to the scheme and amounted to,"581,062",GBP,0,,FY1.segment.bus-GroupCompanyDataDimension.bus-Consolidated,False,ok
02497396,2024-12-31,core:PensionCostsDefinedContributionPlan,(2024 -,"404,715",GBP,0,,FY2.segment.bus-GroupCompanyDataDimension.bus-Consolidated,False,ok
02497396,2025-12-31,core:OutstandingPre-paidContributionsToDefinedContributionPlanReportingDate,Contributions totalling,"29,516",GBP,0,,FY1.END.segment.bus-GroupCompanyDataDimension.bus-Consolidated,False,ok
02497396,2024-12-31,core:OutstandingPre-paidContributionsToDefinedContributionPlanReportingDate,(2024 - £,"23,313",GBP,0,,FY2.END.segment.bus-GroupCompanyDataDimension.bus-Consolidated,False,ok
02497396,2025-12-31,core:ParValueShare,of £,1,pure,0,,FY1.segment.bus-EntityShareClassesDimension.bus-OrdinaryShareClass1.bus-ShareTypesDimension.bus-CumulativeShares.bus-GroupCompanyDataDimension.bus-Consolidated,False,ok
02497396,2025-12-31,core:NumberSharesIssuedFullyPaid,each,"20,000",shares,0,,FY1.END.segment.bus-EntityShareClassesDimension.bus-OrdinaryShareClass1.bus-ShareTypesDimension.bus-CumulativeShares.bus-GroupCompanyDataDimension.bus-Consolidated,False,ok
02497396,2024-12-31,core:NumberSharesIssuedFullyPaid,"20,000","20,000",shares,0,,FY2.END.segment.bus-EntityShareClassesDimension.bus-OrdinaryShareClass1.bus-ShareTypesDimension.bus-CumulativeShares.bus-GroupCompanyDataDimension.bus-Consolidated,False,ok
02497396,2025-12-31,core:FutureMinimumLeasePaymentsUnderNon-cancellableOperatingLeases,Not later than one year,"134,026",GBP,0,,FY1.END.segment.core-MaturitiesOrExpirationPeriodsDimension.core-WithinOneYear.bus-GroupCompanyDataDimension.bus-Consolidated,False,ok
02497396,2024-12-31,core:FutureMinimumLeasePaymentsUnderNon-cancellableOperatingLeases,Not later than one year,"134,084",GBP,0,,FY2.END.segment.core-MaturitiesOrExpirationPeriodsDimension.core-WithinOneYear.bus-GroupCompanyDataDimension.bus-Consolidated,False,ok
02497396,2025-12-31,core:FutureMinimumLeasePaymentsUnderNon-cancellableOperatingLeases,Later than one year and not later than five years,"34,680",GBP,0,,FY1.END.segment.core-MaturitiesOrExpirationPeriodsDimension.core-BetweenTwoFiveYears.bus-GroupCompanyDataDimension.bus-Consolidated,False,ok
02497396,2024-12-31,core:FutureMinimumLeasePaymentsUnderNon-cancellableOperatingLeases,Later than one year and not later than five years,"166,304",GBP,0,,FY2.END.segment.core-MaturitiesOrExpirationPeriodsDimension.core-BetweenTwoFiveYears.bus-GroupCompanyDataDimension.bus-Consolidated,False,ok
02497396,2025-12-31,core:FutureMinimumLeasePaymentsUnderNon-cancellableOperatingLeases,Later than one year and not later than five years,"168,706",GBP,0,,FY1.END.segment.bus-GroupCompanyDataDimension.bus-Consolidated,False,ok
02497396,2024-12-31,core:FutureMinimumLeasePaymentsUnderNon-cancellableOperatingLeases,Later than one year and not later than five years,"300,388",GBP,0,,FY2.END.segment.bus-GroupCompanyDataDimension.bus-Consolidated,False,ok
02497396,2025-12-31,core:MinimumOperatingLeasePaymentsRecognisedAsExpense,The amount of non-cancellable operating lease payments recognised as an expense during the year was £,"120,978",GBP,0,,FY1.segment.bus-GroupCompanyDataDimension.bus-Consolidated,False,ok
02497396,2024-12-31,core:MinimumOperatingLeasePaymentsRecognisedAsExpense,(2024 - £,"134,106",GBP,0,,FY2.segment.bus-GroupCompanyDataDimension.bus-Consolidated,False,ok
02497396,2025-12-31,core:MinimumLeasePaymentsReceivableUnderNon-cancellableOperatingLeases,Not later than one year,"310,000",GBP,0,,FY1.END.segment.core-MaturitiesOrExpirationPeriodsDimension.core-WithinOneYear,False,ok
02497396,2024-12-31,core:MinimumLeasePaymentsReceivableUnderNon-cancellableOperatingLeases,Not later than one year,"310,000",GBP,0,,FY2.END.segment.core-MaturitiesOrExpirationPeriodsDimension.core-WithinOneYear,False,ok
02497396,2025-12-31,core:MinimumLeasePaymentsReceivableUnderNon-cancellableOperatingLeases,Later than one year and not later than five years,"930,000",GBP,0,,FY1.END.segment.core-MaturitiesOrExpirationPeriodsDimension.core-BetweenOneFiveYears,False,ok
02497396,2024-12-31,core:MinimumLeasePaymentsReceivableUnderNon-cancellableOperatingLeases,Later than one year and not later than five years,"1,240,000",GBP,0,,FY2.END.segment.core-MaturitiesOrExpirationPeriodsDimension.core-BetweenOneFiveYears,False,ok
02497396,2025-12-31,core:MinimumLeasePaymentsReceivableUnderNon-cancellableOperatingLeases,Later than one year and not later than five years,"1,240,000",GBP,0,,FY1.END,False,ok
02497396,2024-12-31,core:MinimumLeasePaymentsReceivableUnderNon-cancellableOperatingLeases,Later than one year and not later than five years,"1,550,000",GBP,0,,FY2.END,False,ok
02497396,2024-12-31,core:CapitalCommitments,(2024 - £,"543,000",GBP,0,,FY2.END.segment.bus-GroupCompanyDataDimension.bus-Consolidated,False,ok
02497396,2025-12-31,core:KeyManagementPersonnelCompensationShort-termEmployeeBenefits,Salaries and other short term employee benefits,"586,748",GBP,0,,FY1.segment.bus-GroupCompanyDataDimension.bus-Consolidated,False,ok
02497396,2024-12-31,core:KeyManagementPersonnelCompensationShort-termEmployeeBenefits,Salaries and other short term employee benefits,"590,656",GBP,0,,FY2.segment.bus-GroupCompanyDataDimension.bus-Consolidated,False,ok
02497396,2025-12-31,core:KeyManagementPersonnelCompensationPost-employmentBenefits,Post-employment benefits,"143,394",GBP,0,,FY1.segment.bus-GroupCompanyDataDimension.bus-Consolidated,False,ok
02497396,2024-12-31,core:KeyManagementPersonnelCompensationPost-employmentBenefits,Post-employment benefits,"55,959",GBP,0,,FY2.segment.bus-GroupCompanyDataDimension.bus-Consolidated,False,ok
02497396,2025-12-31,core:KeyManagementPersonnelCompensationTotal,Post-employment benefits,"730,142",GBP,0,,FY1.segment.bus-GroupCompanyDataDimension.bus-Consolidated,True,ok
02497396,2024-12-31,core:KeyManagementPersonnelCompensationTotal,Post-employment benefits,"646,615",GBP,0,,FY2.segment.bus-GroupCompanyDataDimension.bus-Consolidated,True,ok
06160326,2025-10-31,core:CostSales,Cost of sales,"15,531,897",GBP,0,,C_UV_VL,False,ok
06160326,2024-10-31,core:CostSales,Cost of sales,"12,417,905",GBP,0,,F_UV_VL,False,ok
06160326,2025-10-31,core:AdministrativeExpenses,Administrative expenses,"6,242,607",GBP,0,,C_UV_VL,False,ok
06160326,2024-10-31,core:AdministrativeExpenses,Administrative expenses,"8,212,681",GBP,0,,F_UV_VL,False,ok
06160326,2025-10-31,core:OtherOperatingIncomeFormat1,Other operating income,"7,571",GBP,0,,C_UV_VL,False,ok
06160326,2024-10-31,core:OtherOperatingIncomeFormat1,Other operating income,"32,495",GBP,0,,F_UV_VL,False,ok
06160326,2025-10-31,core:OtherInterestReceivableSimilarIncomeFinanceIncome,Interest receivable and similar income,"14,204",GBP,0,,C_UV_VL,False,ok
06160326,2024-10-31,core:OtherInterestReceivableSimilarIncomeFinanceIncome,Interest receivable and similar income,0,GBP,0,,F_UV_VL,False,ok
06160326,2025-10-31,core:InterestPayableSimilarChargesFinanceCosts,Interest payable and similar expenses,"160,386",GBP,0,,C_UV_VL,False,ok
06160326,2024-10-31,core:InterestPayableSimilarChargesFinanceCosts,Interest payable and similar expenses,"72,571",GBP,0,,F_UV_VL,False,ok
06160326,2025-10-31,core:ProfitLossOnOrdinaryActivitiesBeforeTax,Profit before taxation,"513,336",GBP,0,,C_UV_VL,False,ok
06160326,2024-10-31,core:ProfitLossOnOrdinaryActivitiesBeforeTax,Profit before taxation,"361,336",GBP,0,,F_UV_VL,False,ok
06160326,2025-10-31,core:TaxTaxCreditOnProfitOrLossOnOrdinaryActivities,Tax on profit,"462,486",GBP,0,,C_UV_VL,False,ok
06160326,2024-10-31,core:TaxTaxCreditOnProfitOrLossOnOrdinaryActivities,Tax on profit,"57,170",GBP,0,,F_UV_VL,False,ok
06160326,2025-10-31,core:ProfitLoss,Profit for the financial year,"50,850",GBP,0,,C_UV_VL,False,ok
06160326,2024-10-31,core:ProfitLoss,Profit for the financial year,"304,166",GBP,0,,F_UV_VL,False,ok
06160326,2025-10-31,core:GainLossOnRevaluationPropertyPlantEquipmentBeforeTaxInOtherComprehensiveIncome,Revaluation of tangible fixed assets,"3,483,025",GBP,0,,C_UV_VL,False,ok
06160326,2024-10-31,core:GainLossOnRevaluationPropertyPlantEquipmentBeforeTaxInOtherComprehensiveIncome,Revaluation of tangible fixed assets,0,GBP,0,,F_UV_VL,False,ok
06160326,2025-10-31,core:ComprehensiveIncomeExpense,Total comprehensive income for the year,"3,533,875",GBP,0,,C_UV_VL,False,ok
06160326,2024-10-31,core:ComprehensiveIncomeExpense,Total comprehensive income for the year,"304,166",GBP,0,,F_UV_VL,False,ok
06160326,2025-10-31,core:PropertyPlantEquipment,Tangible assets,"5,783,576",GBP,0,,B_UV_VL,False,ok
06160326,2024-10-31,core:PropertyPlantEquipment,Tangible assets,"2,240,258",GBP,0,,E_UV_VL,False,ok
06160326,2025-10-31,core:FixedAssets,Tangible assets,"5,783,576",GBP,0,,B_UV_VL,True,ok
06160326,2024-10-31,core:FixedAssets,Tangible assets,"2,240,258",GBP,0,,E_UV_VL,True,ok
06160326,2025-10-31,core:Debtors,Debtors,"2,010,375",GBP,0,,B_WG_WH_WL_WM_UV_VL,False,ok
06160326,2024-10-31,core:Debtors,Debtors,"1,995,017",GBP,0,,E_WG_WH_UV_VL,False,ok
06160326,2025-10-31,core:CashBankOnHand,Cash at bank and in hand,"1,417,431",GBP,0,,B_UV_VL,False,ok
06160326,2024-10-31,core:CashBankOnHand,Cash at bank and in hand,"1,764,008",GBP,0,,E_UV_VL,False,ok
06160326,2025-10-31,core:CurrentAssets,Cash at bank and in hand,"5,555,502",GBP,0,,B_UV_VL,True,ok
06160326,2024-10-31,core:CurrentAssets,Cash at bank and in hand,"5,898,321",GBP,0,,E_UV_VL,True,ok
06160326,2025-10-31,core:Creditors,Creditors: amounts falling due within one year,"2,783,120",GBP,0,,B_WG_WH_WL_WM_UV_VL,False,ok
06160326,2024-10-31,core:Creditors,Creditors: amounts falling due within one year,"3,134,504",GBP,0,,E_WG_WH_WL_WM_UV_VL,False,ok
06160326,2025-10-31,core:NetCurrentAssetsLiabilities,Net current assets,"2,772,382",GBP,0,,B_UV_VL,True,ok
06160326,2024-10-31,core:NetCurrentAssetsLiabilities,Net current assets,"2,763,817",GBP,0,,E_UV_VL,True,ok
06160326,2025-10-31,core:TotalAssetsLessCurrentLiabilities,Total assets less current liabilities,"8,555,958",GBP,0,,B_UV_VL,True,ok
06160326,2024-10-31,core:TotalAssetsLessCurrentLiabilities,Total assets less current liabilities,"5,004,075",GBP,0,,E_UV_VL,True,ok
06160326,2025-10-31,core:TaxationIncludingDeferredTaxationBalanceSheetSubtotal,Deferred tax liability,"586,335",GBP,0,,B_UV_VL,False,ok
06160326,2024-10-31,core:TaxationIncludingDeferredTaxationBalanceSheetSubtotal,Deferred tax liability,"238,450",GBP,0,,E_UV_VL,False,ok
06160326,2025-10-31,core:NetAssetsLiabilities,Net assets,"5,584,208",GBP,0,,B_UV_VL,True,ok
06160326,2024-10-31,core:NetAssetsLiabilities,Net assets,"4,721,195",GBP,0,,E_UV_VL,True,ok
06160326,2025-10-31,core:Equity,Called up share capital,470,GBP,0,,B_WC_XQ_UV_VL,True,ok
06160326,2024-10-31,core:Equity,Called up share capital,"4,937",GBP,0,,E_WC_XQ_UV_VL,True,ok
06160326,2025-10-31,core:Equity,Share premium account,"165,963",GBP,0,,B_WC_XR_UV_VL,True,ok
06160326,2024-10-31,core:Equity,Share premium account,"165,963",GBP,0,,E_WC_XR_UV_VL,True,ok
06160326,2025-10-31,core:Equity,Revaluation reserve,"3,483,025",GBP,0,,B_WC_XS_UV_VL,True,ok
06160326,2024-10-31,core:Equity,Revaluation reserve,0,GBP,0,,E_WC_XS_UV_VL,True,ok
06160326,2025-10-31,core:Equity,Capital redemption reserve,"5,530",GBP,0,,B_WC_XT_UV_VL,True,ok
06160326,2024-10-31,core:Equity,Capital redemption reserve,"1,108",GBP,0,,E_WC_XT_UV_VL,True,ok
06160326,2025-10-31,core:Equity,Profit and loss reserves,"1,929,220",GBP,0,,B_WC_XU_UV_VL,True,ok
06160326,2024-10-31,core:Equity,Profit and loss reserves,"4,549,187",GBP,0,,E_WC_XU_UV_VL,True,ok
06160326,2025-10-31,core:Equity,Total equity,"5,584,208",GBP,0,,B_UV_VL,True,ok
06160326,2024-10-31,core:Equity,Total equity,"4,721,195",GBP,0,,E_UV_VL,True,ok
06160326,2025-10-31,core:PropertyPlantEquipment,Tangible assets,"5,033,162",GBP,0,,B,False,ok
06160326,2024-10-31,core:PropertyPlantEquipment,Tangible assets,"1,555,140",GBP,0,,E,False,ok
06160326,2025-10-31,core:InvestmentsFixedAssets,Investments,"7,707",GBP,0,,B,False,ok
06160326,2024-10-31,core:InvestmentsFixedAssets,Investments,"7,707",GBP,0,,E,False,ok
06160326,2025-10-31,core:FixedAssets,Investments,"5,040,869",GBP,0,,B,True,ok
06160326,2024-10-31,core:FixedAssets,Investments,"1,562,847",GBP,0,,E,True,ok
06160326,2025-10-31,core:Debtors,Debtors,"1,172,084",GBP,0,,B,False,ok
06160326,2024-10-31,core:Debtors,Debtors,"1,596,784",GBP,0,,E,False,ok
06160326,2025-10-31,core:CashBankOnHand,Cash at bank and in hand,"33,167",GBP,0,,B,False,ok
06160326,2024-10-31,core:CashBankOnHand,Cash at bank and in hand,"23,118",GBP,0,,E,False,ok
06160326,2025-10-31,core:CurrentAssets,Cash at bank and in hand,"1,205,251",GBP,0,,B,True,ok
06160326,2024-10-31,core:CurrentAssets,Cash at bank and in hand,"1,619,902",GBP,0,,E,True,ok
06160326,2025-10-31,core:NetCurrentAssetsLiabilities,Net current assets,"896,675",GBP,0,,B,True,ok
06160326,2024-10-31,core:NetCurrentAssetsLiabilities,Net current assets,"1,278,859",GBP,0,,E,True,ok
06160326,2025-10-31,core:TotalAssetsLessCurrentLiabilities,Total assets less current liabilities,"5,937,544",GBP,0,,B,True,ok
06160326,2024-10-31,core:TotalAssetsLessCurrentLiabilities,Total assets less current liabilities,"2,841,706",GBP,0,,E,True,ok
06160326,2025-10-31,core:Creditors,Creditors: amounts falling due after more than one year,"2,299,815",GBP,0,,B_WG_XV_WL_XW,False,ok
06160326,2024-10-31,core:Creditors,Creditors: amounts falling due after more than one year,"44,430",GBP,0,,E_WG_XV_WL_XW,False,ok
06160326,2025-10-31,core:TaxationIncludingDeferredTaxationBalanceSheetSubtotal,Deferred tax liability,"421,482",GBP,0,,B,False,ok
06160326,2024-10-31,core:TaxationIncludingDeferredTaxationBalanceSheetSubtotal,Deferred tax liability,"92,482",GBP,0,,E,False,ok
06160326,2025-10-31,core:NetAssetsLiabilities,Net assets,"3,216,247",GBP,0,,B,True,ok
06160326,2024-10-31,core:NetAssetsLiabilities,Net assets,"2,704,794",GBP,0,,E,True,ok
06160326,2025-10-31,core:Equity,Called up share capital,470,GBP,0,,B_WC_XQ,True,ok
06160326,2024-10-31,core:Equity,Called up share capital,"4,937",GBP,0,,E_WC_XQ,True,ok
06160326,2025-10-31,core:Equity,Revaluation reserve,"3,483,025",GBP,0,,B_WC_XS,True,ok
06160326,2024-10-31,core:Equity,Revaluation reserve,0,GBP,0,,E_WC_XS,True,ok
06160326,2025-10-31,core:Equity,Capital redemption reserve,"5,485",GBP,0,,B_WC_XT,True,ok
06160326,2024-10-31,core:Equity,Capital redemption reserve,"1,063",GBP,0,,E_WC_XT,True,ok
06160326,2025-10-31,core:Equity,Profit and loss reserves,"272,733",GBP,0,-,B_WC_XU,True,ok
06160326,2024-10-31,core:Equity,Profit and loss reserves,"2,698,794",GBP,0,,E_WC_XU,True,ok
06160326,2025-10-31,core:Equity,Total equity,"3,216,247",GBP,0,,B,True,ok
06160326,2024-10-31,core:Equity,Total equity,"2,704,794",GBP,0,,E,True,ok
06160326,2023-10-31,core:Equity,Balance at 1 November 2023,"5,254",GBP,0,,D_WC_XQ,True,ok
06160326,2023-10-31,core:Equity,Balance at 1 November 2023,0,GBP,0,,D_WC_XS,True,ok
06160326,2023-10-31,core:Equity,Balance at 1 November 2023,746,GBP,0,,D_WC_XT,True,ok
06160326,2023-10-31,core:Equity,Balance at 1 November 2023,"1,573,946",GBP,0,,D_WC_XU,True,ok
06160326,2024-10-31,core:ProfitLoss,"1,182,592","1,182,592",GBP,0,,F,False,ok
06160326,2024-10-31,core:PaymentsToAcquireOwnShares,"(57,744)","57,744",GBP,0,-,F,False,ok
06160326,2024-10-31,core:RedemptionSharesDecreaseInEquity,(317),317,GBP,0,,F,False,ok
06160326,2024-10-31,core:Equity,Balance at 31 October 2024,"4,937",GBP,0,,E_WC_XQ,True,ok
06160326,2024-10-31,core:Equity,Balance at 31 October 2024,0,GBP,0,,E_WC_XS,True,ok
06160326,2024-10-31,core:Equity,Balance at 31 October 2024,"1,063",GBP,0,,E_WC_XT,True,ok
06160326,2024-10-31,core:Equity,Balance at 31 October 2024,"2,698,794",GBP,0,,E_WC_XU,True,ok
06160326,2024-10-31,core:Equity,Balance at 31 October 2024,"2,704,794",GBP,0,,E,True,ok
06160326,2025-10-31,core:ProfitLoss,"(300,710)","300,710",GBP,0,-,C,False,ok
06160326,2025-10-31,core:GainLossOnRevaluationPropertyPlantEquipmentBeforeTaxInOtherComprehensiveIncome,Revaluation of tangible fixed assets,"3,483,025",GBP,0,,C,False,ok
06160326,2025-10-31,core:ComprehensiveIncomeExpense,"(300,710)","3,182,315",GBP,0,,C,False,ok
06160326,2025-10-31,core:RedemptionSharesDecreaseInEquity,"(4,467)","4,467",GBP,0,,C,False,ok
06160326,2025-10-31,core:Equity,Balance at 31 October 2025,470,GBP,0,,B_WC_XQ,True,ok
06160326,2025-10-31,core:Equity,Balance at 31 October 2025,"3,483,025",GBP,0,,B_WC_XS,True,ok
06160326,2025-10-31,core:Equity,Balance at 31 October 2025,"5,485",GBP,0,,B_WC_XT,True,ok
06160326,2025-10-31,core:Equity,Balance at 31 October 2025,"272,733",GBP,0,-,B_WC_XU,True,ok
06160326,2025-10-31,core:Equity,Balance at 31 October 2025,"3,216,247",GBP,0,,B,True,ok
06160326,2025-10-31,core:NetCashGeneratedFromOperations,Cash generated from operations,"737,903",GBP,0,-,C_UV_VL,False,ok
06160326,2024-10-31,core:NetCashGeneratedFromOperations,Cash generated from operations,"1,364,951",GBP,0,-,F_UV_VL,False,ok
06160326,2025-10-31,core:InterestPaidClassifiedAsOperatingActivities,Interest paid,"160,386",GBP,0,-,C_UV_VL,False,ok
06160326,2024-10-31,core:InterestPaidClassifiedAsOperatingActivities,Interest paid,"72,571",GBP,0,-,F_UV_VL,False,ok
06160326,2025-10-31,core:IncomeTaxesPaidRefundClassifiedAsOperatingActivities,Income taxes (paid)/refunded,"63,174",GBP,0,-,C_UV_VL,False,ok
06160326,2024-10-31,core:IncomeTaxesPaidRefundClassifiedAsOperatingActivities,Income taxes (paid)/refunded,"13,399",GBP,0,,F_UV_VL,False,ok
06160326,2025-10-31,core:InterestReceivedClassifiedAsInvestingActivities,Interest received,"14,204",GBP,0,-,C_UV_VL,False,ok
06160326,2024-10-31,core:InterestReceivedClassifiedAsInvestingActivities,Interest received,0,GBP,0,,F_UV_VL,False,ok
06160326,2025-10-31,core:PaymentsToAcquireOwnShares,Purchase of treasury shares,"2,670,862",GBP,0,-,C_UV_VL,False,ok
06160326,2024-10-31,core:PaymentsToAcquireOwnShares,Purchase of treasury shares,"57,744",GBP,0,-,F_UV_VL,False,ok
06160326,2025-10-31,core:DividendsPaidToOwnersParentClassifiedAsFinancingActivities,Dividends paid to equity shareholders,"12,219",GBP,0,-,C_UV_VL,False,ok
06160326,2024-10-31,core:DividendsPaidToOwnersParentClassifiedAsFinancingActivities,Dividends paid to equity shareholders,"12,219",GBP,0,,F_UV_VL,False,ok
06160326,2024-10-31,core:CashCashEquivalents,Cash and cash equivalents at beginning of year,"1,764,008",GBP,0,,E_UV_VL,False,ok
06160326,2023-10-31,core:CashCashEquivalents,Cash and cash equivalents at beginning of year,"1,245,451",GBP,0,,D_UV_VL,False,ok
06160326,2025-10-31,core:CashCashEquivalents,Cash and cash equivalents at end of year,"1,358,900",GBP,0,,B_UV_VL,False,ok
06160326,2024-10-31,core:CashCashEquivalents,Cash and cash equivalents at end of year,"1,764,008",GBP,0,,E_UV_VL,False,ok
06160326,2025-10-31,core:AverageNumberEmployeesDuringPeriod,Total,176,pure,2,,C_UV_VL,False,ok
06160326,2024-10-31,core:AverageNumberEmployeesDuringPeriod,Total,199,pure,2,,F_UV_VL,False,ok
06160326,2025-10-31,core:AverageNumberEmployeesDuringPeriod,Total,2,pure,2,,C,False,ok
06160326,2024-10-31,core:AverageNumberEmployeesDuringPeriod,Total,5,pure,2,,F,False,ok
06160326,2025-10-31,core:WagesSalaries,Wages and salaries,"7,094,454",GBP,0,,C_UV_VL,False,ok
06160326,2024-10-31,core:WagesSalaries,Wages and salaries,"7,084,744",GBP,0,,F_UV_VL,False,ok
06160326,2025-10-31,core:WagesSalaries,Wages and salaries,"182,202",GBP,0,,C,False,ok
06160326,2024-10-31,core:WagesSalaries,Wages and salaries,"253,042",GBP,0,,F,False,ok
06160326,2025-10-31,core:PensionOtherPost-employmentBenefitCostsOtherPensionCosts,Pension costs,"230,196",GBP,0,,C_UV_VL,False,ok
06160326,2024-10-31,core:PensionOtherPost-employmentBenefitCostsOtherPensionCosts,Pension costs,"236,149",GBP,0,,F_UV_VL,False,ok
06160326,2025-10-31,core:PensionOtherPost-employmentBenefitCostsOtherPensionCosts,Pension costs,"27,704",GBP,0,,C,False,ok
06160326,2024-10-31,core:PensionOtherPost-employmentBenefitCostsOtherPensionCosts,Pension costs,"37,593",GBP,0,,F,False,ok
06160326,2025-10-31,core:StaffCostsEmployeeBenefitsExpense,Pension costs,"8,154,018",GBP,0,,C_UV_VL,False,ok
06160326,2024-10-31,core:StaffCostsEmployeeBenefitsExpense,Pension costs,"7,686,422",GBP,0,,F_UV_VL,False,ok
06160326,2025-10-31,core:StaffCostsEmployeeBenefitsExpense,Pension costs,"233,761",GBP,0,,C,False,ok
06160326,2024-10-31,core:StaffCostsEmployeeBenefitsExpense,Pension costs,"319,163",GBP,0,,F,False,ok
06160326,2025-10-31,core:InterestIncomeOnBankDeposits,Interest on bank deposits,"14,204",GBP,0,,C_UV_VL,False,ok
06160326,2024-10-31,core:InterestIncomeOnBankDeposits,Interest on bank deposits,0,GBP,0,,F_UV_VL,False,ok
06160326,2025-10-31,core:InterestPayableSimilarChargesFinanceCosts,Total finance costs,"160,386",GBP,0,,C_UV_VL,False,ok
06160326,2024-10-31,core:InterestPayableSimilarChargesFinanceCosts,Total finance costs,"72,571",GBP,0,,F_UV_VL,False,ok
06160326,2025-10-31,core:CurrentTaxForPeriod,UK corporation tax on profits for the current period,"114,601",GBP,0,,C_WB_YL_UV_VL,False,ok
06160326,2024-10-31,core:CurrentTaxForPeriod,UK corporation tax on profits for the current period,"63,174",GBP,0,,F_WB_YL_UV_VL,False,ok
06160326,2025-10-31,core:IncreaseDecreaseInCurrentTaxFromAdjustmentForPriorPeriods,Adjustments in respect of prior periods,0,GBP,0,,C_WB_YL_UV_VL,False,ok
06160326,2024-10-31,core:IncreaseDecreaseInCurrentTaxFromAdjustmentForPriorPeriods,Adjustments in respect of prior periods,"18,582",GBP,0,-,F_WB_YL_UV_VL,False,ok
06160326,2025-10-31,core:TotalCurrentTaxExpenseCredit,Total current tax,"114,601",GBP,0,,C_UV_VL,True,ok
06160326,2024-10-31,core:TotalCurrentTaxExpenseCredit,Total current tax,"44,592",GBP,0,,F_UV_VL,True,ok
06160326,2025-10-31,core:DeferredTaxExpenseCreditRelatingToOriginationReversalTimingDifferences,Origination and reversal of timing differences,"347,885",GBP,0,,C_UV_VL,False,ok
06160326,2024-10-31,core:DeferredTaxExpenseCreditRelatingToOriginationReversalTimingDifferences,Origination and reversal of timing differences,"12,578",GBP,0,,F_UV_VL,False,ok
06160326,2025-10-31,core:TaxTaxCreditOnProfitOrLossOnOrdinaryActivities,Total tax charge,"462,486",GBP,0,,C_UV_VL,False,ok
06160326,2024-10-31,core:TaxTaxCreditOnProfitOrLossOnOrdinaryActivities,Total tax charge,"57,170",GBP,0,,F_UV_VL,False,ok
06160326,2025-10-31,core:TaxIncreaseDecreaseFromEffectExpensesNotDeductibleInDeterminingTaxableProfitOrLoss,Tax effect of expenses that are not deductible in determining taxable profit,"8,260",GBP,0,,C_UV_VL,False,ok
06160326,2024-10-31,core:TaxIncreaseDecreaseFromEffectExpensesNotDeductibleInDeterminingTaxableProfitOrLoss,Tax effect of expenses that are not deductible in determining taxable profit,"13,648",GBP,0,,F_UV_VL,False,ok
06160326,2025-10-31,core:TaxDecreaseFromUtilisationTaxLosses,Tax effect of utilisation of tax losses not previously recognised,"2,961",GBP,0,,C_UV_VL,False,ok
06160326,2024-10-31,core:TaxDecreaseFromUtilisationTaxLosses,Tax effect of utilisation of tax losses not previously recognised,"15,675",GBP,0,,F_UV_VL,False,ok
06160326,2025-10-31,core:TaxIncreaseDecreaseFromEffectUnrelievedTaxLossesCarriedForward,Unutilised tax losses carried forward,0,GBP,0,,C_UV_VL,False,ok
06160326,2024-10-31,core:TaxIncreaseDecreaseFromEffectUnrelievedTaxLossesCarriedForward,Unutilised tax losses carried forward,"8,701",GBP,0,,F_UV_VL,False,ok
06160326,2025-10-31,core:IncreaseDecreaseInCurrentTaxFromAdjustmentForPriorPeriods,Adjustments in respect of prior years,0,GBP,0,,C_UV_VL,False,ok
06160326,2024-10-31,core:IncreaseDecreaseInCurrentTaxFromAdjustmentForPriorPeriods,Adjustments in respect of prior years,"4,623",GBP,0,-,F_UV_VL,False,ok
06160326,2025-10-31,core:TaxIncreaseDecreaseFromEffectCapitalAllowancesDepreciation,Permanent capital allowances in excess of depreciation,"18,387",GBP,0,-,C_UV_VL,False,ok
06160326,2024-10-31,core:TaxIncreaseDecreaseFromEffectCapitalAllowancesDepreciation,Permanent capital allowances in excess of depreciation,"94,607",GBP,0,-,F_UV_VL,False,ok
06160326,2025-10-31,core:FurtherItemTaxIncreaseDecreaseComponentAdjustingItems,Other permanent differences,0,GBP,0,,C_UV_VL_YM_YN,False,ok
06160326,2024-10-31,core:FurtherItemTaxIncreaseDecreaseComponentAdjustingItems,Other permanent differences,"57,427",GBP,0,,F_UV_VL_YM_YN,False,ok
06160326,2025-10-31,core:FurtherItemTaxIncreaseDecreaseComponentAdjustingItems,Under/(over) provided in prior years,0,GBP,0,,C_UV_VL_YM_YO,False,ok
06160326,2024-10-31,core:FurtherItemTaxIncreaseDecreaseComponentAdjustingItems,Under/(over) provided in prior years,89,GBP,0,-,F_UV_VL_YM_YO,False,ok
06160326,2025-10-31,core:DeferredTaxExpenseCreditFromUnrecognisedTimingDifferenceFromPriorPeriod,Deferred tax adjustments in respect of prior years,"347,884",GBP,0,,C_UV_VL,False,ok
06160326,2024-10-31,core:DeferredTaxExpenseCreditFromUnrecognisedTimingDifferenceFromPriorPeriod,Deferred tax adjustments in respect of prior years,34,GBP,0,,F_UV_VL,False,ok
06160326,2025-10-31,core:FurtherItemTaxIncreaseDecreaseComponentAdjustingItems,Tax at marginal rate,644,GBP,0,-,C_UV_VL_YM_YP,False,ok
06160326,2024-10-31,core:FurtherItemTaxIncreaseDecreaseComponentAdjustingItems,Tax at marginal rate,0,GBP,0,,F_UV_VL_YM_YP,False,ok
06160326,2025-10-31,core:FurtherItemTaxIncreaseDecreaseComponentAdjustingItems,Tax at marginal rate,0,GBP,0,,C_UV_VL_YM_YQ,False,ok
06160326,2024-10-31,core:FurtherItemTaxIncreaseDecreaseComponentAdjustingItems,Tax at marginal rate,"3,345",GBP,0,,F_UV_VL_YM_YQ,False,ok
06160326,2024-10-31,core:PropertyPlantEquipmentGrossCost,At 1 November 2024,"2,045,810",GBP,0,,A_WD_XZ_WE_YA_UV_VL,False,ok
06160326,2024-10-31,core:PropertyPlantEquipmentGrossCost,At 1 November 2024,"1,414,422",GBP,0,,A_WD_YB_UV_VL,False,ok
06160326,2024-10-31,core:PropertyPlantEquipmentGrossCost,At 1 November 2024,"162,121",GBP,0,,A_WD_YC_UV_VL,False,ok
06160326,2024-10-31,core:PropertyPlantEquipmentGrossCost,At 1 November 2024,"302,034",GBP,0,,A_WD_YD_UV_VL,False,ok
06160326,2024-10-31,core:PropertyPlantEquipmentGrossCost,At 1 November 2024,"1,881,176",GBP,0,,A_WD_YE_UV_VL,False,ok
06160326,2024-10-31,core:PropertyPlantEquipmentGrossCost,At 1 November 2024,"5,805,563",GBP,0,,A_UV_VL,False,ok
06160326,2025-10-31,core:AdditionsOtherThanThroughBusinessCombinationsPropertyPlantEquipment,Additions,"11,898",GBP,0,,C_WD_XZ_WE_YA_UV_VL,False,ok
06160326,2025-10-31,core:AdditionsOtherThanThroughBusinessCombinationsPropertyPlantEquipment,Additions,"151,750",GBP,0,,C_WD_YB_UV_VL,False,ok
06160326,2025-10-31,core:AdditionsOtherThanThroughBusinessCombinationsPropertyPlantEquipment,Additions,"2,058",GBP,0,,C_WD_YC_UV_VL,False,ok
06160326,2025-10-31,core:AdditionsOtherThanThroughBusinessCombinationsPropertyPlantEquipment,Additions,"41,931",GBP,0,,C_WD_YD_UV_VL,False,ok
06160326,2025-10-31,core:AdditionsOtherThanThroughBusinessCombinationsPropertyPlantEquipment,Additions,"279,270",GBP,0,,C_WD_YE_UV_VL,False,ok
06160326,2025-10-31,core:AdditionsOtherThanThroughBusinessCombinationsPropertyPlantEquipment,Additions,"486,907",GBP,0,,C_UV_VL,False,ok
06160326,2025-10-31,core:OtherDisposalsPropertyPlantEquipment,Disposals,0,GBP,0,,C_WD_XZ_WE_YA_UV_VL,False,ok
06160326,2025-10-31,core:OtherDisposalsPropertyPlantEquipment,Disposals,0,GBP,0,,C_WD_YB_UV_VL,False,ok
06160326,2025-10-31,core:OtherDisposalsPropertyPlantEquipment,Disposals,0,GBP,0,,C_WD_YC_UV_VL,False,ok
06160326,2025-10-31,core:OtherDisposalsPropertyPlantEquipment,Disposals,0,GBP,0,,C_WD_YD_UV_VL,False,ok
06160326,2025-10-31,core:OtherDisposalsPropertyPlantEquipment,Disposals,"77,385",GBP,0,,C_WD_YE_UV_VL,False,ok
06160326,2025-10-31,core:OtherDisposalsPropertyPlantEquipment,Disposals,"77,385",GBP,0,,C_UV_VL,False,ok
06160326,2025-10-31,core:TotalIncreaseDecreaseFromRevaluationsPropertyPlantEquipment,Revaluation,"2,304,190",GBP,0,,C_WD_XZ_WE_YA_UV_VL,True,ok
06160326,2025-10-31,core:TotalIncreaseDecreaseFromRevaluationsPropertyPlantEquipment,Revaluation,0,GBP,0,,C_WD_YB_UV_VL,True,ok
06160326,2025-10-31,core:TotalIncreaseDecreaseFromRevaluationsPropertyPlantEquipment,Revaluation,0,GBP,0,,C_WD_YC_UV_VL,True,ok
06160326,2025-10-31,core:TotalIncreaseDecreaseFromRevaluationsPropertyPlantEquipment,Revaluation,0,GBP,0,,C_WD_YD_UV_VL,True,ok
06160326,2025-10-31,core:TotalIncreaseDecreaseFromRevaluationsPropertyPlantEquipment,Revaluation,0,GBP,0,,C_WD_YE_UV_VL,True,ok
06160326,2025-10-31,core:TotalIncreaseDecreaseFromRevaluationsPropertyPlantEquipment,Revaluation,"2,304,190",GBP,0,,C_UV_VL,True,ok
06160326,2025-10-31,core:PropertyPlantEquipmentGrossCost,At 31 October 2025,"4,361,898",GBP,0,,B_WD_XZ_WE_YA_UV_VL,False,ok
06160326,2025-10-31,core:PropertyPlantEquipmentGrossCost,At 31 October 2025,"1,566,172",GBP,0,,B_WD_YB_UV_VL,False,ok
06160326,2025-10-31,core:PropertyPlantEquipmentGrossCost,At 31 October 2025,"164,179",GBP,0,,B_WD_YC_UV_VL,False,ok
06160326,2025-10-31,core:PropertyPlantEquipmentGrossCost,At 31 October 2025,"343,965",GBP,0,,B_WD_YD_UV_VL,False,ok
06160326,2025-10-31,core:PropertyPlantEquipmentGrossCost,At 31 October 2025,"2,083,061",GBP,0,,B_WD_YE_UV_VL,False,ok
06160326,2025-10-31,core:PropertyPlantEquipmentGrossCost,At 31 October 2025,"8,519,275",GBP,0,,B_UV_VL,False,ok
06160326,2024-10-31,core:AccumulatedDepreciationImpairmentPropertyPlantEquipment,At 1 November 2024,"1,178,835",GBP,0,,A_WD_XZ_WE_YA_UV_VL,False,ok
06160326,2024-10-31,core:AccumulatedDepreciationImpairmentPropertyPlantEquipment,At 1 November 2024,"957,467",GBP,0,,A_WD_YB_UV_VL,False,ok
06160326,2024-10-31,core:AccumulatedDepreciationImpairmentPropertyPlantEquipment,At 1 November 2024,"77,512",GBP,0,,A_WD_YC_UV_VL,False,ok
06160326,2024-10-31,core:AccumulatedDepreciationImpairmentPropertyPlantEquipment,At 1 November 2024,"155,433",GBP,0,,A_WD_YD_UV_VL,False,ok
06160326,2024-10-31,core:AccumulatedDepreciationImpairmentPropertyPlantEquipment,At 1 November 2024,"1,196,058",GBP,0,,A_WD_YE_UV_VL,False,ok
06160326,2024-10-31,core:AccumulatedDepreciationImpairmentPropertyPlantEquipment,At 1 November 2024,"3,565,305",GBP,0,,A_UV_VL,False,ok
06160326,2025-10-31,core:IncreaseFromDepreciationChargeForYearPropertyPlantEquipment,Depreciation charged in the year,"37,955",GBP,0,,C_WD_XZ_WE_YA_UV_VL,False,ok
06160326,2025-10-31,core:IncreaseFromDepreciationChargeForYearPropertyPlantEquipment,Depreciation charged in the year,"79,628",GBP,0,,C_WD_YB_UV_VL,False,ok
06160326,2025-10-31,core:IncreaseFromDepreciationChargeForYearPropertyPlantEquipment,Depreciation charged in the year,"12,219",GBP,0,,C_WD_YC_UV_VL,False,ok
06160326,2025-10-31,core:IncreaseFromDepreciationChargeForYearPropertyPlantEquipment,Depreciation charged in the year,"82,838",GBP,0,,C_WD_YD_UV_VL,False,ok
06160326,2025-10-31,core:IncreaseFromDepreciationChargeForYearPropertyPlantEquipment,Depreciation charged in the year,"195,916",GBP,0,,C_WD_YE_UV_VL,False,ok
06160326,2025-10-31,core:IncreaseFromDepreciationChargeForYearPropertyPlantEquipment,Depreciation charged in the year,"408,556",GBP,0,,C_UV_VL,False,ok
06160326,2025-10-31,core:OtherDisposalsDecreaseInDepreciationImpairmentPropertyPlantEquipment,Eliminated in respect of disposals,0,GBP,0,,C_WD_XZ_WE_YA_UV_VL,False,ok
06160326,2025-10-31,core:OtherDisposalsDecreaseInDepreciationImpairmentPropertyPlantEquipment,Eliminated in respect of disposals,0,GBP,0,,C_WD_YB_UV_VL,False,ok
06160326,2025-10-31,core:OtherDisposalsDecreaseInDepreciationImpairmentPropertyPlantEquipment,Eliminated in respect of disposals,0,GBP,0,,C_WD_YC_UV_VL,False,ok
06160326,2025-10-31,core:OtherDisposalsDecreaseInDepreciationImpairmentPropertyPlantEquipment,Eliminated in respect of disposals,0,GBP,0,,C_WD_YD_UV_VL,False,ok
06160326,2025-10-31,core:OtherDisposalsDecreaseInDepreciationImpairmentPropertyPlantEquipment,Eliminated in respect of disposals,"59,327",GBP,0,,C_WD_YE_UV_VL,False,ok
06160326,2025-10-31,core:OtherDisposalsDecreaseInDepreciationImpairmentPropertyPlantEquipment,Eliminated in respect of disposals,"59,327",GBP,0,,C_UV_VL,False,ok
06160326,2025-10-31,core:RevaluationsIncreaseDecreaseInDepreciationImpairmentPropertyPlantEquipment,Revaluation,"1,178,835",GBP,0,-,C_WD_XZ_WE_YA_UV_VL,False,ok
06160326,2025-10-31,core:RevaluationsIncreaseDecreaseInDepreciationImpairmentPropertyPlantEquipment,Revaluation,0,GBP,0,,C_WD_YB_UV_VL,False,ok
06160326,2025-10-31,core:RevaluationsIncreaseDecreaseInDepreciationImpairmentPropertyPlantEquipment,Revaluation,0,GBP,0,,C_WD_YC_UV_VL,False,ok
06160326,2025-10-31,core:RevaluationsIncreaseDecreaseInDepreciationImpairmentPropertyPlantEquipment,Revaluation,0,GBP,0,,C_WD_YD_UV_VL,False,ok
06160326,2025-10-31,core:RevaluationsIncreaseDecreaseInDepreciationImpairmentPropertyPlantEquipment,Revaluation,0,GBP,0,,C_WD_YE_UV_VL,False,ok
06160326,2025-10-31,core:RevaluationsIncreaseDecreaseInDepreciationImpairmentPropertyPlantEquipment,Revaluation,"1,178,835",GBP,0,-,C_UV_VL,False,ok
06160326,2025-10-31,core:AccumulatedDepreciationImpairmentPropertyPlantEquipment,At 31 October 2025,"37,955",GBP,0,,B_WD_XZ_WE_YA_UV_VL,False,ok
06160326,2025-10-31,core:AccumulatedDepreciationImpairmentPropertyPlantEquipment,At 31 October 2025,"1,037,095",GBP,0,,B_WD_YB_UV_VL,False,ok
06160326,2025-10-31,core:AccumulatedDepreciationImpairmentPropertyPlantEquipment,At 31 October 2025,"89,731",GBP,0,,B_WD_YC_UV_VL,False,ok
06160326,2025-10-31,core:AccumulatedDepreciationImpairmentPropertyPlantEquipment,At 31 October 2025,"238,271",GBP,0,,B_WD_YD_UV_VL,False,ok
06160326,2025-10-31,core:AccumulatedDepreciationImpairmentPropertyPlantEquipment,At 31 October 2025,"1,332,647",GBP,0,,B_WD_YE_UV_VL,False,ok
06160326,2025-10-31,core:AccumulatedDepreciationImpairmentPropertyPlantEquipment,At 31 October 2025,"2,735,699",GBP,0,,B_UV_VL,False,ok
06160326,2025-10-31,core:PropertyPlantEquipment,At 31 October 2025,"4,323,943",GBP,0,,B_WD_XZ_WE_YA_UV_VL,False,ok
06160326,2025-10-31,core:PropertyPlantEquipment,At 31 October 2025,"529,077",GBP,0,,B_WD_YB_UV_VL,False,ok
06160326,2025-10-31,core:PropertyPlantEquipment,At 31 October 2025,"74,448",GBP,0,,B_WD_YC_UV_VL,False,ok
06160326,2025-10-31,core:PropertyPlantEquipment,At 31 October 2025,"105,694",GBP,0,,B_WD_YD_UV_VL,False,ok
06160326,2025-10-31,core:PropertyPlantEquipment,At 31 October 2025,"750,414",GBP,0,,B_WD_YE_UV_VL,False,ok
06160326,2025-10-31,core:PropertyPlantEquipment,At 31 October 2025,"5,783,576",GBP,0,,B_UV_VL,False,ok
06160326,2024-10-31,core:PropertyPlantEquipment,At 31 October 2024,"866,975",GBP,0,,E_WD_XZ_WE_YA_UV_VL,False,ok
06160326,2024-10-31,core:PropertyPlantEquipment,At 31 October 2024,"456,955",GBP,0,,E_WD_YB_UV_VL,False,ok
06160326,2024-10-31,core:PropertyPlantEquipment,At 31 October 2024,"84,609",GBP,0,,E_WD_YC_UV_VL,False,ok
06160326,2024-10-31,core:PropertyPlantEquipment,At 31 October 2024,"146,601",GBP,0,,E_WD_YD_UV_VL,False,ok
06160326,2024-10-31,core:PropertyPlantEquipment,At 31 October 2024,"685,118",GBP,0,,E_WD_YE_UV_VL,False,ok
06160326,2024-10-31,core:PropertyPlantEquipment,At 31 October 2024,"2,240,258",GBP,0,,E_UV_VL,False,ok
06160326,2024-10-31,core:PropertyPlantEquipmentGrossCost,At 1 November 2024,"2,045,810",GBP,0,,A_WD_XZ_WE_YA,False,ok
06160326,2024-10-31,core:PropertyPlantEquipmentGrossCost,At 1 November 2024,"1,414,422",GBP,0,,A_WD_YB,False,ok
06160326,2024-10-31,core:PropertyPlantEquipmentGrossCost,At 1 November 2024,"162,121",GBP,0,,A_WD_YC,False,ok
06160326,2024-10-31,core:PropertyPlantEquipmentGrossCost,At 1 November 2024,"302,034",GBP,0,,A_WD_YD,False,ok
06160326,2024-10-31,core:PropertyPlantEquipmentGrossCost,At 1 November 2024,"3,924,387",GBP,0,,A,False,ok
06160326,2025-10-31,core:AdditionsOtherThanThroughBusinessCombinationsPropertyPlantEquipment,Additions,"11,898",GBP,0,,C_WD_XZ_WE_YA,False,ok
06160326,2025-10-31,core:AdditionsOtherThanThroughBusinessCombinationsPropertyPlantEquipment,Additions,"151,750",GBP,0,,C_WD_YB,False,ok
06160326,2025-10-31,core:AdditionsOtherThanThroughBusinessCombinationsPropertyPlantEquipment,Additions,"2,058",GBP,0,,C_WD_YC,False,ok
06160326,2025-10-31,core:AdditionsOtherThanThroughBusinessCombinationsPropertyPlantEquipment,Additions,"41,931",GBP,0,,C_WD_YD,False,ok
06160326,2025-10-31,core:AdditionsOtherThanThroughBusinessCombinationsPropertyPlantEquipment,Additions,"207,637",GBP,0,,C,False,ok
06160326,2025-10-31,core:TotalIncreaseDecreaseFromRevaluationsPropertyPlantEquipment,Revaluation,"2,304,190",GBP,0,,C_WD_XZ_WE_YA,True,ok
06160326,2025-10-31,core:TotalIncreaseDecreaseFromRevaluationsPropertyPlantEquipment,Revaluation,0,GBP,0,,C_WD_YB,True,ok
06160326,2025-10-31,core:TotalIncreaseDecreaseFromRevaluationsPropertyPlantEquipment,Revaluation,0,GBP,0,,C_WD_YC,True,ok
06160326,2025-10-31,core:TotalIncreaseDecreaseFromRevaluationsPropertyPlantEquipment,Revaluation,0,GBP,0,,C_WD_YD,True,ok
06160326,2025-10-31,core:TotalIncreaseDecreaseFromRevaluationsPropertyPlantEquipment,Revaluation,"2,304,190",GBP,0,,C,True,ok
06160326,2025-10-31,core:PropertyPlantEquipmentGrossCost,At 31 October 2025,"4,361,898",GBP,0,,B_WD_XZ_WE_YA,False,ok
06160326,2025-10-31,core:PropertyPlantEquipmentGrossCost,At 31 October 2025,"1,566,172",GBP,0,,B_WD_YB,False,ok
06160326,2025-10-31,core:PropertyPlantEquipmentGrossCost,At 31 October 2025,"164,179",GBP,0,,B_WD_YC,False,ok
06160326,2025-10-31,core:PropertyPlantEquipmentGrossCost,At 31 October 2025,"343,965",GBP,0,,B_WD_YD,False,ok
06160326,2025-10-31,core:PropertyPlantEquipmentGrossCost,At 31 October 2025,"6,436,214",GBP,0,,B,False,ok
06160326,2024-10-31,core:AccumulatedDepreciationImpairmentPropertyPlantEquipment,At 1 November 2024,"1,178,835",GBP,0,,A_WD_XZ_WE_YA,False,ok
06160326,2024-10-31,core:AccumulatedDepreciationImpairmentPropertyPlantEquipment,At 1 November 2024,"957,467",GBP,0,,A_WD_YB,False,ok
06160326,2024-10-31,core:AccumulatedDepreciationImpairmentPropertyPlantEquipment,At 1 November 2024,"77,512",GBP,0,,A_WD_YC,False,ok
06160326,2024-10-31,core:AccumulatedDepreciationImpairmentPropertyPlantEquipment,At 1 November 2024,"155,433",GBP,0,,A_WD_YD,False,ok
06160326,2024-10-31,core:AccumulatedDepreciationImpairmentPropertyPlantEquipment,At 1 November 2024,"2,369,247",GBP,0,,A,False,ok
06160326,2025-10-31,core:IncreaseFromDepreciationChargeForYearPropertyPlantEquipment,Depreciation charged in the year,"37,955",GBP,0,,C_WD_XZ_WE_YA,False,ok
06160326,2025-10-31,core:IncreaseFromDepreciationChargeForYearPropertyPlantEquipment,Depreciation charged in the year,"79,628",GBP,0,,C_WD_YB,False,ok
06160326,2025-10-31,core:IncreaseFromDepreciationChargeForYearPropertyPlantEquipment,Depreciation charged in the year,"12,219",GBP,0,,C_WD_YC,False,ok
06160326,2025-10-31,core:IncreaseFromDepreciationChargeForYearPropertyPlantEquipment,Depreciation charged in the year,"82,838",GBP,0,,C_WD_YD,False,ok
06160326,2025-10-31,core:IncreaseFromDepreciationChargeForYearPropertyPlantEquipment,Depreciation charged in the year,"212,640",GBP,0,,C,False,ok
06160326,2025-10-31,core:RevaluationsIncreaseDecreaseInDepreciationImpairmentPropertyPlantEquipment,Revaluation,"1,178,835",GBP,0,-,C_WD_XZ_WE_YA,False,ok
06160326,2025-10-31,core:RevaluationsIncreaseDecreaseInDepreciationImpairmentPropertyPlantEquipment,Revaluation,0,GBP,0,,C_WD_YB,False,ok
06160326,2025-10-31,core:RevaluationsIncreaseDecreaseInDepreciationImpairmentPropertyPlantEquipment,Revaluation,0,GBP,0,,C_WD_YC,False,ok
06160326,2025-10-31,core:RevaluationsIncreaseDecreaseInDepreciationImpairmentPropertyPlantEquipment,Revaluation,0,GBP,0,,C_WD_YD,False,ok
06160326,2025-10-31,core:RevaluationsIncreaseDecreaseInDepreciationImpairmentPropertyPlantEquipment,Revaluation,"1,178,835",GBP,0,-,C,False,ok
06160326,2025-10-31,core:AccumulatedDepreciationImpairmentPropertyPlantEquipment,At 31 October 2025,"37,955",GBP,0,,B_WD_XZ_WE_YA,False,ok
06160326,2025-10-31,core:AccumulatedDepreciationImpairmentPropertyPlantEquipment,At 31 October 2025,"1,037,095",GBP,0,,B_WD_YB,False,ok
06160326,2025-10-31,core:AccumulatedDepreciationImpairmentPropertyPlantEquipment,At 31 October 2025,"89,731",GBP,0,,B_WD_YC,False,ok
06160326,2025-10-31,core:AccumulatedDepreciationImpairmentPropertyPlantEquipment,At 31 October 2025,"238,271",GBP,0,,B_WD_YD,False,ok
06160326,2025-10-31,core:AccumulatedDepreciationImpairmentPropertyPlantEquipment,At 31 October 2025,"1,403,052",GBP,0,,B,False,ok
06160326,2025-10-31,core:PropertyPlantEquipment,At 31 October 2025,"4,323,943",GBP,0,,B_WD_XZ_WE_YA,False,ok
06160326,2025-10-31,core:PropertyPlantEquipment,At 31 October 2025,"529,077",GBP,0,,B_WD_YB,False,ok
06160326,2025-10-31,core:PropertyPlantEquipment,At 31 October 2025,"74,448",GBP,0,,B_WD_YC,False,ok
06160326,2025-10-31,core:PropertyPlantEquipment,At 31 October 2025,"105,694",GBP,0,,B_WD_YD,False,ok
06160326,2025-10-31,core:PropertyPlantEquipment,At 31 October 2025,"5,033,162",GBP,0,,B,False,ok
06160326,2024-10-31,core:PropertyPlantEquipment,At 31 October 2024,"866,975",GBP,0,,E_WD_XZ_WE_YA,False,ok
06160326,2024-10-31,core:PropertyPlantEquipment,At 31 October 2024,"456,955",GBP,0,,E_WD_YB,False,ok
06160326,2024-10-31,core:PropertyPlantEquipment,At 31 October 2024,"84,609",GBP,0,,E_WD_YC,False,ok
06160326,2024-10-31,core:PropertyPlantEquipment,At 31 October 2024,"146,601",GBP,0,,E_WD_YD,False,ok
06160326,2024-10-31,core:PropertyPlantEquipment,At 31 October 2024,"1,555,140",GBP,0,,E,False,ok
06160326,2025-10-31,core:CarryingAmountUnderCostModelRevaluedAssetsPropertyPlantEquipment,Plant and equipment,"346,603",GBP,0,,B_WD_YB_UV_VL,False,ok
06160326,2024-10-31,core:CarryingAmountUnderCostModelRevaluedAssetsPropertyPlantEquipment,Plant and equipment,"230,712",GBP,0,,E_WD_YB_UV_VL,False,ok
06160326,2025-10-31,core:CarryingAmountUnderCostModelRevaluedAssetsPropertyPlantEquipment,Plant and equipment,"346,603",GBP,0,,B_WD_YB,False,ok
06160326,2024-10-31,core:CarryingAmountUnderCostModelRevaluedAssetsPropertyPlantEquipment,Plant and equipment,"230,712",GBP,0,,E_WD_YB,False,ok
06160326,2025-10-31,core:CarryingAmountUnderCostModelRevaluedAssetsPropertyPlantEquipment,Motor vehicles,"122,667",GBP,0,,B_WD_YE_UV_VL,False,ok
06160326,2024-10-31,core:CarryingAmountUnderCostModelRevaluedAssetsPropertyPlantEquipment,Motor vehicles,"219,634",GBP,0,,E_WD_YE_UV_VL,False,ok
06160326,2025-10-31,core:CarryingAmountUnderCostModelRevaluedAssetsPropertyPlantEquipment,Motor vehicles,0,GBP,0,,B_WD_YE,False,ok
06160326,2024-10-31,core:CarryingAmountUnderCostModelRevaluedAssetsPropertyPlantEquipment,Motor vehicles,0,GBP,0,,E_WD_YE,False,ok
06160326,2025-10-31,core:InvestmentsInSubsidiaries,Investments in subsidiaries,0,GBP,0,,B_UV_VL,False,ok
06160326,2024-10-31,core:InvestmentsInSubsidiaries,Investments in subsidiaries,0,GBP,0,,E_UV_VL,False,ok
06160326,2025-10-31,core:InvestmentsInSubsidiaries,Investments in subsidiaries,"7,707",GBP,0,,B,False,ok
06160326,2024-10-31,core:InvestmentsInSubsidiaries,Investments in subsidiaries,"7,707",GBP,0,,E,False,ok
06160326,2025-10-31,core:PercentageClassShareHeldInSubsidiary,England & Wales,100.00,pure,4,,C_YR_YT_YV_YN,False,ok
06160326,2025-10-31,core:PercentageClassShareHeldInSubsidiary,England & Wales,100.00,pure,4,,C_YR_YW_YV_YO,False,ok
06160326,2025-10-31,core:TradeDebtorsTradeReceivables,Trade debtors,"1,916,908",GBP,0,,B_WG_WH_UV_VL,False,ok
06160326,2024-10-31,core:TradeDebtorsTradeReceivables,Trade debtors,"1,885,083",GBP,0,,E_WG_WH_UV_VL,False,ok
06160326,2025-10-31,core:TradeDebtorsTradeReceivables,Trade debtors,0,GBP,0,,B_WG_WH,False,ok
06160326,2024-10-31,core:TradeDebtorsTradeReceivables,Trade debtors,0,GBP,0,,E_WG_WH,False,ok
06160326,2025-10-31,core:AmountsOwedByGroupUndertakings,Amounts owed by group undertakings,0,GBP,0,,B_WG_WH_UV_VL,False,ok
06160326,2024-10-31,core:AmountsOwedByGroupUndertakings,Amounts owed by group undertakings,0,GBP,0,,E_WG_WH_UV_VL,False,ok
06160326,2025-10-31,core:AmountsOwedByGroupUndertakings,Amounts owed by group undertakings,"1,147,151",GBP,0,,B_WG_WH,False,ok
06160326,2024-10-31,core:AmountsOwedByGroupUndertakings,Amounts owed by group undertakings,"1,557,086",GBP,0,,E_WG_WH,False,ok
06160326,2025-10-31,core:FurtherItemDebtorsComponentTotalDebtors,Other debtors,"27,603",GBP,0,,B_WG_WH_UV_VL_YM_YN,True,ok
06160326,2024-10-31,core:FurtherItemDebtorsComponentTotalDebtors,Other debtors,"19,715",GBP,0,,E_WG_WH_UV_VL_YM_YN,True,ok
06160326,2025-10-31,core:FurtherItemDebtorsComponentTotalDebtors,Other debtors,"7,928",GBP,0,,B_WG_WH_YM_YO,True,ok
06160326,2024-10-31,core:FurtherItemDebtorsComponentTotalDebtors,Other debtors,"5,136",GBP,0,,E_WG_WH_YM_YO,True,ok
06160326,2025-10-31,core:PrepaymentsAccruedIncome,Prepayments and accrued income,"65,864",GBP,0,,B_WG_WH_UV_VL,False,ok
06160326,2024-10-31,core:PrepaymentsAccruedIncome,Prepayments and accrued income,"90,219",GBP,0,,E_WG_WH_UV_VL,False,ok
06160326,2025-10-31,core:PrepaymentsAccruedIncome,Prepayments and accrued income,"17,005",GBP,0,,B_WG_WH,False,ok
06160326,2024-10-31,core:PrepaymentsAccruedIncome,Prepayments and accrued income,"34,562",GBP,0,,E_WG_WH,False,ok
06160326,2025-10-31,core:BankBorrowingsOverdrafts,Bank loans and overdrafts,"275,197",GBP,0,,B_WL_WM_UV_VL,False,ok
06160326,2024-10-31,core:BankBorrowingsOverdrafts,Bank loans and overdrafts,"265,508",GBP,0,,E_WL_WM_UV_VL,False,ok
06160326,2025-10-31,core:BankBorrowingsOverdrafts,Bank loans and overdrafts,"216,666",GBP,0,,B_WG_WH_WL_WM,False,ok
06160326,2024-10-31,core:BankBorrowingsOverdrafts,Bank loans and overdrafts,"248,841",GBP,0,,E_WG_WH_WL_WM,False,ok
06160326,2025-10-31,core:FinanceLeaseLiabilitiesPresentValueTotal,Obligations under finance leases,"119,256",GBP,0,,B_WG_WH_UV_VL,True,ok
06160326,2024-10-31,core:FinanceLeaseLiabilitiesPresentValueTotal,Obligations under finance leases,"203,295",GBP,0,,E_WG_WH_UV_VL,True,ok
06160326,2025-10-31,core:FinanceLeaseLiabilitiesPresentValueTotal,Obligations under finance leases,"76,456",GBP,0,,B_WG_WH,True,ok
06160326,2024-10-31,core:FinanceLeaseLiabilitiesPresentValueTotal,Obligations under finance leases,"87,202",GBP,0,,E_WG_WH,True,ok
06160326,2025-10-31,core:TradeCreditorsTradePayables,Trade creditors,"1,174,904",GBP,0,,B_WG_WH_WL_WM_UV_VL,False,ok
06160326,2024-10-31,core:TradeCreditorsTradePayables,Trade creditors,"1,567,847",GBP,0,,E_WG_WH_WL_WM_UV_VL,False,ok
06160326,2025-10-31,core:TradeCreditorsTradePayables,Trade creditors,0,GBP,0,,B_WG_WH_WL_WM,False,ok
06160326,2024-10-31,core:TradeCreditorsTradePayables,Trade creditors,0,GBP,0,,E_WG_WH_WL_WM,False,ok
06160326,2025-10-31,core:CorporationTaxPayable,Corporation tax payable,"114,601",GBP,0,,B_WG_WH_UV_VL,False,ok
06160326,2024-10-31,core:CorporationTaxPayable,Corporation tax payable,"63,174",GBP,0,,E_WG_WH_UV_VL,False,ok
06160326,2025-10-31,core:CorporationTaxPayable,Corporation tax payable,"9,454",GBP,0,,B_WG_WH,False,ok
06160326,2024-10-31,core:CorporationTaxPayable,Corporation tax payable,0,GBP,0,,E_WG_WH,False,ok
06160326,2025-10-31,core:OtherTaxationSocialSecurityPayable,Other taxation and social security,"583,752",GBP,0,,B_WG_WH_UV_VL,False,ok
06160326,2024-10-31,core:OtherTaxationSocialSecurityPayable,Other taxation and social security,"571,053",GBP,0,,E_WG_WH_UV_VL,False,ok
06160326,2025-10-31,core:OtherTaxationSocialSecurityPayable,Other taxation and social security,0,GBP,0,,B_WG_WH,False,ok
06160326,2024-10-31,core:OtherTaxationSocialSecurityPayable,Other taxation and social security,0,GBP,0,,E_WG_WH,False,ok
06160326,2025-10-31,core:AccruedLiabilitiesDeferredIncome,Accruals and deferred income,"515,410",GBP,0,,B_WG_WH_WL_WM_UV_VL,False,ok
06160326,2024-10-31,core:AccruedLiabilitiesDeferredIncome,Accruals and deferred income,"463,627",GBP,0,,E_WG_WH_WL_WM_UV_VL,False,ok
06160326,2025-10-31,core:AccruedLiabilitiesDeferredIncome,Accruals and deferred income,"6,000",GBP,0,,B_WG_WH_WL_WM,False,ok
06160326,2024-10-31,core:AccruedLiabilitiesDeferredIncome,Accruals and deferred income,"5,000",GBP,0,,E_WG_WH_WL_WM,False,ok
06160326,2025-10-31,core:Creditors,Accruals and deferred income,"2,783,120",GBP,0,,B_WG_WH_WL_WM_UV_VL,False,ok
06160326,2024-10-31,core:Creditors,Accruals and deferred income,"3,134,504",GBP,0,,E_WG_WH_WL_WM_UV_VL,False,ok
06160326,2025-10-31,core:Creditors,Accruals and deferred income,"308,576",GBP,0,,B_WG_WH_WL_WM,False,ok
06160326,2024-10-31,core:Creditors,Accruals and deferred income,"341,043",GBP,0,,E_WG_WH_WL_WM,False,ok
06160326,2025-10-31,core:BankBorrowingsOverdrafts,Bank loans and overdrafts,"2,202,778",GBP,0,,B_WG_XV_WL_XW_UV_VL,False,ok
06160326,2024-10-31,core:BankBorrowingsOverdrafts,Bank loans and overdrafts,0,GBP,0,,E_WG_XV_WL_XW_UV_VL,False,ok
06160326,2025-10-31,core:BankBorrowingsOverdrafts,Bank loans and overdrafts,"2,202,778",GBP,0,,B_WG_XV_WL_XW,False,ok
06160326,2024-10-31,core:BankBorrowingsOverdrafts,Bank loans and overdrafts,0,GBP,0,,E_WG_XV_WL_XW,False,ok
06160326,2025-10-31,core:FinanceLeaseLiabilitiesPresentValueTotal,Obligations under finance leases,"180,887",GBP,0,,B_WG_XV_UV_VL,True,ok
06160326,2024-10-31,core:FinanceLeaseLiabilitiesPresentValueTotal,Obligations under finance leases,"30,461",GBP,0,,E_WG_XV_UV_VL,True,ok
06160326,2025-10-31,core:FinanceLeaseLiabilitiesPresentValueTotal,Obligations under finance leases,"95,287",GBP,0,,B_WG_XV,True,ok
06160326,2024-10-31,core:FinanceLeaseLiabilitiesPresentValueTotal,Obligations under finance leases,"30,461",GBP,0,,E_WG_XV,True,ok
06160326,2025-10-31,core:OtherRemainingBorrowings,Other borrowings,"1,750",GBP,0,,B_WG_XV_UV_VL,False,ok
06160326,2024-10-31,core:OtherRemainingBorrowings,Other borrowings,"1,750",GBP,0,,E_WG_XV_UV_VL,False,ok
06160326,2025-10-31,core:OtherRemainingBorrowings,Other borrowings,"1,750",GBP,0,,B_WG_XV,False,ok
06160326,2024-10-31,core:OtherRemainingBorrowings,Other borrowings,"1,750",GBP,0,,E_WG_XV,False,ok
06160326,2025-10-31,core:CumulativePreferenceShareDividendsUnpaid,Preference dividends payable,0,GBP,0,,B_WG_XV_WL_XW_UV_VL,False,ok
06160326,2024-10-31,core:CumulativePreferenceShareDividendsUnpaid,Preference dividends payable,"12,219",GBP,0,,E_WG_XV_WL_XW_UV_VL,False,ok
06160326,2025-10-31,core:CumulativePreferenceShareDividendsUnpaid,Preference dividends payable,0,GBP,0,,B_WG_XV_WL_XW,False,ok
06160326,2024-10-31,core:CumulativePreferenceShareDividendsUnpaid,Preference dividends payable,"12,219",GBP,0,,E_WG_XV_WL_XW,False,ok
06160326,2025-10-31,core:BankBorrowings,Bank loans,"2,419,444",GBP,0,,B_UV_VL,False,ok
06160326,2024-10-31,core:BankBorrowings,Bank loans,"265,508",GBP,0,,E_UV_VL,False,ok
06160326,2025-10-31,core:BankBorrowings,Bank loans,"2,419,444",GBP,0,,B,False,ok
06160326,2024-10-31,core:BankBorrowings,Bank loans,"248,841",GBP,0,,E,False,ok
06160326,2025-10-31,core:BankOverdrafts,Bank overdrafts,"58,531",GBP,0,,B_UV_VL,False,ok
06160326,2024-10-31,core:BankOverdrafts,Bank overdrafts,0,GBP,0,,E_UV_VL,False,ok
06160326,2025-10-31,core:BankOverdrafts,Bank overdrafts,0,GBP,0,,B,False,ok
06160326,2024-10-31,core:BankOverdrafts,Bank overdrafts,0,GBP,0,,E,False,ok
06160326,2025-10-31,core:RedeemablePreferenceSharesLiability,Preference shares,"1,750",GBP,0,,B_UV_VL,False,ok
06160326,2024-10-31,core:RedeemablePreferenceSharesLiability,Preference shares,"1,750",GBP,0,,E_UV_VL,False,ok
06160326,2025-10-31,core:RedeemablePreferenceSharesLiability,Preference shares,"1,750",GBP,0,,B,False,ok
06160326,2024-10-31,core:RedeemablePreferenceSharesLiability,Preference shares,"1,750",GBP,0,,E,False,ok
06160326,2025-10-31,core:TotalBorrowings,Payable within one year,"275,197",GBP,0,,B_WL_WM_UV_VL,True,ok
06160326,2024-10-31,core:TotalBorrowings,Payable within one year,"265,508",GBP,0,,E_WL_WM_UV_VL,True,ok
06160326,2025-10-31,core:TotalBorrowings,Payable within one year,"216,666",GBP,0,,B_WG_WH_WL_WM,True,ok
06160326,2024-10-31,core:TotalBorrowings,Payable within one year,"248,841",GBP,0,,E_WG_WH_WL_WM,True,ok
06160326,2025-10-31,core:TotalBorrowings,Payable after one year,"2,204,528",GBP,0,,B_WG_XV_WL_XW_UV_VL,True,ok
06160326,2024-10-31,core:TotalBorrowings,Payable after one year,"1,750",GBP,0,,E_WG_XV_WL_XW_UV_VL,True,ok
06160326,2025-10-31,core:TotalBorrowings,Payable after one year,"2,204,528",GBP,0,,B_WG_XV_WL_XW,True,ok
06160326,2024-10-31,core:TotalBorrowings,Payable after one year,"1,750",GBP,0,,E_WG_XV_WL_XW,True,ok
06160326,2025-10-31,core:FinanceLeaseLiabilitiesPresentValueTotal,Current liabilities,"119,256",GBP,0,,B_WG_WH_UV_VL,True,ok
06160326,2024-10-31,core:FinanceLeaseLiabilitiesPresentValueTotal,Current liabilities,"203,295",GBP,0,,E_WG_WH_UV_VL,True,ok
06160326,2025-10-31,core:FinanceLeaseLiabilitiesPresentValueTotal,Current liabilities,"76,456",GBP,0,,B_WG_WH,True,ok
06160326,2024-10-31,core:FinanceLeaseLiabilitiesPresentValueTotal,Current liabilities,"87,202",GBP,0,,E_WG_WH,True,ok
06160326,2025-10-31,core:FinanceLeaseLiabilitiesPresentValueTotal,Non-current liabilities,"180,887",GBP,0,,B_WG_XV_UV_VL,True,ok
06160326,2024-10-31,core:FinanceLeaseLiabilitiesPresentValueTotal,Non-current liabilities,"30,461",GBP,0,,E_WG_XV_UV_VL,True,ok
06160326,2025-10-31,core:FinanceLeaseLiabilitiesPresentValueTotal,Non-current liabilities,"95,287",GBP,0,,B_WG_XV,True,ok
06160326,2024-10-31,core:FinanceLeaseLiabilitiesPresentValueTotal,Non-current liabilities,"30,461",GBP,0,,E_WG_XV,True,ok
06160326,2025-10-31,core:FinanceLeasePaymentsOwingMinimumGross,Within one year,"204,856",GBP,0,,B_WL_WM_UV_VL,False,ok
06160326,2024-10-31,core:FinanceLeasePaymentsOwingMinimumGross,Within one year,"203,295",GBP,0,,E_WL_WM_UV_VL,False,ok
06160326,2025-10-31,core:FinanceLeasePaymentsOwingMinimumGross,Within one year,"76,456",GBP,0,,B_WL_WM,False,ok
06160326,2024-10-31,core:FinanceLeasePaymentsOwingMinimumGross,Within one year,"87,202",GBP,0,,E_WL_WM,False,ok
06160326,2025-10-31,core:FinanceLeasePaymentsOwingMinimumGross,In two to five years,"95,287",GBP,0,,B_WL_YY_UV_VL,False,ok
06160326,2024-10-31,core:FinanceLeasePaymentsOwingMinimumGross,In two to five years,"30,461",GBP,0,,E_WL_YY_UV_VL,False,ok
06160326,2025-10-31,core:FinanceLeasePaymentsOwingMinimumGross,In two to five years,"95,287",GBP,0,,B_WL_YY,False,ok
06160326,2024-10-31,core:FinanceLeasePaymentsOwingMinimumGross,In two to five years,"30,461",GBP,0,,E_WL_YY,False,ok
06160326,2025-10-31,core:TaxTaxCreditOnProfitOrLossOnOrdinaryActivities,Taxation charged,"462,486",GBP,0,,C_UV_VL,False,ok
06160326,2024-10-31,core:TaxTaxCreditOnProfitOrLossOnOrdinaryActivities,Taxation charged,"57,170",GBP,0,,F_UV_VL,False,ok
06160326,2025-10-31,core:InterestPayableSimilarChargesFinanceCosts,Finance costs,"160,386",GBP,0,,C_UV_VL,False,ok
06160326,2024-10-31,core:InterestPayableSimilarChargesFinanceCosts,Finance costs,"72,571",GBP,0,,F_UV_VL,False,ok
06160326,2025-10-31,core:NetFinanceIncomeCosts,Investment income,"14,204",GBP,0,,C_UV_VL,False,ok
06160326,2024-10-31,core:NetFinanceIncomeCosts,Investment income,0,GBP,0,,F_UV_VL,False,ok
06160326,2024-10-31,core:BankOverdrafts,Bank overdrafts,0,GBP,0,,E_UV_VL,False,ok
06160326,2025-10-31,core:BankOverdrafts,"(58,531)","58,531",GBP,0,,B_UV_VL,False,ok
