cofog99,cofog99_label_en,na_item,na_item_label_en,window,n_observations,n_countries,n_years,sum_abs_value
GF01,General public services,D1,Compensation of employees,holdout,121,30,5,994308.5
GF01,General public services,D1,Compensation of employees,train,767,30,31,4239450.3
GF01,General public services,D29_D5_D8,"""Other taxes on production; current taxes on income, wealth, etc; adjustment for the change in pension entitlements""",holdout,121,30,5,28883.0
GF01,General public services,D29_D5_D8,"""Other taxes on production; current taxes on income, wealth, etc; adjustment for the change in pension entitlements""",train,756,30,31,108375.7
GF01,General public services,D3,Subsidies,holdout,117,29,5,14310.1
GF01,General public services,D3,Subsidies,train,728,30,31,51704.4
GF01,General public services,D4,Property income,holdout,121,30,5,1119269.1
GF01,General public services,D4,Property income,train,767,30,31,7693566.7
GF01,General public services,D4_S1311,"Property income, of which payable to subsector S1311",holdout,4,1,4,0.0
GF01,General public services,D4_S1311,"Property income, of which payable to subsector S1311",train,20,1,20,0.0
GF01,General public services,D4_S1312,"Property income, of which payable to subsector S1312",holdout,4,1,4,0.0
GF01,General public services,D4_S1312,"Property income, of which payable to subsector S1312",train,20,1,20,0.0
GF01,General public services,D4_S1313,"Property income, of which payable to subsector S1313",holdout,4,1,4,0.0
GF01,General public services,D4_S1313,"Property income, of which payable to subsector S1313",train,20,1,20,0.0
GF01,General public services,D4_S1314,"Property income, of which payable to subsector S1314",holdout,4,1,4,0.0
GF01,General public services,D4_S1314,"Property income, of which payable to subsector S1314",train,20,1,20,0.0
GF01,General public services,D62,Social benefits other than social transfers in kind,holdout,105,26,5,0.9
GF01,General public services,D62,Social benefits other than social transfers in kind,train,629,27,31,597.3
GF01,General public services,D62_D632,Social benefits other than social transfers in kind and social transfers in kind - purchased market production,holdout,105,26,5,1.0
GF01,General public services,D62_D632,Social benefits other than social transfers in kind and social transfers in kind - purchased market production,train,669,27,31,597.3
GF01,General public services,D632,Social transfers in kind - purchased market production,holdout,105,26,5,0.0
GF01,General public services,D632,Social transfers in kind - purchased market production,train,623,26,31,0.0
GF01,General public services,D7,Other current transfers,holdout,121,30,5,775504.6
GF01,General public services,D7,Other current transfers,train,767,30,31,3054273.3
GF01,General public services,D7_S1311,"Other current transfers,of which payable to subsector S1311",holdout,4,1,4,0.0
GF01,General public services,D7_S1311,"Other current transfers,of which payable to subsector S1311",train,20,1,20,0.0
GF01,General public services,D7_S1312,"Other current transfers,of which payable to subsector S1312",holdout,4,1,4,0.0
GF01,General public services,D7_S1312,"Other current transfers,of which payable to subsector S1312",train,20,1,20,0.0
GF01,General public services,D7_S1313,"Other current transfers,of which payable to subsector S1313",holdout,4,1,4,0.0
GF01,General public services,D7_S1313,"Other current transfers,of which payable to subsector S1313",train,20,1,20,0.0
GF01,General public services,D7_S1314,"Other current transfers,of which payable to subsector S1314",holdout,4,1,4,0.0
GF01,General public services,D7_S1314,"Other current transfers,of which payable to subsector S1314",train,20,1,20,0.0
GF01,General public services,D9,Capital transfers,holdout,120,30,5,133397.3
GF01,General public services,D9,Capital transfers,train,767,30,31,428425.6
GF01,General public services,D92,Investment grants,holdout,119,30,5,63858.4
GF01,General public services,D92,Investment grants,train,749,30,31,196577.2
GF01,General public services,D9_S1311,"Capital transfers, expenditure, of which to subsector central government (S1311)",holdout,4,1,4,0.0
GF01,General public services,D9_S1311,"Capital transfers, expenditure, of which to subsector central government (S1311)",train,20,1,20,0.0
GF01,General public services,D9_S1312,"Capital transfers, expenditure, of which to subsector state government (S1312)",holdout,4,1,4,0.0
GF01,General public services,D9_S1312,"Capital transfers, expenditure, of which to subsector state government (S1312)",train,20,1,20,0.0
GF01,General public services,D9_S1313,"Capital transfers, expenditure, of which to subsector local government (S1313)",holdout,4,1,4,0.0
GF01,General public services,D9_S1313,"Capital transfers, expenditure, of which to subsector local government (S1313)",train,20,1,20,0.0
GF01,General public services,D9_S1314,"Capital transfers, expenditure, of which to subsector social security funds (S1314)",holdout,4,1,4,0.0
GF01,General public services,D9_S1314,"Capital transfers, expenditure, of which to subsector social security funds (S1314)",train,20,1,20,0.0
GF01,General public services,NP,Acquisitions less disposals of non-financial non-produced assets,holdout,121,30,5,10594.7
GF01,General public services,NP,Acquisitions less disposals of non-financial non-produced assets,train,764,30,31,84489.6
GF01,General public services,OP5ANP,Gross capital formation and acquisitions less disposals of non-financial non-produced assets,holdout,121,30,5,448654.0
GF01,General public services,OP5ANP,Gross capital formation and acquisitions less disposals of non-financial non-produced assets,train,767,30,31,1545977.3
GF01,General public services,P2,Intermediate consumption,holdout,121,30,5,642694.1
GF01,General public services,P2,Intermediate consumption,train,767,30,31,2613821.9
GF01,General public services,P2_D29_D5_D8,"Intermediate consumption; other taxes on production; current taxes on income, wealth, etc.; adjustment for the change in pension entitlements",holdout,117,29,5,657242.3
GF01,General public services,P2_D29_D5_D8,"Intermediate consumption; other taxes on production; current taxes on income, wealth, etc.; adjustment for the change in pension entitlements",train,741,29,31,2664453.0
GF01,General public services,P3,Final consumption expenditure,holdout,121,30,5,1466988.8
GF01,General public services,P3,Final consumption expenditure,train,767,30,31,6191487.5
GF01,General public services,P31,Individual consumption expenditure,holdout,81,20,5,0.0
GF01,General public services,P31,Individual consumption expenditure,train,516,20,31,0.0
GF01,General public services,P32,Collective consumption expenditure,holdout,109,27,5,1077865.2
GF01,General public services,P32,Collective consumption expenditure,train,692,27,31,4796434.7
GF01,General public services,P5,Gross capital formation,holdout,121,30,5,450250.1
GF01,General public services,P5,Gross capital formation,train,767,30,31,1598396.4
GF01,General public services,P51G,Gross fixed capital formation,holdout,121,30,5,450498.4
GF01,General public services,P51G,Gross fixed capital formation,train,767,30,31,1606155.3
GF01,General public services,TE,Total general government expenditure,holdout,121,30,5,4157016.3
GF01,General public services,TE,Total general government expenditure,train,767,30,31,19734801.5
GF0101,"Executive and legislative organs, financial and fiscal affairs, external affairs",D1,Compensation of employees,holdout,121,30,5,435082.5
GF0101,"Executive and legislative organs, financial and fiscal affairs, external affairs",D1,Compensation of employees,train,698,30,26,1717891.3
GF0101,"Executive and legislative organs, financial and fiscal affairs, external affairs",D29_D5_D8,"""Other taxes on production; current taxes on income, wealth, etc; adjustment for the change in pension entitlements""",holdout,121,30,5,13800.3
GF0101,"Executive and legislative organs, financial and fiscal affairs, external affairs",D29_D5_D8,"""Other taxes on production; current taxes on income, wealth, etc; adjustment for the change in pension entitlements""",train,693,30,26,39372.7
GF0101,"Executive and legislative organs, financial and fiscal affairs, external affairs",D3,Subsidies,holdout,114,29,5,241.1
GF0101,"Executive and legislative organs, financial and fiscal affairs, external affairs",D3,Subsidies,train,661,30,26,2548.9
GF0101,"Executive and legislative organs, financial and fiscal affairs, external affairs",D4,Property income,holdout,113,28,5,27.3
GF0101,"Executive and legislative organs, financial and fiscal affairs, external affairs",D4,Property income,train,654,28,26,477.4
GF0101,"Executive and legislative organs, financial and fiscal affairs, external affairs",D4_S1311,"Property income, of which payable to subsector S1311",holdout,4,1,4,0.0
GF0101,"Executive and legislative organs, financial and fiscal affairs, external affairs",D4_S1311,"Property income, of which payable to subsector S1311",train,20,1,20,0.0
GF0101,"Executive and legislative organs, financial and fiscal affairs, external affairs",D4_S1312,"Property income, of which payable to subsector S1312",holdout,4,1,4,0.0
GF0101,"Executive and legislative organs, financial and fiscal affairs, external affairs",D4_S1312,"Property income, of which payable to subsector S1312",train,20,1,20,0.0
GF0101,"Executive and legislative organs, financial and fiscal affairs, external affairs",D4_S1313,"Property income, of which payable to subsector S1313",holdout,4,1,4,0.0
GF0101,"Executive and legislative organs, financial and fiscal affairs, external affairs",D4_S1313,"Property income, of which payable to subsector S1313",train,20,1,20,0.0
GF0101,"Executive and legislative organs, financial and fiscal affairs, external affairs",D4_S1314,"Property income, of which payable to subsector S1314",holdout,4,1,4,0.0
GF0101,"Executive and legislative organs, financial and fiscal affairs, external affairs",D4_S1314,"Property income, of which payable to subsector S1314",train,20,1,20,0.0
GF0101,"Executive and legislative organs, financial and fiscal affairs, external affairs",D62,Social benefits other than social transfers in kind,holdout,105,26,5,0.0
GF0101,"Executive and legislative organs, financial and fiscal affairs, external affairs",D62,Social benefits other than social transfers in kind,train,594,27,26,138.1
GF0101,"Executive and legislative organs, financial and fiscal affairs, external affairs",D62_D632,Social benefits other than social transfers in kind and social transfers in kind - purchased market production,holdout,105,26,5,0.1
GF0101,"Executive and legislative organs, financial and fiscal affairs, external affairs",D62_D632,Social benefits other than social transfers in kind and social transfers in kind - purchased market production,train,617,27,26,138.1
GF0101,"Executive and legislative organs, financial and fiscal affairs, external affairs",D632,Social transfers in kind - purchased market production,holdout,105,26,5,0.0
GF0101,"Executive and legislative organs, financial and fiscal affairs, external affairs",D632,Social transfers in kind - purchased market production,train,588,26,26,0.0
GF0101,"Executive and legislative organs, financial and fiscal affairs, external affairs",D7,Other current transfers,holdout,121,30,5,578356.0
GF0101,"Executive and legislative organs, financial and fiscal affairs, external affairs",D7,Other current transfers,train,698,30,26,2149350.1
GF0101,"Executive and legislative organs, financial and fiscal affairs, external affairs",D7_S1311,"Other current transfers,of which payable to subsector S1311",holdout,4,1,4,0.0
GF0101,"Executive and legislative organs, financial and fiscal affairs, external affairs",D7_S1311,"Other current transfers,of which payable to subsector S1311",train,20,1,20,0.0
GF0101,"Executive and legislative organs, financial and fiscal affairs, external affairs",D7_S1312,"Other current transfers,of which payable to subsector S1312",holdout,4,1,4,0.0
GF0101,"Executive and legislative organs, financial and fiscal affairs, external affairs",D7_S1312,"Other current transfers,of which payable to subsector S1312",train,20,1,20,0.0
GF0101,"Executive and legislative organs, financial and fiscal affairs, external affairs",D7_S1313,"Other current transfers,of which payable to subsector S1313",holdout,4,1,4,0.0
GF0101,"Executive and legislative organs, financial and fiscal affairs, external affairs",D7_S1313,"Other current transfers,of which payable to subsector S1313",train,20,1,20,0.0
GF0101,"Executive and legislative organs, financial and fiscal affairs, external affairs",D7_S1314,"Other current transfers,of which payable to subsector S1314",holdout,4,1,4,0.0
GF0101,"Executive and legislative organs, financial and fiscal affairs, external affairs",D7_S1314,"Other current transfers,of which payable to subsector S1314",train,20,1,20,0.0
GF0101,"Executive and legislative organs, financial and fiscal affairs, external affairs",D9,Capital transfers,holdout,120,30,5,42639.7
GF0101,"Executive and legislative organs, financial and fiscal affairs, external affairs",D9,Capital transfers,train,700,30,26,112675.1
GF0101,"Executive and legislative organs, financial and fiscal affairs, external affairs",D92,Investment grants,holdout,119,30,5,12568.4
GF0101,"Executive and legislative organs, financial and fiscal affairs, external affairs",D92,Investment grants,train,684,30,26,30739.0
GF0101,"Executive and legislative organs, financial and fiscal affairs, external affairs",D9_S1311,"Capital transfers, expenditure, of which to subsector central government (S1311)",holdout,4,1,4,0.0
GF0101,"Executive and legislative organs, financial and fiscal affairs, external affairs",D9_S1311,"Capital transfers, expenditure, of which to subsector central government (S1311)",train,20,1,20,0.0
GF0101,"Executive and legislative organs, financial and fiscal affairs, external affairs",D9_S1312,"Capital transfers, expenditure, of which to subsector state government (S1312)",holdout,4,1,4,0.0
GF0101,"Executive and legislative organs, financial and fiscal affairs, external affairs",D9_S1312,"Capital transfers, expenditure, of which to subsector state government (S1312)",train,20,1,20,0.0
GF0101,"Executive and legislative organs, financial and fiscal affairs, external affairs",D9_S1313,"Capital transfers, expenditure, of which to subsector local government (S1313)",holdout,4,1,4,0.0
GF0101,"Executive and legislative organs, financial and fiscal affairs, external affairs",D9_S1313,"Capital transfers, expenditure, of which to subsector local government (S1313)",train,20,1,20,0.0
GF0101,"Executive and legislative organs, financial and fiscal affairs, external affairs",D9_S1314,"Capital transfers, expenditure, of which to subsector social security funds (S1314)",holdout,4,1,4,0.0
GF0101,"Executive and legislative organs, financial and fiscal affairs, external affairs",D9_S1314,"Capital transfers, expenditure, of which to subsector social security funds (S1314)",train,20,1,20,0.0
GF0101,"Executive and legislative organs, financial and fiscal affairs, external affairs",NP,Acquisitions less disposals of non-financial non-produced assets,holdout,117,29,5,1430.5
GF0101,"Executive and legislative organs, financial and fiscal affairs, external affairs",NP,Acquisitions less disposals of non-financial non-produced assets,train,683,29,26,15223.5
GF0101,"Executive and legislative organs, financial and fiscal affairs, external affairs",OP5ANP,Gross capital formation and acquisitions less disposals of non-financial non-produced assets,holdout,121,30,5,67119.6
GF0101,"Executive and legislative organs, financial and fiscal affairs, external affairs",OP5ANP,Gross capital formation and acquisitions less disposals of non-financial non-produced assets,train,698,30,26,184920.4
GF0101,"Executive and legislative organs, financial and fiscal affairs, external affairs",P2,Intermediate consumption,holdout,121,30,5,208745.4
GF0101,"Executive and legislative organs, financial and fiscal affairs, external affairs",P2,Intermediate consumption,train,698,30,26,792199.1
GF0101,"Executive and legislative organs, financial and fiscal affairs, external affairs",P2_D29_D5_D8,"Intermediate consumption; other taxes on production; current taxes on income, wealth, etc.; adjustment for the change in pension entitlements",holdout,117,29,5,217857.5
GF0101,"Executive and legislative organs, financial and fiscal affairs, external affairs",P2_D29_D5_D8,"Intermediate consumption; other taxes on production; current taxes on income, wealth, etc.; adjustment for the change in pension entitlements",train,672,29,26,817342.9
GF0101,"Executive and legislative organs, financial and fiscal affairs, external affairs",P3,Final consumption expenditure,holdout,121,30,5,590464.5
GF0101,"Executive and legislative organs, financial and fiscal affairs, external affairs",P3,Final consumption expenditure,train,698,30,26,2235901.7
GF0101,"Executive and legislative organs, financial and fiscal affairs, external affairs",P31,Individual consumption expenditure,holdout,77,19,5,0.0
GF0101,"Executive and legislative organs, financial and fiscal affairs, external affairs",P31,Individual consumption expenditure,train,474,20,26,0.0
GF0101,"Executive and legislative organs, financial and fiscal affairs, external affairs",P32,Collective consumption expenditure,holdout,109,27,5,459598.0
GF0101,"Executive and legislative organs, financial and fiscal affairs, external affairs",P32,Collective consumption expenditure,train,640,27,26,1872652.2
GF0101,"Executive and legislative organs, financial and fiscal affairs, external affairs",P5,Gross capital formation,holdout,121,30,5,67476.4
GF0101,"Executive and legislative organs, financial and fiscal affairs, external affairs",P5,Gross capital formation,train,698,30,26,193488.6
GF0101,"Executive and legislative organs, financial and fiscal affairs, external affairs",P51G,Gross fixed capital formation,holdout,121,30,5,67991.3
GF0101,"Executive and legislative organs, financial and fiscal affairs, external affairs",P51G,Gross fixed capital formation,train,698,30,26,196880.8
GF0101,"Executive and legislative organs, financial and fiscal affairs, external affairs",TE,Total general government expenditure,holdout,121,30,5,1345467.9
GF0101,"Executive and legislative organs, financial and fiscal affairs, external affairs",TE,Total general government expenditure,train,698,30,26,4985568.2
GF0102,Foreign economic aid,D1,Compensation of employees,holdout,117,29,5,10309.3
GF0102,Foreign economic aid,D1,Compensation of employees,train,668,29,26,28436.8
GF0102,Foreign economic aid,D29_D5_D8,"""Other taxes on production; current taxes on income, wealth, etc; adjustment for the change in pension entitlements""",holdout,109,27,5,124.3
GF0102,Foreign economic aid,D29_D5_D8,"""Other taxes on production; current taxes on income, wealth, etc; adjustment for the change in pension entitlements""",train,631,27,26,358.3
GF0102,Foreign economic aid,D3,Subsidies,holdout,109,27,5,22.2
GF0102,Foreign economic aid,D3,Subsidies,train,635,28,26,411.4
GF0102,Foreign economic aid,D4,Property income,holdout,109,27,5,4.2
GF0102,Foreign economic aid,D4,Property income,train,631,27,26,24.1
GF0102,Foreign economic aid,D4_S1311,"Property income, of which payable to subsector S1311",holdout,4,1,4,0.0
GF0102,Foreign economic aid,D4_S1311,"Property income, of which payable to subsector S1311",train,20,1,20,0.0
GF0102,Foreign economic aid,D4_S1312,"Property income, of which payable to subsector S1312",holdout,4,1,4,0.0
GF0102,Foreign economic aid,D4_S1312,"Property income, of which payable to subsector S1312",train,20,1,20,0.0
GF0102,Foreign economic aid,D4_S1313,"Property income, of which payable to subsector S1313",holdout,4,1,4,0.0
GF0102,Foreign economic aid,D4_S1313,"Property income, of which payable to subsector S1313",train,20,1,20,0.0
GF0102,Foreign economic aid,D4_S1314,"Property income, of which payable to subsector S1314",holdout,4,1,4,0.0
GF0102,Foreign economic aid,D4_S1314,"Property income, of which payable to subsector S1314",train,20,1,20,0.0
GF0102,Foreign economic aid,D62,Social benefits other than social transfers in kind,holdout,105,26,5,0.0
GF0102,Foreign economic aid,D62,Social benefits other than social transfers in kind,train,588,26,26,0.9
GF0102,Foreign economic aid,D62_D632,Social benefits other than social transfers in kind and social transfers in kind - purchased market production,holdout,105,26,5,0.0
GF0102,Foreign economic aid,D62_D632,Social benefits other than social transfers in kind and social transfers in kind - purchased market production,train,611,26,26,0.9
GF0102,Foreign economic aid,D632,Social transfers in kind - purchased market production,holdout,105,26,5,0.0
GF0102,Foreign economic aid,D632,Social transfers in kind - purchased market production,train,588,26,26,0.0
GF0102,Foreign economic aid,D7,Other current transfers,holdout,117,29,5,138728.8
GF0102,Foreign economic aid,D7,Other current transfers,train,684,30,26,455675.4
GF0102,Foreign economic aid,D7_S1311,"Other current transfers,of which payable to subsector S1311",holdout,4,1,4,0.0
GF0102,Foreign economic aid,D7_S1311,"Other current transfers,of which payable to subsector S1311",train,20,1,20,0.0
GF0102,Foreign economic aid,D7_S1312,"Other current transfers,of which payable to subsector S1312",holdout,4,1,4,0.0
GF0102,Foreign economic aid,D7_S1312,"Other current transfers,of which payable to subsector S1312",train,20,1,20,0.0
GF0102,Foreign economic aid,D7_S1313,"Other current transfers,of which payable to subsector S1313",holdout,4,1,4,0.0
GF0102,Foreign economic aid,D7_S1313,"Other current transfers,of which payable to subsector S1313",train,20,1,20,0.0
GF0102,Foreign economic aid,D7_S1314,"Other current transfers,of which payable to subsector S1314",holdout,4,1,4,0.0
GF0102,Foreign economic aid,D7_S1314,"Other current transfers,of which payable to subsector S1314",train,20,1,20,0.0
GF0102,Foreign economic aid,D9,Capital transfers,holdout,113,29,5,64962.5
GF0102,Foreign economic aid,D9,Capital transfers,train,651,30,26,198092.2
GF0102,Foreign economic aid,D92,Investment grants,holdout,112,28,5,36791.7
GF0102,Foreign economic aid,D92,Investment grants,train,651,29,26,90362.1
GF0102,Foreign economic aid,D9_S1311,"Capital transfers, expenditure, of which to subsector central government (S1311)",holdout,4,1,4,0.0
GF0102,Foreign economic aid,D9_S1311,"Capital transfers, expenditure, of which to subsector central government (S1311)",train,20,1,20,0.0
GF0102,Foreign economic aid,D9_S1312,"Capital transfers, expenditure, of which to subsector state government (S1312)",holdout,4,1,4,0.0
GF0102,Foreign economic aid,D9_S1312,"Capital transfers, expenditure, of which to subsector state government (S1312)",train,20,1,20,0.0
GF0102,Foreign economic aid,D9_S1313,"Capital transfers, expenditure, of which to subsector local government (S1313)",holdout,4,1,4,0.0
GF0102,Foreign economic aid,D9_S1313,"Capital transfers, expenditure, of which to subsector local government (S1313)",train,20,1,20,0.0
GF0102,Foreign economic aid,D9_S1314,"Capital transfers, expenditure, of which to subsector social security funds (S1314)",holdout,4,1,4,0.0
GF0102,Foreign economic aid,D9_S1314,"Capital transfers, expenditure, of which to subsector social security funds (S1314)",train,20,1,20,0.0
GF0102,Foreign economic aid,NP,Acquisitions less disposals of non-financial non-produced assets,holdout,110,28,5,0.0
GF0102,Foreign economic aid,NP,Acquisitions less disposals of non-financial non-produced assets,train,631,27,26,12.4
GF0102,Foreign economic aid,OP5ANP,Gross capital formation and acquisitions less disposals of non-financial non-produced assets,holdout,116,29,5,392.6
GF0102,Foreign economic aid,OP5ANP,Gross capital formation and acquisitions less disposals of non-financial non-produced assets,train,655,29,26,2776.9
GF0102,Foreign economic aid,P2,Intermediate consumption,holdout,117,29,5,13610.2
GF0102,Foreign economic aid,P2,Intermediate consumption,train,669,29,26,39011.9
GF0102,Foreign economic aid,P2_D29_D5_D8,"Intermediate consumption; other taxes on production; current taxes on income, wealth, etc.; adjustment for the change in pension entitlements",holdout,113,28,5,13494.8
GF0102,Foreign economic aid,P2_D29_D5_D8,"Intermediate consumption; other taxes on production; current taxes on income, wealth, etc.; adjustment for the change in pension entitlements",train,644,28,26,36949.3
GF0102,Foreign economic aid,P3,Final consumption expenditure,holdout,117,29,5,25202.1
GF0102,Foreign economic aid,P3,Final consumption expenditure,train,670,29,26,66364.3
GF0102,Foreign economic aid,P31,Individual consumption expenditure,holdout,77,19,5,0.0
GF0102,Foreign economic aid,P31,Individual consumption expenditure,train,474,20,26,0.0
GF0102,Foreign economic aid,P32,Collective consumption expenditure,holdout,105,26,5,8692.9
GF0102,Foreign economic aid,P32,Collective consumption expenditure,train,612,26,26,32794.8
GF0102,Foreign economic aid,P5,Gross capital formation,holdout,116,29,5,392.6
GF0102,Foreign economic aid,P5,Gross capital formation,train,651,28,26,2775.0
GF0102,Foreign economic aid,P51G,Gross fixed capital formation,holdout,116,29,5,392.6
GF0102,Foreign economic aid,P51G,Gross fixed capital formation,train,652,29,26,2777.9
GF0102,Foreign economic aid,TE,Total general government expenditure,holdout,121,30,5,228154.1
GF0102,Foreign economic aid,TE,Total general government expenditure,train,696,30,26,724768.3
GF0103,General services,D1,Compensation of employees,holdout,121,30,5,356818.3
GF0103,General services,D1,Compensation of employees,train,698,30,26,1467787.1
GF0103,General services,D29_D5_D8,"""Other taxes on production; current taxes on income, wealth, etc; adjustment for the change in pension entitlements""",holdout,113,28,5,10096.7
GF0103,General services,D29_D5_D8,"""Other taxes on production; current taxes on income, wealth, etc; adjustment for the change in pension entitlements""",train,635,28,26,37210.8
GF0103,General services,D3,Subsidies,holdout,111,28,5,94.0
GF0103,General services,D3,Subsidies,train,658,29,26,853.3
GF0103,General services,D4,Property income,holdout,109,27,5,257.1
GF0103,General services,D4,Property income,train,635,28,26,1649.4
GF0103,General services,D4_S1311,"Property income, of which payable to subsector S1311",holdout,4,1,4,0.0
GF0103,General services,D4_S1311,"Property income, of which payable to subsector S1311",train,20,1,20,0.0
GF0103,General services,D4_S1312,"Property income, of which payable to subsector S1312",holdout,4,1,4,0.0
GF0103,General services,D4_S1312,"Property income, of which payable to subsector S1312",train,20,1,20,0.0
GF0103,General services,D4_S1313,"Property income, of which payable to subsector S1313",holdout,4,1,4,0.0
GF0103,General services,D4_S1313,"Property income, of which payable to subsector S1313",train,20,1,20,0.0
GF0103,General services,D4_S1314,"Property income, of which payable to subsector S1314",holdout,4,1,4,0.0
GF0103,General services,D4_S1314,"Property income, of which payable to subsector S1314",train,20,1,20,0.0
GF0103,General services,D62,Social benefits other than social transfers in kind,holdout,105,26,5,0.0
GF0103,General services,D62,Social benefits other than social transfers in kind,train,588,26,26,144.7
GF0103,General services,D62_D632,Social benefits other than social transfers in kind and social transfers in kind - purchased market production,holdout,105,26,5,0.0
GF0103,General services,D62_D632,Social benefits other than social transfers in kind and social transfers in kind - purchased market production,train,611,26,26,144.7
GF0103,General services,D632,Social transfers in kind - purchased market production,holdout,105,26,5,0.0
GF0103,General services,D632,Social transfers in kind - purchased market production,train,588,26,26,0.0
GF0103,General services,D7,Other current transfers,holdout,121,30,5,18060.0
GF0103,General services,D7,Other current transfers,train,688,30,26,71153.6
GF0103,General services,D7_S1311,"Other current transfers,of which payable to subsector S1311",holdout,4,1,4,0.0
GF0103,General services,D7_S1311,"Other current transfers,of which payable to subsector S1311",train,20,1,20,0.0
GF0103,General services,D7_S1312,"Other current transfers,of which payable to subsector S1312",holdout,4,1,4,0.0
GF0103,General services,D7_S1312,"Other current transfers,of which payable to subsector S1312",train,20,1,20,0.0
GF0103,General services,D7_S1313,"Other current transfers,of which payable to subsector S1313",holdout,4,1,4,0.0
GF0103,General services,D7_S1313,"Other current transfers,of which payable to subsector S1313",train,20,1,20,0.0
GF0103,General services,D7_S1314,"Other current transfers,of which payable to subsector S1314",holdout,4,1,4,0.0
GF0103,General services,D7_S1314,"Other current transfers,of which payable to subsector S1314",train,20,1,20,0.0
GF0103,General services,D9,Capital transfers,holdout,116,29,5,9615.2
GF0103,General services,D9,Capital transfers,train,661,30,26,42341.6
GF0103,General services,D92,Investment grants,holdout,116,29,5,3649.5
GF0103,General services,D92,Investment grants,train,650,29,26,22842.1
GF0103,General services,D9_S1311,"Capital transfers, expenditure, of which to subsector central government (S1311)",holdout,4,1,4,0.0
GF0103,General services,D9_S1311,"Capital transfers, expenditure, of which to subsector central government (S1311)",train,20,1,20,0.0
GF0103,General services,D9_S1312,"Capital transfers, expenditure, of which to subsector state government (S1312)",holdout,4,1,4,0.0
GF0103,General services,D9_S1312,"Capital transfers, expenditure, of which to subsector state government (S1312)",train,20,1,20,0.0
GF0103,General services,D9_S1313,"Capital transfers, expenditure, of which to subsector local government (S1313)",holdout,4,1,4,0.0
GF0103,General services,D9_S1313,"Capital transfers, expenditure, of which to subsector local government (S1313)",train,20,1,20,0.0
GF0103,General services,D9_S1314,"Capital transfers, expenditure, of which to subsector social security funds (S1314)",holdout,4,1,4,0.0
GF0103,General services,D9_S1314,"Capital transfers, expenditure, of which to subsector social security funds (S1314)",train,20,1,20,0.0
GF0103,General services,NP,Acquisitions less disposals of non-financial non-produced assets,holdout,114,29,5,9373.7
GF0103,General services,NP,Acquisitions less disposals of non-financial non-produced assets,train,650,28,26,56161.1
GF0103,General services,OP5ANP,Gross capital formation and acquisitions less disposals of non-financial non-produced assets,holdout,121,30,5,123381.1
GF0103,General services,OP5ANP,Gross capital formation and acquisitions less disposals of non-financial non-produced assets,train,697,30,26,412050.5
GF0103,General services,P2,Intermediate consumption,holdout,121,30,5,279080.3
GF0103,General services,P2,Intermediate consumption,train,698,30,26,889687.3
GF0103,General services,P2_D29_D5_D8,"Intermediate consumption; other taxes on production; current taxes on income, wealth, etc.; adjustment for the change in pension entitlements",holdout,117,29,5,286629.0
GF0103,General services,P2_D29_D5_D8,"Intermediate consumption; other taxes on production; current taxes on income, wealth, etc.; adjustment for the change in pension entitlements",train,672,29,26,916968.0
GF0103,General services,P3,Final consumption expenditure,holdout,121,30,5,553479.0
GF0103,General services,P3,Final consumption expenditure,train,698,30,26,2169260.6
GF0103,General services,P31,Individual consumption expenditure,holdout,77,19,5,0.0
GF0103,General services,P31,Individual consumption expenditure,train,474,20,26,0.0
GF0103,General services,P32,Collective consumption expenditure,holdout,109,27,5,407564.5
GF0103,General services,P32,Collective consumption expenditure,train,640,27,26,1723895.5
GF0103,General services,P5,Gross capital formation,holdout,121,30,5,124280.9
GF0103,General services,P5,Gross capital formation,train,697,30,26,424187.6
GF0103,General services,P51G,Gross fixed capital formation,holdout,121,30,5,123940.1
GF0103,General services,P51G,Gross fixed capital formation,train,697,30,26,427612.3
GF0103,General services,TE,Total general government expenditure,holdout,121,30,5,797388.4
GF0103,General services,TE,Total general government expenditure,train,698,30,26,2902186.9
GF0104,Basic research,D1,Compensation of employees,holdout,121,30,5,156424.3
GF0104,Basic research,D1,Compensation of employees,train,698,30,26,539145.3
GF0104,Basic research,D29_D5_D8,"""Other taxes on production; current taxes on income, wealth, etc; adjustment for the change in pension entitlements""",holdout,113,28,5,3845.8
GF0104,Basic research,D29_D5_D8,"""Other taxes on production; current taxes on income, wealth, etc; adjustment for the change in pension entitlements""",train,637,28,26,17186.2
GF0104,Basic research,D3,Subsidies,holdout,117,29,5,13242.6
GF0104,Basic research,D3,Subsidies,train,640,29,26,43846.9
GF0104,Basic research,D4,Property income,holdout,109,27,5,17.1
GF0104,Basic research,D4,Property income,train,631,27,26,16.2
GF0104,Basic research,D4_S1311,"Property income, of which payable to subsector S1311",holdout,4,1,4,0.0
GF0104,Basic research,D4_S1311,"Property income, of which payable to subsector S1311",train,20,1,20,0.0
GF0104,Basic research,D4_S1312,"Property income, of which payable to subsector S1312",holdout,4,1,4,0.0
GF0104,Basic research,D4_S1312,"Property income, of which payable to subsector S1312",train,20,1,20,0.0
GF0104,Basic research,D4_S1313,"Property income, of which payable to subsector S1313",holdout,4,1,4,0.0
GF0104,Basic research,D4_S1313,"Property income, of which payable to subsector S1313",train,20,1,20,0.0
GF0104,Basic research,D4_S1314,"Property income, of which payable to subsector S1314",holdout,4,1,4,0.0
GF0104,Basic research,D4_S1314,"Property income, of which payable to subsector S1314",train,20,1,20,0.0
GF0104,Basic research,D62,Social benefits other than social transfers in kind,holdout,105,26,5,0.0
GF0104,Basic research,D62,Social benefits other than social transfers in kind,train,588,26,26,35.1
GF0104,Basic research,D62_D632,Social benefits other than social transfers in kind and social transfers in kind - purchased market production,holdout,105,26,5,0.0
GF0104,Basic research,D62_D632,Social benefits other than social transfers in kind and social transfers in kind - purchased market production,train,611,26,26,35.1
GF0104,Basic research,D632,Social transfers in kind - purchased market production,holdout,105,26,5,0.0
GF0104,Basic research,D632,Social transfers in kind - purchased market production,train,588,26,26,0.0
GF0104,Basic research,D7,Other current transfers,holdout,117,29,5,32782.3
GF0104,Basic research,D7,Other current transfers,train,669,30,26,119391.7
GF0104,Basic research,D7_S1311,"Other current transfers,of which payable to subsector S1311",holdout,4,1,4,0.0
GF0104,Basic research,D7_S1311,"Other current transfers,of which payable to subsector S1311",train,20,1,20,0.0
GF0104,Basic research,D7_S1312,"Other current transfers,of which payable to subsector S1312",holdout,4,1,4,0.0
GF0104,Basic research,D7_S1312,"Other current transfers,of which payable to subsector S1312",train,20,1,20,0.0
GF0104,Basic research,D7_S1313,"Other current transfers,of which payable to subsector S1313",holdout,4,1,4,0.0
GF0104,Basic research,D7_S1313,"Other current transfers,of which payable to subsector S1313",train,20,1,20,0.0
GF0104,Basic research,D7_S1314,"Other current transfers,of which payable to subsector S1314",holdout,4,1,4,0.0
GF0104,Basic research,D7_S1314,"Other current transfers,of which payable to subsector S1314",train,20,1,20,0.0
GF0104,Basic research,D9,Capital transfers,holdout,114,29,5,8311.2
GF0104,Basic research,D9,Capital transfers,train,655,29,26,22685.0
GF0104,Basic research,D92,Investment grants,holdout,114,29,5,8269.7
GF0104,Basic research,D92,Investment grants,train,653,29,26,20478.4
GF0104,Basic research,D9_S1311,"Capital transfers, expenditure, of which to subsector central government (S1311)",holdout,4,1,4,0.0
GF0104,Basic research,D9_S1311,"Capital transfers, expenditure, of which to subsector central government (S1311)",train,20,1,20,0.0
GF0104,Basic research,D9_S1312,"Capital transfers, expenditure, of which to subsector state government (S1312)",holdout,4,1,4,0.0
GF0104,Basic research,D9_S1312,"Capital transfers, expenditure, of which to subsector state government (S1312)",train,20,1,20,0.0
GF0104,Basic research,D9_S1313,"Capital transfers, expenditure, of which to subsector local government (S1313)",holdout,4,1,4,0.0
GF0104,Basic research,D9_S1313,"Capital transfers, expenditure, of which to subsector local government (S1313)",train,20,1,20,0.0
GF0104,Basic research,D9_S1314,"Capital transfers, expenditure, of which to subsector social security funds (S1314)",holdout,4,1,4,0.0
GF0104,Basic research,D9_S1314,"Capital transfers, expenditure, of which to subsector social security funds (S1314)",train,20,1,20,0.0
GF0104,Basic research,NP,Acquisitions less disposals of non-financial non-produced assets,holdout,117,29,5,108.2
GF0104,Basic research,NP,Acquisitions less disposals of non-financial non-produced assets,train,642,29,26,524.9
GF0104,Basic research,OP5ANP,Gross capital formation and acquisitions less disposals of non-financial non-produced assets,holdout,121,30,5,247554.4
GF0104,Basic research,OP5ANP,Gross capital formation and acquisitions less disposals of non-financial non-produced assets,train,697,30,26,845147.4
GF0104,Basic research,P2,Intermediate consumption,holdout,121,30,5,61492.7
GF0104,Basic research,P2,Intermediate consumption,train,698,30,26,231427.1
GF0104,Basic research,P2_D29_D5_D8,"Intermediate consumption; other taxes on production; current taxes on income, wealth, etc.; adjustment for the change in pension entitlements",holdout,117,29,5,62232.5
GF0104,Basic research,P2_D29_D5_D8,"Intermediate consumption; other taxes on production; current taxes on income, wealth, etc.; adjustment for the change in pension entitlements",train,672,29,26,235041.6
GF0104,Basic research,P3,Final consumption expenditure,holdout,121,30,5,185086.2
GF0104,Basic research,P3,Final consumption expenditure,train,697,30,26,615822.5
GF0104,Basic research,P31,Individual consumption expenditure,holdout,77,19,5,0.0
GF0104,Basic research,P31,Individual consumption expenditure,train,474,20,26,0.0
GF0104,Basic research,P32,Collective consumption expenditure,holdout,109,27,5,127946.3
GF0104,Basic research,P32,Collective consumption expenditure,train,639,27,26,440883.6
GF0104,Basic research,P5,Gross capital formation,holdout,121,30,5,247482.1
GF0104,Basic research,P5,Gross capital formation,train,697,30,26,844869.9
GF0104,Basic research,P51G,Gross fixed capital formation,holdout,121,30,5,247495.7
GF0104,Basic research,P51G,Gross fixed capital formation,train,697,30,26,848020.1
GF0104,Basic research,TE,Total general government expenditure,holdout,121,30,5,523669.3
GF0104,Basic research,TE,Total general government expenditure,train,698,30,26,1818840.9
GF0105,R&D General public services,D1,Compensation of employees,holdout,113,28,5,3674.3
GF0105,R&D General public services,D1,Compensation of employees,train,657,29,26,13482.2
GF0105,R&D General public services,D29_D5_D8,"""Other taxes on production; current taxes on income, wealth, etc; adjustment for the change in pension entitlements""",holdout,109,27,5,53.6
GF0105,R&D General public services,D29_D5_D8,"""Other taxes on production; current taxes on income, wealth, etc; adjustment for the change in pension entitlements""",train,631,27,26,113.5
GF0105,R&D General public services,D3,Subsidies,holdout,109,27,5,701.6
GF0105,R&D General public services,D3,Subsidies,train,634,28,26,2039.7
GF0105,R&D General public services,D4,Property income,holdout,109,27,5,0.0
GF0105,R&D General public services,D4,Property income,train,631,27,26,15.0
GF0105,R&D General public services,D4_S1311,"Property income, of which payable to subsector S1311",holdout,4,1,4,0.0
GF0105,R&D General public services,D4_S1311,"Property income, of which payable to subsector S1311",train,20,1,20,0.0
GF0105,R&D General public services,D4_S1312,"Property income, of which payable to subsector S1312",holdout,4,1,4,0.0
GF0105,R&D General public services,D4_S1312,"Property income, of which payable to subsector S1312",train,20,1,20,0.0
GF0105,R&D General public services,D4_S1313,"Property income, of which payable to subsector S1313",holdout,4,1,4,0.0
GF0105,R&D General public services,D4_S1313,"Property income, of which payable to subsector S1313",train,20,1,20,0.0
GF0105,R&D General public services,D4_S1314,"Property income, of which payable to subsector S1314",holdout,4,1,4,0.0
GF0105,R&D General public services,D4_S1314,"Property income, of which payable to subsector S1314",train,20,1,20,0.0
GF0105,R&D General public services,D62,Social benefits other than social transfers in kind,holdout,105,26,5,0.0
GF0105,R&D General public services,D62,Social benefits other than social transfers in kind,train,588,26,26,113.9
GF0105,R&D General public services,D62_D632,Social benefits other than social transfers in kind and social transfers in kind - purchased market production,holdout,105,26,5,0.0
GF0105,R&D General public services,D62_D632,Social benefits other than social transfers in kind and social transfers in kind - purchased market production,train,611,26,26,113.9
GF0105,R&D General public services,D632,Social transfers in kind - purchased market production,holdout,105,26,5,0.0
GF0105,R&D General public services,D632,Social transfers in kind - purchased market production,train,588,26,26,0.0
GF0105,R&D General public services,D7,Other current transfers,holdout,111,28,5,600.2
GF0105,R&D General public services,D7,Other current transfers,train,642,28,26,4087.5
GF0105,R&D General public services,D7_S1311,"Other current transfers,of which payable to subsector S1311",holdout,4,1,4,0.0
GF0105,R&D General public services,D7_S1311,"Other current transfers,of which payable to subsector S1311",train,20,1,20,0.0
GF0105,R&D General public services,D7_S1312,"Other current transfers,of which payable to subsector S1312",holdout,4,1,4,0.0
GF0105,R&D General public services,D7_S1312,"Other current transfers,of which payable to subsector S1312",train,20,1,20,0.0
GF0105,R&D General public services,D7_S1313,"Other current transfers,of which payable to subsector S1313",holdout,4,1,4,0.0
GF0105,R&D General public services,D7_S1313,"Other current transfers,of which payable to subsector S1313",train,20,1,20,0.0
GF0105,R&D General public services,D7_S1314,"Other current transfers,of which payable to subsector S1314",holdout,4,1,4,0.0
GF0105,R&D General public services,D7_S1314,"Other current transfers,of which payable to subsector S1314",train,20,1,20,0.0
GF0105,R&D General public services,D9,Capital transfers,holdout,109,27,5,716.2
GF0105,R&D General public services,D9,Capital transfers,train,644,28,26,2783.0
GF0105,R&D General public services,D92,Investment grants,holdout,109,27,5,707.5
GF0105,R&D General public services,D92,Investment grants,train,646,28,26,1882.5
GF0105,R&D General public services,D9_S1311,"Capital transfers, expenditure, of which to subsector central government (S1311)",holdout,4,1,4,0.0
GF0105,R&D General public services,D9_S1311,"Capital transfers, expenditure, of which to subsector central government (S1311)",train,20,1,20,0.0
GF0105,R&D General public services,D9_S1312,"Capital transfers, expenditure, of which to subsector state government (S1312)",holdout,4,1,4,0.0
GF0105,R&D General public services,D9_S1312,"Capital transfers, expenditure, of which to subsector state government (S1312)",train,20,1,20,0.0
GF0105,R&D General public services,D9_S1313,"Capital transfers, expenditure, of which to subsector local government (S1313)",holdout,4,1,4,0.0
GF0105,R&D General public services,D9_S1313,"Capital transfers, expenditure, of which to subsector local government (S1313)",train,20,1,20,0.0
GF0105,R&D General public services,D9_S1314,"Capital transfers, expenditure, of which to subsector social security funds (S1314)",holdout,4,1,4,0.0
GF0105,R&D General public services,D9_S1314,"Capital transfers, expenditure, of which to subsector social security funds (S1314)",train,20,1,20,0.0
GF0105,R&D General public services,NP,Acquisitions less disposals of non-financial non-produced assets,holdout,109,27,5,14.4
GF0105,R&D General public services,NP,Acquisitions less disposals of non-financial non-produced assets,train,631,27,26,23.5
GF0105,R&D General public services,OP5ANP,Gross capital formation and acquisitions less disposals of non-financial non-produced assets,holdout,113,28,5,6334.3
GF0105,R&D General public services,OP5ANP,Gross capital formation and acquisitions less disposals of non-financial non-produced assets,train,656,29,26,23184.1
GF0105,R&D General public services,P2,Intermediate consumption,holdout,113,28,5,3065.0
GF0105,R&D General public services,P2,Intermediate consumption,train,658,29,26,11629.7
GF0105,R&D General public services,P2_D29_D5_D8,"Intermediate consumption; other taxes on production; current taxes on income, wealth, etc.; adjustment for the change in pension entitlements",holdout,109,27,5,3078.1
GF0105,R&D General public services,P2_D29_D5_D8,"Intermediate consumption; other taxes on production; current taxes on income, wealth, etc.; adjustment for the change in pension entitlements",train,632,28,26,11405.7
GF0105,R&D General public services,P3,Final consumption expenditure,holdout,113,28,5,5626.0
GF0105,R&D General public services,P3,Final consumption expenditure,train,660,30,26,22331.2
GF0105,R&D General public services,P31,Individual consumption expenditure,holdout,77,19,5,0.0
GF0105,R&D General public services,P31,Individual consumption expenditure,train,474,20,26,0.0
GF0105,R&D General public services,P32,Collective consumption expenditure,holdout,101,25,5,4671.0
GF0105,R&D General public services,P32,Collective consumption expenditure,train,602,27,26,19156.0
GF0105,R&D General public services,P5,Gross capital formation,holdout,113,28,5,6319.9
GF0105,R&D General public services,P5,Gross capital formation,train,656,29,26,23164.0
GF0105,R&D General public services,P51G,Gross fixed capital formation,holdout,113,28,5,6320.1
GF0105,R&D General public services,P51G,Gross fixed capital formation,train,657,29,26,23152.1
GF0105,R&D General public services,TE,Total general government expenditure,holdout,115,29,5,15144.7
GF0105,R&D General public services,TE,Total general government expenditure,train,659,29,26,57449.2
GF0106,General public services n.e.c.,D1,Compensation of employees,holdout,121,30,5,31996.2
GF0106,General public services n.e.c.,D1,Compensation of employees,train,698,30,26,138949.2
GF0106,General public services n.e.c.,D29_D5_D8,"""Other taxes on production; current taxes on income, wealth, etc; adjustment for the change in pension entitlements""",holdout,113,28,5,961.9
GF0106,General public services n.e.c.,D29_D5_D8,"""Other taxes on production; current taxes on income, wealth, etc; adjustment for the change in pension entitlements""",train,641,28,26,6461.6
GF0106,General public services n.e.c.,D3,Subsidies,holdout,113,28,5,9.1
GF0106,General public services n.e.c.,D3,Subsidies,train,657,28,26,81.2
GF0106,General public services n.e.c.,D4,Property income,holdout,109,27,5,14.5
GF0106,General public services n.e.c.,D4,Property income,train,644,28,26,118.3
GF0106,General public services n.e.c.,D4_S1311,"Property income, of which payable to subsector S1311",holdout,4,1,4,0.0
GF0106,General public services n.e.c.,D4_S1311,"Property income, of which payable to subsector S1311",train,20,1,20,0.0
GF0106,General public services n.e.c.,D4_S1312,"Property income, of which payable to subsector S1312",holdout,4,1,4,0.0
GF0106,General public services n.e.c.,D4_S1312,"Property income, of which payable to subsector S1312",train,20,1,20,0.0
GF0106,General public services n.e.c.,D4_S1313,"Property income, of which payable to subsector S1313",holdout,4,1,4,0.0
GF0106,General public services n.e.c.,D4_S1313,"Property income, of which payable to subsector S1313",train,20,1,20,0.0
GF0106,General public services n.e.c.,D4_S1314,"Property income, of which payable to subsector S1314",holdout,4,1,4,0.0
GF0106,General public services n.e.c.,D4_S1314,"Property income, of which payable to subsector S1314",train,20,1,20,0.0
GF0106,General public services n.e.c.,D62,Social benefits other than social transfers in kind,holdout,105,26,5,0.0
GF0106,General public services n.e.c.,D62,Social benefits other than social transfers in kind,train,588,26,26,141.3
GF0106,General public services n.e.c.,D62_D632,Social benefits other than social transfers in kind and social transfers in kind - purchased market production,holdout,105,26,5,0.0
GF0106,General public services n.e.c.,D62_D632,Social benefits other than social transfers in kind and social transfers in kind - purchased market production,train,611,26,26,141.3
GF0106,General public services n.e.c.,D632,Social transfers in kind - purchased market production,holdout,105,26,5,0.0
GF0106,General public services n.e.c.,D632,Social transfers in kind - purchased market production,train,588,26,26,0.0
GF0106,General public services n.e.c.,D7,Other current transfers,holdout,121,30,5,6798.5
GF0106,General public services n.e.c.,D7,Other current transfers,train,669,30,26,18220.4
GF0106,General public services n.e.c.,D7_S1311,"Other current transfers,of which payable to subsector S1311",holdout,4,1,4,0.0
GF0106,General public services n.e.c.,D7_S1311,"Other current transfers,of which payable to subsector S1311",train,20,1,20,0.0
GF0106,General public services n.e.c.,D7_S1312,"Other current transfers,of which payable to subsector S1312",holdout,4,1,4,0.0
GF0106,General public services n.e.c.,D7_S1312,"Other current transfers,of which payable to subsector S1312",train,20,1,20,0.0
GF0106,General public services n.e.c.,D7_S1313,"Other current transfers,of which payable to subsector S1313",holdout,4,1,4,0.0
GF0106,General public services n.e.c.,D7_S1313,"Other current transfers,of which payable to subsector S1313",train,20,1,20,0.0
GF0106,General public services n.e.c.,D7_S1314,"Other current transfers,of which payable to subsector S1314",holdout,4,1,4,0.0
GF0106,General public services n.e.c.,D7_S1314,"Other current transfers,of which payable to subsector S1314",train,20,1,20,0.0
GF0106,General public services n.e.c.,D9,Capital transfers,holdout,116,29,5,6266.2
GF0106,General public services n.e.c.,D9,Capital transfers,train,655,30,26,12188.4
GF0106,General public services n.e.c.,D92,Investment grants,holdout,116,29,5,1396.1
GF0106,General public services n.e.c.,D92,Investment grants,train,649,29,26,4544.9
GF0106,General public services n.e.c.,D9_S1311,"Capital transfers, expenditure, of which to subsector central government (S1311)",holdout,4,1,4,0.0
GF0106,General public services n.e.c.,D9_S1311,"Capital transfers, expenditure, of which to subsector central government (S1311)",train,20,1,20,0.0
GF0106,General public services n.e.c.,D9_S1312,"Capital transfers, expenditure, of which to subsector state government (S1312)",holdout,4,1,4,0.0
GF0106,General public services n.e.c.,D9_S1312,"Capital transfers, expenditure, of which to subsector state government (S1312)",train,20,1,20,0.0
GF0106,General public services n.e.c.,D9_S1313,"Capital transfers, expenditure, of which to subsector local government (S1313)",holdout,4,1,4,0.0
GF0106,General public services n.e.c.,D9_S1313,"Capital transfers, expenditure, of which to subsector local government (S1313)",train,20,1,20,0.0
GF0106,General public services n.e.c.,D9_S1314,"Capital transfers, expenditure, of which to subsector social security funds (S1314)",holdout,4,1,4,0.0
GF0106,General public services n.e.c.,D9_S1314,"Capital transfers, expenditure, of which to subsector social security funds (S1314)",train,20,1,20,0.0
GF0106,General public services n.e.c.,NP,Acquisitions less disposals of non-financial non-produced assets,holdout,118,30,5,339.2
GF0106,General public services n.e.c.,NP,Acquisitions less disposals of non-financial non-produced assets,train,666,29,26,1734.3
GF0106,General public services n.e.c.,OP5ANP,Gross capital formation and acquisitions less disposals of non-financial non-produced assets,holdout,121,30,5,4796.8
GF0106,General public services n.e.c.,OP5ANP,Gross capital formation and acquisitions less disposals of non-financial non-produced assets,train,689,30,26,17400.9
GF0106,General public services n.e.c.,P2,Intermediate consumption,holdout,121,30,5,24625.3
GF0106,General public services n.e.c.,P2,Intermediate consumption,train,697,30,26,92369.7
GF0106,General public services n.e.c.,P2_D29_D5_D8,"Intermediate consumption; other taxes on production; current taxes on income, wealth, etc.; adjustment for the change in pension entitlements",holdout,117,29,5,21992.7
GF0106,General public services n.e.c.,P2_D29_D5_D8,"Intermediate consumption; other taxes on production; current taxes on income, wealth, etc.; adjustment for the change in pension entitlements",train,671,29,26,82872.0
GF0106,General public services n.e.c.,P3,Final consumption expenditure,holdout,121,30,5,55143.9
GF0106,General public services n.e.c.,P3,Final consumption expenditure,train,698,30,26,226541.6
GF0106,General public services n.e.c.,P31,Individual consumption expenditure,holdout,77,19,5,0.0
GF0106,General public services n.e.c.,P31,Individual consumption expenditure,train,474,20,26,0.0
GF0106,General public services n.e.c.,P32,Collective consumption expenditure,holdout,109,27,5,27896.5
GF0106,General public services n.e.c.,P32,Collective consumption expenditure,train,640,27,26,135284.8
GF0106,General public services n.e.c.,P5,Gross capital formation,holdout,121,30,5,4476.6
GF0106,General public services n.e.c.,P5,Gross capital formation,train,687,30,26,16005.3
GF0106,General public services n.e.c.,P51G,Gross fixed capital formation,holdout,121,30,5,4487.2
GF0106,General public services n.e.c.,P51G,Gross fixed capital formation,train,688,30,26,13618.7
GF0106,General public services n.e.c.,TE,Total general government expenditure,holdout,121,30,5,75163.3
GF0106,General public services n.e.c.,TE,Total general government expenditure,train,698,30,26,284698.0
GF0107,Public debt transactions,D1,Compensation of employees,holdout,109,27,5,0.4
GF0107,Public debt transactions,D1,Compensation of employees,train,627,29,26,37.0
GF0107,Public debt transactions,D29_D5_D8,"""Other taxes on production; current taxes on income, wealth, etc; adjustment for the change in pension entitlements""",holdout,109,27,5,0.1
GF0107,Public debt transactions,D29_D5_D8,"""Other taxes on production; current taxes on income, wealth, etc; adjustment for the change in pension entitlements""",train,632,28,26,1.0
GF0107,Public debt transactions,D3,Subsidies,holdout,110,28,5,0.1
GF0107,Public debt transactions,D3,Subsidies,train,631,27,26,0.0
GF0107,Public debt transactions,D4,Property income,holdout,121,30,5,1118948.8
GF0107,Public debt transactions,D4,Property income,train,704,30,26,6493411.8
GF0107,Public debt transactions,D4_S1311,"Property income, of which payable to subsector S1311",holdout,4,1,4,0.0
GF0107,Public debt transactions,D4_S1311,"Property income, of which payable to subsector S1311",train,20,1,20,0.0
GF0107,Public debt transactions,D4_S1312,"Property income, of which payable to subsector S1312",holdout,4,1,4,0.0
GF0107,Public debt transactions,D4_S1312,"Property income, of which payable to subsector S1312",train,20,1,20,0.0
GF0107,Public debt transactions,D4_S1313,"Property income, of which payable to subsector S1313",holdout,4,1,4,0.0
GF0107,Public debt transactions,D4_S1313,"Property income, of which payable to subsector S1313",train,20,1,20,0.0
GF0107,Public debt transactions,D4_S1314,"Property income, of which payable to subsector S1314",holdout,4,1,4,0.0
GF0107,Public debt transactions,D4_S1314,"Property income, of which payable to subsector S1314",train,20,1,20,0.0
GF0107,Public debt transactions,D62,Social benefits other than social transfers in kind,holdout,105,26,5,0.0
GF0107,Public debt transactions,D62,Social benefits other than social transfers in kind,train,588,26,26,0.0
GF0107,Public debt transactions,D62_D632,Social benefits other than social transfers in kind and social transfers in kind - purchased market production,holdout,105,26,5,0.0
GF0107,Public debt transactions,D62_D632,Social benefits other than social transfers in kind and social transfers in kind - purchased market production,train,611,26,26,0.0
GF0107,Public debt transactions,D632,Social transfers in kind - purchased market production,holdout,105,26,5,0.0
GF0107,Public debt transactions,D632,Social transfers in kind - purchased market production,train,588,26,26,0.0
GF0107,Public debt transactions,D7,Other current transfers,holdout,109,27,5,151.4
GF0107,Public debt transactions,D7,Other current transfers,train,625,27,26,3409.5
GF0107,Public debt transactions,D7_S1311,"Other current transfers,of which payable to subsector S1311",holdout,4,1,4,0.0
GF0107,Public debt transactions,D7_S1311,"Other current transfers,of which payable to subsector S1311",train,20,1,20,0.0
GF0107,Public debt transactions,D7_S1312,"Other current transfers,of which payable to subsector S1312",holdout,4,1,4,0.0
GF0107,Public debt transactions,D7_S1312,"Other current transfers,of which payable to subsector S1312",train,20,1,20,0.0
GF0107,Public debt transactions,D7_S1313,"Other current transfers,of which payable to subsector S1313",holdout,4,1,4,0.0
GF0107,Public debt transactions,D7_S1313,"Other current transfers,of which payable to subsector S1313",train,20,1,20,0.0
GF0107,Public debt transactions,D7_S1314,"Other current transfers,of which payable to subsector S1314",holdout,4,1,4,0.0
GF0107,Public debt transactions,D7_S1314,"Other current transfers,of which payable to subsector S1314",train,20,1,20,0.0
GF0107,Public debt transactions,D9,Capital transfers,holdout,109,27,5,277.0
GF0107,Public debt transactions,D9,Capital transfers,train,627,27,26,857.0
GF0107,Public debt transactions,D92,Investment grants,holdout,109,27,5,0.0
GF0107,Public debt transactions,D92,Investment grants,train,629,27,26,172.3
GF0107,Public debt transactions,D9_S1311,"Capital transfers, expenditure, of which to subsector central government (S1311)",holdout,4,1,4,0.0
GF0107,Public debt transactions,D9_S1311,"Capital transfers, expenditure, of which to subsector central government (S1311)",train,20,1,20,0.0
GF0107,Public debt transactions,D9_S1312,"Capital transfers, expenditure, of which to subsector state government (S1312)",holdout,4,1,4,0.0
GF0107,Public debt transactions,D9_S1312,"Capital transfers, expenditure, of which to subsector state government (S1312)",train,20,1,20,0.0
GF0107,Public debt transactions,D9_S1313,"Capital transfers, expenditure, of which to subsector local government (S1313)",holdout,4,1,4,0.0
GF0107,Public debt transactions,D9_S1313,"Capital transfers, expenditure, of which to subsector local government (S1313)",train,20,1,20,0.0
GF0107,Public debt transactions,D9_S1314,"Capital transfers, expenditure, of which to subsector social security funds (S1314)",holdout,4,1,4,0.0
GF0107,Public debt transactions,D9_S1314,"Capital transfers, expenditure, of which to subsector social security funds (S1314)",train,20,1,20,0.0
GF0107,Public debt transactions,NP,Acquisitions less disposals of non-financial non-produced assets,holdout,109,27,5,0.1
GF0107,Public debt transactions,NP,Acquisitions less disposals of non-financial non-produced assets,train,631,27,26,163.9
GF0107,Public debt transactions,OP5ANP,Gross capital formation and acquisitions less disposals of non-financial non-produced assets,holdout,109,27,5,1.8
GF0107,Public debt transactions,OP5ANP,Gross capital formation and acquisitions less disposals of non-financial non-produced assets,train,629,28,26,167.0
GF0107,Public debt transactions,P2,Intermediate consumption,holdout,121,30,5,57198.7
GF0107,Public debt transactions,P2,Intermediate consumption,train,704,30,26,320391.0
GF0107,Public debt transactions,P2_D29_D5_D8,"Intermediate consumption; other taxes on production; current taxes on income, wealth, etc.; adjustment for the change in pension entitlements",holdout,117,29,5,57078.9
GF0107,Public debt transactions,P2_D29_D5_D8,"Intermediate consumption; other taxes on production; current taxes on income, wealth, etc.; adjustment for the change in pension entitlements",train,678,29,26,319088.8
GF0107,Public debt transactions,P3,Final consumption expenditure,holdout,121,30,5,57181.8
GF0107,Public debt transactions,P3,Final consumption expenditure,train,698,30,26,318825.8
GF0107,Public debt transactions,P31,Individual consumption expenditure,holdout,77,19,5,0.0
GF0107,Public debt transactions,P31,Individual consumption expenditure,train,474,20,26,0.0
GF0107,Public debt transactions,P32,Collective consumption expenditure,holdout,109,27,5,46697.1
GF0107,Public debt transactions,P32,Collective consumption expenditure,train,640,27,26,255221.8
GF0107,Public debt transactions,P5,Gross capital formation,holdout,109,27,5,1.7
GF0107,Public debt transactions,P5,Gross capital formation,train,625,27,26,6.6
GF0107,Public debt transactions,P51G,Gross fixed capital formation,holdout,109,27,5,1.7
GF0107,Public debt transactions,P51G,Gross fixed capital formation,train,626,28,26,6.8
GF0107,Public debt transactions,TE,Total general government expenditure,holdout,121,30,5,1171453.1
GF0107,Public debt transactions,TE,Total general government expenditure,train,698,30,26,6808779.7
GF0108,Transfers of a general character between different levels of government,D1,Compensation of employees,holdout,109,27,5,3.5
GF0108,Transfers of a general character between different levels of government,D1,Compensation of employees,train,625,27,26,9.0
GF0108,Transfers of a general character between different levels of government,D29_D5_D8,"""Other taxes on production; current taxes on income, wealth, etc; adjustment for the change in pension entitlements""",holdout,109,27,5,1.2
GF0108,Transfers of a general character between different levels of government,D29_D5_D8,"""Other taxes on production; current taxes on income, wealth, etc; adjustment for the change in pension entitlements""",train,631,27,26,0.5
GF0108,Transfers of a general character between different levels of government,D3,Subsidies,holdout,109,27,5,0.0
GF0108,Transfers of a general character between different levels of government,D3,Subsidies,train,631,27,26,0.0
GF0108,Transfers of a general character between different levels of government,D4,Property income,holdout,109,27,5,0.0
GF0108,Transfers of a general character between different levels of government,D4,Property income,train,631,27,26,0.0
GF0108,Transfers of a general character between different levels of government,D4_S1311,"Property income, of which payable to subsector S1311",holdout,4,1,4,0.0
GF0108,Transfers of a general character between different levels of government,D4_S1311,"Property income, of which payable to subsector S1311",train,20,1,20,0.0
GF0108,Transfers of a general character between different levels of government,D4_S1312,"Property income, of which payable to subsector S1312",holdout,4,1,4,0.0
GF0108,Transfers of a general character between different levels of government,D4_S1312,"Property income, of which payable to subsector S1312",train,20,1,20,0.0
GF0108,Transfers of a general character between different levels of government,D4_S1313,"Property income, of which payable to subsector S1313",holdout,4,1,4,0.0
GF0108,Transfers of a general character between different levels of government,D4_S1313,"Property income, of which payable to subsector S1313",train,20,1,20,0.0
GF0108,Transfers of a general character between different levels of government,D4_S1314,"Property income, of which payable to subsector S1314",holdout,4,1,4,0.0
GF0108,Transfers of a general character between different levels of government,D4_S1314,"Property income, of which payable to subsector S1314",train,20,1,20,0.0
GF0108,Transfers of a general character between different levels of government,D62,Social benefits other than social transfers in kind,holdout,105,26,5,0.9
GF0108,Transfers of a general character between different levels of government,D62,Social benefits other than social transfers in kind,train,588,26,26,0.0
GF0108,Transfers of a general character between different levels of government,D62_D632,Social benefits other than social transfers in kind and social transfers in kind - purchased market production,holdout,105,26,5,0.9
GF0108,Transfers of a general character between different levels of government,D62_D632,Social benefits other than social transfers in kind and social transfers in kind - purchased market production,train,611,26,26,0.0
GF0108,Transfers of a general character between different levels of government,D632,Social transfers in kind - purchased market production,holdout,105,26,5,0.0
GF0108,Transfers of a general character between different levels of government,D632,Social transfers in kind - purchased market production,train,588,26,26,0.0
GF0108,Transfers of a general character between different levels of government,D7,Other current transfers,holdout,113,28,5,27.8
GF0108,Transfers of a general character between different levels of government,D7,Other current transfers,train,656,29,26,1684.3
GF0108,Transfers of a general character between different levels of government,D7_S1311,"Other current transfers,of which payable to subsector S1311",holdout,4,1,4,0.0
GF0108,Transfers of a general character between different levels of government,D7_S1311,"Other current transfers,of which payable to subsector S1311",train,20,1,20,0.0
GF0108,Transfers of a general character between different levels of government,D7_S1312,"Other current transfers,of which payable to subsector S1312",holdout,4,1,4,0.0
GF0108,Transfers of a general character between different levels of government,D7_S1312,"Other current transfers,of which payable to subsector S1312",train,20,1,20,0.0
GF0108,Transfers of a general character between different levels of government,D7_S1313,"Other current transfers,of which payable to subsector S1313",holdout,4,1,4,0.0
GF0108,Transfers of a general character between different levels of government,D7_S1313,"Other current transfers,of which payable to subsector S1313",train,20,1,20,0.0
GF0108,Transfers of a general character between different levels of government,D7_S1314,"Other current transfers,of which payable to subsector S1314",holdout,4,1,4,0.0
GF0108,Transfers of a general character between different levels of government,D7_S1314,"Other current transfers,of which payable to subsector S1314",train,20,1,20,0.0
GF0108,Transfers of a general character between different levels of government,D9,Capital transfers,holdout,113,28,5,615.9
GF0108,Transfers of a general character between different levels of government,D9,Capital transfers,train,660,29,26,6838.4
GF0108,Transfers of a general character between different levels of government,D92,Investment grants,holdout,113,28,5,479.7
GF0108,Transfers of a general character between different levels of government,D92,Investment grants,train,650,28,26,6374.9
GF0108,Transfers of a general character between different levels of government,D9_S1311,"Capital transfers, expenditure, of which to subsector central government (S1311)",holdout,4,1,4,0.0
GF0108,Transfers of a general character between different levels of government,D9_S1311,"Capital transfers, expenditure, of which to subsector central government (S1311)",train,20,1,20,0.0
GF0108,Transfers of a general character between different levels of government,D9_S1312,"Capital transfers, expenditure, of which to subsector state government (S1312)",holdout,4,1,4,0.0
GF0108,Transfers of a general character between different levels of government,D9_S1312,"Capital transfers, expenditure, of which to subsector state government (S1312)",train,20,1,20,0.0
GF0108,Transfers of a general character between different levels of government,D9_S1313,"Capital transfers, expenditure, of which to subsector local government (S1313)",holdout,4,1,4,0.0
GF0108,Transfers of a general character between different levels of government,D9_S1313,"Capital transfers, expenditure, of which to subsector local government (S1313)",train,20,1,20,0.0
GF0108,Transfers of a general character between different levels of government,D9_S1314,"Capital transfers, expenditure, of which to subsector social security funds (S1314)",holdout,4,1,4,0.0
GF0108,Transfers of a general character between different levels of government,D9_S1314,"Capital transfers, expenditure, of which to subsector social security funds (S1314)",train,20,1,20,0.0
GF0108,Transfers of a general character between different levels of government,NP,Acquisitions less disposals of non-financial non-produced assets,holdout,109,27,5,0.0
GF0108,Transfers of a general character between different levels of government,NP,Acquisitions less disposals of non-financial non-produced assets,train,631,27,26,0.0
GF0108,Transfers of a general character between different levels of government,OP5ANP,Gross capital formation and acquisitions less disposals of non-financial non-produced assets,holdout,109,27,5,0.2
GF0108,Transfers of a general character between different levels of government,OP5ANP,Gross capital formation and acquisitions less disposals of non-financial non-produced assets,train,631,28,26,5.1
GF0108,Transfers of a general character between different levels of government,P2,Intermediate consumption,holdout,111,28,5,2.8
GF0108,Transfers of a general character between different levels of government,P2,Intermediate consumption,train,625,27,26,10.9
GF0108,Transfers of a general character between different levels of government,P2_D29_D5_D8,"Intermediate consumption; other taxes on production; current taxes on income, wealth, etc.; adjustment for the change in pension entitlements",holdout,107,27,5,3.9
GF0108,Transfers of a general character between different levels of government,P2_D29_D5_D8,"Intermediate consumption; other taxes on production; current taxes on income, wealth, etc.; adjustment for the change in pension entitlements",train,601,27,26,11.4
GF0108,Transfers of a general character between different levels of government,P3,Final consumption expenditure,holdout,109,27,5,6.6
GF0108,Transfers of a general character between different levels of government,P3,Final consumption expenditure,train,629,28,26,21.8
GF0108,Transfers of a general character between different levels of government,P31,Individual consumption expenditure,holdout,77,19,5,0.0
GF0108,Transfers of a general character between different levels of government,P31,Individual consumption expenditure,train,474,20,26,0.0
GF0108,Transfers of a general character between different levels of government,P32,Collective consumption expenditure,holdout,97,24,5,0.3
GF0108,Transfers of a general character between different levels of government,P32,Collective consumption expenditure,train,571,25,26,1.7
GF0108,Transfers of a general character between different levels of government,P5,Gross capital formation,holdout,109,27,5,0.2
GF0108,Transfers of a general character between different levels of government,P5,Gross capital formation,train,625,27,26,5.1
GF0108,Transfers of a general character between different levels of government,P51G,Gross fixed capital formation,holdout,109,27,5,0.2
GF0108,Transfers of a general character between different levels of government,P51G,Gross fixed capital formation,train,625,27,26,5.0
GF0108,Transfers of a general character between different levels of government,TE,Total general government expenditure,holdout,113,28,5,652.5
GF0108,Transfers of a general character between different levels of government,TE,Total general government expenditure,train,649,29,26,8306.6
GF02,Defence,D1,Compensation of employees,holdout,121,30,5,394688.0
GF02,Defence,D1,Compensation of employees,train,767,30,31,1890688.8
GF02,Defence,D29_D5_D8,"""Other taxes on production; current taxes on income, wealth, etc; adjustment for the change in pension entitlements""",holdout,109,27,5,7056.2
GF02,Defence,D29_D5_D8,"""Other taxes on production; current taxes on income, wealth, etc; adjustment for the change in pension entitlements""",train,693,28,31,32537.1
GF02,Defence,D3,Subsidies,holdout,117,29,5,615.0
GF02,Defence,D3,Subsidies,train,717,29,31,2681.3
GF02,Defence,D4,Property income,holdout,105,26,5,40.9
GF02,Defence,D4,Property income,train,653,26,26,378.3
GF02,Defence,D4_S1311,"Property income, of which payable to subsector S1311",holdout,4,1,4,0.0
GF02,Defence,D4_S1311,"Property income, of which payable to subsector S1311",train,20,1,20,0.0
GF02,Defence,D4_S1312,"Property income, of which payable to subsector S1312",holdout,4,1,4,0.0
GF02,Defence,D4_S1312,"Property income, of which payable to subsector S1312",train,20,1,20,0.0
GF02,Defence,D4_S1313,"Property income, of which payable to subsector S1313",holdout,4,1,4,0.0
GF02,Defence,D4_S1313,"Property income, of which payable to subsector S1313",train,20,1,20,0.0
GF02,Defence,D4_S1314,"Property income, of which payable to subsector S1314",holdout,4,1,4,0.0
GF02,Defence,D4_S1314,"Property income, of which payable to subsector S1314",train,20,1,20,0.0
GF02,Defence,D62,Social benefits other than social transfers in kind,holdout,105,26,5,234.4
GF02,Defence,D62,Social benefits other than social transfers in kind,train,619,26,27,212.7
GF02,Defence,D62_D632,Social benefits other than social transfers in kind and social transfers in kind - purchased market production,holdout,105,26,5,234.4
GF02,Defence,D62_D632,Social benefits other than social transfers in kind and social transfers in kind - purchased market production,train,659,26,27,212.7
GF02,Defence,D632,Social transfers in kind - purchased market production,holdout,105,26,5,0.0
GF02,Defence,D632,Social transfers in kind - purchased market production,train,613,26,26,0.0
GF02,Defence,D7,Other current transfers,holdout,120,30,5,23784.0
GF02,Defence,D7,Other current transfers,train,749,30,28,61894.1
GF02,Defence,D7_S1311,"Other current transfers,of which payable to subsector S1311",holdout,4,1,4,0.0
GF02,Defence,D7_S1311,"Other current transfers,of which payable to subsector S1311",train,20,1,20,0.0
GF02,Defence,D7_S1312,"Other current transfers,of which payable to subsector S1312",holdout,4,1,4,0.0
GF02,Defence,D7_S1312,"Other current transfers,of which payable to subsector S1312",train,20,1,20,0.0
GF02,Defence,D7_S1313,"Other current transfers,of which payable to subsector S1313",holdout,4,1,4,0.0
GF02,Defence,D7_S1313,"Other current transfers,of which payable to subsector S1313",train,20,1,20,0.0
GF02,Defence,D7_S1314,"Other current transfers,of which payable to subsector S1314",holdout,4,1,4,0.0
GF02,Defence,D7_S1314,"Other current transfers,of which payable to subsector S1314",train,20,1,20,0.0
GF02,Defence,D9,Capital transfers,holdout,120,30,5,34792.7
GF02,Defence,D9,Capital transfers,train,734,30,31,6942.5
GF02,Defence,D92,Investment grants,holdout,118,30,5,33909.3
GF02,Defence,D92,Investment grants,train,713,30,27,3137.9
GF02,Defence,D9_S1311,"Capital transfers, expenditure, of which to subsector central government (S1311)",holdout,4,1,4,0.0
GF02,Defence,D9_S1311,"Capital transfers, expenditure, of which to subsector central government (S1311)",train,20,1,20,0.0
GF02,Defence,D9_S1312,"Capital transfers, expenditure, of which to subsector state government (S1312)",holdout,4,1,4,0.0
GF02,Defence,D9_S1312,"Capital transfers, expenditure, of which to subsector state government (S1312)",train,20,1,20,0.0
GF02,Defence,D9_S1313,"Capital transfers, expenditure, of which to subsector local government (S1313)",holdout,4,1,4,0.0
GF02,Defence,D9_S1313,"Capital transfers, expenditure, of which to subsector local government (S1313)",train,20,1,20,0.0
GF02,Defence,D9_S1314,"Capital transfers, expenditure, of which to subsector social security funds (S1314)",holdout,4,1,4,0.0
GF02,Defence,D9_S1314,"Capital transfers, expenditure, of which to subsector social security funds (S1314)",train,20,1,20,0.0
GF02,Defence,NP,Acquisitions less disposals of non-financial non-produced assets,holdout,111,29,5,1413.8
GF02,Defence,NP,Acquisitions less disposals of non-financial non-produced assets,train,706,29,31,5732.1
GF02,Defence,OP5ANP,Gross capital formation and acquisitions less disposals of non-financial non-produced assets,holdout,121,30,5,215905.4
GF02,Defence,OP5ANP,Gross capital formation and acquisitions less disposals of non-financial non-produced assets,train,767,30,31,766135.9
GF02,Defence,P2,Intermediate consumption,holdout,121,30,5,276971.4
GF02,Defence,P2,Intermediate consumption,train,767,30,31,928610.7
GF02,Defence,P2_D29_D5_D8,"Intermediate consumption; other taxes on production; current taxes on income, wealth, etc.; adjustment for the change in pension entitlements",holdout,117,29,5,275788.1
GF02,Defence,P2_D29_D5_D8,"Intermediate consumption; other taxes on production; current taxes on income, wealth, etc.; adjustment for the change in pension entitlements",train,741,29,31,930753.1
GF02,Defence,P3,Final consumption expenditure,holdout,121,30,5,802044.2
GF02,Defence,P3,Final consumption expenditure,train,767,30,31,3443821.0
GF02,Defence,P31,Individual consumption expenditure,holdout,81,20,5,0.0
GF02,Defence,P31,Individual consumption expenditure,train,506,20,26,0.0
GF02,Defence,P32,Collective consumption expenditure,holdout,109,27,5,616767.9
GF02,Defence,P32,Collective consumption expenditure,train,692,27,31,2728716.6
GF02,Defence,P5,Gross capital formation,holdout,121,30,5,215707.2
GF02,Defence,P5,Gross capital formation,train,767,30,31,769519.2
GF02,Defence,P51G,Gross fixed capital formation,holdout,121,30,5,208023.2
GF02,Defence,P51G,Gross fixed capital formation,train,767,30,31,758113.1
GF02,Defence,TE,Total general government expenditure,holdout,121,30,5,951231.8
GF02,Defence,TE,Total general government expenditure,train,767,30,31,3689736.4
GF0201,Military defence,D1,Compensation of employees,holdout,121,30,5,365730.5
GF0201,Military defence,D1,Compensation of employees,train,698,30,26,1591098.9
GF0201,Military defence,D29_D5_D8,"""Other taxes on production; current taxes on income, wealth, etc; adjustment for the change in pension entitlements""",holdout,109,27,5,6608.7
GF0201,Military defence,D29_D5_D8,"""Other taxes on production; current taxes on income, wealth, etc; adjustment for the change in pension entitlements""",train,634,28,26,27177.3
GF0201,Military defence,D3,Subsidies,holdout,113,28,5,16.2
GF0201,Military defence,D3,Subsidies,train,659,29,26,222.8
GF0201,Military defence,D4,Property income,holdout,105,26,5,38.3
GF0201,Military defence,D4,Property income,train,611,26,26,374.4
GF0201,Military defence,D4_S1311,"Property income, of which payable to subsector S1311",holdout,4,1,4,0.0
GF0201,Military defence,D4_S1311,"Property income, of which payable to subsector S1311",train,20,1,20,0.0
GF0201,Military defence,D4_S1312,"Property income, of which payable to subsector S1312",holdout,4,1,4,0.0
GF0201,Military defence,D4_S1312,"Property income, of which payable to subsector S1312",train,20,1,20,0.0
GF0201,Military defence,D4_S1313,"Property income, of which payable to subsector S1313",holdout,4,1,4,0.0
GF0201,Military defence,D4_S1313,"Property income, of which payable to subsector S1313",train,20,1,20,0.0
GF0201,Military defence,D4_S1314,"Property income, of which payable to subsector S1314",holdout,4,1,4,0.0
GF0201,Military defence,D4_S1314,"Property income, of which payable to subsector S1314",train,20,1,20,0.0
GF0201,Military defence,D62,Social benefits other than social transfers in kind,holdout,105,26,5,234.4
GF0201,Military defence,D62,Social benefits other than social transfers in kind,train,588,26,26,191.4
GF0201,Military defence,D62_D632,Social benefits other than social transfers in kind and social transfers in kind - purchased market production,holdout,105,26,5,234.4
GF0201,Military defence,D62_D632,Social benefits other than social transfers in kind and social transfers in kind - purchased market production,train,611,26,26,191.4
GF0201,Military defence,D632,Social transfers in kind - purchased market production,holdout,105,26,5,0.0
GF0201,Military defence,D632,Social transfers in kind - purchased market production,train,588,26,26,0.0
GF0201,Military defence,D7,Other current transfers,holdout,120,30,5,6269.0
GF0201,Military defence,D7,Other current transfers,train,680,30,26,17491.0
GF0201,Military defence,D7_S1311,"Other current transfers,of which payable to subsector S1311",holdout,4,1,4,0.0
GF0201,Military defence,D7_S1311,"Other current transfers,of which payable to subsector S1311",train,20,1,20,0.0
GF0201,Military defence,D7_S1312,"Other current transfers,of which payable to subsector S1312",holdout,4,1,4,0.0
GF0201,Military defence,D7_S1312,"Other current transfers,of which payable to subsector S1312",train,20,1,20,0.0
GF0201,Military defence,D7_S1313,"Other current transfers,of which payable to subsector S1313",holdout,4,1,4,0.0
GF0201,Military defence,D7_S1313,"Other current transfers,of which payable to subsector S1313",train,20,1,20,0.0
GF0201,Military defence,D7_S1314,"Other current transfers,of which payable to subsector S1314",holdout,4,1,4,0.0
GF0201,Military defence,D7_S1314,"Other current transfers,of which payable to subsector S1314",train,20,1,20,0.0
GF0201,Military defence,D9,Capital transfers,holdout,115,29,5,954.6
GF0201,Military defence,D9,Capital transfers,train,660,30,26,4450.3
GF0201,Military defence,D92,Investment grants,holdout,114,29,5,681.3
GF0201,Military defence,D92,Investment grants,train,651,30,26,894.9
GF0201,Military defence,D9_S1311,"Capital transfers, expenditure, of which to subsector central government (S1311)",holdout,4,1,4,0.0
GF0201,Military defence,D9_S1311,"Capital transfers, expenditure, of which to subsector central government (S1311)",train,20,1,20,0.0
GF0201,Military defence,D9_S1312,"Capital transfers, expenditure, of which to subsector state government (S1312)",holdout,4,1,4,0.0
GF0201,Military defence,D9_S1312,"Capital transfers, expenditure, of which to subsector state government (S1312)",train,20,1,20,0.0
GF0201,Military defence,D9_S1313,"Capital transfers, expenditure, of which to subsector local government (S1313)",holdout,4,1,4,0.0
GF0201,Military defence,D9_S1313,"Capital transfers, expenditure, of which to subsector local government (S1313)",train,20,1,20,0.0
GF0201,Military defence,D9_S1314,"Capital transfers, expenditure, of which to subsector social security funds (S1314)",holdout,4,1,4,0.0
GF0201,Military defence,D9_S1314,"Capital transfers, expenditure, of which to subsector social security funds (S1314)",train,20,1,20,0.0
GF0201,Military defence,NP,Acquisitions less disposals of non-financial non-produced assets,holdout,111,29,5,1402.7
GF0201,Military defence,NP,Acquisitions less disposals of non-financial non-produced assets,train,646,29,26,5495.6
GF0201,Military defence,OP5ANP,Gross capital formation and acquisitions less disposals of non-financial non-produced assets,holdout,121,30,5,202185.4
GF0201,Military defence,OP5ANP,Gross capital formation and acquisitions less disposals of non-financial non-produced assets,train,698,30,26,641803.9
GF0201,Military defence,P2,Intermediate consumption,holdout,121,30,5,245677.0
GF0201,Military defence,P2,Intermediate consumption,train,698,30,26,744069.4
GF0201,Military defence,P2_D29_D5_D8,"Intermediate consumption; other taxes on production; current taxes on income, wealth, etc.; adjustment for the change in pension entitlements",holdout,117,29,5,244233.8
GF0201,Military defence,P2_D29_D5_D8,"Intermediate consumption; other taxes on production; current taxes on income, wealth, etc.; adjustment for the change in pension entitlements",train,672,29,26,742230.9
GF0201,Military defence,P3,Final consumption expenditure,holdout,121,30,5,725283.1
GF0201,Military defence,P3,Final consumption expenditure,train,698,30,26,2855769.1
GF0201,Military defence,P31,Individual consumption expenditure,holdout,77,19,5,0.0
GF0201,Military defence,P31,Individual consumption expenditure,train,474,20,26,0.0
GF0201,Military defence,P32,Collective consumption expenditure,holdout,109,27,5,562052.7
GF0201,Military defence,P32,Collective consumption expenditure,train,640,27,26,2320687.7
GF0201,Military defence,P5,Gross capital formation,holdout,121,30,5,201998.4
GF0201,Military defence,P5,Gross capital formation,train,698,30,26,645190.6
GF0201,Military defence,P51G,Gross fixed capital formation,holdout,121,30,5,194404.7
GF0201,Military defence,P51G,Gross fixed capital formation,train,698,30,26,633917.9
GF0201,Military defence,TE,Total general government expenditure,holdout,121,30,5,825269.1
GF0201,Military defence,TE,Total general government expenditure,train,698,30,26,3026386.1
GF0202,Civil defence,D1,Compensation of employees,holdout,117,29,5,3470.5
GF0202,Civil defence,D1,Compensation of employees,train,650,29,26,14739.0
GF0202,Civil defence,D29_D5_D8,"""Other taxes on production; current taxes on income, wealth, etc; adjustment for the change in pension entitlements""",holdout,109,27,5,108.1
GF0202,Civil defence,D29_D5_D8,"""Other taxes on production; current taxes on income, wealth, etc; adjustment for the change in pension entitlements""",train,631,27,26,359.1
GF0202,Civil defence,D3,Subsidies,holdout,113,28,5,60.9
GF0202,Civil defence,D3,Subsidies,train,631,27,26,856.5
GF0202,Civil defence,D4,Property income,holdout,105,26,5,2.6
GF0202,Civil defence,D4,Property income,train,611,26,26,2.9
GF0202,Civil defence,D4_S1311,"Property income, of which payable to subsector S1311",holdout,4,1,4,0.0
GF0202,Civil defence,D4_S1311,"Property income, of which payable to subsector S1311",train,20,1,20,0.0
GF0202,Civil defence,D4_S1312,"Property income, of which payable to subsector S1312",holdout,4,1,4,0.0
GF0202,Civil defence,D4_S1312,"Property income, of which payable to subsector S1312",train,20,1,20,0.0
GF0202,Civil defence,D4_S1313,"Property income, of which payable to subsector S1313",holdout,4,1,4,0.0
GF0202,Civil defence,D4_S1313,"Property income, of which payable to subsector S1313",train,20,1,20,0.0
GF0202,Civil defence,D4_S1314,"Property income, of which payable to subsector S1314",holdout,4,1,4,0.0
GF0202,Civil defence,D4_S1314,"Property income, of which payable to subsector S1314",train,20,1,20,0.0
GF0202,Civil defence,D62,Social benefits other than social transfers in kind,holdout,105,26,5,0.0
GF0202,Civil defence,D62,Social benefits other than social transfers in kind,train,588,26,26,0.0
GF0202,Civil defence,D62_D632,Social benefits other than social transfers in kind and social transfers in kind - purchased market production,holdout,105,26,5,0.0
GF0202,Civil defence,D62_D632,Social benefits other than social transfers in kind and social transfers in kind - purchased market production,train,611,26,26,0.0
GF0202,Civil defence,D632,Social transfers in kind - purchased market production,holdout,105,26,5,0.0
GF0202,Civil defence,D632,Social transfers in kind - purchased market production,train,588,26,26,0.0
GF0202,Civil defence,D7,Other current transfers,holdout,116,29,5,274.6
GF0202,Civil defence,D7,Other current transfers,train,650,29,26,675.7
GF0202,Civil defence,D7_S1311,"Other current transfers,of which payable to subsector S1311",holdout,4,1,4,0.0
GF0202,Civil defence,D7_S1311,"Other current transfers,of which payable to subsector S1311",train,20,1,20,0.0
GF0202,Civil defence,D7_S1312,"Other current transfers,of which payable to subsector S1312",holdout,4,1,4,0.0
GF0202,Civil defence,D7_S1312,"Other current transfers,of which payable to subsector S1312",train,20,1,20,0.0
GF0202,Civil defence,D7_S1313,"Other current transfers,of which payable to subsector S1313",holdout,4,1,4,0.0
GF0202,Civil defence,D7_S1313,"Other current transfers,of which payable to subsector S1313",train,20,1,20,0.0
GF0202,Civil defence,D7_S1314,"Other current transfers,of which payable to subsector S1314",holdout,4,1,4,0.0
GF0202,Civil defence,D7_S1314,"Other current transfers,of which payable to subsector S1314",train,20,1,20,0.0
GF0202,Civil defence,D9,Capital transfers,holdout,112,28,5,65.6
GF0202,Civil defence,D9,Capital transfers,train,633,28,26,151.0
GF0202,Civil defence,D92,Investment grants,holdout,109,27,5,65.5
GF0202,Civil defence,D92,Investment grants,train,630,28,26,124.1
GF0202,Civil defence,D9_S1311,"Capital transfers, expenditure, of which to subsector central government (S1311)",holdout,4,1,4,0.0
GF0202,Civil defence,D9_S1311,"Capital transfers, expenditure, of which to subsector central government (S1311)",train,20,1,20,0.0
GF0202,Civil defence,D9_S1312,"Capital transfers, expenditure, of which to subsector state government (S1312)",holdout,4,1,4,0.0
GF0202,Civil defence,D9_S1312,"Capital transfers, expenditure, of which to subsector state government (S1312)",train,20,1,20,0.0
GF0202,Civil defence,D9_S1313,"Capital transfers, expenditure, of which to subsector local government (S1313)",holdout,4,1,4,0.0
GF0202,Civil defence,D9_S1313,"Capital transfers, expenditure, of which to subsector local government (S1313)",train,20,1,20,0.0
GF0202,Civil defence,D9_S1314,"Capital transfers, expenditure, of which to subsector social security funds (S1314)",holdout,4,1,4,0.0
GF0202,Civil defence,D9_S1314,"Capital transfers, expenditure, of which to subsector social security funds (S1314)",train,20,1,20,0.0
GF0202,Civil defence,NP,Acquisitions less disposals of non-financial non-produced assets,holdout,109,27,5,11.7
GF0202,Civil defence,NP,Acquisitions less disposals of non-financial non-produced assets,train,631,27,26,113.9
GF0202,Civil defence,OP5ANP,Gross capital formation and acquisitions less disposals of non-financial non-produced assets,holdout,117,29,5,1058.5
GF0202,Civil defence,OP5ANP,Gross capital formation and acquisitions less disposals of non-financial non-produced assets,train,654,29,26,5640.7
GF0202,Civil defence,P2,Intermediate consumption,holdout,117,29,5,3710.3
GF0202,Civil defence,P2,Intermediate consumption,train,654,29,26,13046.2
GF0202,Civil defence,P2_D29_D5_D8,"Intermediate consumption; other taxes on production; current taxes on income, wealth, etc.; adjustment for the change in pension entitlements",holdout,113,28,5,3692.8
GF0202,Civil defence,P2_D29_D5_D8,"Intermediate consumption; other taxes on production; current taxes on income, wealth, etc.; adjustment for the change in pension entitlements",train,628,28,26,12468.6
GF0202,Civil defence,P3,Final consumption expenditure,holdout,117,29,5,10499.4
GF0202,Civil defence,P3,Final consumption expenditure,train,658,29,26,41176.7
GF0202,Civil defence,P31,Individual consumption expenditure,holdout,77,19,5,0.0
GF0202,Civil defence,P31,Individual consumption expenditure,train,474,20,26,0.0
GF0202,Civil defence,P32,Collective consumption expenditure,holdout,105,26,5,8829.2
GF0202,Civil defence,P32,Collective consumption expenditure,train,600,26,26,35927.6
GF0202,Civil defence,P5,Gross capital formation,holdout,117,29,5,1066.5
GF0202,Civil defence,P5,Gross capital formation,train,654,29,26,5669.3
GF0202,Civil defence,P51G,Gross fixed capital formation,holdout,117,29,5,1036.4
GF0202,Civil defence,P51G,Gross fixed capital formation,train,654,29,26,5371.6
GF0202,Civil defence,TE,Total general government expenditure,holdout,117,29,5,8741.3
GF0202,Civil defence,TE,Total general government expenditure,train,659,29,26,35224.4
GF0203,Foreign military aid,D1,Compensation of employees,holdout,121,30,5,7688.6
GF0203,Foreign military aid,D1,Compensation of employees,train,658,30,26,36859.4
GF0203,Foreign military aid,D29_D5_D8,"""Other taxes on production; current taxes on income, wealth, etc; adjustment for the change in pension entitlements""",holdout,109,27,5,122.7
GF0203,Foreign military aid,D29_D5_D8,"""Other taxes on production; current taxes on income, wealth, etc; adjustment for the change in pension entitlements""",train,631,27,26,476.0
GF0203,Foreign military aid,D3,Subsidies,holdout,109,27,5,0.9
GF0203,Foreign military aid,D3,Subsidies,train,631,27,26,0.7
GF0203,Foreign military aid,D4,Property income,holdout,105,26,5,0.0
GF0203,Foreign military aid,D4,Property income,train,611,26,26,0.0
GF0203,Foreign military aid,D4_S1311,"Property income, of which payable to subsector S1311",holdout,4,1,4,0.0
GF0203,Foreign military aid,D4_S1311,"Property income, of which payable to subsector S1311",train,20,1,20,0.0
GF0203,Foreign military aid,D4_S1312,"Property income, of which payable to subsector S1312",holdout,4,1,4,0.0
GF0203,Foreign military aid,D4_S1312,"Property income, of which payable to subsector S1312",train,20,1,20,0.0
GF0203,Foreign military aid,D4_S1313,"Property income, of which payable to subsector S1313",holdout,4,1,4,0.0
GF0203,Foreign military aid,D4_S1313,"Property income, of which payable to subsector S1313",train,20,1,20,0.0
GF0203,Foreign military aid,D4_S1314,"Property income, of which payable to subsector S1314",holdout,4,1,4,0.0
GF0203,Foreign military aid,D4_S1314,"Property income, of which payable to subsector S1314",train,20,1,20,0.0
GF0203,Foreign military aid,D62,Social benefits other than social transfers in kind,holdout,105,26,5,0.0
GF0203,Foreign military aid,D62,Social benefits other than social transfers in kind,train,588,26,26,0.0
GF0203,Foreign military aid,D62_D632,Social benefits other than social transfers in kind and social transfers in kind - purchased market production,holdout,105,26,5,0.0
GF0203,Foreign military aid,D62_D632,Social benefits other than social transfers in kind and social transfers in kind - purchased market production,train,611,26,26,0.0
GF0203,Foreign military aid,D632,Social transfers in kind - purchased market production,holdout,105,26,5,0.0
GF0203,Foreign military aid,D632,Social transfers in kind - purchased market production,train,588,26,26,0.0
GF0203,Foreign military aid,D7,Other current transfers,holdout,120,30,5,15582.9
GF0203,Foreign military aid,D7,Other current transfers,train,647,30,26,37309.6
GF0203,Foreign military aid,D7_S1311,"Other current transfers,of which payable to subsector S1311",holdout,4,1,4,0.0
GF0203,Foreign military aid,D7_S1311,"Other current transfers,of which payable to subsector S1311",train,20,1,20,0.0
GF0203,Foreign military aid,D7_S1312,"Other current transfers,of which payable to subsector S1312",holdout,4,1,4,0.0
GF0203,Foreign military aid,D7_S1312,"Other current transfers,of which payable to subsector S1312",train,20,1,20,0.0
GF0203,Foreign military aid,D7_S1313,"Other current transfers,of which payable to subsector S1313",holdout,4,1,4,0.0
GF0203,Foreign military aid,D7_S1313,"Other current transfers,of which payable to subsector S1313",train,20,1,20,0.0
GF0203,Foreign military aid,D7_S1314,"Other current transfers,of which payable to subsector S1314",holdout,4,1,4,0.0
GF0203,Foreign military aid,D7_S1314,"Other current transfers,of which payable to subsector S1314",train,20,1,20,0.0
GF0203,Foreign military aid,D9,Capital transfers,holdout,113,29,5,33445.2
GF0203,Foreign military aid,D9,Capital transfers,train,629,27,26,989.0
GF0203,Foreign military aid,D92,Investment grants,holdout,113,29,5,32843.2
GF0203,Foreign military aid,D92,Investment grants,train,628,27,26,984.7
GF0203,Foreign military aid,D9_S1311,"Capital transfers, expenditure, of which to subsector central government (S1311)",holdout,4,1,4,0.0
GF0203,Foreign military aid,D9_S1311,"Capital transfers, expenditure, of which to subsector central government (S1311)",train,20,1,20,0.0
GF0203,Foreign military aid,D9_S1312,"Capital transfers, expenditure, of which to subsector state government (S1312)",holdout,4,1,4,0.0
GF0203,Foreign military aid,D9_S1312,"Capital transfers, expenditure, of which to subsector state government (S1312)",train,20,1,20,0.0
GF0203,Foreign military aid,D9_S1313,"Capital transfers, expenditure, of which to subsector local government (S1313)",holdout,4,1,4,0.0
GF0203,Foreign military aid,D9_S1313,"Capital transfers, expenditure, of which to subsector local government (S1313)",train,20,1,20,0.0
GF0203,Foreign military aid,D9_S1314,"Capital transfers, expenditure, of which to subsector social security funds (S1314)",holdout,4,1,4,0.0
GF0203,Foreign military aid,D9_S1314,"Capital transfers, expenditure, of which to subsector social security funds (S1314)",train,20,1,20,0.0
GF0203,Foreign military aid,NP,Acquisitions less disposals of non-financial non-produced assets,holdout,109,27,5,0.0
GF0203,Foreign military aid,NP,Acquisitions less disposals of non-financial non-produced assets,train,631,27,26,15.7
GF0203,Foreign military aid,OP5ANP,Gross capital formation and acquisitions less disposals of non-financial non-produced assets,holdout,117,29,5,1576.8
GF0203,Foreign military aid,OP5ANP,Gross capital formation and acquisitions less disposals of non-financial non-produced assets,train,654,29,26,4875.8
GF0203,Foreign military aid,P2,Intermediate consumption,holdout,121,30,5,21874.7
GF0203,Foreign military aid,P2,Intermediate consumption,train,662,30,26,64720.6
GF0203,Foreign military aid,P2_D29_D5_D8,"Intermediate consumption; other taxes on production; current taxes on income, wealth, etc.; adjustment for the change in pension entitlements",holdout,117,29,5,21983.8
GF0203,Foreign military aid,P2_D29_D5_D8,"Intermediate consumption; other taxes on production; current taxes on income, wealth, etc.; adjustment for the change in pension entitlements",train,638,29,26,65163.8
GF0203,Foreign military aid,P3,Final consumption expenditure,holdout,121,30,5,29429.7
GF0203,Foreign military aid,P3,Final consumption expenditure,train,668,30,26,99172.3
GF0203,Foreign military aid,P31,Individual consumption expenditure,holdout,77,19,5,0.0
GF0203,Foreign military aid,P31,Individual consumption expenditure,train,474,20,26,0.0
GF0203,Foreign military aid,P32,Collective consumption expenditure,holdout,109,27,5,19402.7
GF0203,Foreign military aid,P32,Collective consumption expenditure,train,610,27,26,68669.2
GF0203,Foreign military aid,P5,Gross capital formation,holdout,117,29,5,1576.8
GF0203,Foreign military aid,P5,Gross capital formation,train,654,29,26,4861.1
GF0203,Foreign military aid,P51G,Gross fixed capital formation,holdout,117,29,5,1536.8
GF0203,Foreign military aid,P51G,Gross fixed capital formation,train,655,30,26,4657.1
GF0203,Foreign military aid,TE,Total general government expenditure,holdout,121,30,5,80253.4
GF0203,Foreign military aid,TE,Total general government expenditure,train,669,30,26,145211.4
GF0204,R&D Defence,D1,Compensation of employees,holdout,113,28,5,5766.1
GF0204,R&D Defence,D1,Compensation of employees,train,651,28,26,30103.5
GF0204,R&D Defence,D29_D5_D8,"""Other taxes on production; current taxes on income, wealth, etc; adjustment for the change in pension entitlements""",holdout,109,27,5,32.0
GF0204,R&D Defence,D29_D5_D8,"""Other taxes on production; current taxes on income, wealth, etc; adjustment for the change in pension entitlements""",train,632,28,26,364.5
GF0204,R&D Defence,D3,Subsidies,holdout,109,27,5,536.4
GF0204,R&D Defence,D3,Subsidies,train,632,28,26,1482.1
GF0204,R&D Defence,D4,Property income,holdout,105,26,5,0.0
GF0204,R&D Defence,D4,Property income,train,611,26,26,0.0
GF0204,R&D Defence,D4_S1311,"Property income, of which payable to subsector S1311",holdout,4,1,4,0.0
GF0204,R&D Defence,D4_S1311,"Property income, of which payable to subsector S1311",train,20,1,20,0.0
GF0204,R&D Defence,D4_S1312,"Property income, of which payable to subsector S1312",holdout,4,1,4,0.0
GF0204,R&D Defence,D4_S1312,"Property income, of which payable to subsector S1312",train,20,1,20,0.0
GF0204,R&D Defence,D4_S1313,"Property income, of which payable to subsector S1313",holdout,4,1,4,0.0
GF0204,R&D Defence,D4_S1313,"Property income, of which payable to subsector S1313",train,20,1,20,0.0
GF0204,R&D Defence,D4_S1314,"Property income, of which payable to subsector S1314",holdout,4,1,4,0.0
GF0204,R&D Defence,D4_S1314,"Property income, of which payable to subsector S1314",train,20,1,20,0.0
GF0204,R&D Defence,D62,Social benefits other than social transfers in kind,holdout,105,26,5,0.0
GF0204,R&D Defence,D62,Social benefits other than social transfers in kind,train,588,26,26,0.0
GF0204,R&D Defence,D62_D632,Social benefits other than social transfers in kind and social transfers in kind - purchased market production,holdout,105,26,5,0.0
GF0204,R&D Defence,D62_D632,Social benefits other than social transfers in kind and social transfers in kind - purchased market production,train,611,26,26,0.0
GF0204,R&D Defence,D632,Social transfers in kind - purchased market production,holdout,105,26,5,0.0
GF0204,R&D Defence,D632,Social transfers in kind - purchased market production,train,588,26,26,0.0
GF0204,R&D Defence,D7,Other current transfers,holdout,117,29,5,697.5
GF0204,R&D Defence,D7,Other current transfers,train,644,29,26,2187.1
GF0204,R&D Defence,D7_S1311,"Other current transfers,of which payable to subsector S1311",holdout,4,1,4,0.0
GF0204,R&D Defence,D7_S1311,"Other current transfers,of which payable to subsector S1311",train,20,1,20,0.0
GF0204,R&D Defence,D7_S1312,"Other current transfers,of which payable to subsector S1312",holdout,4,1,4,0.0
GF0204,R&D Defence,D7_S1312,"Other current transfers,of which payable to subsector S1312",train,20,1,20,0.0
GF0204,R&D Defence,D7_S1313,"Other current transfers,of which payable to subsector S1313",holdout,4,1,4,0.0
GF0204,R&D Defence,D7_S1313,"Other current transfers,of which payable to subsector S1313",train,20,1,20,0.0
GF0204,R&D Defence,D7_S1314,"Other current transfers,of which payable to subsector S1314",holdout,4,1,4,0.0
GF0204,R&D Defence,D7_S1314,"Other current transfers,of which payable to subsector S1314",train,20,1,20,0.0
GF0204,R&D Defence,D9,Capital transfers,holdout,113,28,5,99.3
GF0204,R&D Defence,D9,Capital transfers,train,636,28,26,279.5
GF0204,R&D Defence,D92,Investment grants,holdout,113,28,5,99.2
GF0204,R&D Defence,D92,Investment grants,train,635,28,26,270.5
GF0204,R&D Defence,D9_S1311,"Capital transfers, expenditure, of which to subsector central government (S1311)",holdout,4,1,4,0.0
GF0204,R&D Defence,D9_S1311,"Capital transfers, expenditure, of which to subsector central government (S1311)",train,20,1,20,0.0
GF0204,R&D Defence,D9_S1312,"Capital transfers, expenditure, of which to subsector state government (S1312)",holdout,4,1,4,0.0
GF0204,R&D Defence,D9_S1312,"Capital transfers, expenditure, of which to subsector state government (S1312)",train,20,1,20,0.0
GF0204,R&D Defence,D9_S1313,"Capital transfers, expenditure, of which to subsector local government (S1313)",holdout,4,1,4,0.0
GF0204,R&D Defence,D9_S1313,"Capital transfers, expenditure, of which to subsector local government (S1313)",train,20,1,20,0.0
GF0204,R&D Defence,D9_S1314,"Capital transfers, expenditure, of which to subsector social security funds (S1314)",holdout,4,1,4,0.0
GF0204,R&D Defence,D9_S1314,"Capital transfers, expenditure, of which to subsector social security funds (S1314)",train,20,1,20,0.0
GF0204,R&D Defence,NP,Acquisitions less disposals of non-financial non-produced assets,holdout,109,27,5,3.1
GF0204,R&D Defence,NP,Acquisitions less disposals of non-financial non-produced assets,train,632,28,26,52.6
GF0204,R&D Defence,OP5ANP,Gross capital formation and acquisitions less disposals of non-financial non-produced assets,holdout,117,29,5,8733.0
GF0204,R&D Defence,OP5ANP,Gross capital formation and acquisitions less disposals of non-financial non-produced assets,train,672,29,26,39210.2
GF0204,R&D Defence,P2,Intermediate consumption,holdout,117,29,5,2000.4
GF0204,R&D Defence,P2,Intermediate consumption,train,671,29,26,19609.7
GF0204,R&D Defence,P2_D29_D5_D8,"Intermediate consumption; other taxes on production; current taxes on income, wealth, etc.; adjustment for the change in pension entitlements",holdout,113,28,5,2031.2
GF0204,R&D Defence,P2_D29_D5_D8,"Intermediate consumption; other taxes on production; current taxes on income, wealth, etc.; adjustment for the change in pension entitlements",train,645,28,26,19963.0
GF0204,R&D Defence,P3,Final consumption expenditure,holdout,117,29,5,15798.5
GF0204,R&D Defence,P3,Final consumption expenditure,train,672,29,26,74706.1
GF0204,R&D Defence,P31,Individual consumption expenditure,holdout,77,19,5,0.0
GF0204,R&D Defence,P31,Individual consumption expenditure,train,474,20,26,0.0
GF0204,R&D Defence,P32,Collective consumption expenditure,holdout,105,26,5,7503.2
GF0204,R&D Defence,P32,Collective consumption expenditure,train,614,26,26,53506.7
GF0204,R&D Defence,P5,Gross capital formation,holdout,117,29,5,8730.0
GF0204,R&D Defence,P5,Gross capital formation,train,672,29,26,39157.9
GF0204,R&D Defence,P51G,Gross fixed capital formation,holdout,117,29,5,8714.4
GF0204,R&D Defence,P51G,Gross fixed capital formation,train,672,29,26,39198.4
GF0204,R&D Defence,TE,Total general government expenditure,holdout,117,29,5,17864.5
GF0204,R&D Defence,TE,Total general government expenditure,train,672,29,26,93237.0
GF0205,Defence n.e.c.,D1,Compensation of employees,holdout,121,30,5,12032.2
GF0205,Defence n.e.c.,D1,Compensation of employees,train,694,30,26,43986.2
GF0205,Defence n.e.c.,D29_D5_D8,"""Other taxes on production; current taxes on income, wealth, etc; adjustment for the change in pension entitlements""",holdout,109,27,5,184.6
GF0205,Defence n.e.c.,D29_D5_D8,"""Other taxes on production; current taxes on income, wealth, etc; adjustment for the change in pension entitlements""",train,631,27,26,577.6
GF0205,Defence n.e.c.,D3,Subsidies,holdout,109,27,5,0.4
GF0205,Defence n.e.c.,D3,Subsidies,train,633,28,26,7.0
GF0205,Defence n.e.c.,D4,Property income,holdout,105,26,5,0.0
GF0205,Defence n.e.c.,D4,Property income,train,611,26,26,0.0
GF0205,Defence n.e.c.,D4_S1311,"Property income, of which payable to subsector S1311",holdout,4,1,4,0.0
GF0205,Defence n.e.c.,D4_S1311,"Property income, of which payable to subsector S1311",train,20,1,20,0.0
GF0205,Defence n.e.c.,D4_S1312,"Property income, of which payable to subsector S1312",holdout,4,1,4,0.0
GF0205,Defence n.e.c.,D4_S1312,"Property income, of which payable to subsector S1312",train,20,1,20,0.0
GF0205,Defence n.e.c.,D4_S1313,"Property income, of which payable to subsector S1313",holdout,4,1,4,0.0
GF0205,Defence n.e.c.,D4_S1313,"Property income, of which payable to subsector S1313",train,20,1,20,0.0
GF0205,Defence n.e.c.,D4_S1314,"Property income, of which payable to subsector S1314",holdout,4,1,4,0.0
GF0205,Defence n.e.c.,D4_S1314,"Property income, of which payable to subsector S1314",train,20,1,20,0.0
GF0205,Defence n.e.c.,D62,Social benefits other than social transfers in kind,holdout,105,26,5,0.0
GF0205,Defence n.e.c.,D62,Social benefits other than social transfers in kind,train,588,26,26,17.6
GF0205,Defence n.e.c.,D62_D632,Social benefits other than social transfers in kind and social transfers in kind - purchased market production,holdout,105,26,5,0.0
GF0205,Defence n.e.c.,D62_D632,Social benefits other than social transfers in kind and social transfers in kind - purchased market production,train,611,26,26,17.6
GF0205,Defence n.e.c.,D632,Social transfers in kind - purchased market production,holdout,105,26,5,0.0
GF0205,Defence n.e.c.,D632,Social transfers in kind - purchased market production,train,588,26,26,0.0
GF0205,Defence n.e.c.,D7,Other current transfers,holdout,119,30,5,960.6
GF0205,Defence n.e.c.,D7,Other current transfers,train,669,30,26,2113.9
GF0205,Defence n.e.c.,D7_S1311,"Other current transfers,of which payable to subsector S1311",holdout,4,1,4,0.0
GF0205,Defence n.e.c.,D7_S1311,"Other current transfers,of which payable to subsector S1311",train,20,1,20,0.0
GF0205,Defence n.e.c.,D7_S1312,"Other current transfers,of which payable to subsector S1312",holdout,4,1,4,0.0
GF0205,Defence n.e.c.,D7_S1312,"Other current transfers,of which payable to subsector S1312",train,20,1,20,0.0
GF0205,Defence n.e.c.,D7_S1313,"Other current transfers,of which payable to subsector S1313",holdout,4,1,4,0.0
GF0205,Defence n.e.c.,D7_S1313,"Other current transfers,of which payable to subsector S1313",train,20,1,20,0.0
GF0205,Defence n.e.c.,D7_S1314,"Other current transfers,of which payable to subsector S1314",holdout,4,1,4,0.0
GF0205,Defence n.e.c.,D7_S1314,"Other current transfers,of which payable to subsector S1314",train,20,1,20,0.0
GF0205,Defence n.e.c.,D9,Capital transfers,holdout,113,28,5,227.6
GF0205,Defence n.e.c.,D9,Capital transfers,train,638,29,26,727.0
GF0205,Defence n.e.c.,D92,Investment grants,holdout,113,28,5,220.3
GF0205,Defence n.e.c.,D92,Investment grants,train,631,28,26,651.3
GF0205,Defence n.e.c.,D9_S1311,"Capital transfers, expenditure, of which to subsector central government (S1311)",holdout,4,1,4,0.0
GF0205,Defence n.e.c.,D9_S1311,"Capital transfers, expenditure, of which to subsector central government (S1311)",train,20,1,20,0.0
GF0205,Defence n.e.c.,D9_S1312,"Capital transfers, expenditure, of which to subsector state government (S1312)",holdout,4,1,4,0.0
GF0205,Defence n.e.c.,D9_S1312,"Capital transfers, expenditure, of which to subsector state government (S1312)",train,20,1,20,0.0
GF0205,Defence n.e.c.,D9_S1313,"Capital transfers, expenditure, of which to subsector local government (S1313)",holdout,4,1,4,0.0
GF0205,Defence n.e.c.,D9_S1313,"Capital transfers, expenditure, of which to subsector local government (S1313)",train,20,1,20,0.0
GF0205,Defence n.e.c.,D9_S1314,"Capital transfers, expenditure, of which to subsector social security funds (S1314)",holdout,4,1,4,0.0
GF0205,Defence n.e.c.,D9_S1314,"Capital transfers, expenditure, of which to subsector social security funds (S1314)",train,20,1,20,0.0
GF0205,Defence n.e.c.,NP,Acquisitions less disposals of non-financial non-produced assets,holdout,109,27,5,16.4
GF0205,Defence n.e.c.,NP,Acquisitions less disposals of non-financial non-produced assets,train,632,28,26,162.1
GF0205,Defence n.e.c.,OP5ANP,Gross capital formation and acquisitions less disposals of non-financial non-produced assets,holdout,121,30,5,2520.8
GF0205,Defence n.e.c.,OP5ANP,Gross capital formation and acquisitions less disposals of non-financial non-produced assets,train,692,30,26,14331.6
GF0205,Defence n.e.c.,P2,Intermediate consumption,holdout,121,30,5,3710.0
GF0205,Defence n.e.c.,P2,Intermediate consumption,train,692,30,26,24535.2
GF0205,Defence n.e.c.,P2_D29_D5_D8,"Intermediate consumption; other taxes on production; current taxes on income, wealth, etc.; adjustment for the change in pension entitlements",holdout,117,29,5,3846.3
GF0205,Defence n.e.c.,P2_D29_D5_D8,"Intermediate consumption; other taxes on production; current taxes on income, wealth, etc.; adjustment for the change in pension entitlements",train,666,29,26,24719.4
GF0205,Defence n.e.c.,P3,Final consumption expenditure,holdout,121,30,5,21056.5
GF0205,Defence n.e.c.,P3,Final consumption expenditure,train,698,30,26,86887.2
GF0205,Defence n.e.c.,P31,Individual consumption expenditure,holdout,77,19,5,0.0
GF0205,Defence n.e.c.,P31,Individual consumption expenditure,train,474,20,26,0.0
GF0205,Defence n.e.c.,P32,Collective consumption expenditure,holdout,109,27,5,19003.1
GF0205,Defence n.e.c.,P32,Collective consumption expenditure,train,640,27,26,79403.5
GF0205,Defence n.e.c.,P5,Gross capital formation,holdout,121,30,5,2504.4
GF0205,Defence n.e.c.,P5,Gross capital formation,train,692,30,26,14170.8
GF0205,Defence n.e.c.,P51G,Gross fixed capital formation,holdout,121,30,5,2504.6
GF0205,Defence n.e.c.,P51G,Gross fixed capital formation,train,692,30,26,14238.8
GF0205,Defence n.e.c.,TE,Total general government expenditure,holdout,121,30,5,19635.4
GF0205,Defence n.e.c.,TE,Total general government expenditure,train,695,30,26,85708.2
GF03,Public order and safety,D1,Compensation of employees,holdout,121,30,5,838859.9
GF03,Public order and safety,D1,Compensation of employees,train,767,30,31,3369527.8
GF03,Public order and safety,D29_D5_D8,"""Other taxes on production; current taxes on income, wealth, etc; adjustment for the change in pension entitlements""",holdout,113,28,5,11677.7
GF03,Public order and safety,D29_D5_D8,"""Other taxes on production; current taxes on income, wealth, etc; adjustment for the change in pension entitlements""",train,702,28,31,49292.2
GF03,Public order and safety,D3,Subsidies,holdout,121,30,5,1308.0
GF03,Public order and safety,D3,Subsidies,train,732,30,26,3587.4
GF03,Public order and safety,D4,Property income,holdout,105,26,5,66.6
GF03,Public order and safety,D4,Property income,train,666,27,26,127.3
GF03,Public order and safety,D4_S1311,"Property income, of which payable to subsector S1311",holdout,4,1,4,0.0
GF03,Public order and safety,D4_S1311,"Property income, of which payable to subsector S1311",train,20,1,20,0.0
GF03,Public order and safety,D4_S1312,"Property income, of which payable to subsector S1312",holdout,4,1,4,0.0
GF03,Public order and safety,D4_S1312,"Property income, of which payable to subsector S1312",train,20,1,20,0.0
GF03,Public order and safety,D4_S1313,"Property income, of which payable to subsector S1313",holdout,4,1,4,0.0
GF03,Public order and safety,D4_S1313,"Property income, of which payable to subsector S1313",train,20,1,20,0.0
GF03,Public order and safety,D4_S1314,"Property income, of which payable to subsector S1314",holdout,4,1,4,0.0
GF03,Public order and safety,D4_S1314,"Property income, of which payable to subsector S1314",train,20,1,20,0.0
GF03,Public order and safety,D62,Social benefits other than social transfers in kind,holdout,105,26,5,17.6
GF03,Public order and safety,D62,Social benefits other than social transfers in kind,train,624,27,31,350.1
GF03,Public order and safety,D62_D632,Social benefits other than social transfers in kind and social transfers in kind - purchased market production,holdout,105,26,5,17.6
GF03,Public order and safety,D62_D632,Social benefits other than social transfers in kind and social transfers in kind - purchased market production,train,664,27,31,350.1
GF03,Public order and safety,D632,Social transfers in kind - purchased market production,holdout,105,26,5,0.0
GF03,Public order and safety,D632,Social transfers in kind - purchased market production,train,623,26,31,0.0
GF03,Public order and safety,D7,Other current transfers,holdout,121,30,5,13447.4
GF03,Public order and safety,D7,Other current transfers,train,757,30,31,49129.9
GF03,Public order and safety,D7_S1311,"Other current transfers,of which payable to subsector S1311",holdout,4,1,4,0.0
GF03,Public order and safety,D7_S1311,"Other current transfers,of which payable to subsector S1311",train,20,1,20,0.0
GF03,Public order and safety,D7_S1312,"Other current transfers,of which payable to subsector S1312",holdout,4,1,4,0.0
GF03,Public order and safety,D7_S1312,"Other current transfers,of which payable to subsector S1312",train,20,1,20,0.0
GF03,Public order and safety,D7_S1313,"Other current transfers,of which payable to subsector S1313",holdout,4,1,4,0.0
GF03,Public order and safety,D7_S1313,"Other current transfers,of which payable to subsector S1313",train,20,1,20,0.0
GF03,Public order and safety,D7_S1314,"Other current transfers,of which payable to subsector S1314",holdout,4,1,4,0.0
GF03,Public order and safety,D7_S1314,"Other current transfers,of which payable to subsector S1314",train,20,1,20,0.0
GF03,Public order and safety,D9,Capital transfers,holdout,119,30,5,4697.3
GF03,Public order and safety,D9,Capital transfers,train,754,30,31,7621.1
GF03,Public order and safety,D92,Investment grants,holdout,118,30,5,2098.5
GF03,Public order and safety,D92,Investment grants,train,737,30,31,5428.4
GF03,Public order and safety,D9_S1311,"Capital transfers, expenditure, of which to subsector central government (S1311)",holdout,4,1,4,0.0
GF03,Public order and safety,D9_S1311,"Capital transfers, expenditure, of which to subsector central government (S1311)",train,20,1,20,0.0
GF03,Public order and safety,D9_S1312,"Capital transfers, expenditure, of which to subsector state government (S1312)",holdout,4,1,4,0.0
GF03,Public order and safety,D9_S1312,"Capital transfers, expenditure, of which to subsector state government (S1312)",train,20,1,20,0.0
GF03,Public order and safety,D9_S1313,"Capital transfers, expenditure, of which to subsector local government (S1313)",holdout,4,1,4,0.0
GF03,Public order and safety,D9_S1313,"Capital transfers, expenditure, of which to subsector local government (S1313)",train,20,1,20,0.0
GF03,Public order and safety,D9_S1314,"Capital transfers, expenditure, of which to subsector social security funds (S1314)",holdout,4,1,4,0.0
GF03,Public order and safety,D9_S1314,"Capital transfers, expenditure, of which to subsector social security funds (S1314)",train,20,1,20,0.0
GF03,Public order and safety,NP,Acquisitions less disposals of non-financial non-produced assets,holdout,115,29,5,417.0
GF03,Public order and safety,NP,Acquisitions less disposals of non-financial non-produced assets,train,717,29,31,1862.5
GF03,Public order and safety,OP5ANP,Gross capital formation and acquisitions less disposals of non-financial non-produced assets,holdout,121,30,5,88784.9
GF03,Public order and safety,OP5ANP,Gross capital formation and acquisitions less disposals of non-financial non-produced assets,train,767,30,31,301781.4
GF03,Public order and safety,P2,Intermediate consumption,holdout,121,30,5,246418.3
GF03,Public order and safety,P2,Intermediate consumption,train,767,30,31,912487.5
GF03,Public order and safety,P2_D29_D5_D8,"Intermediate consumption; other taxes on production; current taxes on income, wealth, etc.; adjustment for the change in pension entitlements",holdout,117,29,5,253326.1
GF03,Public order and safety,P2_D29_D5_D8,"Intermediate consumption; other taxes on production; current taxes on income, wealth, etc.; adjustment for the change in pension entitlements",train,741,29,31,944518.6
GF03,Public order and safety,P3,Final consumption expenditure,holdout,121,30,5,1076547.3
GF03,Public order and safety,P3,Final consumption expenditure,train,767,30,31,4214428.1
GF03,Public order and safety,P31,Individual consumption expenditure,holdout,81,20,5,0.0
GF03,Public order and safety,P31,Individual consumption expenditure,train,516,20,31,0.0
GF03,Public order and safety,P32,Collective consumption expenditure,holdout,109,27,5,842779.4
GF03,Public order and safety,P32,Collective consumption expenditure,train,692,27,31,3276934.6
GF03,Public order and safety,P5,Gross capital formation,holdout,121,30,5,88440.7
GF03,Public order and safety,P5,Gross capital formation,train,767,30,31,300314.8
GF03,Public order and safety,P51G,Gross fixed capital formation,holdout,121,30,5,88339.3
GF03,Public order and safety,P51G,Gross fixed capital formation,train,767,30,31,299578.2
GF03,Public order and safety,TE,Total general government expenditure,holdout,121,30,5,1205278.0
GF03,Public order and safety,TE,Total general government expenditure,train,767,30,31,4693650.8
GF0301,Police services,D1,Compensation of employees,holdout,121,30,5,493688.9
GF0301,Police services,D1,Compensation of employees,train,698,30,26,1873685.5
GF0301,Police services,D29_D5_D8,"""Other taxes on production; current taxes on income, wealth, etc; adjustment for the change in pension entitlements""",holdout,109,27,5,6564.7
GF0301,Police services,D29_D5_D8,"""Other taxes on production; current taxes on income, wealth, etc; adjustment for the change in pension entitlements""",train,631,27,26,26045.5
GF0301,Police services,D3,Subsidies,holdout,109,27,5,138.9
GF0301,Police services,D3,Subsidies,train,637,29,26,1348.3
GF0301,Police services,D4,Property income,holdout,105,26,5,25.9
GF0301,Police services,D4,Property income,train,622,27,26,48.8
GF0301,Police services,D4_S1311,"Property income, of which payable to subsector S1311",holdout,4,1,4,0.0
GF0301,Police services,D4_S1311,"Property income, of which payable to subsector S1311",train,20,1,20,0.0
GF0301,Police services,D4_S1312,"Property income, of which payable to subsector S1312",holdout,4,1,4,0.0
GF0301,Police services,D4_S1312,"Property income, of which payable to subsector S1312",train,20,1,20,0.0
GF0301,Police services,D4_S1313,"Property income, of which payable to subsector S1313",holdout,4,1,4,0.0
GF0301,Police services,D4_S1313,"Property income, of which payable to subsector S1313",train,20,1,20,0.0
GF0301,Police services,D4_S1314,"Property income, of which payable to subsector S1314",holdout,4,1,4,0.0
GF0301,Police services,D4_S1314,"Property income, of which payable to subsector S1314",train,20,1,20,0.0
GF0301,Police services,D62,Social benefits other than social transfers in kind,holdout,105,26,5,0.2
GF0301,Police services,D62,Social benefits other than social transfers in kind,train,589,27,26,0.3
GF0301,Police services,D62_D632,Social benefits other than social transfers in kind and social transfers in kind - purchased market production,holdout,105,26,5,0.2
GF0301,Police services,D62_D632,Social benefits other than social transfers in kind and social transfers in kind - purchased market production,train,612,27,26,0.3
GF0301,Police services,D632,Social transfers in kind - purchased market production,holdout,105,26,5,0.0
GF0301,Police services,D632,Social transfers in kind - purchased market production,train,588,26,26,0.0
GF0301,Police services,D7,Other current transfers,holdout,121,30,5,1855.7
GF0301,Police services,D7,Other current transfers,train,687,30,26,6789.3
GF0301,Police services,D7_S1311,"Other current transfers,of which payable to subsector S1311",holdout,4,1,4,0.0
GF0301,Police services,D7_S1311,"Other current transfers,of which payable to subsector S1311",train,20,1,20,0.0
GF0301,Police services,D7_S1312,"Other current transfers,of which payable to subsector S1312",holdout,4,1,4,0.0
GF0301,Police services,D7_S1312,"Other current transfers,of which payable to subsector S1312",train,20,1,20,0.0
GF0301,Police services,D7_S1313,"Other current transfers,of which payable to subsector S1313",holdout,4,1,4,0.0
GF0301,Police services,D7_S1313,"Other current transfers,of which payable to subsector S1313",train,20,1,20,0.0
GF0301,Police services,D7_S1314,"Other current transfers,of which payable to subsector S1314",holdout,4,1,4,0.0
GF0301,Police services,D7_S1314,"Other current transfers,of which payable to subsector S1314",train,20,1,20,0.0
GF0301,Police services,D9,Capital transfers,holdout,115,29,5,1694.3
GF0301,Police services,D9,Capital transfers,train,677,30,26,2032.3
GF0301,Police services,D92,Investment grants,holdout,114,29,5,368.4
GF0301,Police services,D92,Investment grants,train,664,30,26,817.5
GF0301,Police services,D9_S1311,"Capital transfers, expenditure, of which to subsector central government (S1311)",holdout,4,1,4,0.0
GF0301,Police services,D9_S1311,"Capital transfers, expenditure, of which to subsector central government (S1311)",train,20,1,20,0.0
GF0301,Police services,D9_S1312,"Capital transfers, expenditure, of which to subsector state government (S1312)",holdout,4,1,4,0.0
GF0301,Police services,D9_S1312,"Capital transfers, expenditure, of which to subsector state government (S1312)",train,20,1,20,0.0
GF0301,Police services,D9_S1313,"Capital transfers, expenditure, of which to subsector local government (S1313)",holdout,4,1,4,0.0
GF0301,Police services,D9_S1313,"Capital transfers, expenditure, of which to subsector local government (S1313)",train,20,1,20,0.0
GF0301,Police services,D9_S1314,"Capital transfers, expenditure, of which to subsector social security funds (S1314)",holdout,4,1,4,0.0
GF0301,Police services,D9_S1314,"Capital transfers, expenditure, of which to subsector social security funds (S1314)",train,20,1,20,0.0
GF0301,Police services,NP,Acquisitions less disposals of non-financial non-produced assets,holdout,110,28,5,159.3
GF0301,Police services,NP,Acquisitions less disposals of non-financial non-produced assets,train,639,29,26,616.4
GF0301,Police services,OP5ANP,Gross capital formation and acquisitions less disposals of non-financial non-produced assets,holdout,121,30,5,36045.3
GF0301,Police services,OP5ANP,Gross capital formation and acquisitions less disposals of non-financial non-produced assets,train,698,30,26,113857.7
GF0301,Police services,P2,Intermediate consumption,holdout,121,30,5,94451.8
GF0301,Police services,P2,Intermediate consumption,train,698,30,26,336119.4
GF0301,Police services,P2_D29_D5_D8,"Intermediate consumption; other taxes on production; current taxes on income, wealth, etc.; adjustment for the change in pension entitlements",holdout,117,29,5,98743.3
GF0301,Police services,P2_D29_D5_D8,"Intermediate consumption; other taxes on production; current taxes on income, wealth, etc.; adjustment for the change in pension entitlements",train,672,29,26,354748.0
GF0301,Police services,P3,Final consumption expenditure,holdout,121,30,5,604987.0
GF0301,Police services,P3,Final consumption expenditure,train,697,30,26,2253906.1
GF0301,Police services,P31,Individual consumption expenditure,holdout,77,19,5,0.0
GF0301,Police services,P31,Individual consumption expenditure,train,474,20,26,0.0
GF0301,Police services,P32,Collective consumption expenditure,holdout,109,27,5,476248.2
GF0301,Police services,P32,Collective consumption expenditure,train,639,27,26,1809403.5
GF0301,Police services,P5,Gross capital formation,holdout,121,30,5,35930.5
GF0301,Police services,P5,Gross capital formation,train,698,30,26,113483.8
GF0301,Police services,P51G,Gross fixed capital formation,holdout,121,30,5,35924.0
GF0301,Police services,P51G,Gross fixed capital formation,train,698,30,26,114063.2
GF0301,Police services,TE,Total general government expenditure,holdout,121,30,5,634465.7
GF0301,Police services,TE,Total general government expenditure,train,698,30,26,2359901.9
GF0302,Fire-protection services,D1,Compensation of employees,holdout,121,30,5,87431.4
GF0302,Fire-protection services,D1,Compensation of employees,train,698,30,26,301570.1
GF0302,Fire-protection services,D29_D5_D8,"""Other taxes on production; current taxes on income, wealth, etc; adjustment for the change in pension entitlements""",holdout,113,28,5,1335.5
GF0302,Fire-protection services,D29_D5_D8,"""Other taxes on production; current taxes on income, wealth, etc; adjustment for the change in pension entitlements""",train,636,28,26,4886.2
GF0302,Fire-protection services,D3,Subsidies,holdout,116,29,5,263.0
GF0302,Fire-protection services,D3,Subsidies,train,659,29,26,1030.8
GF0302,Fire-protection services,D4,Property income,holdout,105,26,5,32.1
GF0302,Fire-protection services,D4,Property income,train,622,27,26,27.9
GF0302,Fire-protection services,D4_S1311,"Property income, of which payable to subsector S1311",holdout,4,1,4,0.0
GF0302,Fire-protection services,D4_S1311,"Property income, of which payable to subsector S1311",train,20,1,20,0.0
GF0302,Fire-protection services,D4_S1312,"Property income, of which payable to subsector S1312",holdout,4,1,4,0.0
GF0302,Fire-protection services,D4_S1312,"Property income, of which payable to subsector S1312",train,20,1,20,0.0
GF0302,Fire-protection services,D4_S1313,"Property income, of which payable to subsector S1313",holdout,4,1,4,0.0
GF0302,Fire-protection services,D4_S1313,"Property income, of which payable to subsector S1313",train,20,1,20,0.0
GF0302,Fire-protection services,D4_S1314,"Property income, of which payable to subsector S1314",holdout,4,1,4,0.0
GF0302,Fire-protection services,D4_S1314,"Property income, of which payable to subsector S1314",train,20,1,20,0.0
GF0302,Fire-protection services,D62,Social benefits other than social transfers in kind,holdout,105,26,5,0.0
GF0302,Fire-protection services,D62,Social benefits other than social transfers in kind,train,588,26,26,21.6
GF0302,Fire-protection services,D62_D632,Social benefits other than social transfers in kind and social transfers in kind - purchased market production,holdout,105,26,5,0.0
GF0302,Fire-protection services,D62_D632,Social benefits other than social transfers in kind and social transfers in kind - purchased market production,train,611,26,26,21.6
GF0302,Fire-protection services,D632,Social transfers in kind - purchased market production,holdout,105,26,5,0.0
GF0302,Fire-protection services,D632,Social transfers in kind - purchased market production,train,588,26,26,0.0
GF0302,Fire-protection services,D7,Other current transfers,holdout,121,30,5,3343.1
GF0302,Fire-protection services,D7,Other current transfers,train,681,30,26,12052.4
GF0302,Fire-protection services,D7_S1311,"Other current transfers,of which payable to subsector S1311",holdout,4,1,4,0.0
GF0302,Fire-protection services,D7_S1311,"Other current transfers,of which payable to subsector S1311",train,20,1,20,0.0
GF0302,Fire-protection services,D7_S1312,"Other current transfers,of which payable to subsector S1312",holdout,4,1,4,0.0
GF0302,Fire-protection services,D7_S1312,"Other current transfers,of which payable to subsector S1312",train,20,1,20,0.0
GF0302,Fire-protection services,D7_S1313,"Other current transfers,of which payable to subsector S1313",holdout,4,1,4,0.0
GF0302,Fire-protection services,D7_S1313,"Other current transfers,of which payable to subsector S1313",train,20,1,20,0.0
GF0302,Fire-protection services,D7_S1314,"Other current transfers,of which payable to subsector S1314",holdout,4,1,4,0.0
GF0302,Fire-protection services,D7_S1314,"Other current transfers,of which payable to subsector S1314",train,20,1,20,0.0
GF0302,Fire-protection services,D9,Capital transfers,holdout,114,29,5,1778.2
GF0302,Fire-protection services,D9,Capital transfers,train,673,30,26,3815.3
GF0302,Fire-protection services,D92,Investment grants,holdout,114,29,5,1442.6
GF0302,Fire-protection services,D92,Investment grants,train,656,29,26,3183.1
GF0302,Fire-protection services,D9_S1311,"Capital transfers, expenditure, of which to subsector central government (S1311)",holdout,4,1,4,0.0
GF0302,Fire-protection services,D9_S1311,"Capital transfers, expenditure, of which to subsector central government (S1311)",train,20,1,20,0.0
GF0302,Fire-protection services,D9_S1312,"Capital transfers, expenditure, of which to subsector state government (S1312)",holdout,4,1,4,0.0
GF0302,Fire-protection services,D9_S1312,"Capital transfers, expenditure, of which to subsector state government (S1312)",train,20,1,20,0.0
GF0302,Fire-protection services,D9_S1313,"Capital transfers, expenditure, of which to subsector local government (S1313)",holdout,4,1,4,0.0
GF0302,Fire-protection services,D9_S1313,"Capital transfers, expenditure, of which to subsector local government (S1313)",train,20,1,20,0.0
GF0302,Fire-protection services,D9_S1314,"Capital transfers, expenditure, of which to subsector social security funds (S1314)",holdout,4,1,4,0.0
GF0302,Fire-protection services,D9_S1314,"Capital transfers, expenditure, of which to subsector social security funds (S1314)",train,20,1,20,0.0
GF0302,Fire-protection services,NP,Acquisitions less disposals of non-financial non-produced assets,holdout,111,28,5,186.6
GF0302,Fire-protection services,NP,Acquisitions less disposals of non-financial non-produced assets,train,640,29,26,608.1
GF0302,Fire-protection services,OP5ANP,Gross capital formation and acquisitions less disposals of non-financial non-produced assets,holdout,121,30,5,29313.5
GF0302,Fire-protection services,OP5ANP,Gross capital formation and acquisitions less disposals of non-financial non-produced assets,train,697,30,26,82163.6
GF0302,Fire-protection services,P2,Intermediate consumption,holdout,121,30,5,41520.1
GF0302,Fire-protection services,P2,Intermediate consumption,train,693,30,26,121819.2
GF0302,Fire-protection services,P2_D29_D5_D8,"Intermediate consumption; other taxes on production; current taxes on income, wealth, etc.; adjustment for the change in pension entitlements",holdout,117,29,5,42214.4
GF0302,Fire-protection services,P2_D29_D5_D8,"Intermediate consumption; other taxes on production; current taxes on income, wealth, etc.; adjustment for the change in pension entitlements",train,667,29,26,124262.1
GF0302,Fire-protection services,P3,Final consumption expenditure,holdout,121,30,5,128571.8
GF0302,Fire-protection services,P3,Final consumption expenditure,train,691,30,26,422055.3
GF0302,Fire-protection services,P31,Individual consumption expenditure,holdout,77,19,5,0.0
GF0302,Fire-protection services,P31,Individual consumption expenditure,train,474,20,26,0.0
GF0302,Fire-protection services,P32,Collective consumption expenditure,holdout,109,27,5,95451.0
GF0302,Fire-protection services,P32,Collective consumption expenditure,train,633,27,26,328095.8
GF0302,Fire-protection services,P5,Gross capital formation,holdout,121,30,5,29163.0
GF0302,Fire-protection services,P5,Gross capital formation,train,697,30,26,81744.3
GF0302,Fire-protection services,P51G,Gross fixed capital formation,holdout,121,30,5,29166.7
GF0302,Fire-protection services,P51G,Gross fixed capital formation,train,697,30,26,81595.3
GF0302,Fire-protection services,TE,Total general government expenditure,holdout,121,30,5,165015.1
GF0302,Fire-protection services,TE,Total general government expenditure,train,698,30,26,527187.6
GF0303,Law courts,D1,Compensation of employees,holdout,121,30,5,149164.1
GF0303,Law courts,D1,Compensation of employees,train,698,30,26,546982.7
GF0303,Law courts,D29_D5_D8,"""Other taxes on production; current taxes on income, wealth, etc; adjustment for the change in pension entitlements""",holdout,109,27,5,2160.3
GF0303,Law courts,D29_D5_D8,"""Other taxes on production; current taxes on income, wealth, etc; adjustment for the change in pension entitlements""",train,636,28,26,7708.5
GF0303,Law courts,D3,Subsidies,holdout,117,29,5,159.1
GF0303,Law courts,D3,Subsidies,train,641,29,26,158.4
GF0303,Law courts,D4,Property income,holdout,105,26,5,6.2
GF0303,Law courts,D4,Property income,train,611,26,26,7.6
GF0303,Law courts,D4_S1311,"Property income, of which payable to subsector S1311",holdout,4,1,4,0.0
GF0303,Law courts,D4_S1311,"Property income, of which payable to subsector S1311",train,20,1,20,0.0
GF0303,Law courts,D4_S1312,"Property income, of which payable to subsector S1312",holdout,4,1,4,0.0
GF0303,Law courts,D4_S1312,"Property income, of which payable to subsector S1312",train,20,1,20,0.0
GF0303,Law courts,D4_S1313,"Property income, of which payable to subsector S1313",holdout,4,1,4,0.0
GF0303,Law courts,D4_S1313,"Property income, of which payable to subsector S1313",train,20,1,20,0.0
GF0303,Law courts,D4_S1314,"Property income, of which payable to subsector S1314",holdout,4,1,4,0.0
GF0303,Law courts,D4_S1314,"Property income, of which payable to subsector S1314",train,20,1,20,0.0
GF0303,Law courts,D62,Social benefits other than social transfers in kind,holdout,105,26,5,17.4
GF0303,Law courts,D62,Social benefits other than social transfers in kind,train,588,26,26,250.4
GF0303,Law courts,D62_D632,Social benefits other than social transfers in kind and social transfers in kind - purchased market production,holdout,105,26,5,17.4
GF0303,Law courts,D62_D632,Social benefits other than social transfers in kind and social transfers in kind - purchased market production,train,611,26,26,250.4
GF0303,Law courts,D632,Social transfers in kind - purchased market production,holdout,105,26,5,0.0
GF0303,Law courts,D632,Social transfers in kind - purchased market production,train,588,26,26,0.0
GF0303,Law courts,D7,Other current transfers,holdout,121,30,5,5194.3
GF0303,Law courts,D7,Other current transfers,train,670,30,26,14468.1
GF0303,Law courts,D7_S1311,"Other current transfers,of which payable to subsector S1311",holdout,4,1,4,0.0
GF0303,Law courts,D7_S1311,"Other current transfers,of which payable to subsector S1311",train,20,1,20,0.0
GF0303,Law courts,D7_S1312,"Other current transfers,of which payable to subsector S1312",holdout,4,1,4,0.0
GF0303,Law courts,D7_S1312,"Other current transfers,of which payable to subsector S1312",train,20,1,20,0.0
GF0303,Law courts,D7_S1313,"Other current transfers,of which payable to subsector S1313",holdout,4,1,4,0.0
GF0303,Law courts,D7_S1313,"Other current transfers,of which payable to subsector S1313",train,20,1,20,0.0
GF0303,Law courts,D7_S1314,"Other current transfers,of which payable to subsector S1314",holdout,4,1,4,0.0
GF0303,Law courts,D7_S1314,"Other current transfers,of which payable to subsector S1314",train,20,1,20,0.0
GF0303,Law courts,D9,Capital transfers,holdout,109,27,5,662.3
GF0303,Law courts,D9,Capital transfers,train,638,28,26,243.1
GF0303,Law courts,D92,Investment grants,holdout,109,27,5,32.2
GF0303,Law courts,D92,Investment grants,train,631,28,26,58.0
GF0303,Law courts,D9_S1311,"Capital transfers, expenditure, of which to subsector central government (S1311)",holdout,4,1,4,0.0
GF0303,Law courts,D9_S1311,"Capital transfers, expenditure, of which to subsector central government (S1311)",train,20,1,20,0.0
GF0303,Law courts,D9_S1312,"Capital transfers, expenditure, of which to subsector state government (S1312)",holdout,4,1,4,0.0
GF0303,Law courts,D9_S1312,"Capital transfers, expenditure, of which to subsector state government (S1312)",train,20,1,20,0.0
GF0303,Law courts,D9_S1313,"Capital transfers, expenditure, of which to subsector local government (S1313)",holdout,4,1,4,0.0
GF0303,Law courts,D9_S1313,"Capital transfers, expenditure, of which to subsector local government (S1313)",train,20,1,20,0.0
GF0303,Law courts,D9_S1314,"Capital transfers, expenditure, of which to subsector social security funds (S1314)",holdout,4,1,4,0.0
GF0303,Law courts,D9_S1314,"Capital transfers, expenditure, of which to subsector social security funds (S1314)",train,20,1,20,0.0
GF0303,Law courts,NP,Acquisitions less disposals of non-financial non-produced assets,holdout,113,29,5,44.0
GF0303,Law courts,NP,Acquisitions less disposals of non-financial non-produced assets,train,644,29,26,257.0
GF0303,Law courts,OP5ANP,Gross capital formation and acquisitions less disposals of non-financial non-produced assets,holdout,121,30,5,9395.6
GF0303,Law courts,OP5ANP,Gross capital formation and acquisitions less disposals of non-financial non-produced assets,train,697,30,26,33442.5
GF0303,Law courts,P2,Intermediate consumption,holdout,121,30,5,56837.0
GF0303,Law courts,P2,Intermediate consumption,train,697,30,26,221363.0
GF0303,Law courts,P2_D29_D5_D8,"Intermediate consumption; other taxes on production; current taxes on income, wealth, etc.; adjustment for the change in pension entitlements",holdout,117,29,5,58045.5
GF0303,Law courts,P2_D29_D5_D8,"Intermediate consumption; other taxes on production; current taxes on income, wealth, etc.; adjustment for the change in pension entitlements",train,671,29,26,224417.0
GF0303,Law courts,P3,Final consumption expenditure,holdout,121,30,5,182706.5
GF0303,Law courts,P3,Final consumption expenditure,train,697,30,26,679243.7
GF0303,Law courts,P31,Individual consumption expenditure,holdout,77,19,5,0.0
GF0303,Law courts,P31,Individual consumption expenditure,train,474,20,26,0.0
GF0303,Law courts,P32,Collective consumption expenditure,holdout,109,27,5,144288.9
GF0303,Law courts,P32,Collective consumption expenditure,train,639,27,26,521933.4
GF0303,Law courts,P5,Gross capital formation,holdout,121,30,5,9356.8
GF0303,Law courts,P5,Gross capital formation,train,697,30,26,33224.0
GF0303,Law courts,P51G,Gross fixed capital formation,holdout,121,30,5,9362.1
GF0303,Law courts,P51G,Gross fixed capital formation,train,697,30,26,33507.6
GF0303,Law courts,TE,Total general government expenditure,holdout,121,30,5,223595.9
GF0303,Law courts,TE,Total general government expenditure,train,698,30,26,824617.3
GF0304,Prisons,D1,Compensation of employees,holdout,121,30,5,71324.4
GF0304,Prisons,D1,Compensation of employees,train,698,30,26,266239.7
GF0304,Prisons,D29_D5_D8,"""Other taxes on production; current taxes on income, wealth, etc; adjustment for the change in pension entitlements""",holdout,109,27,5,1402.4
GF0304,Prisons,D29_D5_D8,"""Other taxes on production; current taxes on income, wealth, etc; adjustment for the change in pension entitlements""",train,631,27,26,5039.7
GF0304,Prisons,D3,Subsidies,holdout,112,28,5,404.7
GF0304,Prisons,D3,Subsidies,train,650,29,26,192.2
GF0304,Prisons,D4,Property income,holdout,105,26,5,1.9
GF0304,Prisons,D4,Property income,train,611,26,26,34.6
GF0304,Prisons,D4_S1311,"Property income, of which payable to subsector S1311",holdout,4,1,4,0.0
GF0304,Prisons,D4_S1311,"Property income, of which payable to subsector S1311",train,20,1,20,0.0
GF0304,Prisons,D4_S1312,"Property income, of which payable to subsector S1312",holdout,4,1,4,0.0
GF0304,Prisons,D4_S1312,"Property income, of which payable to subsector S1312",train,20,1,20,0.0
GF0304,Prisons,D4_S1313,"Property income, of which payable to subsector S1313",holdout,4,1,4,0.0
GF0304,Prisons,D4_S1313,"Property income, of which payable to subsector S1313",train,20,1,20,0.0
GF0304,Prisons,D4_S1314,"Property income, of which payable to subsector S1314",holdout,4,1,4,0.0
GF0304,Prisons,D4_S1314,"Property income, of which payable to subsector S1314",train,20,1,20,0.0
GF0304,Prisons,D62,Social benefits other than social transfers in kind,holdout,105,26,5,0.0
GF0304,Prisons,D62,Social benefits other than social transfers in kind,train,588,26,26,0.0
GF0304,Prisons,D62_D632,Social benefits other than social transfers in kind and social transfers in kind - purchased market production,holdout,105,26,5,0.0
GF0304,Prisons,D62_D632,Social benefits other than social transfers in kind and social transfers in kind - purchased market production,train,611,26,26,0.0
GF0304,Prisons,D632,Social transfers in kind - purchased market production,holdout,105,26,5,0.0
GF0304,Prisons,D632,Social transfers in kind - purchased market production,train,588,26,26,0.0
GF0304,Prisons,D7,Other current transfers,holdout,121,30,5,809.8
GF0304,Prisons,D7,Other current transfers,train,671,30,26,6357.4
GF0304,Prisons,D7_S1311,"Other current transfers,of which payable to subsector S1311",holdout,4,1,4,0.0
GF0304,Prisons,D7_S1311,"Other current transfers,of which payable to subsector S1311",train,20,1,20,0.0
GF0304,Prisons,D7_S1312,"Other current transfers,of which payable to subsector S1312",holdout,4,1,4,0.0
GF0304,Prisons,D7_S1312,"Other current transfers,of which payable to subsector S1312",train,20,1,20,0.0
GF0304,Prisons,D7_S1313,"Other current transfers,of which payable to subsector S1313",holdout,4,1,4,0.0
GF0304,Prisons,D7_S1313,"Other current transfers,of which payable to subsector S1313",train,20,1,20,0.0
GF0304,Prisons,D7_S1314,"Other current transfers,of which payable to subsector S1314",holdout,4,1,4,0.0
GF0304,Prisons,D7_S1314,"Other current transfers,of which payable to subsector S1314",train,20,1,20,0.0
GF0304,Prisons,D9,Capital transfers,holdout,109,27,5,54.3
GF0304,Prisons,D9,Capital transfers,train,637,28,26,529.0
GF0304,Prisons,D92,Investment grants,holdout,109,27,5,26.4
GF0304,Prisons,D92,Investment grants,train,634,28,26,492.3
GF0304,Prisons,D9_S1311,"Capital transfers, expenditure, of which to subsector central government (S1311)",holdout,4,1,4,0.0
GF0304,Prisons,D9_S1311,"Capital transfers, expenditure, of which to subsector central government (S1311)",train,20,1,20,0.0
GF0304,Prisons,D9_S1312,"Capital transfers, expenditure, of which to subsector state government (S1312)",holdout,4,1,4,0.0
GF0304,Prisons,D9_S1312,"Capital transfers, expenditure, of which to subsector state government (S1312)",train,20,1,20,0.0
GF0304,Prisons,D9_S1313,"Capital transfers, expenditure, of which to subsector local government (S1313)",holdout,4,1,4,0.0
GF0304,Prisons,D9_S1313,"Capital transfers, expenditure, of which to subsector local government (S1313)",train,20,1,20,0.0
GF0304,Prisons,D9_S1314,"Capital transfers, expenditure, of which to subsector social security funds (S1314)",holdout,4,1,4,0.0
GF0304,Prisons,D9_S1314,"Capital transfers, expenditure, of which to subsector social security funds (S1314)",train,20,1,20,0.0
GF0304,Prisons,NP,Acquisitions less disposals of non-financial non-produced assets,holdout,110,28,5,11.6
GF0304,Prisons,NP,Acquisitions less disposals of non-financial non-produced assets,train,638,28,26,195.8
GF0304,Prisons,OP5ANP,Gross capital formation and acquisitions less disposals of non-financial non-produced assets,holdout,121,30,5,8277.7
GF0304,Prisons,OP5ANP,Gross capital formation and acquisitions less disposals of non-financial non-produced assets,train,698,30,26,30050.8
GF0304,Prisons,P2,Intermediate consumption,holdout,121,30,5,30122.1
GF0304,Prisons,P2,Intermediate consumption,train,698,30,26,103150.2
GF0304,Prisons,P2_D29_D5_D8,"Intermediate consumption; other taxes on production; current taxes on income, wealth, etc.; adjustment for the change in pension entitlements",holdout,117,29,5,30698.0
GF0304,Prisons,P2_D29_D5_D8,"Intermediate consumption; other taxes on production; current taxes on income, wealth, etc.; adjustment for the change in pension entitlements",train,672,29,26,105785.3
GF0304,Prisons,P3,Final consumption expenditure,holdout,121,30,5,106279.7
GF0304,Prisons,P3,Final consumption expenditure,train,698,30,26,386661.9
GF0304,Prisons,P31,Individual consumption expenditure,holdout,77,19,5,0.0
GF0304,Prisons,P31,Individual consumption expenditure,train,474,20,26,0.0
GF0304,Prisons,P32,Collective consumption expenditure,holdout,109,27,5,88442.7
GF0304,Prisons,P32,Collective consumption expenditure,train,640,27,26,320354.2
GF0304,Prisons,P5,Gross capital formation,holdout,121,30,5,8272.7
GF0304,Prisons,P5,Gross capital formation,train,697,30,26,29868.7
GF0304,Prisons,P51G,Gross fixed capital formation,holdout,121,30,5,8245.1
GF0304,Prisons,P51G,Gross fixed capital formation,train,697,30,26,30079.8
GF0304,Prisons,TE,Total general government expenditure,holdout,121,30,5,112397.4
GF0304,Prisons,TE,Total general government expenditure,train,698,30,26,411573.3
GF0305,R&D Public order and safety,D1,Compensation of employees,holdout,121,30,5,1004.4
GF0305,R&D Public order and safety,D1,Compensation of employees,train,683,30,26,2200.6
GF0305,R&D Public order and safety,D29_D5_D8,"""Other taxes on production; current taxes on income, wealth, etc; adjustment for the change in pension entitlements""",holdout,109,27,5,15.5
GF0305,R&D Public order and safety,D29_D5_D8,"""Other taxes on production; current taxes on income, wealth, etc; adjustment for the change in pension entitlements""",train,631,27,26,19.8
GF0305,R&D Public order and safety,D3,Subsidies,holdout,109,27,5,0.4
GF0305,R&D Public order and safety,D3,Subsidies,train,636,28,26,88.5
GF0305,R&D Public order and safety,D4,Property income,holdout,105,26,5,0.0
GF0305,R&D Public order and safety,D4,Property income,train,611,26,26,0.0
GF0305,R&D Public order and safety,D4_S1311,"Property income, of which payable to subsector S1311",holdout,4,1,4,0.0
GF0305,R&D Public order and safety,D4_S1311,"Property income, of which payable to subsector S1311",train,20,1,20,0.0
GF0305,R&D Public order and safety,D4_S1312,"Property income, of which payable to subsector S1312",holdout,4,1,4,0.0
GF0305,R&D Public order and safety,D4_S1312,"Property income, of which payable to subsector S1312",train,20,1,20,0.0
GF0305,R&D Public order and safety,D4_S1313,"Property income, of which payable to subsector S1313",holdout,4,1,4,0.0
GF0305,R&D Public order and safety,D4_S1313,"Property income, of which payable to subsector S1313",train,20,1,20,0.0
GF0305,R&D Public order and safety,D4_S1314,"Property income, of which payable to subsector S1314",holdout,4,1,4,0.0
GF0305,R&D Public order and safety,D4_S1314,"Property income, of which payable to subsector S1314",train,20,1,20,0.0
GF0305,R&D Public order and safety,D62,Social benefits other than social transfers in kind,holdout,105,26,5,0.0
GF0305,R&D Public order and safety,D62,Social benefits other than social transfers in kind,train,588,26,26,0.0
GF0305,R&D Public order and safety,D62_D632,Social benefits other than social transfers in kind and social transfers in kind - purchased market production,holdout,105,26,5,0.0
GF0305,R&D Public order and safety,D62_D632,Social benefits other than social transfers in kind and social transfers in kind - purchased market production,train,611,26,26,0.0
GF0305,R&D Public order and safety,D632,Social transfers in kind - purchased market production,holdout,105,26,5,0.0
GF0305,R&D Public order and safety,D632,Social transfers in kind - purchased market production,train,588,26,26,0.0
GF0305,R&D Public order and safety,D7,Other current transfers,holdout,121,30,5,33.5
GF0305,R&D Public order and safety,D7,Other current transfers,train,661,30,26,84.4
GF0305,R&D Public order and safety,D7_S1311,"Other current transfers,of which payable to subsector S1311",holdout,4,1,4,0.0
GF0305,R&D Public order and safety,D7_S1311,"Other current transfers,of which payable to subsector S1311",train,20,1,20,0.0
GF0305,R&D Public order and safety,D7_S1312,"Other current transfers,of which payable to subsector S1312",holdout,4,1,4,0.0
GF0305,R&D Public order and safety,D7_S1312,"Other current transfers,of which payable to subsector S1312",train,20,1,20,0.0
GF0305,R&D Public order and safety,D7_S1313,"Other current transfers,of which payable to subsector S1313",holdout,4,1,4,0.0
GF0305,R&D Public order and safety,D7_S1313,"Other current transfers,of which payable to subsector S1313",train,20,1,20,0.0
GF0305,R&D Public order and safety,D7_S1314,"Other current transfers,of which payable to subsector S1314",holdout,4,1,4,0.0
GF0305,R&D Public order and safety,D7_S1314,"Other current transfers,of which payable to subsector S1314",train,20,1,20,0.0
GF0305,R&D Public order and safety,D9,Capital transfers,holdout,109,27,5,20.0
GF0305,R&D Public order and safety,D9,Capital transfers,train,634,28,26,1.6
GF0305,R&D Public order and safety,D92,Investment grants,holdout,109,27,5,20.0
GF0305,R&D Public order and safety,D92,Investment grants,train,632,28,26,1.0
GF0305,R&D Public order and safety,D9_S1311,"Capital transfers, expenditure, of which to subsector central government (S1311)",holdout,4,1,4,0.0
GF0305,R&D Public order and safety,D9_S1311,"Capital transfers, expenditure, of which to subsector central government (S1311)",train,20,1,20,0.0
GF0305,R&D Public order and safety,D9_S1312,"Capital transfers, expenditure, of which to subsector state government (S1312)",holdout,4,1,4,0.0
GF0305,R&D Public order and safety,D9_S1312,"Capital transfers, expenditure, of which to subsector state government (S1312)",train,20,1,20,0.0
GF0305,R&D Public order and safety,D9_S1313,"Capital transfers, expenditure, of which to subsector local government (S1313)",holdout,4,1,4,0.0
GF0305,R&D Public order and safety,D9_S1313,"Capital transfers, expenditure, of which to subsector local government (S1313)",train,20,1,20,0.0
GF0305,R&D Public order and safety,D9_S1314,"Capital transfers, expenditure, of which to subsector social security funds (S1314)",holdout,4,1,4,0.0
GF0305,R&D Public order and safety,D9_S1314,"Capital transfers, expenditure, of which to subsector social security funds (S1314)",train,20,1,20,0.0
GF0305,R&D Public order and safety,NP,Acquisitions less disposals of non-financial non-produced assets,holdout,110,28,5,0.0
GF0305,R&D Public order and safety,NP,Acquisitions less disposals of non-financial non-produced assets,train,631,27,26,0.0
GF0305,R&D Public order and safety,OP5ANP,Gross capital formation and acquisitions less disposals of non-financial non-produced assets,holdout,121,30,5,1394.8
GF0305,R&D Public order and safety,OP5ANP,Gross capital formation and acquisitions less disposals of non-financial non-produced assets,train,682,30,26,3603.7
GF0305,R&D Public order and safety,P2,Intermediate consumption,holdout,121,30,5,658.0
GF0305,R&D Public order and safety,P2,Intermediate consumption,train,685,30,26,1357.8
GF0305,R&D Public order and safety,P2_D29_D5_D8,"Intermediate consumption; other taxes on production; current taxes on income, wealth, etc.; adjustment for the change in pension entitlements",holdout,117,29,5,673.6
GF0305,R&D Public order and safety,P2_D29_D5_D8,"Intermediate consumption; other taxes on production; current taxes on income, wealth, etc.; adjustment for the change in pension entitlements",train,659,29,26,1377.2
GF0305,R&D Public order and safety,P3,Final consumption expenditure,holdout,121,30,5,1048.6
GF0305,R&D Public order and safety,P3,Final consumption expenditure,train,685,30,26,2470.9
GF0305,R&D Public order and safety,P31,Individual consumption expenditure,holdout,77,19,5,0.0
GF0305,R&D Public order and safety,P31,Individual consumption expenditure,train,474,20,26,0.0
GF0305,R&D Public order and safety,P32,Collective consumption expenditure,holdout,109,27,5,996.2
GF0305,R&D Public order and safety,P32,Collective consumption expenditure,train,627,27,26,2326.9
GF0305,R&D Public order and safety,P5,Gross capital formation,holdout,121,30,5,1394.8
GF0305,R&D Public order and safety,P5,Gross capital formation,train,681,30,26,3604.2
GF0305,R&D Public order and safety,P51G,Gross fixed capital formation,holdout,121,30,5,1396.2
GF0305,R&D Public order and safety,P51G,Gross fixed capital formation,train,680,30,26,3601.6
GF0305,R&D Public order and safety,TE,Total general government expenditure,holdout,121,30,5,3126.4
GF0305,R&D Public order and safety,TE,Total general government expenditure,train,685,30,26,7348.2
GF0306,Public order and safety n.e.c.,D1,Compensation of employees,holdout,121,30,5,36248.4
GF0306,Public order and safety n.e.c.,D1,Compensation of employees,train,695,30,26,105042.1
GF0306,Public order and safety n.e.c.,D29_D5_D8,"""Other taxes on production; current taxes on income, wealth, etc; adjustment for the change in pension entitlements""",holdout,113,28,5,199.6
GF0306,Public order and safety n.e.c.,D29_D5_D8,"""Other taxes on production; current taxes on income, wealth, etc; adjustment for the change in pension entitlements""",train,638,28,26,513.4
GF0306,Public order and safety n.e.c.,D3,Subsidies,holdout,113,28,5,341.8
GF0306,Public order and safety n.e.c.,D3,Subsidies,train,648,29,26,737.5
GF0306,Public order and safety n.e.c.,D4,Property income,holdout,105,26,5,0.6
GF0306,Public order and safety n.e.c.,D4,Property income,train,611,26,26,7.8
GF0306,Public order and safety n.e.c.,D4_S1311,"Property income, of which payable to subsector S1311",holdout,4,1,4,0.0
GF0306,Public order and safety n.e.c.,D4_S1311,"Property income, of which payable to subsector S1311",train,20,1,20,0.0
GF0306,Public order and safety n.e.c.,D4_S1312,"Property income, of which payable to subsector S1312",holdout,4,1,4,0.0
GF0306,Public order and safety n.e.c.,D4_S1312,"Property income, of which payable to subsector S1312",train,20,1,20,0.0
GF0306,Public order and safety n.e.c.,D4_S1313,"Property income, of which payable to subsector S1313",holdout,4,1,4,0.0
GF0306,Public order and safety n.e.c.,D4_S1313,"Property income, of which payable to subsector S1313",train,20,1,20,0.0
GF0306,Public order and safety n.e.c.,D4_S1314,"Property income, of which payable to subsector S1314",holdout,4,1,4,0.0
GF0306,Public order and safety n.e.c.,D4_S1314,"Property income, of which payable to subsector S1314",train,20,1,20,0.0
GF0306,Public order and safety n.e.c.,D62,Social benefits other than social transfers in kind,holdout,105,26,5,0.0
GF0306,Public order and safety n.e.c.,D62,Social benefits other than social transfers in kind,train,588,26,26,33.2
GF0306,Public order and safety n.e.c.,D62_D632,Social benefits other than social transfers in kind and social transfers in kind - purchased market production,holdout,105,26,5,0.0
GF0306,Public order and safety n.e.c.,D62_D632,Social benefits other than social transfers in kind and social transfers in kind - purchased market production,train,611,26,26,33.2
GF0306,Public order and safety n.e.c.,D632,Social transfers in kind - purchased market production,holdout,105,26,5,0.0
GF0306,Public order and safety n.e.c.,D632,Social transfers in kind - purchased market production,train,588,26,26,0.0
GF0306,Public order and safety n.e.c.,D7,Other current transfers,holdout,121,30,5,2211.9
GF0306,Public order and safety n.e.c.,D7,Other current transfers,train,680,30,26,6526.6
GF0306,Public order and safety n.e.c.,D7_S1311,"Other current transfers,of which payable to subsector S1311",holdout,4,1,4,0.0
GF0306,Public order and safety n.e.c.,D7_S1311,"Other current transfers,of which payable to subsector S1311",train,20,1,20,0.0
GF0306,Public order and safety n.e.c.,D7_S1312,"Other current transfers,of which payable to subsector S1312",holdout,4,1,4,0.0
GF0306,Public order and safety n.e.c.,D7_S1312,"Other current transfers,of which payable to subsector S1312",train,20,1,20,0.0
GF0306,Public order and safety n.e.c.,D7_S1313,"Other current transfers,of which payable to subsector S1313",holdout,4,1,4,0.0
GF0306,Public order and safety n.e.c.,D7_S1313,"Other current transfers,of which payable to subsector S1313",train,20,1,20,0.0
GF0306,Public order and safety n.e.c.,D7_S1314,"Other current transfers,of which payable to subsector S1314",holdout,4,1,4,0.0
GF0306,Public order and safety n.e.c.,D7_S1314,"Other current transfers,of which payable to subsector S1314",train,20,1,20,0.0
GF0306,Public order and safety n.e.c.,D9,Capital transfers,holdout,114,29,5,487.6
GF0306,Public order and safety n.e.c.,D9,Capital transfers,train,656,30,26,521.1
GF0306,Public order and safety n.e.c.,D92,Investment grants,holdout,113,28,5,209.0
GF0306,Public order and safety n.e.c.,D92,Investment grants,train,655,29,26,464.6
GF0306,Public order and safety n.e.c.,D9_S1311,"Capital transfers, expenditure, of which to subsector central government (S1311)",holdout,4,1,4,0.0
GF0306,Public order and safety n.e.c.,D9_S1311,"Capital transfers, expenditure, of which to subsector central government (S1311)",train,20,1,20,0.0
GF0306,Public order and safety n.e.c.,D9_S1312,"Capital transfers, expenditure, of which to subsector state government (S1312)",holdout,4,1,4,0.0
GF0306,Public order and safety n.e.c.,D9_S1312,"Capital transfers, expenditure, of which to subsector state government (S1312)",train,20,1,20,0.0
GF0306,Public order and safety n.e.c.,D9_S1313,"Capital transfers, expenditure, of which to subsector local government (S1313)",holdout,4,1,4,0.0
GF0306,Public order and safety n.e.c.,D9_S1313,"Capital transfers, expenditure, of which to subsector local government (S1313)",train,20,1,20,0.0
GF0306,Public order and safety n.e.c.,D9_S1314,"Capital transfers, expenditure, of which to subsector social security funds (S1314)",holdout,4,1,4,0.0
GF0306,Public order and safety n.e.c.,D9_S1314,"Capital transfers, expenditure, of which to subsector social security funds (S1314)",train,20,1,20,0.0
GF0306,Public order and safety n.e.c.,NP,Acquisitions less disposals of non-financial non-produced assets,holdout,111,29,5,40.8
GF0306,Public order and safety n.e.c.,NP,Acquisitions less disposals of non-financial non-produced assets,train,643,29,26,149.0
GF0306,Public order and safety n.e.c.,OP5ANP,Gross capital formation and acquisitions less disposals of non-financial non-produced assets,holdout,121,30,5,4589.4
GF0306,Public order and safety n.e.c.,OP5ANP,Gross capital formation and acquisitions less disposals of non-financial non-produced assets,train,691,30,26,15573.1
GF0306,Public order and safety n.e.c.,P2,Intermediate consumption,holdout,121,30,5,22828.3
GF0306,Public order and safety n.e.c.,P2,Intermediate consumption,train,693,30,26,59772.7
GF0306,Public order and safety n.e.c.,P2_D29_D5_D8,"Intermediate consumption; other taxes on production; current taxes on income, wealth, etc.; adjustment for the change in pension entitlements",holdout,117,29,5,22950.4
GF0306,Public order and safety n.e.c.,P2_D29_D5_D8,"Intermediate consumption; other taxes on production; current taxes on income, wealth, etc.; adjustment for the change in pension entitlements",train,667,29,26,59939.3
GF0306,Public order and safety n.e.c.,P3,Final consumption expenditure,holdout,121,30,5,52953.8
GF0306,Public order and safety n.e.c.,P3,Final consumption expenditure,train,697,30,26,137701.9
GF0306,Public order and safety n.e.c.,P31,Individual consumption expenditure,holdout,77,19,5,0.0
GF0306,Public order and safety n.e.c.,P31,Individual consumption expenditure,train,474,20,26,0.0
GF0306,Public order and safety n.e.c.,P32,Collective consumption expenditure,holdout,109,27,5,37352.7
GF0306,Public order and safety n.e.c.,P32,Collective consumption expenditure,train,639,27,26,93837.2
GF0306,Public order and safety n.e.c.,P5,Gross capital formation,holdout,121,30,5,4551.5
GF0306,Public order and safety n.e.c.,P5,Gross capital formation,train,687,30,26,15463.1
GF0306,Public order and safety n.e.c.,P51G,Gross fixed capital formation,holdout,121,30,5,4333.7
GF0306,Public order and safety n.e.c.,P51G,Gross fixed capital formation,train,688,30,26,13659.9
GF0306,Public order and safety n.e.c.,TE,Total general government expenditure,holdout,121,30,5,66677.4
GF0306,Public order and safety n.e.c.,TE,Total general government expenditure,train,697,30,26,188018.7
GF04,Economic affairs,D1,Compensation of employees,holdout,121,30,5,531572.7
GF04,Economic affairs,D1,Compensation of employees,train,767,30,31,2120928.1
GF04,Economic affairs,D29_D5_D8,"""Other taxes on production; current taxes on income, wealth, etc; adjustment for the change in pension entitlements""",holdout,113,28,5,22135.8
GF04,Economic affairs,D29_D5_D8,"""Other taxes on production; current taxes on income, wealth, etc; adjustment for the change in pension entitlements""",train,704,28,31,70111.1
GF04,Economic affairs,D3,Subsidies,holdout,121,30,5,1207558.7
GF04,Economic affairs,D3,Subsidies,train,767,30,31,3520471.6
GF04,Economic affairs,D4,Property income,holdout,111,28,5,729.8
GF04,Economic affairs,D4,Property income,train,681,27,26,2687.4
GF04,Economic affairs,D4_S1311,"Property income, of which payable to subsector S1311",holdout,8,2,4,0.0
GF04,Economic affairs,D4_S1311,"Property income, of which payable to subsector S1311",train,20,1,20,0.0
GF04,Economic affairs,D4_S1312,"Property income, of which payable to subsector S1312",holdout,8,2,4,0.0
GF04,Economic affairs,D4_S1312,"Property income, of which payable to subsector S1312",train,20,1,20,0.0
GF04,Economic affairs,D4_S1313,"Property income, of which payable to subsector S1313",holdout,8,2,4,0.0
GF04,Economic affairs,D4_S1313,"Property income, of which payable to subsector S1313",train,20,1,20,0.0
GF04,Economic affairs,D4_S1314,"Property income, of which payable to subsector S1314",holdout,8,2,4,0.0
GF04,Economic affairs,D4_S1314,"Property income, of which payable to subsector S1314",train,20,1,20,0.0
GF04,Economic affairs,D62,Social benefits other than social transfers in kind,holdout,105,26,5,26216.0
GF04,Economic affairs,D62,Social benefits other than social transfers in kind,train,624,26,31,59650.3
GF04,Economic affairs,D62_D632,Social benefits other than social transfers in kind and social transfers in kind - purchased market production,holdout,105,26,5,26216.0
GF04,Economic affairs,D62_D632,Social benefits other than social transfers in kind and social transfers in kind - purchased market production,train,663,26,31,191630.2
GF04,Economic affairs,D632,Social transfers in kind - purchased market production,holdout,105,26,5,0.0
GF04,Economic affairs,D632,Social transfers in kind - purchased market production,train,614,26,26,0.0
GF04,Economic affairs,D7,Other current transfers,holdout,121,30,5,126769.4
GF04,Economic affairs,D7,Other current transfers,train,763,30,31,442088.3
GF04,Economic affairs,D7_S1311,"Other current transfers,of which payable to subsector S1311",holdout,8,2,4,0.0
GF04,Economic affairs,D7_S1311,"Other current transfers,of which payable to subsector S1311",train,20,1,20,0.0
GF04,Economic affairs,D7_S1312,"Other current transfers,of which payable to subsector S1312",holdout,8,2,4,0.0
GF04,Economic affairs,D7_S1312,"Other current transfers,of which payable to subsector S1312",train,20,1,20,0.0
GF04,Economic affairs,D7_S1313,"Other current transfers,of which payable to subsector S1313",holdout,8,2,4,0.0
GF04,Economic affairs,D7_S1313,"Other current transfers,of which payable to subsector S1313",train,20,1,20,0.0
GF04,Economic affairs,D7_S1314,"Other current transfers,of which payable to subsector S1314",holdout,8,2,4,0.0
GF04,Economic affairs,D7_S1314,"Other current transfers,of which payable to subsector S1314",train,20,1,20,0.0
GF04,Economic affairs,D9,Capital transfers,holdout,121,30,5,583049.6
GF04,Economic affairs,D9,Capital transfers,train,765,30,31,1977710.9
GF04,Economic affairs,D92,Investment grants,holdout,121,30,5,387110.1
GF04,Economic affairs,D92,Investment grants,train,748,30,31,1149432.8
GF04,Economic affairs,D9_S1311,"Capital transfers, expenditure, of which to subsector central government (S1311)",holdout,8,2,4,0.0
GF04,Economic affairs,D9_S1311,"Capital transfers, expenditure, of which to subsector central government (S1311)",train,20,1,20,0.0
GF04,Economic affairs,D9_S1312,"Capital transfers, expenditure, of which to subsector state government (S1312)",holdout,8,2,4,0.0
GF04,Economic affairs,D9_S1312,"Capital transfers, expenditure, of which to subsector state government (S1312)",train,20,1,20,0.0
GF04,Economic affairs,D9_S1313,"Capital transfers, expenditure, of which to subsector local government (S1313)",holdout,8,2,4,0.0
GF04,Economic affairs,D9_S1313,"Capital transfers, expenditure, of which to subsector local government (S1313)",train,20,1,20,0.0
GF04,Economic affairs,D9_S1314,"Capital transfers, expenditure, of which to subsector social security funds (S1314)",holdout,8,2,4,0.0
GF04,Economic affairs,D9_S1314,"Capital transfers, expenditure, of which to subsector social security funds (S1314)",train,20,1,20,0.0
GF04,Economic affairs,NP,Acquisitions less disposals of non-financial non-produced assets,holdout,117,29,5,14230.5
GF04,Economic affairs,NP,Acquisitions less disposals of non-financial non-produced assets,train,738,29,31,74605.8
GF04,Economic affairs,OP5ANP,Gross capital formation and acquisitions less disposals of non-financial non-produced assets,holdout,121,30,5,885858.6
GF04,Economic affairs,OP5ANP,Gross capital formation and acquisitions less disposals of non-financial non-produced assets,train,767,30,31,3427845.6
GF04,Economic affairs,P2,Intermediate consumption,holdout,121,30,5,748058.5
GF04,Economic affairs,P2,Intermediate consumption,train,767,30,31,2644855.2
GF04,Economic affairs,P2_D29_D5_D8,"Intermediate consumption; other taxes on production; current taxes on income, wealth, etc.; adjustment for the change in pension entitlements",holdout,117,29,5,759335.9
GF04,Economic affairs,P2_D29_D5_D8,"Intermediate consumption; other taxes on production; current taxes on income, wealth, etc.; adjustment for the change in pension entitlements",train,741,29,31,2662179.8
GF04,Economic affairs,P3,Final consumption expenditure,holdout,121,30,5,1306846.7
GF04,Economic affairs,P3,Final consumption expenditure,train,767,30,31,4829764.8
GF04,Economic affairs,P31,Individual consumption expenditure,holdout,81,20,5,0.0
GF04,Economic affairs,P31,Individual consumption expenditure,train,508,21,26,0.0
GF04,Economic affairs,P32,Collective consumption expenditure,holdout,109,27,5,971583.6
GF04,Economic affairs,P32,Collective consumption expenditure,train,692,27,31,3622098.1
GF04,Economic affairs,P5,Gross capital formation,holdout,121,30,5,882278.0
GF04,Economic affairs,P5,Gross capital formation,train,767,30,31,3399030.2
GF04,Economic affairs,P51G,Gross fixed capital formation,holdout,121,30,5,863419.4
GF04,Economic affairs,P51G,Gross fixed capital formation,train,767,30,31,3390083.3
GF04,Economic affairs,TE,Total general government expenditure,holdout,121,30,5,4130635.7
GF04,Economic affairs,TE,Total general government expenditure,train,767,30,31,14398260.3
GF0401,"General economic, commercial and labour affairs",D1,Compensation of employees,holdout,121,30,5,94677.6
GF0401,"General economic, commercial and labour affairs",D1,Compensation of employees,train,694,30,26,344894.0
GF0401,"General economic, commercial and labour affairs",D29_D5_D8,"""Other taxes on production; current taxes on income, wealth, etc; adjustment for the change in pension entitlements""",holdout,113,28,5,4096.6
GF0401,"General economic, commercial and labour affairs",D29_D5_D8,"""Other taxes on production; current taxes on income, wealth, etc; adjustment for the change in pension entitlements""",train,646,28,26,10814.9
GF0401,"General economic, commercial and labour affairs",D3,Subsidies,holdout,121,30,5,429985.6
GF0401,"General economic, commercial and labour affairs",D3,Subsidies,train,704,30,26,1003061.0
GF0401,"General economic, commercial and labour affairs",D4,Property income,holdout,109,27,5,153.7
GF0401,"General economic, commercial and labour affairs",D4,Property income,train,629,27,26,418.7
GF0401,"General economic, commercial and labour affairs",D4_S1311,"Property income, of which payable to subsector S1311",holdout,4,1,4,0.0
GF0401,"General economic, commercial and labour affairs",D4_S1311,"Property income, of which payable to subsector S1311",train,20,1,20,0.0
GF0401,"General economic, commercial and labour affairs",D4_S1312,"Property income, of which payable to subsector S1312",holdout,4,1,4,0.0
GF0401,"General economic, commercial and labour affairs",D4_S1312,"Property income, of which payable to subsector S1312",train,20,1,20,0.0
GF0401,"General economic, commercial and labour affairs",D4_S1313,"Property income, of which payable to subsector S1313",holdout,4,1,4,0.0
GF0401,"General economic, commercial and labour affairs",D4_S1313,"Property income, of which payable to subsector S1313",train,20,1,20,0.0
GF0401,"General economic, commercial and labour affairs",D4_S1314,"Property income, of which payable to subsector S1314",holdout,4,1,4,0.0
GF0401,"General economic, commercial and labour affairs",D4_S1314,"Property income, of which payable to subsector S1314",train,20,1,20,0.0
GF0401,"General economic, commercial and labour affairs",D62,Social benefits other than social transfers in kind,holdout,105,26,5,26215.7
GF0401,"General economic, commercial and labour affairs",D62,Social benefits other than social transfers in kind,train,588,26,26,59377.9
GF0401,"General economic, commercial and labour affairs",D62_D632,Social benefits other than social transfers in kind and social transfers in kind - purchased market production,holdout,105,26,5,26215.7
GF0401,"General economic, commercial and labour affairs",D62_D632,Social benefits other than social transfers in kind and social transfers in kind - purchased market production,train,611,26,26,153166.9
GF0401,"General economic, commercial and labour affairs",D632,Social transfers in kind - purchased market production,holdout,105,26,5,0.0
GF0401,"General economic, commercial and labour affairs",D632,Social transfers in kind - purchased market production,train,588,26,26,0.0
GF0401,"General economic, commercial and labour affairs",D7,Other current transfers,holdout,121,30,5,49345.4
GF0401,"General economic, commercial and labour affairs",D7,Other current transfers,train,691,30,26,154818.5
GF0401,"General economic, commercial and labour affairs",D7_S1311,"Other current transfers,of which payable to subsector S1311",holdout,4,1,4,0.0
GF0401,"General economic, commercial and labour affairs",D7_S1311,"Other current transfers,of which payable to subsector S1311",train,20,1,20,0.0
GF0401,"General economic, commercial and labour affairs",D7_S1312,"Other current transfers,of which payable to subsector S1312",holdout,4,1,4,0.0
GF0401,"General economic, commercial and labour affairs",D7_S1312,"Other current transfers,of which payable to subsector S1312",train,20,1,20,0.0
GF0401,"General economic, commercial and labour affairs",D7_S1313,"Other current transfers,of which payable to subsector S1313",holdout,4,1,4,0.0
GF0401,"General economic, commercial and labour affairs",D7_S1313,"Other current transfers,of which payable to subsector S1313",train,20,1,20,0.0
GF0401,"General economic, commercial and labour affairs",D7_S1314,"Other current transfers,of which payable to subsector S1314",holdout,4,1,4,0.0
GF0401,"General economic, commercial and labour affairs",D7_S1314,"Other current transfers,of which payable to subsector S1314",train,20,1,20,0.0
GF0401,"General economic, commercial and labour affairs",D9,Capital transfers,holdout,121,30,5,237758.1
GF0401,"General economic, commercial and labour affairs",D9,Capital transfers,train,693,30,26,670797.1
GF0401,"General economic, commercial and labour affairs",D92,Investment grants,holdout,120,30,5,145848.5
GF0401,"General economic, commercial and labour affairs",D92,Investment grants,train,674,30,26,228740.2
GF0401,"General economic, commercial and labour affairs",D9_S1311,"Capital transfers, expenditure, of which to subsector central government (S1311)",holdout,4,1,4,0.0
GF0401,"General economic, commercial and labour affairs",D9_S1311,"Capital transfers, expenditure, of which to subsector central government (S1311)",train,20,1,20,0.0
GF0401,"General economic, commercial and labour affairs",D9_S1312,"Capital transfers, expenditure, of which to subsector state government (S1312)",holdout,4,1,4,0.0
GF0401,"General economic, commercial and labour affairs",D9_S1312,"Capital transfers, expenditure, of which to subsector state government (S1312)",train,20,1,20,0.0
GF0401,"General economic, commercial and labour affairs",D9_S1313,"Capital transfers, expenditure, of which to subsector local government (S1313)",holdout,4,1,4,0.0
GF0401,"General economic, commercial and labour affairs",D9_S1313,"Capital transfers, expenditure, of which to subsector local government (S1313)",train,20,1,20,0.0
GF0401,"General economic, commercial and labour affairs",D9_S1314,"Capital transfers, expenditure, of which to subsector social security funds (S1314)",holdout,4,1,4,0.0
GF0401,"General economic, commercial and labour affairs",D9_S1314,"Capital transfers, expenditure, of which to subsector social security funds (S1314)",train,20,1,20,0.0
GF0401,"General economic, commercial and labour affairs",NP,Acquisitions less disposals of non-financial non-produced assets,holdout,117,29,5,3177.7
GF0401,"General economic, commercial and labour affairs",NP,Acquisitions less disposals of non-financial non-produced assets,train,678,29,26,14451.2
GF0401,"General economic, commercial and labour affairs",OP5ANP,Gross capital formation and acquisitions less disposals of non-financial non-produced assets,holdout,121,30,5,17384.0
GF0401,"General economic, commercial and labour affairs",OP5ANP,Gross capital formation and acquisitions less disposals of non-financial non-produced assets,train,698,30,26,93929.8
GF0401,"General economic, commercial and labour affairs",P2,Intermediate consumption,holdout,121,30,5,69236.0
GF0401,"General economic, commercial and labour affairs",P2,Intermediate consumption,train,695,30,26,272706.8
GF0401,"General economic, commercial and labour affairs",P2_D29_D5_D8,"Intermediate consumption; other taxes on production; current taxes on income, wealth, etc.; adjustment for the change in pension entitlements",holdout,117,29,5,71452.0
GF0401,"General economic, commercial and labour affairs",P2_D29_D5_D8,"Intermediate consumption; other taxes on production; current taxes on income, wealth, etc.; adjustment for the change in pension entitlements",train,672,29,26,272027.4
GF0401,"General economic, commercial and labour affairs",P3,Final consumption expenditure,holdout,121,30,5,144350.7
GF0401,"General economic, commercial and labour affairs",P3,Final consumption expenditure,train,698,30,26,521945.5
GF0401,"General economic, commercial and labour affairs",P31,Individual consumption expenditure,holdout,77,19,5,0.0
GF0401,"General economic, commercial and labour affairs",P31,Individual consumption expenditure,train,474,20,26,0.0
GF0401,"General economic, commercial and labour affairs",P32,Collective consumption expenditure,holdout,109,27,5,127256.7
GF0401,"General economic, commercial and labour affairs",P32,Collective consumption expenditure,train,640,27,26,453742.7
GF0401,"General economic, commercial and labour affairs",P5,Gross capital formation,holdout,121,30,5,16045.9
GF0401,"General economic, commercial and labour affairs",P5,Gross capital formation,train,695,30,26,83681.4
GF0401,"General economic, commercial and labour affairs",P51G,Gross fixed capital formation,holdout,121,30,5,15917.8
GF0401,"General economic, commercial and labour affairs",P51G,Gross fixed capital formation,train,696,30,26,82647.8
GF0401,"General economic, commercial and labour affairs",TE,Total general government expenditure,holdout,121,30,5,926914.5
GF0401,"General economic, commercial and labour affairs",TE,Total general government expenditure,train,698,30,26,2700916.2
GF0402,"Agriculture, forestry, fishing and hunting",D1,Compensation of employees,holdout,121,30,5,52122.4
GF0402,"Agriculture, forestry, fishing and hunting",D1,Compensation of employees,train,698,30,26,249121.1
GF0402,"Agriculture, forestry, fishing and hunting",D29_D5_D8,"""Other taxes on production; current taxes on income, wealth, etc; adjustment for the change in pension entitlements""",holdout,112,28,5,1103.9
GF0402,"Agriculture, forestry, fishing and hunting",D29_D5_D8,"""Other taxes on production; current taxes on income, wealth, etc; adjustment for the change in pension entitlements""",train,643,28,26,7155.7
GF0402,"Agriculture, forestry, fishing and hunting",D3,Subsidies,holdout,121,30,5,72246.4
GF0402,"Agriculture, forestry, fishing and hunting",D3,Subsidies,train,704,30,26,326521.0
GF0402,"Agriculture, forestry, fishing and hunting",D4,Property income,holdout,105,26,5,18.9
GF0402,"Agriculture, forestry, fishing and hunting",D4,Property income,train,612,27,26,42.7
GF0402,"Agriculture, forestry, fishing and hunting",D4_S1311,"Property income, of which payable to subsector S1311",holdout,4,1,4,0.0
GF0402,"Agriculture, forestry, fishing and hunting",D4_S1311,"Property income, of which payable to subsector S1311",train,20,1,20,0.0
GF0402,"Agriculture, forestry, fishing and hunting",D4_S1312,"Property income, of which payable to subsector S1312",holdout,4,1,4,0.0
GF0402,"Agriculture, forestry, fishing and hunting",D4_S1312,"Property income, of which payable to subsector S1312",train,20,1,20,0.0
GF0402,"Agriculture, forestry, fishing and hunting",D4_S1313,"Property income, of which payable to subsector S1313",holdout,4,1,4,0.0
GF0402,"Agriculture, forestry, fishing and hunting",D4_S1313,"Property income, of which payable to subsector S1313",train,20,1,20,0.0
GF0402,"Agriculture, forestry, fishing and hunting",D4_S1314,"Property income, of which payable to subsector S1314",holdout,4,1,4,0.0
GF0402,"Agriculture, forestry, fishing and hunting",D4_S1314,"Property income, of which payable to subsector S1314",train,20,1,20,0.0
GF0402,"Agriculture, forestry, fishing and hunting",D62,Social benefits other than social transfers in kind,holdout,105,26,5,0.2
GF0402,"Agriculture, forestry, fishing and hunting",D62,Social benefits other than social transfers in kind,train,588,26,26,39.5
GF0402,"Agriculture, forestry, fishing and hunting",D62_D632,Social benefits other than social transfers in kind and social transfers in kind - purchased market production,holdout,105,26,5,0.2
GF0402,"Agriculture, forestry, fishing and hunting",D62_D632,Social benefits other than social transfers in kind and social transfers in kind - purchased market production,train,611,26,26,39.5
GF0402,"Agriculture, forestry, fishing and hunting",D632,Social transfers in kind - purchased market production,holdout,105,26,5,0.0
GF0402,"Agriculture, forestry, fishing and hunting",D632,Social transfers in kind - purchased market production,train,588,26,26,0.0
GF0402,"Agriculture, forestry, fishing and hunting",D7,Other current transfers,holdout,121,30,5,13262.4
GF0402,"Agriculture, forestry, fishing and hunting",D7,Other current transfers,train,690,30,26,39845.1
GF0402,"Agriculture, forestry, fishing and hunting",D7_S1311,"Other current transfers,of which payable to subsector S1311",holdout,4,1,4,0.0
GF0402,"Agriculture, forestry, fishing and hunting",D7_S1311,"Other current transfers,of which payable to subsector S1311",train,20,1,20,0.0
GF0402,"Agriculture, forestry, fishing and hunting",D7_S1312,"Other current transfers,of which payable to subsector S1312",holdout,4,1,4,0.0
GF0402,"Agriculture, forestry, fishing and hunting",D7_S1312,"Other current transfers,of which payable to subsector S1312",train,20,1,20,0.0
GF0402,"Agriculture, forestry, fishing and hunting",D7_S1313,"Other current transfers,of which payable to subsector S1313",holdout,4,1,4,0.0
GF0402,"Agriculture, forestry, fishing and hunting",D7_S1313,"Other current transfers,of which payable to subsector S1313",train,20,1,20,0.0
GF0402,"Agriculture, forestry, fishing and hunting",D7_S1314,"Other current transfers,of which payable to subsector S1314",holdout,4,1,4,0.0
GF0402,"Agriculture, forestry, fishing and hunting",D7_S1314,"Other current transfers,of which payable to subsector S1314",train,20,1,20,0.0
GF0402,"Agriculture, forestry, fishing and hunting",D9,Capital transfers,holdout,121,30,5,31617.9
GF0402,"Agriculture, forestry, fishing and hunting",D9,Capital transfers,train,685,30,26,143363.5
GF0402,"Agriculture, forestry, fishing and hunting",D92,Investment grants,holdout,118,30,5,23431.2
GF0402,"Agriculture, forestry, fishing and hunting",D92,Investment grants,train,672,30,26,117620.6
GF0402,"Agriculture, forestry, fishing and hunting",D9_S1311,"Capital transfers, expenditure, of which to subsector central government (S1311)",holdout,4,1,4,0.0
GF0402,"Agriculture, forestry, fishing and hunting",D9_S1311,"Capital transfers, expenditure, of which to subsector central government (S1311)",train,20,1,20,0.0
GF0402,"Agriculture, forestry, fishing and hunting",D9_S1312,"Capital transfers, expenditure, of which to subsector state government (S1312)",holdout,4,1,4,0.0
GF0402,"Agriculture, forestry, fishing and hunting",D9_S1312,"Capital transfers, expenditure, of which to subsector state government (S1312)",train,20,1,20,0.0
GF0402,"Agriculture, forestry, fishing and hunting",D9_S1313,"Capital transfers, expenditure, of which to subsector local government (S1313)",holdout,4,1,4,0.0
GF0402,"Agriculture, forestry, fishing and hunting",D9_S1313,"Capital transfers, expenditure, of which to subsector local government (S1313)",train,20,1,20,0.0
GF0402,"Agriculture, forestry, fishing and hunting",D9_S1314,"Capital transfers, expenditure, of which to subsector social security funds (S1314)",holdout,4,1,4,0.0
GF0402,"Agriculture, forestry, fishing and hunting",D9_S1314,"Capital transfers, expenditure, of which to subsector social security funds (S1314)",train,20,1,20,0.0
GF0402,"Agriculture, forestry, fishing and hunting",NP,Acquisitions less disposals of non-financial non-produced assets,holdout,116,29,5,1567.2
GF0402,"Agriculture, forestry, fishing and hunting",NP,Acquisitions less disposals of non-financial non-produced assets,train,673,29,26,10217.9
GF0402,"Agriculture, forestry, fishing and hunting",OP5ANP,Gross capital formation and acquisitions less disposals of non-financial non-produced assets,holdout,121,30,5,12920.4
GF0402,"Agriculture, forestry, fishing and hunting",OP5ANP,Gross capital formation and acquisitions less disposals of non-financial non-produced assets,train,698,30,26,79756.6
GF0402,"Agriculture, forestry, fishing and hunting",P2,Intermediate consumption,holdout,121,30,5,36862.9
GF0402,"Agriculture, forestry, fishing and hunting",P2,Intermediate consumption,train,698,30,26,172059.3
GF0402,"Agriculture, forestry, fishing and hunting",P2_D29_D5_D8,"Intermediate consumption; other taxes on production; current taxes on income, wealth, etc.; adjustment for the change in pension entitlements",holdout,117,29,5,37266.4
GF0402,"Agriculture, forestry, fishing and hunting",P2_D29_D5_D8,"Intermediate consumption; other taxes on production; current taxes on income, wealth, etc.; adjustment for the change in pension entitlements",train,672,29,26,176382.6
GF0402,"Agriculture, forestry, fishing and hunting",P3,Final consumption expenditure,holdout,121,30,5,80824.4
GF0402,"Agriculture, forestry, fishing and hunting",P3,Final consumption expenditure,train,698,30,26,386326.3
GF0402,"Agriculture, forestry, fishing and hunting",P31,Individual consumption expenditure,holdout,77,19,5,0.0
GF0402,"Agriculture, forestry, fishing and hunting",P31,Individual consumption expenditure,train,474,20,26,0.0
GF0402,"Agriculture, forestry, fishing and hunting",P32,Collective consumption expenditure,holdout,109,27,5,66670.5
GF0402,"Agriculture, forestry, fishing and hunting",P32,Collective consumption expenditure,train,640,27,26,332727.3
GF0402,"Agriculture, forestry, fishing and hunting",P5,Gross capital formation,holdout,121,30,5,12375.8
GF0402,"Agriculture, forestry, fishing and hunting",P5,Gross capital formation,train,698,30,26,74612.2
GF0402,"Agriculture, forestry, fishing and hunting",P51G,Gross fixed capital formation,holdout,121,30,5,11831.2
GF0402,"Agriculture, forestry, fishing and hunting",P51G,Gross fixed capital formation,train,698,30,26,70461.4
GF0402,"Agriculture, forestry, fishing and hunting",TE,Total general government expenditure,holdout,121,30,5,219212.2
GF0402,"Agriculture, forestry, fishing and hunting",TE,Total general government expenditure,train,698,30,26,1000714.9
GF0403,Fuel and energy,D1,Compensation of employees,holdout,121,30,5,7434.8
GF0403,Fuel and energy,D1,Compensation of employees,train,698,30,26,22013.5
GF0403,Fuel and energy,D29_D5_D8,"""Other taxes on production; current taxes on income, wealth, etc; adjustment for the change in pension entitlements""",holdout,113,28,5,7898.3
GF0403,Fuel and energy,D29_D5_D8,"""Other taxes on production; current taxes on income, wealth, etc; adjustment for the change in pension entitlements""",train,641,28,26,16882.9
GF0403,Fuel and energy,D3,Subsidies,holdout,121,30,5,365353.0
GF0403,Fuel and energy,D3,Subsidies,train,700,30,26,749901.6
GF0403,Fuel and energy,D4,Property income,holdout,105,26,5,6.5
GF0403,Fuel and energy,D4,Property income,train,619,27,26,21.4
GF0403,Fuel and energy,D4_S1311,"Property income, of which payable to subsector S1311",holdout,4,1,4,0.0
GF0403,Fuel and energy,D4_S1311,"Property income, of which payable to subsector S1311",train,20,1,20,0.0
GF0403,Fuel and energy,D4_S1312,"Property income, of which payable to subsector S1312",holdout,4,1,4,0.0
GF0403,Fuel and energy,D4_S1312,"Property income, of which payable to subsector S1312",train,20,1,20,0.0
GF0403,Fuel and energy,D4_S1313,"Property income, of which payable to subsector S1313",holdout,4,1,4,0.0
GF0403,Fuel and energy,D4_S1313,"Property income, of which payable to subsector S1313",train,20,1,20,0.0
GF0403,Fuel and energy,D4_S1314,"Property income, of which payable to subsector S1314",holdout,4,1,4,0.0
GF0403,Fuel and energy,D4_S1314,"Property income, of which payable to subsector S1314",train,20,1,20,0.0
GF0403,Fuel and energy,D62,Social benefits other than social transfers in kind,holdout,105,26,5,0.0
GF0403,Fuel and energy,D62,Social benefits other than social transfers in kind,train,588,26,26,30.6
GF0403,Fuel and energy,D62_D632,Social benefits other than social transfers in kind and social transfers in kind - purchased market production,holdout,105,26,5,0.0
GF0403,Fuel and energy,D62_D632,Social benefits other than social transfers in kind and social transfers in kind - purchased market production,train,611,26,26,30.6
GF0403,Fuel and energy,D632,Social transfers in kind - purchased market production,holdout,105,26,5,0.0
GF0403,Fuel and energy,D632,Social transfers in kind - purchased market production,train,588,26,26,0.0
GF0403,Fuel and energy,D7,Other current transfers,holdout,117,29,5,22894.0
GF0403,Fuel and energy,D7,Other current transfers,train,673,30,26,54984.7
GF0403,Fuel and energy,D7_S1311,"Other current transfers,of which payable to subsector S1311",holdout,4,1,4,0.0
GF0403,Fuel and energy,D7_S1311,"Other current transfers,of which payable to subsector S1311",train,20,1,20,0.0
GF0403,Fuel and energy,D7_S1312,"Other current transfers,of which payable to subsector S1312",holdout,4,1,4,0.0
GF0403,Fuel and energy,D7_S1312,"Other current transfers,of which payable to subsector S1312",train,20,1,20,0.0
GF0403,Fuel and energy,D7_S1313,"Other current transfers,of which payable to subsector S1313",holdout,4,1,4,0.0
GF0403,Fuel and energy,D7_S1313,"Other current transfers,of which payable to subsector S1313",train,20,1,20,0.0
GF0403,Fuel and energy,D7_S1314,"Other current transfers,of which payable to subsector S1314",holdout,4,1,4,0.0
GF0403,Fuel and energy,D7_S1314,"Other current transfers,of which payable to subsector S1314",train,20,1,20,0.0
GF0403,Fuel and energy,D9,Capital transfers,holdout,119,30,5,69690.4
GF0403,Fuel and energy,D9,Capital transfers,train,672,30,26,74263.8
GF0403,Fuel and energy,D92,Investment grants,holdout,117,29,5,32562.4
GF0403,Fuel and energy,D92,Investment grants,train,669,29,26,55285.5
GF0403,Fuel and energy,D9_S1311,"Capital transfers, expenditure, of which to subsector central government (S1311)",holdout,4,1,4,0.0
GF0403,Fuel and energy,D9_S1311,"Capital transfers, expenditure, of which to subsector central government (S1311)",train,20,1,20,0.0
GF0403,Fuel and energy,D9_S1312,"Capital transfers, expenditure, of which to subsector state government (S1312)",holdout,4,1,4,0.0
GF0403,Fuel and energy,D9_S1312,"Capital transfers, expenditure, of which to subsector state government (S1312)",train,20,1,20,0.0
GF0403,Fuel and energy,D9_S1313,"Capital transfers, expenditure, of which to subsector local government (S1313)",holdout,4,1,4,0.0
GF0403,Fuel and energy,D9_S1313,"Capital transfers, expenditure, of which to subsector local government (S1313)",train,20,1,20,0.0
GF0403,Fuel and energy,D9_S1314,"Capital transfers, expenditure, of which to subsector social security funds (S1314)",holdout,4,1,4,0.0
GF0403,Fuel and energy,D9_S1314,"Capital transfers, expenditure, of which to subsector social security funds (S1314)",train,20,1,20,0.0
GF0403,Fuel and energy,NP,Acquisitions less disposals of non-financial non-produced assets,holdout,112,29,5,556.8
GF0403,Fuel and energy,NP,Acquisitions less disposals of non-financial non-produced assets,train,649,29,26,3016.8
GF0403,Fuel and energy,OP5ANP,Gross capital formation and acquisitions less disposals of non-financial non-produced assets,holdout,121,30,5,33726.6
GF0403,Fuel and energy,OP5ANP,Gross capital formation and acquisitions less disposals of non-financial non-produced assets,train,698,30,26,81521.6
GF0403,Fuel and energy,P2,Intermediate consumption,holdout,121,30,5,28273.2
GF0403,Fuel and energy,P2,Intermediate consumption,train,698,30,26,91777.8
GF0403,Fuel and energy,P2_D29_D5_D8,"Intermediate consumption; other taxes on production; current taxes on income, wealth, etc.; adjustment for the change in pension entitlements",holdout,117,29,5,34241.3
GF0403,Fuel and energy,P2_D29_D5_D8,"Intermediate consumption; other taxes on production; current taxes on income, wealth, etc.; adjustment for the change in pension entitlements",train,672,29,26,108026.9
GF0403,Fuel and energy,P3,Final consumption expenditure,holdout,121,30,5,25510.8
GF0403,Fuel and energy,P3,Final consumption expenditure,train,698,30,26,70803.7
GF0403,Fuel and energy,P31,Individual consumption expenditure,holdout,77,19,5,0.0
GF0403,Fuel and energy,P31,Individual consumption expenditure,train,474,20,26,0.0
GF0403,Fuel and energy,P32,Collective consumption expenditure,holdout,109,27,5,19654.3
GF0403,Fuel and energy,P32,Collective consumption expenditure,train,640,27,26,56831.2
GF0403,Fuel and energy,P5,Gross capital formation,holdout,121,30,5,34013.5
GF0403,Fuel and energy,P5,Gross capital formation,train,697,30,26,78919.3
GF0403,Fuel and energy,P51G,Gross fixed capital formation,holdout,121,30,5,16211.2
GF0403,Fuel and energy,P51G,Gross fixed capital formation,train,698,30,26,67246.7
GF0403,Fuel and energy,TE,Total general government expenditure,holdout,121,30,5,530699.1
GF0403,Fuel and energy,TE,Total general government expenditure,train,698,30,26,1081501.1
GF0404,"Mining, manufacturing and construction",D1,Compensation of employees,holdout,121,30,5,14851.7
GF0404,"Mining, manufacturing and construction",D1,Compensation of employees,train,698,30,26,82461.4
GF0404,"Mining, manufacturing and construction",D29_D5_D8,"""Other taxes on production; current taxes on income, wealth, etc; adjustment for the change in pension entitlements""",holdout,113,28,5,337.5
GF0404,"Mining, manufacturing and construction",D29_D5_D8,"""Other taxes on production; current taxes on income, wealth, etc; adjustment for the change in pension entitlements""",train,643,28,26,1419.5
GF0404,"Mining, manufacturing and construction",D3,Subsidies,holdout,113,28,5,44574.7
GF0404,"Mining, manufacturing and construction",D3,Subsidies,train,680,30,26,63085.0
GF0404,"Mining, manufacturing and construction",D4,Property income,holdout,105,26,5,0.4
GF0404,"Mining, manufacturing and construction",D4,Property income,train,625,27,26,14.5
GF0404,"Mining, manufacturing and construction",D4_S1311,"Property income, of which payable to subsector S1311",holdout,4,1,4,0.0
GF0404,"Mining, manufacturing and construction",D4_S1311,"Property income, of which payable to subsector S1311",train,20,1,20,0.0
GF0404,"Mining, manufacturing and construction",D4_S1312,"Property income, of which payable to subsector S1312",holdout,4,1,4,0.0
GF0404,"Mining, manufacturing and construction",D4_S1312,"Property income, of which payable to subsector S1312",train,20,1,20,0.0
GF0404,"Mining, manufacturing and construction",D4_S1313,"Property income, of which payable to subsector S1313",holdout,4,1,4,0.0
GF0404,"Mining, manufacturing and construction",D4_S1313,"Property income, of which payable to subsector S1313",train,20,1,20,0.0
GF0404,"Mining, manufacturing and construction",D4_S1314,"Property income, of which payable to subsector S1314",holdout,4,1,4,0.0
GF0404,"Mining, manufacturing and construction",D4_S1314,"Property income, of which payable to subsector S1314",train,20,1,20,0.0
GF0404,"Mining, manufacturing and construction",D62,Social benefits other than social transfers in kind,holdout,105,26,5,0.0
GF0404,"Mining, manufacturing and construction",D62,Social benefits other than social transfers in kind,train,588,26,26,22.0
GF0404,"Mining, manufacturing and construction",D62_D632,Social benefits other than social transfers in kind and social transfers in kind - purchased market production,holdout,105,26,5,0.0
GF0404,"Mining, manufacturing and construction",D62_D632,Social benefits other than social transfers in kind and social transfers in kind - purchased market production,train,611,26,26,22.0
GF0404,"Mining, manufacturing and construction",D632,Social transfers in kind - purchased market production,holdout,105,26,5,0.0
GF0404,"Mining, manufacturing and construction",D632,Social transfers in kind - purchased market production,train,588,26,26,0.0
GF0404,"Mining, manufacturing and construction",D7,Other current transfers,holdout,121,30,5,1224.8
GF0404,"Mining, manufacturing and construction",D7,Other current transfers,train,687,30,26,8131.9
GF0404,"Mining, manufacturing and construction",D7_S1311,"Other current transfers,of which payable to subsector S1311",holdout,4,1,4,0.0
GF0404,"Mining, manufacturing and construction",D7_S1311,"Other current transfers,of which payable to subsector S1311",train,20,1,20,0.0
GF0404,"Mining, manufacturing and construction",D7_S1312,"Other current transfers,of which payable to subsector S1312",holdout,4,1,4,0.0
GF0404,"Mining, manufacturing and construction",D7_S1312,"Other current transfers,of which payable to subsector S1312",train,20,1,20,0.0
GF0404,"Mining, manufacturing and construction",D7_S1313,"Other current transfers,of which payable to subsector S1313",holdout,4,1,4,0.0
GF0404,"Mining, manufacturing and construction",D7_S1313,"Other current transfers,of which payable to subsector S1313",train,20,1,20,0.0
GF0404,"Mining, manufacturing and construction",D7_S1314,"Other current transfers,of which payable to subsector S1314",holdout,4,1,4,0.0
GF0404,"Mining, manufacturing and construction",D7_S1314,"Other current transfers,of which payable to subsector S1314",train,20,1,20,0.0
GF0404,"Mining, manufacturing and construction",D9,Capital transfers,holdout,113,28,5,50261.8
GF0404,"Mining, manufacturing and construction",D9,Capital transfers,train,666,30,26,114910.8
GF0404,"Mining, manufacturing and construction",D92,Investment grants,holdout,113,28,5,38975.3
GF0404,"Mining, manufacturing and construction",D92,Investment grants,train,657,29,26,92265.0
GF0404,"Mining, manufacturing and construction",D9_S1311,"Capital transfers, expenditure, of which to subsector central government (S1311)",holdout,4,1,4,0.0
GF0404,"Mining, manufacturing and construction",D9_S1311,"Capital transfers, expenditure, of which to subsector central government (S1311)",train,20,1,20,0.0
GF0404,"Mining, manufacturing and construction",D9_S1312,"Capital transfers, expenditure, of which to subsector state government (S1312)",holdout,4,1,4,0.0
GF0404,"Mining, manufacturing and construction",D9_S1312,"Capital transfers, expenditure, of which to subsector state government (S1312)",train,20,1,20,0.0
GF0404,"Mining, manufacturing and construction",D9_S1313,"Capital transfers, expenditure, of which to subsector local government (S1313)",holdout,4,1,4,0.0
GF0404,"Mining, manufacturing and construction",D9_S1313,"Capital transfers, expenditure, of which to subsector local government (S1313)",train,20,1,20,0.0
GF0404,"Mining, manufacturing and construction",D9_S1314,"Capital transfers, expenditure, of which to subsector social security funds (S1314)",holdout,4,1,4,0.0
GF0404,"Mining, manufacturing and construction",D9_S1314,"Capital transfers, expenditure, of which to subsector social security funds (S1314)",train,20,1,20,0.0
GF0404,"Mining, manufacturing and construction",NP,Acquisitions less disposals of non-financial non-produced assets,holdout,116,29,5,1442.6
GF0404,"Mining, manufacturing and construction",NP,Acquisitions less disposals of non-financial non-produced assets,train,665,29,26,3152.2
GF0404,"Mining, manufacturing and construction",OP5ANP,Gross capital formation and acquisitions less disposals of non-financial non-produced assets,holdout,121,30,5,17111.2
GF0404,"Mining, manufacturing and construction",OP5ANP,Gross capital formation and acquisitions less disposals of non-financial non-produced assets,train,698,30,26,48292.0
GF0404,"Mining, manufacturing and construction",P2,Intermediate consumption,holdout,121,30,5,18287.1
GF0404,"Mining, manufacturing and construction",P2,Intermediate consumption,train,698,30,26,75505.6
GF0404,"Mining, manufacturing and construction",P2_D29_D5_D8,"Intermediate consumption; other taxes on production; current taxes on income, wealth, etc.; adjustment for the change in pension entitlements",holdout,117,29,5,18612.1
GF0404,"Mining, manufacturing and construction",P2_D29_D5_D8,"Intermediate consumption; other taxes on production; current taxes on income, wealth, etc.; adjustment for the change in pension entitlements",train,672,29,26,76422.1
GF0404,"Mining, manufacturing and construction",P3,Final consumption expenditure,holdout,121,30,5,34059.8
GF0404,"Mining, manufacturing and construction",P3,Final consumption expenditure,train,698,30,26,142956.6
GF0404,"Mining, manufacturing and construction",P31,Individual consumption expenditure,holdout,77,19,5,0.0
GF0404,"Mining, manufacturing and construction",P31,Individual consumption expenditure,train,474,20,26,0.0
GF0404,"Mining, manufacturing and construction",P32,Collective consumption expenditure,holdout,109,27,5,13323.2
GF0404,"Mining, manufacturing and construction",P32,Collective consumption expenditure,train,640,27,26,46523.3
GF0404,"Mining, manufacturing and construction",P5,Gross capital formation,holdout,121,30,5,16994.4
GF0404,"Mining, manufacturing and construction",P5,Gross capital formation,train,698,30,26,49263.3
GF0404,"Mining, manufacturing and construction",P51G,Gross fixed capital formation,holdout,121,30,5,16965.2
GF0404,"Mining, manufacturing and construction",P51G,Gross fixed capital formation,train,698,30,26,49124.4
GF0404,"Mining, manufacturing and construction",TE,Total general government expenditure,holdout,121,30,5,145793.7
GF0404,"Mining, manufacturing and construction",TE,Total general government expenditure,train,698,30,26,392188.8
GF0405,Transport,D1,Compensation of employees,holdout,121,30,5,267880.1
GF0405,Transport,D1,Compensation of employees,train,698,30,26,919701.5
GF0405,Transport,D29_D5_D8,"""Other taxes on production; current taxes on income, wealth, etc; adjustment for the change in pension entitlements""",holdout,113,28,5,6305.0
GF0405,Transport,D29_D5_D8,"""Other taxes on production; current taxes on income, wealth, etc; adjustment for the change in pension entitlements""",train,644,28,26,19445.2
GF0405,Transport,D3,Subsidies,holdout,121,30,5,224963.0
GF0405,Transport,D3,Subsidies,train,704,30,26,860824.7
GF0405,Transport,D4,Property income,holdout,107,27,5,495.8
GF0405,Transport,D4,Property income,train,629,27,26,1962.5
GF0405,Transport,D4_S1311,"Property income, of which payable to subsector S1311",holdout,4,1,4,0.0
GF0405,Transport,D4_S1311,"Property income, of which payable to subsector S1311",train,20,1,20,0.0
GF0405,Transport,D4_S1312,"Property income, of which payable to subsector S1312",holdout,4,1,4,0.0
GF0405,Transport,D4_S1312,"Property income, of which payable to subsector S1312",train,20,1,20,0.0
GF0405,Transport,D4_S1313,"Property income, of which payable to subsector S1313",holdout,4,1,4,0.0
GF0405,Transport,D4_S1313,"Property income, of which payable to subsector S1313",train,20,1,20,0.0
GF0405,Transport,D4_S1314,"Property income, of which payable to subsector S1314",holdout,4,1,4,0.0
GF0405,Transport,D4_S1314,"Property income, of which payable to subsector S1314",train,20,1,20,0.0
GF0405,Transport,D62,Social benefits other than social transfers in kind,holdout,105,26,5,0.0
GF0405,Transport,D62,Social benefits other than social transfers in kind,train,588,26,26,48.7
GF0405,Transport,D62_D632,Social benefits other than social transfers in kind and social transfers in kind - purchased market production,holdout,105,26,5,0.0
GF0405,Transport,D62_D632,Social benefits other than social transfers in kind and social transfers in kind - purchased market production,train,611,26,26,48.7
GF0405,Transport,D632,Social transfers in kind - purchased market production,holdout,105,26,5,0.0
GF0405,Transport,D632,Social transfers in kind - purchased market production,train,588,26,26,0.0
GF0405,Transport,D7,Other current transfers,holdout,121,30,5,14322.6
GF0405,Transport,D7,Other current transfers,train,693,30,26,45451.2
GF0405,Transport,D7_S1311,"Other current transfers,of which payable to subsector S1311",holdout,4,1,4,0.0
GF0405,Transport,D7_S1311,"Other current transfers,of which payable to subsector S1311",train,20,1,20,0.0
GF0405,Transport,D7_S1312,"Other current transfers,of which payable to subsector S1312",holdout,4,1,4,0.0
GF0405,Transport,D7_S1312,"Other current transfers,of which payable to subsector S1312",train,20,1,20,0.0
GF0405,Transport,D7_S1313,"Other current transfers,of which payable to subsector S1313",holdout,4,1,4,0.0
GF0405,Transport,D7_S1313,"Other current transfers,of which payable to subsector S1313",train,20,1,20,0.0
GF0405,Transport,D7_S1314,"Other current transfers,of which payable to subsector S1314",holdout,4,1,4,0.0
GF0405,Transport,D7_S1314,"Other current transfers,of which payable to subsector S1314",train,20,1,20,0.0
GF0405,Transport,D9,Capital transfers,holdout,121,30,5,104949.6
GF0405,Transport,D9,Capital transfers,train,694,30,26,401469.6
GF0405,Transport,D92,Investment grants,holdout,121,30,5,85156.3
GF0405,Transport,D92,Investment grants,train,675,30,26,294963.4
GF0405,Transport,D9_S1311,"Capital transfers, expenditure, of which to subsector central government (S1311)",holdout,4,1,4,0.0
GF0405,Transport,D9_S1311,"Capital transfers, expenditure, of which to subsector central government (S1311)",train,20,1,20,0.0
GF0405,Transport,D9_S1312,"Capital transfers, expenditure, of which to subsector state government (S1312)",holdout,4,1,4,0.0
GF0405,Transport,D9_S1312,"Capital transfers, expenditure, of which to subsector state government (S1312)",train,20,1,20,0.0
GF0405,Transport,D9_S1313,"Capital transfers, expenditure, of which to subsector local government (S1313)",holdout,4,1,4,0.0
GF0405,Transport,D9_S1313,"Capital transfers, expenditure, of which to subsector local government (S1313)",train,20,1,20,0.0
GF0405,Transport,D9_S1314,"Capital transfers, expenditure, of which to subsector social security funds (S1314)",holdout,4,1,4,0.0
GF0405,Transport,D9_S1314,"Capital transfers, expenditure, of which to subsector social security funds (S1314)",train,20,1,20,0.0
GF0405,Transport,NP,Acquisitions less disposals of non-financial non-produced assets,holdout,117,29,5,9450.4
GF0405,Transport,NP,Acquisitions less disposals of non-financial non-produced assets,train,680,29,26,46413.3
GF0405,Transport,OP5ANP,Gross capital formation and acquisitions less disposals of non-financial non-produced assets,holdout,121,30,5,675277.7
GF0405,Transport,OP5ANP,Gross capital formation and acquisitions less disposals of non-financial non-produced assets,train,698,30,26,2441858.9
GF0405,Transport,P2,Intermediate consumption,holdout,121,30,5,487156.7
GF0405,Transport,P2,Intermediate consumption,train,698,30,26,1501712.3
GF0405,Transport,P2_D29_D5_D8,"Intermediate consumption; other taxes on production; current taxes on income, wealth, etc.; adjustment for the change in pension entitlements",holdout,117,29,5,487513.8
GF0405,Transport,P2_D29_D5_D8,"Intermediate consumption; other taxes on production; current taxes on income, wealth, etc.; adjustment for the change in pension entitlements",train,672,29,26,1487609.5
GF0405,Transport,P3,Final consumption expenditure,holdout,121,30,5,844662.2
GF0405,Transport,P3,Final consumption expenditure,train,698,30,26,2761964.2
GF0405,Transport,P31,Individual consumption expenditure,holdout,77,19,5,0.0
GF0405,Transport,P31,Individual consumption expenditure,train,474,20,26,0.0
GF0405,Transport,P32,Collective consumption expenditure,holdout,109,27,5,609260.5
GF0405,Transport,P32,Collective consumption expenditure,train,640,27,26,2024163.9
GF0405,Transport,P5,Gross capital formation,holdout,121,30,5,671285.8
GF0405,Transport,P5,Gross capital formation,train,698,30,26,2413913.0
GF0405,Transport,P51G,Gross fixed capital formation,holdout,121,30,5,669392.6
GF0405,Transport,P51G,Gross fixed capital formation,train,698,30,26,2416454.9
GF0405,Transport,TE,Total general government expenditure,holdout,121,30,5,1781344.7
GF0405,Transport,TE,Total general government expenditure,train,698,30,26,6190487.2
GF0406,Communication,D1,Compensation of employees,holdout,121,30,5,5619.0
GF0406,Communication,D1,Compensation of employees,train,692,30,26,16904.7
GF0406,Communication,D29_D5_D8,"""Other taxes on production; current taxes on income, wealth, etc; adjustment for the change in pension entitlements""",holdout,111,28,5,98.0
GF0406,Communication,D29_D5_D8,"""Other taxes on production; current taxes on income, wealth, etc; adjustment for the change in pension entitlements""",train,638,28,26,390.2
GF0406,Communication,D3,Subsidies,holdout,120,30,5,6938.9
GF0406,Communication,D3,Subsidies,train,682,30,26,33586.2
GF0406,Communication,D4,Property income,holdout,105,26,5,7.2
GF0406,Communication,D4,Property income,train,611,26,26,5.6
GF0406,Communication,D4_S1311,"Property income, of which payable to subsector S1311",holdout,4,1,4,0.0
GF0406,Communication,D4_S1311,"Property income, of which payable to subsector S1311",train,20,1,20,0.0
GF0406,Communication,D4_S1312,"Property income, of which payable to subsector S1312",holdout,4,1,4,0.0
GF0406,Communication,D4_S1312,"Property income, of which payable to subsector S1312",train,20,1,20,0.0
GF0406,Communication,D4_S1313,"Property income, of which payable to subsector S1313",holdout,4,1,4,0.0
GF0406,Communication,D4_S1313,"Property income, of which payable to subsector S1313",train,20,1,20,0.0
GF0406,Communication,D4_S1314,"Property income, of which payable to subsector S1314",holdout,4,1,4,0.0
GF0406,Communication,D4_S1314,"Property income, of which payable to subsector S1314",train,20,1,20,0.0
GF0406,Communication,D62,Social benefits other than social transfers in kind,holdout,105,26,5,0.0
GF0406,Communication,D62,Social benefits other than social transfers in kind,train,588,26,26,0.0
GF0406,Communication,D62_D632,Social benefits other than social transfers in kind and social transfers in kind - purchased market production,holdout,105,26,5,0.0
GF0406,Communication,D62_D632,Social benefits other than social transfers in kind and social transfers in kind - purchased market production,train,611,26,26,0.0
GF0406,Communication,D632,Social transfers in kind - purchased market production,holdout,105,26,5,0.0
GF0406,Communication,D632,Social transfers in kind - purchased market production,train,588,26,26,0.0
GF0406,Communication,D7,Other current transfers,holdout,121,30,5,731.7
GF0406,Communication,D7,Other current transfers,train,687,30,26,3292.8
GF0406,Communication,D7_S1311,"Other current transfers,of which payable to subsector S1311",holdout,4,1,4,0.0
GF0406,Communication,D7_S1311,"Other current transfers,of which payable to subsector S1311",train,20,1,20,0.0
GF0406,Communication,D7_S1312,"Other current transfers,of which payable to subsector S1312",holdout,4,1,4,0.0
GF0406,Communication,D7_S1312,"Other current transfers,of which payable to subsector S1312",train,20,1,20,0.0
GF0406,Communication,D7_S1313,"Other current transfers,of which payable to subsector S1313",holdout,4,1,4,0.0
GF0406,Communication,D7_S1313,"Other current transfers,of which payable to subsector S1313",train,20,1,20,0.0
GF0406,Communication,D7_S1314,"Other current transfers,of which payable to subsector S1314",holdout,4,1,4,0.0
GF0406,Communication,D7_S1314,"Other current transfers,of which payable to subsector S1314",train,20,1,20,0.0
GF0406,Communication,D9,Capital transfers,holdout,115,29,5,11872.9
GF0406,Communication,D9,Capital transfers,train,657,30,26,12325.7
GF0406,Communication,D92,Investment grants,holdout,113,28,5,9331.4
GF0406,Communication,D92,Investment grants,train,644,29,26,8695.5
GF0406,Communication,D9_S1311,"Capital transfers, expenditure, of which to subsector central government (S1311)",holdout,4,1,4,0.0
GF0406,Communication,D9_S1311,"Capital transfers, expenditure, of which to subsector central government (S1311)",train,20,1,20,0.0
GF0406,Communication,D9_S1312,"Capital transfers, expenditure, of which to subsector state government (S1312)",holdout,4,1,4,0.0
GF0406,Communication,D9_S1312,"Capital transfers, expenditure, of which to subsector state government (S1312)",train,20,1,20,0.0
GF0406,Communication,D9_S1313,"Capital transfers, expenditure, of which to subsector local government (S1313)",holdout,4,1,4,0.0
GF0406,Communication,D9_S1313,"Capital transfers, expenditure, of which to subsector local government (S1313)",train,20,1,20,0.0
GF0406,Communication,D9_S1314,"Capital transfers, expenditure, of which to subsector social security funds (S1314)",holdout,4,1,4,0.0
GF0406,Communication,D9_S1314,"Capital transfers, expenditure, of which to subsector social security funds (S1314)",train,20,1,20,0.0
GF0406,Communication,NP,Acquisitions less disposals of non-financial non-produced assets,holdout,114,29,5,254.7
GF0406,Communication,NP,Acquisitions less disposals of non-financial non-produced assets,train,647,29,26,1871.0
GF0406,Communication,OP5ANP,Gross capital formation and acquisitions less disposals of non-financial non-produced assets,holdout,121,30,5,8743.4
GF0406,Communication,OP5ANP,Gross capital formation and acquisitions less disposals of non-financial non-produced assets,train,698,30,26,14668.9
GF0406,Communication,P2,Intermediate consumption,holdout,121,30,5,8285.0
GF0406,Communication,P2,Intermediate consumption,train,698,30,26,21701.8
GF0406,Communication,P2_D29_D5_D8,"Intermediate consumption; other taxes on production; current taxes on income, wealth, etc.; adjustment for the change in pension entitlements",holdout,117,29,5,8383.2
GF0406,Communication,P2_D29_D5_D8,"Intermediate consumption; other taxes on production; current taxes on income, wealth, etc.; adjustment for the change in pension entitlements",train,672,29,26,21946.8
GF0406,Communication,P3,Final consumption expenditure,holdout,121,30,5,14190.1
GF0406,Communication,P3,Final consumption expenditure,train,693,30,26,38450.5
GF0406,Communication,P31,Individual consumption expenditure,holdout,77,19,5,0.0
GF0406,Communication,P31,Individual consumption expenditure,train,474,20,26,0.0
GF0406,Communication,P32,Collective consumption expenditure,holdout,109,27,5,9775.7
GF0406,Communication,P32,Collective consumption expenditure,train,635,27,26,31896.6
GF0406,Communication,P5,Gross capital formation,holdout,121,30,5,8489.7
GF0406,Communication,P5,Gross capital formation,train,697,30,26,13264.7
GF0406,Communication,P51G,Gross fixed capital formation,holdout,121,30,5,8495.8
GF0406,Communication,P51G,Gross fixed capital formation,train,697,30,26,13330.8
GF0406,Communication,TE,Total general government expenditure,holdout,121,30,5,42297.0
GF0406,Communication,TE,Total general government expenditure,train,698,30,26,101608.2
GF0407,Other industries,D1,Compensation of employees,holdout,121,30,5,24788.6
GF0407,Other industries,D1,Compensation of employees,train,694,30,26,92225.0
GF0407,Other industries,D29_D5_D8,"""Other taxes on production; current taxes on income, wealth, etc; adjustment for the change in pension entitlements""",holdout,113,28,5,926.9
GF0407,Other industries,D29_D5_D8,"""Other taxes on production; current taxes on income, wealth, etc; adjustment for the change in pension entitlements""",train,646,28,26,3887.2
GF0407,Other industries,D3,Subsidies,holdout,121,30,5,27109.1
GF0407,Other industries,D3,Subsidies,train,694,30,26,89185.3
GF0407,Other industries,D4,Property income,holdout,105,26,5,19.2
GF0407,Other industries,D4,Property income,train,631,27,26,111.9
GF0407,Other industries,D4_S1311,"Property income, of which payable to subsector S1311",holdout,4,1,4,0.0
GF0407,Other industries,D4_S1311,"Property income, of which payable to subsector S1311",train,20,1,20,0.0
GF0407,Other industries,D4_S1312,"Property income, of which payable to subsector S1312",holdout,4,1,4,0.0
GF0407,Other industries,D4_S1312,"Property income, of which payable to subsector S1312",train,20,1,20,0.0
GF0407,Other industries,D4_S1313,"Property income, of which payable to subsector S1313",holdout,4,1,4,0.0
GF0407,Other industries,D4_S1313,"Property income, of which payable to subsector S1313",train,20,1,20,0.0
GF0407,Other industries,D4_S1314,"Property income, of which payable to subsector S1314",holdout,4,1,4,0.0
GF0407,Other industries,D4_S1314,"Property income, of which payable to subsector S1314",train,20,1,20,0.0
GF0407,Other industries,D62,Social benefits other than social transfers in kind,holdout,105,26,5,0.0
GF0407,Other industries,D62,Social benefits other than social transfers in kind,train,588,26,26,75.2
GF0407,Other industries,D62_D632,Social benefits other than social transfers in kind and social transfers in kind - purchased market production,holdout,105,26,5,0.0
GF0407,Other industries,D62_D632,Social benefits other than social transfers in kind and social transfers in kind - purchased market production,train,611,26,26,75.2
GF0407,Other industries,D632,Social transfers in kind - purchased market production,holdout,105,26,5,0.0
GF0407,Other industries,D632,Social transfers in kind - purchased market production,train,588,26,26,0.0
GF0407,Other industries,D7,Other current transfers,holdout,121,30,5,7123.8
GF0407,Other industries,D7,Other current transfers,train,690,30,26,23696.3
GF0407,Other industries,D7_S1311,"Other current transfers,of which payable to subsector S1311",holdout,4,1,4,0.0
GF0407,Other industries,D7_S1311,"Other current transfers,of which payable to subsector S1311",train,20,1,20,0.0
GF0407,Other industries,D7_S1312,"Other current transfers,of which payable to subsector S1312",holdout,4,1,4,0.0
GF0407,Other industries,D7_S1312,"Other current transfers,of which payable to subsector S1312",train,20,1,20,0.0
GF0407,Other industries,D7_S1313,"Other current transfers,of which payable to subsector S1313",holdout,4,1,4,0.0
GF0407,Other industries,D7_S1313,"Other current transfers,of which payable to subsector S1313",train,20,1,20,0.0
GF0407,Other industries,D7_S1314,"Other current transfers,of which payable to subsector S1314",holdout,4,1,4,0.0
GF0407,Other industries,D7_S1314,"Other current transfers,of which payable to subsector S1314",train,20,1,20,0.0
GF0407,Other industries,D9,Capital transfers,holdout,119,30,5,38924.8
GF0407,Other industries,D9,Capital transfers,train,674,30,26,101850.0
GF0407,Other industries,D92,Investment grants,holdout,119,30,5,24412.0
GF0407,Other industries,D92,Investment grants,train,669,30,26,84430.4
GF0407,Other industries,D9_S1311,"Capital transfers, expenditure, of which to subsector central government (S1311)",holdout,4,1,4,0.0
GF0407,Other industries,D9_S1311,"Capital transfers, expenditure, of which to subsector central government (S1311)",train,20,1,20,0.0
GF0407,Other industries,D9_S1312,"Capital transfers, expenditure, of which to subsector state government (S1312)",holdout,4,1,4,0.0
GF0407,Other industries,D9_S1312,"Capital transfers, expenditure, of which to subsector state government (S1312)",train,20,1,20,0.0
GF0407,Other industries,D9_S1313,"Capital transfers, expenditure, of which to subsector local government (S1313)",holdout,4,1,4,0.0
GF0407,Other industries,D9_S1313,"Capital transfers, expenditure, of which to subsector local government (S1313)",train,20,1,20,0.0
GF0407,Other industries,D9_S1314,"Capital transfers, expenditure, of which to subsector social security funds (S1314)",holdout,4,1,4,0.0
GF0407,Other industries,D9_S1314,"Capital transfers, expenditure, of which to subsector social security funds (S1314)",train,20,1,20,0.0
GF0407,Other industries,NP,Acquisitions less disposals of non-financial non-produced assets,holdout,117,29,5,1906.9
GF0407,Other industries,NP,Acquisitions less disposals of non-financial non-produced assets,train,661,29,26,6239.9
GF0407,Other industries,OP5ANP,Gross capital formation and acquisitions less disposals of non-financial non-produced assets,holdout,121,30,5,23071.4
GF0407,Other industries,OP5ANP,Gross capital formation and acquisitions less disposals of non-financial non-produced assets,train,698,30,26,98538.9
GF0407,Other industries,P2,Intermediate consumption,holdout,121,30,5,35441.3
GF0407,Other industries,P2,Intermediate consumption,train,693,30,26,121417.2
GF0407,Other industries,P2_D29_D5_D8,"Intermediate consumption; other taxes on production; current taxes on income, wealth, etc.; adjustment for the change in pension entitlements",holdout,117,29,5,35927.7
GF0407,Other industries,P2_D29_D5_D8,"Intermediate consumption; other taxes on production; current taxes on income, wealth, etc.; adjustment for the change in pension entitlements",train,667,29,26,123755.6
GF0407,Other industries,P3,Final consumption expenditure,holdout,121,30,5,59977.6
GF0407,Other industries,P3,Final consumption expenditure,train,692,30,26,210930.2
GF0407,Other industries,P31,Individual consumption expenditure,holdout,77,19,5,0.0
GF0407,Other industries,P31,Individual consumption expenditure,train,474,20,26,0.0
GF0407,Other industries,P32,Collective consumption expenditure,holdout,109,27,5,52219.0
GF0407,Other industries,P32,Collective consumption expenditure,train,634,27,26,187240.0
GF0407,Other industries,P5,Gross capital formation,holdout,121,30,5,22507.9
GF0407,Other industries,P5,Gross capital formation,train,697,30,26,94971.3
GF0407,Other industries,P51G,Gross fixed capital formation,holdout,121,30,5,22425.2
GF0407,Other industries,P51G,Gross fixed capital formation,train,697,30,26,94477.3
GF0407,Other industries,TE,Total general government expenditure,holdout,121,30,5,157402.6
GF0407,Other industries,TE,Total general government expenditure,train,698,30,26,530860.9
GF0408,R&D Economic affairs,D1,Compensation of employees,holdout,117,29,5,45985.0
GF0408,R&D Economic affairs,D1,Compensation of employees,train,658,30,26,173378.8
GF0408,R&D Economic affairs,D29_D5_D8,"""Other taxes on production; current taxes on income, wealth, etc; adjustment for the change in pension entitlements""",holdout,113,28,5,1437.1
GF0408,R&D Economic affairs,D29_D5_D8,"""Other taxes on production; current taxes on income, wealth, etc; adjustment for the change in pension entitlements""",train,644,28,26,6233.0
GF0408,R&D Economic affairs,D3,Subsidies,holdout,113,28,5,33307.1
GF0408,R&D Economic affairs,D3,Subsidies,train,659,29,26,91084.2
GF0408,R&D Economic affairs,D4,Property income,holdout,105,26,5,19.1
GF0408,R&D Economic affairs,D4,Property income,train,611,26,26,73.5
GF0408,R&D Economic affairs,D4_S1311,"Property income, of which payable to subsector S1311",holdout,4,1,4,0.0
GF0408,R&D Economic affairs,D4_S1311,"Property income, of which payable to subsector S1311",train,20,1,20,0.0
GF0408,R&D Economic affairs,D4_S1312,"Property income, of which payable to subsector S1312",holdout,4,1,4,0.0
GF0408,R&D Economic affairs,D4_S1312,"Property income, of which payable to subsector S1312",train,20,1,20,0.0
GF0408,R&D Economic affairs,D4_S1313,"Property income, of which payable to subsector S1313",holdout,4,1,4,0.0
GF0408,R&D Economic affairs,D4_S1313,"Property income, of which payable to subsector S1313",train,20,1,20,0.0
GF0408,R&D Economic affairs,D4_S1314,"Property income, of which payable to subsector S1314",holdout,4,1,4,0.0
GF0408,R&D Economic affairs,D4_S1314,"Property income, of which payable to subsector S1314",train,20,1,20,0.0
GF0408,R&D Economic affairs,D62,Social benefits other than social transfers in kind,holdout,105,26,5,0.0
GF0408,R&D Economic affairs,D62,Social benefits other than social transfers in kind,train,588,26,26,9.5
GF0408,R&D Economic affairs,D62_D632,Social benefits other than social transfers in kind and social transfers in kind - purchased market production,holdout,105,26,5,0.0
GF0408,R&D Economic affairs,D62_D632,Social benefits other than social transfers in kind and social transfers in kind - purchased market production,train,611,26,26,9.5
GF0408,R&D Economic affairs,D632,Social transfers in kind - purchased market production,holdout,105,26,5,0.0
GF0408,R&D Economic affairs,D632,Social transfers in kind - purchased market production,train,588,26,26,0.0
GF0408,R&D Economic affairs,D7,Other current transfers,holdout,117,29,5,13833.2
GF0408,R&D Economic affairs,D7,Other current transfers,train,668,29,26,62911.5
GF0408,R&D Economic affairs,D7_S1311,"Other current transfers,of which payable to subsector S1311",holdout,4,1,4,0.0
GF0408,R&D Economic affairs,D7_S1311,"Other current transfers,of which payable to subsector S1311",train,20,1,20,0.0
GF0408,R&D Economic affairs,D7_S1312,"Other current transfers,of which payable to subsector S1312",holdout,4,1,4,0.0
GF0408,R&D Economic affairs,D7_S1312,"Other current transfers,of which payable to subsector S1312",train,20,1,20,0.0
GF0408,R&D Economic affairs,D7_S1313,"Other current transfers,of which payable to subsector S1313",holdout,4,1,4,0.0
GF0408,R&D Economic affairs,D7_S1313,"Other current transfers,of which payable to subsector S1313",train,20,1,20,0.0
GF0408,R&D Economic affairs,D7_S1314,"Other current transfers,of which payable to subsector S1314",holdout,4,1,4,0.0
GF0408,R&D Economic affairs,D7_S1314,"Other current transfers,of which payable to subsector S1314",train,20,1,20,0.0
GF0408,R&D Economic affairs,D9,Capital transfers,holdout,113,28,5,20686.4
GF0408,R&D Economic affairs,D9,Capital transfers,train,653,29,26,78233.2
GF0408,R&D Economic affairs,D92,Investment grants,holdout,113,28,5,20170.5
GF0408,R&D Economic affairs,D92,Investment grants,train,647,28,26,72967.6
GF0408,R&D Economic affairs,D9_S1311,"Capital transfers, expenditure, of which to subsector central government (S1311)",holdout,4,1,4,0.0
GF0408,R&D Economic affairs,D9_S1311,"Capital transfers, expenditure, of which to subsector central government (S1311)",train,20,1,20,0.0
GF0408,R&D Economic affairs,D9_S1312,"Capital transfers, expenditure, of which to subsector state government (S1312)",holdout,4,1,4,0.0
GF0408,R&D Economic affairs,D9_S1312,"Capital transfers, expenditure, of which to subsector state government (S1312)",train,20,1,20,0.0
GF0408,R&D Economic affairs,D9_S1313,"Capital transfers, expenditure, of which to subsector local government (S1313)",holdout,4,1,4,0.0
GF0408,R&D Economic affairs,D9_S1313,"Capital transfers, expenditure, of which to subsector local government (S1313)",train,20,1,20,0.0
GF0408,R&D Economic affairs,D9_S1314,"Capital transfers, expenditure, of which to subsector social security funds (S1314)",holdout,4,1,4,0.0
GF0408,R&D Economic affairs,D9_S1314,"Capital transfers, expenditure, of which to subsector social security funds (S1314)",train,20,1,20,0.0
GF0408,R&D Economic affairs,NP,Acquisitions less disposals of non-financial non-produced assets,holdout,113,28,5,86.6
GF0408,R&D Economic affairs,NP,Acquisitions less disposals of non-financial non-produced assets,train,646,29,26,299.3
GF0408,R&D Economic affairs,OP5ANP,Gross capital formation and acquisitions less disposals of non-financial non-produced assets,holdout,117,29,5,96702.5
GF0408,R&D Economic affairs,OP5ANP,Gross capital formation and acquisitions less disposals of non-financial non-produced assets,train,663,30,26,371137.0
GF0408,R&D Economic affairs,P2,Intermediate consumption,holdout,121,30,5,42328.6
GF0408,R&D Economic affairs,P2,Intermediate consumption,train,674,30,26,158639.4
GF0408,R&D Economic affairs,P2_D29_D5_D8,"Intermediate consumption; other taxes on production; current taxes on income, wealth, etc.; adjustment for the change in pension entitlements",holdout,117,29,5,43541.1
GF0408,R&D Economic affairs,P2_D29_D5_D8,"Intermediate consumption; other taxes on production; current taxes on income, wealth, etc.; adjustment for the change in pension entitlements",train,650,29,26,163619.5
GF0408,R&D Economic affairs,P3,Final consumption expenditure,holdout,121,30,5,77444.3
GF0408,R&D Economic affairs,P3,Final consumption expenditure,train,678,30,26,276118.1
GF0408,R&D Economic affairs,P31,Individual consumption expenditure,holdout,77,19,5,0.0
GF0408,R&D Economic affairs,P31,Individual consumption expenditure,train,474,20,26,0.0
GF0408,R&D Economic affairs,P32,Collective consumption expenditure,holdout,109,27,5,60472.2
GF0408,R&D Economic affairs,P32,Collective consumption expenditure,train,620,27,26,237895.3
GF0408,R&D Economic affairs,P5,Gross capital formation,holdout,117,29,5,96667.7
GF0408,R&D Economic affairs,P5,Gross capital formation,train,658,30,26,370874.7
GF0408,R&D Economic affairs,P51G,Gross fixed capital formation,holdout,117,29,5,95574.9
GF0408,R&D Economic affairs,P51G,Gross fixed capital formation,train,659,30,26,374163.9
GF0408,R&D Economic affairs,TE,Total general government expenditure,holdout,121,30,5,254297.3
GF0408,R&D Economic affairs,TE,Total general government expenditure,train,678,30,26,941689.6
GF0409,Economic affairs n.e.c.,D1,Compensation of employees,holdout,117,29,5,18213.8
GF0409,Economic affairs n.e.c.,D1,Compensation of employees,train,649,29,26,80461.8
GF0409,Economic affairs n.e.c.,D29_D5_D8,"""Other taxes on production; current taxes on income, wealth, etc; adjustment for the change in pension entitlements""",holdout,109,27,5,289.2
GF0409,Economic affairs n.e.c.,D29_D5_D8,"""Other taxes on production; current taxes on income, wealth, etc; adjustment for the change in pension entitlements""",train,631,27,26,1205.2
GF0409,Economic affairs n.e.c.,D3,Subsidies,holdout,113,28,5,3083.7
GF0409,Economic affairs n.e.c.,D3,Subsidies,train,648,28,26,14763.5
GF0409,Economic affairs n.e.c.,D4,Property income,holdout,105,26,5,9.4
GF0409,Economic affairs n.e.c.,D4,Property income,train,611,26,26,25.7
GF0409,Economic affairs n.e.c.,D4_S1311,"Property income, of which payable to subsector S1311",holdout,4,1,4,0.0
GF0409,Economic affairs n.e.c.,D4_S1311,"Property income, of which payable to subsector S1311",train,20,1,20,0.0
GF0409,Economic affairs n.e.c.,D4_S1312,"Property income, of which payable to subsector S1312",holdout,4,1,4,0.0
GF0409,Economic affairs n.e.c.,D4_S1312,"Property income, of which payable to subsector S1312",train,20,1,20,0.0
GF0409,Economic affairs n.e.c.,D4_S1313,"Property income, of which payable to subsector S1313",holdout,4,1,4,0.0
GF0409,Economic affairs n.e.c.,D4_S1313,"Property income, of which payable to subsector S1313",train,20,1,20,0.0
GF0409,Economic affairs n.e.c.,D4_S1314,"Property income, of which payable to subsector S1314",holdout,4,1,4,0.0
GF0409,Economic affairs n.e.c.,D4_S1314,"Property income, of which payable to subsector S1314",train,20,1,20,0.0
GF0409,Economic affairs n.e.c.,D62,Social benefits other than social transfers in kind,holdout,105,26,5,0.0
GF0409,Economic affairs n.e.c.,D62,Social benefits other than social transfers in kind,train,588,26,26,5.9
GF0409,Economic affairs n.e.c.,D62_D632,Social benefits other than social transfers in kind and social transfers in kind - purchased market production,holdout,105,26,5,0.0
GF0409,Economic affairs n.e.c.,D62_D632,Social benefits other than social transfers in kind and social transfers in kind - purchased market production,train,611,26,26,5.9
GF0409,Economic affairs n.e.c.,D632,Social transfers in kind - purchased market production,holdout,105,26,5,0.0
GF0409,Economic affairs n.e.c.,D632,Social transfers in kind - purchased market production,train,588,26,26,0.0
GF0409,Economic affairs n.e.c.,D7,Other current transfers,holdout,113,28,5,4033.5
GF0409,Economic affairs n.e.c.,D7,Other current transfers,train,643,28,26,20730.7
GF0409,Economic affairs n.e.c.,D7_S1311,"Other current transfers,of which payable to subsector S1311",holdout,4,1,4,0.0
GF0409,Economic affairs n.e.c.,D7_S1311,"Other current transfers,of which payable to subsector S1311",train,20,1,20,0.0
GF0409,Economic affairs n.e.c.,D7_S1312,"Other current transfers,of which payable to subsector S1312",holdout,4,1,4,0.0
GF0409,Economic affairs n.e.c.,D7_S1312,"Other current transfers,of which payable to subsector S1312",train,20,1,20,0.0
GF0409,Economic affairs n.e.c.,D7_S1313,"Other current transfers,of which payable to subsector S1313",holdout,4,1,4,0.0
GF0409,Economic affairs n.e.c.,D7_S1313,"Other current transfers,of which payable to subsector S1313",train,20,1,20,0.0
GF0409,Economic affairs n.e.c.,D7_S1314,"Other current transfers,of which payable to subsector S1314",holdout,4,1,4,0.0
GF0409,Economic affairs n.e.c.,D7_S1314,"Other current transfers,of which payable to subsector S1314",train,20,1,20,0.0
GF0409,Economic affairs n.e.c.,D9,Capital transfers,holdout,113,28,5,17346.9
GF0409,Economic affairs n.e.c.,D9,Capital transfers,train,642,28,26,71911.0
GF0409,Economic affairs n.e.c.,D92,Investment grants,holdout,113,28,5,7279.5
GF0409,Economic affairs n.e.c.,D92,Investment grants,train,641,28,26,30682.4
GF0409,Economic affairs n.e.c.,D9_S1311,"Capital transfers, expenditure, of which to subsector central government (S1311)",holdout,4,1,4,0.0
GF0409,Economic affairs n.e.c.,D9_S1311,"Capital transfers, expenditure, of which to subsector central government (S1311)",train,20,1,20,0.0
GF0409,Economic affairs n.e.c.,D9_S1312,"Capital transfers, expenditure, of which to subsector state government (S1312)",holdout,4,1,4,0.0
GF0409,Economic affairs n.e.c.,D9_S1312,"Capital transfers, expenditure, of which to subsector state government (S1312)",train,20,1,20,0.0
GF0409,Economic affairs n.e.c.,D9_S1313,"Capital transfers, expenditure, of which to subsector local government (S1313)",holdout,4,1,4,0.0
GF0409,Economic affairs n.e.c.,D9_S1313,"Capital transfers, expenditure, of which to subsector local government (S1313)",train,20,1,20,0.0
GF0409,Economic affairs n.e.c.,D9_S1314,"Capital transfers, expenditure, of which to subsector social security funds (S1314)",holdout,4,1,4,0.0
GF0409,Economic affairs n.e.c.,D9_S1314,"Capital transfers, expenditure, of which to subsector social security funds (S1314)",train,20,1,20,0.0
GF0409,Economic affairs n.e.c.,NP,Acquisitions less disposals of non-financial non-produced assets,holdout,109,27,5,197.4
GF0409,Economic affairs n.e.c.,NP,Acquisitions less disposals of non-financial non-produced assets,train,631,27,26,1539.0
GF0409,Economic affairs n.e.c.,OP5ANP,Gross capital formation and acquisitions less disposals of non-financial non-produced assets,holdout,116,29,5,7527.9
GF0409,Economic affairs n.e.c.,OP5ANP,Gross capital formation and acquisitions less disposals of non-financial non-produced assets,train,646,28,26,27597.2
GF0409,Economic affairs n.e.c.,P2,Intermediate consumption,holdout,117,29,5,22385.5
GF0409,Economic affairs n.e.c.,P2,Intermediate consumption,train,647,29,26,79362.1
GF0409,Economic affairs n.e.c.,P2_D29_D5_D8,"Intermediate consumption; other taxes on production; current taxes on income, wealth, etc.; adjustment for the change in pension entitlements",holdout,113,28,5,22596.8
GF0409,Economic affairs n.e.c.,P2_D29_D5_D8,"Intermediate consumption; other taxes on production; current taxes on income, wealth, etc.; adjustment for the change in pension entitlements",train,621,28,26,79677.2
GF0409,Economic affairs n.e.c.,P3,Final consumption expenditure,holdout,117,29,5,26714.7
GF0409,Economic affairs n.e.c.,P3,Final consumption expenditure,train,649,29,26,106656.9
GF0409,Economic affairs n.e.c.,P31,Individual consumption expenditure,holdout,77,19,5,0.0
GF0409,Economic affairs n.e.c.,P31,Individual consumption expenditure,train,474,20,26,0.0
GF0409,Economic affairs n.e.c.,P32,Collective consumption expenditure,holdout,105,26,5,13839.2
GF0409,Economic affairs n.e.c.,P32,Collective consumption expenditure,train,591,26,26,69566.7
GF0409,Economic affairs n.e.c.,P5,Gross capital formation,holdout,116,29,5,7412.8
GF0409,Economic affairs n.e.c.,P5,Gross capital formation,train,646,28,26,27981.5
GF0409,Economic affairs n.e.c.,P51G,Gross fixed capital formation,holdout,116,29,5,7406.9
GF0409,Economic affairs n.e.c.,P51G,Gross fixed capital formation,train,646,28,26,26958.5
GF0409,Economic affairs n.e.c.,TE,Total general government expenditure,holdout,117,29,5,72678.1
GF0409,Economic affairs n.e.c.,TE,Total general government expenditure,train,649,29,26,295179.9
GF05,Environmental protection,D1,Compensation of employees,holdout,121,30,5,104617.6
GF05,Environmental protection,D1,Compensation of employees,train,767,30,31,409805.9
GF05,Environmental protection,D29_D5_D8,"""Other taxes on production; current taxes on income, wealth, etc; adjustment for the change in pension entitlements""",holdout,113,28,5,2979.5
GF05,Environmental protection,D29_D5_D8,"""Other taxes on production; current taxes on income, wealth, etc; adjustment for the change in pension entitlements""",train,702,28,31,10967.8
GF05,Environmental protection,D3,Subsidies,holdout,121,30,5,34137.1
GF05,Environmental protection,D3,Subsidies,train,756,30,31,122190.0
GF05,Environmental protection,D4,Property income,holdout,109,27,5,111.7
GF05,Environmental protection,D4,Property income,train,677,27,26,520.2
GF05,Environmental protection,D4_S1311,"Property income, of which payable to subsector S1311",holdout,4,1,4,0.0
GF05,Environmental protection,D4_S1311,"Property income, of which payable to subsector S1311",train,20,1,20,0.0
GF05,Environmental protection,D4_S1312,"Property income, of which payable to subsector S1312",holdout,4,1,4,0.0
GF05,Environmental protection,D4_S1312,"Property income, of which payable to subsector S1312",train,20,1,20,0.0
GF05,Environmental protection,D4_S1313,"Property income, of which payable to subsector S1313",holdout,4,1,4,0.0
GF05,Environmental protection,D4_S1313,"Property income, of which payable to subsector S1313",train,20,1,20,0.0
GF05,Environmental protection,D4_S1314,"Property income, of which payable to subsector S1314",holdout,4,1,4,0.0
GF05,Environmental protection,D4_S1314,"Property income, of which payable to subsector S1314",train,20,1,20,0.0
GF05,Environmental protection,D62,Social benefits other than social transfers in kind,holdout,109,27,5,15.5
GF05,Environmental protection,D62,Social benefits other than social transfers in kind,train,616,27,26,367.6
GF05,Environmental protection,D62_D632,Social benefits other than social transfers in kind and social transfers in kind - purchased market production,holdout,109,27,5,15.5
GF05,Environmental protection,D62_D632,Social benefits other than social transfers in kind and social transfers in kind - purchased market production,train,656,27,26,367.6
GF05,Environmental protection,D632,Social transfers in kind - purchased market production,holdout,105,26,5,0.0
GF05,Environmental protection,D632,Social transfers in kind - purchased market production,train,613,26,26,0.0
GF05,Environmental protection,D7,Other current transfers,holdout,121,30,5,18331.5
GF05,Environmental protection,D7,Other current transfers,train,757,30,31,53662.3
GF05,Environmental protection,D7_S1311,"Other current transfers,of which payable to subsector S1311",holdout,4,1,4,0.0
GF05,Environmental protection,D7_S1311,"Other current transfers,of which payable to subsector S1311",train,20,1,20,0.0
GF05,Environmental protection,D7_S1312,"Other current transfers,of which payable to subsector S1312",holdout,4,1,4,0.0
GF05,Environmental protection,D7_S1312,"Other current transfers,of which payable to subsector S1312",train,20,1,20,0.0
GF05,Environmental protection,D7_S1313,"Other current transfers,of which payable to subsector S1313",holdout,4,1,4,0.0
GF05,Environmental protection,D7_S1313,"Other current transfers,of which payable to subsector S1313",train,20,1,20,0.0
GF05,Environmental protection,D7_S1314,"Other current transfers,of which payable to subsector S1314",holdout,4,1,4,0.0
GF05,Environmental protection,D7_S1314,"Other current transfers,of which payable to subsector S1314",train,20,1,20,0.0
GF05,Environmental protection,D9,Capital transfers,holdout,121,30,5,39933.7
GF05,Environmental protection,D9,Capital transfers,train,757,30,31,86719.5
GF05,Environmental protection,D92,Investment grants,holdout,121,30,5,34621.6
GF05,Environmental protection,D92,Investment grants,train,739,30,31,73226.8
GF05,Environmental protection,D9_S1311,"Capital transfers, expenditure, of which to subsector central government (S1311)",holdout,4,1,4,0.0
GF05,Environmental protection,D9_S1311,"Capital transfers, expenditure, of which to subsector central government (S1311)",train,20,1,20,0.0
GF05,Environmental protection,D9_S1312,"Capital transfers, expenditure, of which to subsector state government (S1312)",holdout,4,1,4,0.0
GF05,Environmental protection,D9_S1312,"Capital transfers, expenditure, of which to subsector state government (S1312)",train,20,1,20,0.0
GF05,Environmental protection,D9_S1313,"Capital transfers, expenditure, of which to subsector local government (S1313)",holdout,4,1,4,0.0
GF05,Environmental protection,D9_S1313,"Capital transfers, expenditure, of which to subsector local government (S1313)",train,20,1,20,0.0
GF05,Environmental protection,D9_S1314,"Capital transfers, expenditure, of which to subsector social security funds (S1314)",holdout,4,1,4,0.0
GF05,Environmental protection,D9_S1314,"Capital transfers, expenditure, of which to subsector social security funds (S1314)",train,20,1,20,0.0
GF05,Environmental protection,NP,Acquisitions less disposals of non-financial non-produced assets,holdout,121,30,5,3283.6
GF05,Environmental protection,NP,Acquisitions less disposals of non-financial non-produced assets,train,742,30,31,15691.7
GF05,Environmental protection,OP5ANP,Gross capital formation and acquisitions less disposals of non-financial non-produced assets,holdout,121,30,5,110752.2
GF05,Environmental protection,OP5ANP,Gross capital formation and acquisitions less disposals of non-financial non-produced assets,train,767,30,31,528063.3
GF05,Environmental protection,P2,Intermediate consumption,holdout,121,30,5,253599.8
GF05,Environmental protection,P2,Intermediate consumption,train,767,30,31,975781.8
GF05,Environmental protection,P2_D29_D5_D8,"Intermediate consumption; other taxes on production; current taxes on income, wealth, etc.; adjustment for the change in pension entitlements",holdout,117,29,5,254579.7
GF05,Environmental protection,P2_D29_D5_D8,"Intermediate consumption; other taxes on production; current taxes on income, wealth, etc.; adjustment for the change in pension entitlements",train,741,29,31,976993.3
GF05,Environmental protection,P3,Final consumption expenditure,holdout,121,30,5,270868.2
GF05,Environmental protection,P3,Final consumption expenditure,train,767,30,31,991235.6
GF05,Environmental protection,P31,Individual consumption expenditure,holdout,81,20,5,0.0
GF05,Environmental protection,P31,Individual consumption expenditure,train,507,21,26,0.0
GF05,Environmental protection,P32,Collective consumption expenditure,holdout,109,27,5,231014.5
GF05,Environmental protection,P32,Collective consumption expenditure,train,692,27,31,835216.8
GF05,Environmental protection,P5,Gross capital formation,holdout,121,30,5,108275.6
GF05,Environmental protection,P5,Gross capital formation,train,767,30,31,518213.3
GF05,Environmental protection,P51G,Gross fixed capital formation,holdout,121,30,5,108133.0
GF05,Environmental protection,P51G,Gross fixed capital formation,train,767,30,31,518295.7
GF05,Environmental protection,TE,Total general government expenditure,holdout,121,30,5,564439.4
GF05,Environmental protection,TE,Total general government expenditure,train,767,30,31,2187173.8
GF0501,Waste management,D1,Compensation of employees,holdout,121,30,5,37601.2
GF0501,Waste management,D1,Compensation of employees,train,698,30,26,126321.3
GF0501,Waste management,D29_D5_D8,"""Other taxes on production; current taxes on income, wealth, etc; adjustment for the change in pension entitlements""",holdout,112,28,5,1419.7
GF0501,Waste management,D29_D5_D8,"""Other taxes on production; current taxes on income, wealth, etc; adjustment for the change in pension entitlements""",train,643,28,26,4193.5
GF0501,Waste management,D3,Subsidies,holdout,121,30,5,2602.4
GF0501,Waste management,D3,Subsidies,train,695,30,26,14972.7
GF0501,Waste management,D4,Property income,holdout,109,27,5,53.0
GF0501,Waste management,D4,Property income,train,632,27,26,203.7
GF0501,Waste management,D4_S1311,"Property income, of which payable to subsector S1311",holdout,4,1,4,0.0
GF0501,Waste management,D4_S1311,"Property income, of which payable to subsector S1311",train,20,1,20,0.0
GF0501,Waste management,D4_S1312,"Property income, of which payable to subsector S1312",holdout,4,1,4,0.0
GF0501,Waste management,D4_S1312,"Property income, of which payable to subsector S1312",train,20,1,20,0.0
GF0501,Waste management,D4_S1313,"Property income, of which payable to subsector S1313",holdout,4,1,4,0.0
GF0501,Waste management,D4_S1313,"Property income, of which payable to subsector S1313",train,20,1,20,0.0
GF0501,Waste management,D4_S1314,"Property income, of which payable to subsector S1314",holdout,4,1,4,0.0
GF0501,Waste management,D4_S1314,"Property income, of which payable to subsector S1314",train,20,1,20,0.0
GF0501,Waste management,D62,Social benefits other than social transfers in kind,holdout,105,26,5,0.0
GF0501,Waste management,D62,Social benefits other than social transfers in kind,train,588,26,26,26.9
GF0501,Waste management,D62_D632,Social benefits other than social transfers in kind and social transfers in kind - purchased market production,holdout,105,26,5,0.0
GF0501,Waste management,D62_D632,Social benefits other than social transfers in kind and social transfers in kind - purchased market production,train,611,26,26,26.9
GF0501,Waste management,D632,Social transfers in kind - purchased market production,holdout,105,26,5,0.0
GF0501,Waste management,D632,Social transfers in kind - purchased market production,train,588,26,26,0.0
GF0501,Waste management,D7,Other current transfers,holdout,121,30,5,4909.1
GF0501,Waste management,D7,Other current transfers,train,682,30,26,16351.9
GF0501,Waste management,D7_S1311,"Other current transfers,of which payable to subsector S1311",holdout,4,1,4,0.0
GF0501,Waste management,D7_S1311,"Other current transfers,of which payable to subsector S1311",train,20,1,20,0.0
GF0501,Waste management,D7_S1312,"Other current transfers,of which payable to subsector S1312",holdout,4,1,4,0.0
GF0501,Waste management,D7_S1312,"Other current transfers,of which payable to subsector S1312",train,20,1,20,0.0
GF0501,Waste management,D7_S1313,"Other current transfers,of which payable to subsector S1313",holdout,4,1,4,0.0
GF0501,Waste management,D7_S1313,"Other current transfers,of which payable to subsector S1313",train,20,1,20,0.0
GF0501,Waste management,D7_S1314,"Other current transfers,of which payable to subsector S1314",holdout,4,1,4,0.0
GF0501,Waste management,D7_S1314,"Other current transfers,of which payable to subsector S1314",train,20,1,20,0.0
GF0501,Waste management,D9,Capital transfers,holdout,121,30,5,7522.5
GF0501,Waste management,D9,Capital transfers,train,689,30,26,12520.9
GF0501,Waste management,D92,Investment grants,holdout,117,29,5,5920.7
GF0501,Waste management,D92,Investment grants,train,672,30,26,8247.1
GF0501,Waste management,D9_S1311,"Capital transfers, expenditure, of which to subsector central government (S1311)",holdout,4,1,4,0.0
GF0501,Waste management,D9_S1311,"Capital transfers, expenditure, of which to subsector central government (S1311)",train,20,1,20,0.0
GF0501,Waste management,D9_S1312,"Capital transfers, expenditure, of which to subsector state government (S1312)",holdout,4,1,4,0.0
GF0501,Waste management,D9_S1312,"Capital transfers, expenditure, of which to subsector state government (S1312)",train,20,1,20,0.0
GF0501,Waste management,D9_S1313,"Capital transfers, expenditure, of which to subsector local government (S1313)",holdout,4,1,4,0.0
GF0501,Waste management,D9_S1313,"Capital transfers, expenditure, of which to subsector local government (S1313)",train,20,1,20,0.0
GF0501,Waste management,D9_S1314,"Capital transfers, expenditure, of which to subsector social security funds (S1314)",holdout,4,1,4,0.0
GF0501,Waste management,D9_S1314,"Capital transfers, expenditure, of which to subsector social security funds (S1314)",train,20,1,20,0.0
GF0501,Waste management,NP,Acquisitions less disposals of non-financial non-produced assets,holdout,116,29,5,374.5
GF0501,Waste management,NP,Acquisitions less disposals of non-financial non-produced assets,train,660,29,26,1871.3
GF0501,Waste management,OP5ANP,Gross capital formation and acquisitions less disposals of non-financial non-produced assets,holdout,121,30,5,25146.2
GF0501,Waste management,OP5ANP,Gross capital formation and acquisitions less disposals of non-financial non-produced assets,train,698,30,26,92799.7
GF0501,Waste management,P2,Intermediate consumption,holdout,121,30,5,161010.8
GF0501,Waste management,P2,Intermediate consumption,train,698,30,26,572587.8
GF0501,Waste management,P2_D29_D5_D8,"Intermediate consumption; other taxes on production; current taxes on income, wealth, etc.; adjustment for the change in pension entitlements",holdout,117,29,5,162366.0
GF0501,Waste management,P2_D29_D5_D8,"Intermediate consumption; other taxes on production; current taxes on income, wealth, etc.; adjustment for the change in pension entitlements",train,671,29,26,576496.5
GF0501,Waste management,P3,Final consumption expenditure,holdout,121,30,5,115044.0
GF0501,Waste management,P3,Final consumption expenditure,train,698,30,26,359425.6
GF0501,Waste management,P31,Individual consumption expenditure,holdout,77,19,5,0.0
GF0501,Waste management,P31,Individual consumption expenditure,train,474,20,26,0.0
GF0501,Waste management,P32,Collective consumption expenditure,holdout,109,27,5,110312.4
GF0501,Waste management,P32,Collective consumption expenditure,train,640,27,26,344787.3
GF0501,Waste management,P5,Gross capital formation,holdout,121,30,5,24792.4
GF0501,Waste management,P5,Gross capital formation,train,698,30,26,91386.6
GF0501,Waste management,P51G,Gross fixed capital formation,holdout,121,30,5,24754.5
GF0501,Waste management,P51G,Gross fixed capital formation,train,698,30,26,91220.2
GF0501,Waste management,TE,Total general government expenditure,holdout,121,30,5,240259.9
GF0501,Waste management,TE,Total general government expenditure,train,698,30,26,839608.8
GF0502,Waste water management,D1,Compensation of employees,holdout,121,30,5,11932.6
GF0502,Waste water management,D1,Compensation of employees,train,685,30,26,54014.8
GF0502,Waste water management,D29_D5_D8,"""Other taxes on production; current taxes on income, wealth, etc; adjustment for the change in pension entitlements""",holdout,109,27,5,323.2
GF0502,Waste water management,D29_D5_D8,"""Other taxes on production; current taxes on income, wealth, etc; adjustment for the change in pension entitlements""",train,631,27,26,1457.9
GF0502,Waste water management,D3,Subsidies,holdout,117,29,5,1276.4
GF0502,Waste water management,D3,Subsidies,train,671,29,26,5191.1
GF0502,Waste water management,D4,Property income,holdout,105,26,5,32.5
GF0502,Waste water management,D4,Property income,train,622,27,26,191.7
GF0502,Waste water management,D4_S1311,"Property income, of which payable to subsector S1311",holdout,4,1,4,0.0
GF0502,Waste water management,D4_S1311,"Property income, of which payable to subsector S1311",train,20,1,20,0.0
GF0502,Waste water management,D4_S1312,"Property income, of which payable to subsector S1312",holdout,4,1,4,0.0
GF0502,Waste water management,D4_S1312,"Property income, of which payable to subsector S1312",train,20,1,20,0.0
GF0502,Waste water management,D4_S1313,"Property income, of which payable to subsector S1313",holdout,4,1,4,0.0
GF0502,Waste water management,D4_S1313,"Property income, of which payable to subsector S1313",train,20,1,20,0.0
GF0502,Waste water management,D4_S1314,"Property income, of which payable to subsector S1314",holdout,4,1,4,0.0
GF0502,Waste water management,D4_S1314,"Property income, of which payable to subsector S1314",train,20,1,20,0.0
GF0502,Waste water management,D62,Social benefits other than social transfers in kind,holdout,105,26,5,0.0
GF0502,Waste water management,D62,Social benefits other than social transfers in kind,train,588,26,26,0.0
GF0502,Waste water management,D62_D632,Social benefits other than social transfers in kind and social transfers in kind - purchased market production,holdout,105,26,5,0.0
GF0502,Waste water management,D62_D632,Social benefits other than social transfers in kind and social transfers in kind - purchased market production,train,611,26,26,0.0
GF0502,Waste water management,D632,Social transfers in kind - purchased market production,holdout,105,26,5,0.0
GF0502,Waste water management,D632,Social transfers in kind - purchased market production,train,588,26,26,0.0
GF0502,Waste water management,D7,Other current transfers,holdout,117,29,5,1361.2
GF0502,Waste water management,D7,Other current transfers,train,672,29,26,5750.1
GF0502,Waste water management,D7_S1311,"Other current transfers,of which payable to subsector S1311",holdout,4,1,4,0.0
GF0502,Waste water management,D7_S1311,"Other current transfers,of which payable to subsector S1311",train,20,1,20,0.0
GF0502,Waste water management,D7_S1312,"Other current transfers,of which payable to subsector S1312",holdout,4,1,4,0.0
GF0502,Waste water management,D7_S1312,"Other current transfers,of which payable to subsector S1312",train,20,1,20,0.0
GF0502,Waste water management,D7_S1313,"Other current transfers,of which payable to subsector S1313",holdout,4,1,4,0.0
GF0502,Waste water management,D7_S1313,"Other current transfers,of which payable to subsector S1313",train,20,1,20,0.0
GF0502,Waste water management,D7_S1314,"Other current transfers,of which payable to subsector S1314",holdout,4,1,4,0.0
GF0502,Waste water management,D7_S1314,"Other current transfers,of which payable to subsector S1314",train,20,1,20,0.0
GF0502,Waste water management,D9,Capital transfers,holdout,119,30,5,5817.2
GF0502,Waste water management,D9,Capital transfers,train,674,29,26,18512.7
GF0502,Waste water management,D92,Investment grants,holdout,117,29,5,5305.3
GF0502,Waste water management,D92,Investment grants,train,671,29,26,17167.9
GF0502,Waste water management,D9_S1311,"Capital transfers, expenditure, of which to subsector central government (S1311)",holdout,4,1,4,0.0
GF0502,Waste water management,D9_S1311,"Capital transfers, expenditure, of which to subsector central government (S1311)",train,20,1,20,0.0
GF0502,Waste water management,D9_S1312,"Capital transfers, expenditure, of which to subsector state government (S1312)",holdout,4,1,4,0.0
GF0502,Waste water management,D9_S1312,"Capital transfers, expenditure, of which to subsector state government (S1312)",train,20,1,20,0.0
GF0502,Waste water management,D9_S1313,"Capital transfers, expenditure, of which to subsector local government (S1313)",holdout,4,1,4,0.0
GF0502,Waste water management,D9_S1313,"Capital transfers, expenditure, of which to subsector local government (S1313)",train,20,1,20,0.0
GF0502,Waste water management,D9_S1314,"Capital transfers, expenditure, of which to subsector social security funds (S1314)",holdout,4,1,4,0.0
GF0502,Waste water management,D9_S1314,"Capital transfers, expenditure, of which to subsector social security funds (S1314)",train,20,1,20,0.0
GF0502,Waste water management,NP,Acquisitions less disposals of non-financial non-produced assets,holdout,112,28,5,743.2
GF0502,Waste water management,NP,Acquisitions less disposals of non-financial non-produced assets,train,667,29,26,2571.9
GF0502,Waste water management,OP5ANP,Gross capital formation and acquisitions less disposals of non-financial non-produced assets,holdout,121,30,5,48523.2
GF0502,Waste water management,OP5ANP,Gross capital formation and acquisitions less disposals of non-financial non-produced assets,train,688,30,26,230888.4
GF0502,Waste water management,P2,Intermediate consumption,holdout,121,30,5,40768.8
GF0502,Waste water management,P2,Intermediate consumption,train,685,30,26,155625.7
GF0502,Waste water management,P2_D29_D5_D8,"Intermediate consumption; other taxes on production; current taxes on income, wealth, etc.; adjustment for the change in pension entitlements",holdout,117,29,5,40946.3
GF0502,Waste water management,P2_D29_D5_D8,"Intermediate consumption; other taxes on production; current taxes on income, wealth, etc.; adjustment for the change in pension entitlements",train,658,29,26,156847.8
GF0502,Waste water management,P3,Final consumption expenditure,holdout,117,29,5,43145.3
GF0502,Waste water management,P3,Final consumption expenditure,train,684,30,26,177902.8
GF0502,Waste water management,P31,Individual consumption expenditure,holdout,77,19,5,0.0
GF0502,Waste water management,P31,Individual consumption expenditure,train,474,20,26,0.0
GF0502,Waste water management,P32,Collective consumption expenditure,holdout,105,26,5,36240.7
GF0502,Waste water management,P32,Collective consumption expenditure,train,626,27,26,144294.1
GF0502,Waste water management,P5,Gross capital formation,holdout,121,30,5,48715.3
GF0502,Waste water management,P5,Gross capital formation,train,685,30,26,231017.7
GF0502,Waste water management,P51G,Gross fixed capital formation,holdout,121,30,5,48618.3
GF0502,Waste water management,P51G,Gross fixed capital formation,train,685,30,26,230679.4
GF0502,Waste water management,TE,Total general government expenditure,holdout,121,30,5,110034.3
GF0502,Waste water management,TE,Total general government expenditure,train,687,30,26,471402.1
GF0503,Pollution abatement,D1,Compensation of employees,holdout,113,28,5,11845.6
GF0503,Pollution abatement,D1,Compensation of employees,train,650,29,26,41407.9
GF0503,Pollution abatement,D29_D5_D8,"""Other taxes on production; current taxes on income, wealth, etc; adjustment for the change in pension entitlements""",holdout,109,27,5,223.9
GF0503,Pollution abatement,D29_D5_D8,"""Other taxes on production; current taxes on income, wealth, etc; adjustment for the change in pension entitlements""",train,634,28,26,902.3
GF0503,Pollution abatement,D3,Subsidies,holdout,117,29,5,27186.5
GF0503,Pollution abatement,D3,Subsidies,train,649,29,26,82272.4
GF0503,Pollution abatement,D4,Property income,holdout,105,26,5,15.0
GF0503,Pollution abatement,D4,Property income,train,611,26,26,22.3
GF0503,Pollution abatement,D4_S1311,"Property income, of which payable to subsector S1311",holdout,4,1,4,0.0
GF0503,Pollution abatement,D4_S1311,"Property income, of which payable to subsector S1311",train,20,1,20,0.0
GF0503,Pollution abatement,D4_S1312,"Property income, of which payable to subsector S1312",holdout,4,1,4,0.0
GF0503,Pollution abatement,D4_S1312,"Property income, of which payable to subsector S1312",train,20,1,20,0.0
GF0503,Pollution abatement,D4_S1313,"Property income, of which payable to subsector S1313",holdout,4,1,4,0.0
GF0503,Pollution abatement,D4_S1313,"Property income, of which payable to subsector S1313",train,20,1,20,0.0
GF0503,Pollution abatement,D4_S1314,"Property income, of which payable to subsector S1314",holdout,4,1,4,0.0
GF0503,Pollution abatement,D4_S1314,"Property income, of which payable to subsector S1314",train,20,1,20,0.0
GF0503,Pollution abatement,D62,Social benefits other than social transfers in kind,holdout,105,26,5,0.0
GF0503,Pollution abatement,D62,Social benefits other than social transfers in kind,train,588,26,26,39.3
GF0503,Pollution abatement,D62_D632,Social benefits other than social transfers in kind and social transfers in kind - purchased market production,holdout,105,26,5,0.0
GF0503,Pollution abatement,D62_D632,Social benefits other than social transfers in kind and social transfers in kind - purchased market production,train,611,26,26,39.3
GF0503,Pollution abatement,D632,Social transfers in kind - purchased market production,holdout,105,26,5,0.0
GF0503,Pollution abatement,D632,Social transfers in kind - purchased market production,train,588,26,26,0.0
GF0503,Pollution abatement,D7,Other current transfers,holdout,117,29,5,4956.9
GF0503,Pollution abatement,D7,Other current transfers,train,655,29,26,11314.9
GF0503,Pollution abatement,D7_S1311,"Other current transfers,of which payable to subsector S1311",holdout,4,1,4,0.0
GF0503,Pollution abatement,D7_S1311,"Other current transfers,of which payable to subsector S1311",train,20,1,20,0.0
GF0503,Pollution abatement,D7_S1312,"Other current transfers,of which payable to subsector S1312",holdout,4,1,4,0.0
GF0503,Pollution abatement,D7_S1312,"Other current transfers,of which payable to subsector S1312",train,20,1,20,0.0
GF0503,Pollution abatement,D7_S1313,"Other current transfers,of which payable to subsector S1313",holdout,4,1,4,0.0
GF0503,Pollution abatement,D7_S1313,"Other current transfers,of which payable to subsector S1313",train,20,1,20,0.0
GF0503,Pollution abatement,D7_S1314,"Other current transfers,of which payable to subsector S1314",holdout,4,1,4,0.0
GF0503,Pollution abatement,D7_S1314,"Other current transfers,of which payable to subsector S1314",train,20,1,20,0.0
GF0503,Pollution abatement,D9,Capital transfers,holdout,117,29,5,19526.7
GF0503,Pollution abatement,D9,Capital transfers,train,654,29,26,33054.8
GF0503,Pollution abatement,D92,Investment grants,holdout,117,29,5,17105.6
GF0503,Pollution abatement,D92,Investment grants,train,652,29,26,28511.8
GF0503,Pollution abatement,D9_S1311,"Capital transfers, expenditure, of which to subsector central government (S1311)",holdout,4,1,4,0.0
GF0503,Pollution abatement,D9_S1311,"Capital transfers, expenditure, of which to subsector central government (S1311)",train,20,1,20,0.0
GF0503,Pollution abatement,D9_S1312,"Capital transfers, expenditure, of which to subsector state government (S1312)",holdout,4,1,4,0.0
GF0503,Pollution abatement,D9_S1312,"Capital transfers, expenditure, of which to subsector state government (S1312)",train,20,1,20,0.0
GF0503,Pollution abatement,D9_S1313,"Capital transfers, expenditure, of which to subsector local government (S1313)",holdout,4,1,4,0.0
GF0503,Pollution abatement,D9_S1313,"Capital transfers, expenditure, of which to subsector local government (S1313)",train,20,1,20,0.0
GF0503,Pollution abatement,D9_S1314,"Capital transfers, expenditure, of which to subsector social security funds (S1314)",holdout,4,1,4,0.0
GF0503,Pollution abatement,D9_S1314,"Capital transfers, expenditure, of which to subsector social security funds (S1314)",train,20,1,20,0.0
GF0503,Pollution abatement,NP,Acquisitions less disposals of non-financial non-produced assets,holdout,109,27,5,640.8
GF0503,Pollution abatement,NP,Acquisitions less disposals of non-financial non-produced assets,train,635,28,26,3940.9
GF0503,Pollution abatement,OP5ANP,Gross capital formation and acquisitions less disposals of non-financial non-produced assets,holdout,117,29,5,9041.5
GF0503,Pollution abatement,OP5ANP,Gross capital formation and acquisitions less disposals of non-financial non-produced assets,train,667,29,26,44187.4
GF0503,Pollution abatement,P2,Intermediate consumption,holdout,117,29,5,17202.4
GF0503,Pollution abatement,P2,Intermediate consumption,train,662,29,26,56104.9
GF0503,Pollution abatement,P2_D29_D5_D8,"Intermediate consumption; other taxes on production; current taxes on income, wealth, etc.; adjustment for the change in pension entitlements",holdout,113,28,5,17099.7
GF0503,Pollution abatement,P2_D29_D5_D8,"Intermediate consumption; other taxes on production; current taxes on income, wealth, etc.; adjustment for the change in pension entitlements",train,637,28,26,55001.9
GF0503,Pollution abatement,P3,Final consumption expenditure,holdout,117,29,5,33097.6
GF0503,Pollution abatement,P3,Final consumption expenditure,train,666,29,26,106617.9
GF0503,Pollution abatement,P31,Individual consumption expenditure,holdout,77,19,5,0.0
GF0503,Pollution abatement,P31,Individual consumption expenditure,train,474,20,26,0.0
GF0503,Pollution abatement,P32,Collective consumption expenditure,holdout,105,26,5,26561.8
GF0503,Pollution abatement,P32,Collective consumption expenditure,train,608,26,26,86345.1
GF0503,Pollution abatement,P5,Gross capital formation,holdout,117,29,5,8401.1
GF0503,Pollution abatement,P5,Gross capital formation,train,667,29,26,40867.8
GF0503,Pollution abatement,P51G,Gross fixed capital formation,holdout,117,29,5,8406.5
GF0503,Pollution abatement,P51G,Gross fixed capital formation,train,667,29,26,40303.9
GF0503,Pollution abatement,TE,Total general government expenditure,holdout,117,29,5,89998.9
GF0503,Pollution abatement,TE,Total general government expenditure,train,668,29,26,269107.1
GF0504,Protection of biodiversity and landscape,D1,Compensation of employees,holdout,117,29,5,16168.7
GF0504,Protection of biodiversity and landscape,D1,Compensation of employees,train,676,30,26,59119.1
GF0504,Protection of biodiversity and landscape,D29_D5_D8,"""Other taxes on production; current taxes on income, wealth, etc; adjustment for the change in pension entitlements""",holdout,111,28,5,443.7
GF0504,Protection of biodiversity and landscape,D29_D5_D8,"""Other taxes on production; current taxes on income, wealth, etc; adjustment for the change in pension entitlements""",train,634,28,26,1665.2
GF0504,Protection of biodiversity and landscape,D3,Subsidies,holdout,113,28,5,1220.3
GF0504,Protection of biodiversity and landscape,D3,Subsidies,train,656,28,26,9631.3
GF0504,Protection of biodiversity and landscape,D4,Property income,holdout,105,26,5,3.4
GF0504,Protection of biodiversity and landscape,D4,Property income,train,626,27,26,37.8
GF0504,Protection of biodiversity and landscape,D4_S1311,"Property income, of which payable to subsector S1311",holdout,4,1,4,0.0
GF0504,Protection of biodiversity and landscape,D4_S1311,"Property income, of which payable to subsector S1311",train,20,1,20,0.0
GF0504,Protection of biodiversity and landscape,D4_S1312,"Property income, of which payable to subsector S1312",holdout,4,1,4,0.0
GF0504,Protection of biodiversity and landscape,D4_S1312,"Property income, of which payable to subsector S1312",train,20,1,20,0.0
GF0504,Protection of biodiversity and landscape,D4_S1313,"Property income, of which payable to subsector S1313",holdout,4,1,4,0.0
GF0504,Protection of biodiversity and landscape,D4_S1313,"Property income, of which payable to subsector S1313",train,20,1,20,0.0
GF0504,Protection of biodiversity and landscape,D4_S1314,"Property income, of which payable to subsector S1314",holdout,4,1,4,0.0
GF0504,Protection of biodiversity and landscape,D4_S1314,"Property income, of which payable to subsector S1314",train,20,1,20,0.0
GF0504,Protection of biodiversity and landscape,D62,Social benefits other than social transfers in kind,holdout,105,26,5,5.8
GF0504,Protection of biodiversity and landscape,D62,Social benefits other than social transfers in kind,train,588,26,26,104.1
GF0504,Protection of biodiversity and landscape,D62_D632,Social benefits other than social transfers in kind and social transfers in kind - purchased market production,holdout,105,26,5,5.8
GF0504,Protection of biodiversity and landscape,D62_D632,Social benefits other than social transfers in kind and social transfers in kind - purchased market production,train,611,26,26,104.1
GF0504,Protection of biodiversity and landscape,D632,Social transfers in kind - purchased market production,holdout,105,26,5,0.0
GF0504,Protection of biodiversity and landscape,D632,Social transfers in kind - purchased market production,train,588,26,26,0.0
GF0504,Protection of biodiversity and landscape,D7,Other current transfers,holdout,117,29,5,2782.1
GF0504,Protection of biodiversity and landscape,D7,Other current transfers,train,672,29,26,7790.7
GF0504,Protection of biodiversity and landscape,D7_S1311,"Other current transfers,of which payable to subsector S1311",holdout,4,1,4,0.0
GF0504,Protection of biodiversity and landscape,D7_S1311,"Other current transfers,of which payable to subsector S1311",train,20,1,20,0.0
GF0504,Protection of biodiversity and landscape,D7_S1312,"Other current transfers,of which payable to subsector S1312",holdout,4,1,4,0.0
GF0504,Protection of biodiversity and landscape,D7_S1312,"Other current transfers,of which payable to subsector S1312",train,20,1,20,0.0
GF0504,Protection of biodiversity and landscape,D7_S1313,"Other current transfers,of which payable to subsector S1313",holdout,4,1,4,0.0
GF0504,Protection of biodiversity and landscape,D7_S1313,"Other current transfers,of which payable to subsector S1313",train,20,1,20,0.0
GF0504,Protection of biodiversity and landscape,D7_S1314,"Other current transfers,of which payable to subsector S1314",holdout,4,1,4,0.0
GF0504,Protection of biodiversity and landscape,D7_S1314,"Other current transfers,of which payable to subsector S1314",train,20,1,20,0.0
GF0504,Protection of biodiversity and landscape,D9,Capital transfers,holdout,117,29,5,3817.0
GF0504,Protection of biodiversity and landscape,D9,Capital transfers,train,663,29,26,12490.3
GF0504,Protection of biodiversity and landscape,D92,Investment grants,holdout,117,29,5,3348.5
GF0504,Protection of biodiversity and landscape,D92,Investment grants,train,660,29,26,10505.1
GF0504,Protection of biodiversity and landscape,D9_S1311,"Capital transfers, expenditure, of which to subsector central government (S1311)",holdout,4,1,4,0.0
GF0504,Protection of biodiversity and landscape,D9_S1311,"Capital transfers, expenditure, of which to subsector central government (S1311)",train,20,1,20,0.0
GF0504,Protection of biodiversity and landscape,D9_S1312,"Capital transfers, expenditure, of which to subsector state government (S1312)",holdout,4,1,4,0.0
GF0504,Protection of biodiversity and landscape,D9_S1312,"Capital transfers, expenditure, of which to subsector state government (S1312)",train,20,1,20,0.0
GF0504,Protection of biodiversity and landscape,D9_S1313,"Capital transfers, expenditure, of which to subsector local government (S1313)",holdout,4,1,4,0.0
GF0504,Protection of biodiversity and landscape,D9_S1313,"Capital transfers, expenditure, of which to subsector local government (S1313)",train,20,1,20,0.0
GF0504,Protection of biodiversity and landscape,D9_S1314,"Capital transfers, expenditure, of which to subsector social security funds (S1314)",holdout,4,1,4,0.0
GF0504,Protection of biodiversity and landscape,D9_S1314,"Capital transfers, expenditure, of which to subsector social security funds (S1314)",train,20,1,20,0.0
GF0504,Protection of biodiversity and landscape,NP,Acquisitions less disposals of non-financial non-produced assets,holdout,110,28,5,1541.1
GF0504,Protection of biodiversity and landscape,NP,Acquisitions less disposals of non-financial non-produced assets,train,657,28,26,7380.6
GF0504,Protection of biodiversity and landscape,OP5ANP,Gross capital formation and acquisitions less disposals of non-financial non-produced assets,holdout,121,30,5,13073.7
GF0504,Protection of biodiversity and landscape,OP5ANP,Gross capital formation and acquisitions less disposals of non-financial non-produced assets,train,684,30,26,55927.9
GF0504,Protection of biodiversity and landscape,P2,Intermediate consumption,holdout,121,30,5,18090.5
GF0504,Protection of biodiversity and landscape,P2,Intermediate consumption,train,678,30,26,59665.3
GF0504,Protection of biodiversity and landscape,P2_D29_D5_D8,"Intermediate consumption; other taxes on production; current taxes on income, wealth, etc.; adjustment for the change in pension entitlements",holdout,117,29,5,17540.6
GF0504,Protection of biodiversity and landscape,P2_D29_D5_D8,"Intermediate consumption; other taxes on production; current taxes on income, wealth, etc.; adjustment for the change in pension entitlements",train,651,29,26,57435.1
GF0504,Protection of biodiversity and landscape,P3,Final consumption expenditure,holdout,121,30,5,37334.1
GF0504,Protection of biodiversity and landscape,P3,Final consumption expenditure,train,677,30,26,132811.4
GF0504,Protection of biodiversity and landscape,P31,Individual consumption expenditure,holdout,77,19,5,0.0
GF0504,Protection of biodiversity and landscape,P31,Individual consumption expenditure,train,474,20,26,0.0
GF0504,Protection of biodiversity and landscape,P32,Collective consumption expenditure,holdout,109,27,5,28478.3
GF0504,Protection of biodiversity and landscape,P32,Collective consumption expenditure,train,619,27,26,106683.4
GF0504,Protection of biodiversity and landscape,P5,Gross capital formation,holdout,121,30,5,11563.6
GF0504,Protection of biodiversity and landscape,P5,Gross capital formation,train,684,30,26,49326.4
GF0504,Protection of biodiversity and landscape,P51G,Gross fixed capital formation,holdout,121,30,5,11550.3
GF0504,Protection of biodiversity and landscape,P51G,Gross fixed capital formation,train,684,30,26,50882.2
GF0504,Protection of biodiversity and landscape,TE,Total general government expenditure,holdout,121,30,5,55605.0
GF0504,Protection of biodiversity and landscape,TE,Total general government expenditure,train,684,30,26,206399.7
GF0505,R&D Environmental protection,D1,Compensation of employees,holdout,119,30,5,6955.5
GF0505,R&D Environmental protection,D1,Compensation of employees,train,672,29,26,21741.4
GF0505,R&D Environmental protection,D29_D5_D8,"""Other taxes on production; current taxes on income, wealth, etc; adjustment for the change in pension entitlements""",holdout,109,27,5,258.5
GF0505,R&D Environmental protection,D29_D5_D8,"""Other taxes on production; current taxes on income, wealth, etc; adjustment for the change in pension entitlements""",train,634,28,26,949.4
GF0505,R&D Environmental protection,D3,Subsidies,holdout,113,28,5,755.6
GF0505,R&D Environmental protection,D3,Subsidies,train,637,28,26,2272.2
GF0505,R&D Environmental protection,D4,Property income,holdout,105,26,5,6.0
GF0505,R&D Environmental protection,D4,Property income,train,611,26,26,13.0
GF0505,R&D Environmental protection,D4_S1311,"Property income, of which payable to subsector S1311",holdout,4,1,4,0.0
GF0505,R&D Environmental protection,D4_S1311,"Property income, of which payable to subsector S1311",train,20,1,20,0.0
GF0505,R&D Environmental protection,D4_S1312,"Property income, of which payable to subsector S1312",holdout,4,1,4,0.0
GF0505,R&D Environmental protection,D4_S1312,"Property income, of which payable to subsector S1312",train,20,1,20,0.0
GF0505,R&D Environmental protection,D4_S1313,"Property income, of which payable to subsector S1313",holdout,4,1,4,0.0
GF0505,R&D Environmental protection,D4_S1313,"Property income, of which payable to subsector S1313",train,20,1,20,0.0
GF0505,R&D Environmental protection,D4_S1314,"Property income, of which payable to subsector S1314",holdout,4,1,4,0.0
GF0505,R&D Environmental protection,D4_S1314,"Property income, of which payable to subsector S1314",train,20,1,20,0.0
GF0505,R&D Environmental protection,D62,Social benefits other than social transfers in kind,holdout,105,26,5,0.0
GF0505,R&D Environmental protection,D62,Social benefits other than social transfers in kind,train,588,26,26,1.1
GF0505,R&D Environmental protection,D62_D632,Social benefits other than social transfers in kind and social transfers in kind - purchased market production,holdout,105,26,5,0.0
GF0505,R&D Environmental protection,D62_D632,Social benefits other than social transfers in kind and social transfers in kind - purchased market production,train,611,26,26,1.1
GF0505,R&D Environmental protection,D632,Social transfers in kind - purchased market production,holdout,105,26,5,0.0
GF0505,R&D Environmental protection,D632,Social transfers in kind - purchased market production,train,588,26,26,0.0
GF0505,R&D Environmental protection,D7,Other current transfers,holdout,116,29,5,415.5
GF0505,R&D Environmental protection,D7,Other current transfers,train,667,29,26,2717.4
GF0505,R&D Environmental protection,D7_S1311,"Other current transfers,of which payable to subsector S1311",holdout,4,1,4,0.0
GF0505,R&D Environmental protection,D7_S1311,"Other current transfers,of which payable to subsector S1311",train,20,1,20,0.0
GF0505,R&D Environmental protection,D7_S1312,"Other current transfers,of which payable to subsector S1312",holdout,4,1,4,0.0
GF0505,R&D Environmental protection,D7_S1312,"Other current transfers,of which payable to subsector S1312",train,20,1,20,0.0
GF0505,R&D Environmental protection,D7_S1313,"Other current transfers,of which payable to subsector S1313",holdout,4,1,4,0.0
GF0505,R&D Environmental protection,D7_S1313,"Other current transfers,of which payable to subsector S1313",train,20,1,20,0.0
GF0505,R&D Environmental protection,D7_S1314,"Other current transfers,of which payable to subsector S1314",holdout,4,1,4,0.0
GF0505,R&D Environmental protection,D7_S1314,"Other current transfers,of which payable to subsector S1314",train,20,1,20,0.0
GF0505,R&D Environmental protection,D9,Capital transfers,holdout,111,28,5,1152.9
GF0505,R&D Environmental protection,D9,Capital transfers,train,637,29,26,604.9
GF0505,R&D Environmental protection,D92,Investment grants,holdout,111,28,5,940.0
GF0505,R&D Environmental protection,D92,Investment grants,train,636,29,26,503.9
GF0505,R&D Environmental protection,D9_S1311,"Capital transfers, expenditure, of which to subsector central government (S1311)",holdout,4,1,4,0.0
GF0505,R&D Environmental protection,D9_S1311,"Capital transfers, expenditure, of which to subsector central government (S1311)",train,20,1,20,0.0
GF0505,R&D Environmental protection,D9_S1312,"Capital transfers, expenditure, of which to subsector state government (S1312)",holdout,4,1,4,0.0
GF0505,R&D Environmental protection,D9_S1312,"Capital transfers, expenditure, of which to subsector state government (S1312)",train,20,1,20,0.0
GF0505,R&D Environmental protection,D9_S1313,"Capital transfers, expenditure, of which to subsector local government (S1313)",holdout,4,1,4,0.0
GF0505,R&D Environmental protection,D9_S1313,"Capital transfers, expenditure, of which to subsector local government (S1313)",train,20,1,20,0.0
GF0505,R&D Environmental protection,D9_S1314,"Capital transfers, expenditure, of which to subsector social security funds (S1314)",holdout,4,1,4,0.0
GF0505,R&D Environmental protection,D9_S1314,"Capital transfers, expenditure, of which to subsector social security funds (S1314)",train,20,1,20,0.0
GF0505,R&D Environmental protection,NP,Acquisitions less disposals of non-financial non-produced assets,holdout,109,27,5,50.5
GF0505,R&D Environmental protection,NP,Acquisitions less disposals of non-financial non-produced assets,train,631,27,26,34.9
GF0505,R&D Environmental protection,OP5ANP,Gross capital formation and acquisitions less disposals of non-financial non-produced assets,holdout,116,29,5,10593.6
GF0505,R&D Environmental protection,OP5ANP,Gross capital formation and acquisitions less disposals of non-financial non-produced assets,train,660,29,26,38093.1
GF0505,R&D Environmental protection,P2,Intermediate consumption,holdout,119,30,5,6420.4
GF0505,R&D Environmental protection,P2,Intermediate consumption,train,672,29,26,19806.8
GF0505,R&D Environmental protection,P2_D29_D5_D8,"Intermediate consumption; other taxes on production; current taxes on income, wealth, etc.; adjustment for the change in pension entitlements",holdout,115,29,5,6633.4
GF0505,R&D Environmental protection,P2_D29_D5_D8,"Intermediate consumption; other taxes on production; current taxes on income, wealth, etc.; adjustment for the change in pension entitlements",train,645,28,26,20099.7
GF0505,R&D Environmental protection,P3,Final consumption expenditure,holdout,119,30,5,12623.2
GF0505,R&D Environmental protection,P3,Final consumption expenditure,train,672,29,26,41990.5
GF0505,R&D Environmental protection,P31,Individual consumption expenditure,holdout,77,19,5,0.0
GF0505,R&D Environmental protection,P31,Individual consumption expenditure,train,474,20,26,0.0
GF0505,R&D Environmental protection,P32,Collective consumption expenditure,holdout,107,27,5,8322.2
GF0505,R&D Environmental protection,P32,Collective consumption expenditure,train,614,26,26,29434.4
GF0505,R&D Environmental protection,P5,Gross capital formation,holdout,116,29,5,10547.9
GF0505,R&D Environmental protection,P5,Gross capital formation,train,660,29,26,38074.9
GF0505,R&D Environmental protection,P51G,Gross fixed capital formation,holdout,115,29,5,10547.3
GF0505,R&D Environmental protection,P51G,Gross fixed capital formation,train,660,29,26,38126.1
GF0505,R&D Environmental protection,TE,Total general government expenditure,holdout,119,30,5,26557.6
GF0505,R&D Environmental protection,TE,Total general government expenditure,train,672,29,26,86178.0
GF0506,Environmental protection n.e.c.,D1,Compensation of employees,holdout,121,30,5,20115.5
GF0506,Environmental protection n.e.c.,D1,Compensation of employees,train,698,30,26,80396.1
GF0506,Environmental protection n.e.c.,D29_D5_D8,"""Other taxes on production; current taxes on income, wealth, etc; adjustment for the change in pension entitlements""",holdout,112,28,5,317.3
GF0506,Environmental protection n.e.c.,D29_D5_D8,"""Other taxes on production; current taxes on income, wealth, etc; adjustment for the change in pension entitlements""",train,638,28,26,1159.6
GF0506,Environmental protection n.e.c.,D3,Subsidies,holdout,121,30,5,1094.9
GF0506,Environmental protection n.e.c.,D3,Subsidies,train,666,30,26,4137.1
GF0506,Environmental protection n.e.c.,D4,Property income,holdout,105,26,5,2.1
GF0506,Environmental protection n.e.c.,D4,Property income,train,624,27,26,16.6
GF0506,Environmental protection n.e.c.,D4_S1311,"Property income, of which payable to subsector S1311",holdout,4,1,4,0.0
GF0506,Environmental protection n.e.c.,D4_S1311,"Property income, of which payable to subsector S1311",train,20,1,20,0.0
GF0506,Environmental protection n.e.c.,D4_S1312,"Property income, of which payable to subsector S1312",holdout,4,1,4,0.0
GF0506,Environmental protection n.e.c.,D4_S1312,"Property income, of which payable to subsector S1312",train,20,1,20,0.0
GF0506,Environmental protection n.e.c.,D4_S1313,"Property income, of which payable to subsector S1313",holdout,4,1,4,0.0
GF0506,Environmental protection n.e.c.,D4_S1313,"Property income, of which payable to subsector S1313",train,20,1,20,0.0
GF0506,Environmental protection n.e.c.,D4_S1314,"Property income, of which payable to subsector S1314",holdout,4,1,4,0.0
GF0506,Environmental protection n.e.c.,D4_S1314,"Property income, of which payable to subsector S1314",train,20,1,20,0.0
GF0506,Environmental protection n.e.c.,D62,Social benefits other than social transfers in kind,holdout,109,27,5,9.7
GF0506,Environmental protection n.e.c.,D62,Social benefits other than social transfers in kind,train,591,27,26,196.2
GF0506,Environmental protection n.e.c.,D62_D632,Social benefits other than social transfers in kind and social transfers in kind - purchased market production,holdout,109,27,5,9.7
GF0506,Environmental protection n.e.c.,D62_D632,Social benefits other than social transfers in kind and social transfers in kind - purchased market production,train,614,27,26,196.2
GF0506,Environmental protection n.e.c.,D632,Social transfers in kind - purchased market production,holdout,105,26,5,0.0
GF0506,Environmental protection n.e.c.,D632,Social transfers in kind - purchased market production,train,588,26,26,0.0
GF0506,Environmental protection n.e.c.,D7,Other current transfers,holdout,121,30,5,3907.4
GF0506,Environmental protection n.e.c.,D7,Other current transfers,train,696,30,26,6612.3
GF0506,Environmental protection n.e.c.,D7_S1311,"Other current transfers,of which payable to subsector S1311",holdout,4,1,4,0.0
GF0506,Environmental protection n.e.c.,D7_S1311,"Other current transfers,of which payable to subsector S1311",train,20,1,20,0.0
GF0506,Environmental protection n.e.c.,D7_S1312,"Other current transfers,of which payable to subsector S1312",holdout,4,1,4,0.0
GF0506,Environmental protection n.e.c.,D7_S1312,"Other current transfers,of which payable to subsector S1312",train,20,1,20,0.0
GF0506,Environmental protection n.e.c.,D7_S1313,"Other current transfers,of which payable to subsector S1313",holdout,4,1,4,0.0
GF0506,Environmental protection n.e.c.,D7_S1313,"Other current transfers,of which payable to subsector S1313",train,20,1,20,0.0
GF0506,Environmental protection n.e.c.,D7_S1314,"Other current transfers,of which payable to subsector S1314",holdout,4,1,4,0.0
GF0506,Environmental protection n.e.c.,D7_S1314,"Other current transfers,of which payable to subsector S1314",train,20,1,20,0.0
GF0506,Environmental protection n.e.c.,D9,Capital transfers,holdout,121,30,5,2096.7
GF0506,Environmental protection n.e.c.,D9,Capital transfers,train,688,30,26,4549.9
GF0506,Environmental protection n.e.c.,D92,Investment grants,holdout,121,30,5,2000.4
GF0506,Environmental protection n.e.c.,D92,Investment grants,train,671,30,26,3429.6
GF0506,Environmental protection n.e.c.,D9_S1311,"Capital transfers, expenditure, of which to subsector central government (S1311)",holdout,4,1,4,0.0
GF0506,Environmental protection n.e.c.,D9_S1311,"Capital transfers, expenditure, of which to subsector central government (S1311)",train,20,1,20,0.0
GF0506,Environmental protection n.e.c.,D9_S1312,"Capital transfers, expenditure, of which to subsector state government (S1312)",holdout,4,1,4,0.0
GF0506,Environmental protection n.e.c.,D9_S1312,"Capital transfers, expenditure, of which to subsector state government (S1312)",train,20,1,20,0.0
GF0506,Environmental protection n.e.c.,D9_S1313,"Capital transfers, expenditure, of which to subsector local government (S1313)",holdout,4,1,4,0.0
GF0506,Environmental protection n.e.c.,D9_S1313,"Capital transfers, expenditure, of which to subsector local government (S1313)",train,20,1,20,0.0
GF0506,Environmental protection n.e.c.,D9_S1314,"Capital transfers, expenditure, of which to subsector social security funds (S1314)",holdout,4,1,4,0.0
GF0506,Environmental protection n.e.c.,D9_S1314,"Capital transfers, expenditure, of which to subsector social security funds (S1314)",train,20,1,20,0.0
GF0506,Environmental protection n.e.c.,NP,Acquisitions less disposals of non-financial non-produced assets,holdout,116,29,5,448.5
GF0506,Environmental protection n.e.c.,NP,Acquisitions less disposals of non-financial non-produced assets,train,675,29,26,1878.1
GF0506,Environmental protection n.e.c.,OP5ANP,Gross capital formation and acquisitions less disposals of non-financial non-produced assets,holdout,121,30,5,4502.1
GF0506,Environmental protection n.e.c.,OP5ANP,Gross capital formation and acquisitions less disposals of non-financial non-produced assets,train,699,30,26,19996.6
GF0506,Environmental protection n.e.c.,P2,Intermediate consumption,holdout,121,30,5,10106.8
GF0506,Environmental protection n.e.c.,P2,Intermediate consumption,train,698,30,26,46347.0
GF0506,Environmental protection n.e.c.,P2_D29_D5_D8,"Intermediate consumption; other taxes on production; current taxes on income, wealth, etc.; adjustment for the change in pension entitlements",holdout,117,29,5,9993.2
GF0506,Environmental protection n.e.c.,P2_D29_D5_D8,"Intermediate consumption; other taxes on production; current taxes on income, wealth, etc.; adjustment for the change in pension entitlements",train,672,29,26,44797.8
GF0506,Environmental protection n.e.c.,P3,Final consumption expenditure,holdout,121,30,5,30244.0
GF0506,Environmental protection n.e.c.,P3,Final consumption expenditure,train,698,30,26,125928.3
GF0506,Environmental protection n.e.c.,P31,Individual consumption expenditure,holdout,77,19,5,0.0
GF0506,Environmental protection n.e.c.,P31,Individual consumption expenditure,train,474,20,26,0.0
GF0506,Environmental protection n.e.c.,P32,Collective consumption expenditure,holdout,109,27,5,21718.8
GF0506,Environmental protection n.e.c.,P32,Collective consumption expenditure,train,640,27,26,95703.6
GF0506,Environmental protection n.e.c.,P5,Gross capital formation,holdout,121,30,5,4255.2
GF0506,Environmental protection n.e.c.,P5,Gross capital formation,train,698,30,26,19134.0
GF0506,Environmental protection n.e.c.,P51G,Gross fixed capital formation,holdout,121,30,5,4255.8
GF0506,Environmental protection n.e.c.,P51G,Gross fixed capital formation,train,698,30,26,18669.7
GF0506,Environmental protection n.e.c.,TE,Total general government expenditure,holdout,121,30,5,41984.2
GF0506,Environmental protection n.e.c.,TE,Total general government expenditure,train,698,30,26,162080.5
GF06,Housing and community amenities,D1,Compensation of employees,holdout,121,30,5,97669.5
GF06,Housing and community amenities,D1,Compensation of employees,train,767,30,31,445819.2
GF06,Housing and community amenities,D29_D5_D8,"""Other taxes on production; current taxes on income, wealth, etc; adjustment for the change in pension entitlements""",holdout,113,28,5,3022.6
GF06,Housing and community amenities,D29_D5_D8,"""Other taxes on production; current taxes on income, wealth, etc; adjustment for the change in pension entitlements""",train,701,28,31,11845.9
GF06,Housing and community amenities,D3,Subsidies,holdout,121,30,5,17609.1
GF06,Housing and community amenities,D3,Subsidies,train,761,30,31,147808.3
GF06,Housing and community amenities,D4,Property income,holdout,109,27,5,93.0
GF06,Housing and community amenities,D4,Property income,train,676,27,26,605.1
GF06,Housing and community amenities,D4_S1311,"Property income, of which payable to subsector S1311",holdout,4,1,4,0.0
GF06,Housing and community amenities,D4_S1311,"Property income, of which payable to subsector S1311",train,20,1,20,0.0
GF06,Housing and community amenities,D4_S1312,"Property income, of which payable to subsector S1312",holdout,4,1,4,0.0
GF06,Housing and community amenities,D4_S1312,"Property income, of which payable to subsector S1312",train,20,1,20,0.0
GF06,Housing and community amenities,D4_S1313,"Property income, of which payable to subsector S1313",holdout,4,1,4,0.0
GF06,Housing and community amenities,D4_S1313,"Property income, of which payable to subsector S1313",train,20,1,20,0.0
GF06,Housing and community amenities,D4_S1314,"Property income, of which payable to subsector S1314",holdout,4,1,4,0.0
GF06,Housing and community amenities,D4_S1314,"Property income, of which payable to subsector S1314",train,20,1,20,0.0
GF06,Housing and community amenities,D62,Social benefits other than social transfers in kind,holdout,105,26,5,0.3
GF06,Housing and community amenities,D62,Social benefits other than social transfers in kind,train,625,27,27,108.5
GF06,Housing and community amenities,D62_D632,Social benefits other than social transfers in kind and social transfers in kind - purchased market production,holdout,105,26,5,0.3
GF06,Housing and community amenities,D62_D632,Social benefits other than social transfers in kind and social transfers in kind - purchased market production,train,665,27,27,144.0
GF06,Housing and community amenities,D632,Social transfers in kind - purchased market production,holdout,105,26,5,0.0
GF06,Housing and community amenities,D632,Social transfers in kind - purchased market production,train,613,26,26,35.5
GF06,Housing and community amenities,D7,Other current transfers,holdout,121,30,5,9609.5
GF06,Housing and community amenities,D7,Other current transfers,train,750,30,31,46282.8
GF06,Housing and community amenities,D7_S1311,"Other current transfers,of which payable to subsector S1311",holdout,4,1,4,0.0
GF06,Housing and community amenities,D7_S1311,"Other current transfers,of which payable to subsector S1311",train,20,1,20,0.0
GF06,Housing and community amenities,D7_S1312,"Other current transfers,of which payable to subsector S1312",holdout,4,1,4,0.0
GF06,Housing and community amenities,D7_S1312,"Other current transfers,of which payable to subsector S1312",train,20,1,20,0.0
GF06,Housing and community amenities,D7_S1313,"Other current transfers,of which payable to subsector S1313",holdout,4,1,4,0.0
GF06,Housing and community amenities,D7_S1313,"Other current transfers,of which payable to subsector S1313",train,20,1,20,0.0
GF06,Housing and community amenities,D7_S1314,"Other current transfers,of which payable to subsector S1314",holdout,4,1,4,0.0
GF06,Housing and community amenities,D7_S1314,"Other current transfers,of which payable to subsector S1314",train,20,1,20,0.0
GF06,Housing and community amenities,D9,Capital transfers,holdout,121,30,5,258022.3
GF06,Housing and community amenities,D9,Capital transfers,train,757,30,31,426320.5
GF06,Housing and community amenities,D92,Investment grants,holdout,121,30,5,251100.5
GF06,Housing and community amenities,D92,Investment grants,train,742,30,31,266690.0
GF06,Housing and community amenities,D9_S1311,"Capital transfers, expenditure, of which to subsector central government (S1311)",holdout,4,1,4,0.0
GF06,Housing and community amenities,D9_S1311,"Capital transfers, expenditure, of which to subsector central government (S1311)",train,20,1,20,0.0
GF06,Housing and community amenities,D9_S1312,"Capital transfers, expenditure, of which to subsector state government (S1312)",holdout,4,1,4,0.0
GF06,Housing and community amenities,D9_S1312,"Capital transfers, expenditure, of which to subsector state government (S1312)",train,20,1,20,0.0
GF06,Housing and community amenities,D9_S1313,"Capital transfers, expenditure, of which to subsector local government (S1313)",holdout,4,1,4,0.0
GF06,Housing and community amenities,D9_S1313,"Capital transfers, expenditure, of which to subsector local government (S1313)",train,20,1,20,0.0
GF06,Housing and community amenities,D9_S1314,"Capital transfers, expenditure, of which to subsector social security funds (S1314)",holdout,4,1,4,0.0
GF06,Housing and community amenities,D9_S1314,"Capital transfers, expenditure, of which to subsector social security funds (S1314)",train,20,1,20,0.0
GF06,Housing and community amenities,NP,Acquisitions less disposals of non-financial non-produced assets,holdout,117,29,5,12146.0
GF06,Housing and community amenities,NP,Acquisitions less disposals of non-financial non-produced assets,train,736,29,31,84169.1
GF06,Housing and community amenities,OP5ANP,Gross capital formation and acquisitions less disposals of non-financial non-produced assets,holdout,121,30,5,127847.0
GF06,Housing and community amenities,OP5ANP,Gross capital formation and acquisitions less disposals of non-financial non-produced assets,train,767,30,31,504055.6
GF06,Housing and community amenities,P2,Intermediate consumption,holdout,121,30,5,126637.4
GF06,Housing and community amenities,P2,Intermediate consumption,train,767,30,31,496591.2
GF06,Housing and community amenities,P2_D29_D5_D8,"Intermediate consumption; other taxes on production; current taxes on income, wealth, etc.; adjustment for the change in pension entitlements",holdout,117,29,5,129371.2
GF06,Housing and community amenities,P2_D29_D5_D8,"Intermediate consumption; other taxes on production; current taxes on income, wealth, etc.; adjustment for the change in pension entitlements",train,741,29,31,507168.5
GF06,Housing and community amenities,P3,Final consumption expenditure,holdout,121,30,5,215197.5
GF06,Housing and community amenities,P3,Final consumption expenditure,train,767,30,31,899778.4
GF06,Housing and community amenities,P31,Individual consumption expenditure,holdout,81,20,5,0.0
GF06,Housing and community amenities,P31,Individual consumption expenditure,train,506,20,26,0.0
GF06,Housing and community amenities,P32,Collective consumption expenditure,holdout,109,27,5,177273.1
GF06,Housing and community amenities,P32,Collective consumption expenditure,train,692,27,31,727697.2
GF06,Housing and community amenities,P5,Gross capital formation,holdout,121,30,5,130360.4
GF06,Housing and community amenities,P5,Gross capital formation,train,767,30,31,509054.3
GF06,Housing and community amenities,P51G,Gross fixed capital formation,holdout,121,30,5,130473.7
GF06,Housing and community amenities,P51G,Gross fixed capital formation,train,767,30,31,506562.5
GF06,Housing and community amenities,TE,Total general government expenditure,holdout,121,30,5,638335.2
GF06,Housing and community amenities,TE,Total general government expenditure,train,767,30,31,2053672.4
GF0601,Housing development,D1,Compensation of employees,holdout,121,30,5,19707.8
GF0601,Housing development,D1,Compensation of employees,train,698,30,26,75914.3
GF0601,Housing development,D29_D5_D8,"""Other taxes on production; current taxes on income, wealth, etc; adjustment for the change in pension entitlements""",holdout,113,28,5,1075.0
GF0601,Housing development,D29_D5_D8,"""Other taxes on production; current taxes on income, wealth, etc; adjustment for the change in pension entitlements""",train,644,28,26,4138.2
GF0601,Housing development,D3,Subsidies,holdout,113,28,5,12971.7
GF0601,Housing development,D3,Subsidies,train,673,30,26,86517.4
GF0601,Housing development,D4,Property income,holdout,109,27,5,39.0
GF0601,Housing development,D4,Property income,train,630,27,26,123.3
GF0601,Housing development,D4_S1311,"Property income, of which payable to subsector S1311",holdout,4,1,4,0.0
GF0601,Housing development,D4_S1311,"Property income, of which payable to subsector S1311",train,20,1,20,0.0
GF0601,Housing development,D4_S1312,"Property income, of which payable to subsector S1312",holdout,4,1,4,0.0
GF0601,Housing development,D4_S1312,"Property income, of which payable to subsector S1312",train,20,1,20,0.0
GF0601,Housing development,D4_S1313,"Property income, of which payable to subsector S1313",holdout,4,1,4,0.0
GF0601,Housing development,D4_S1313,"Property income, of which payable to subsector S1313",train,20,1,20,0.0
GF0601,Housing development,D4_S1314,"Property income, of which payable to subsector S1314",holdout,4,1,4,0.0
GF0601,Housing development,D4_S1314,"Property income, of which payable to subsector S1314",train,20,1,20,0.0
GF0601,Housing development,D62,Social benefits other than social transfers in kind,holdout,105,26,5,0.2
GF0601,Housing development,D62,Social benefits other than social transfers in kind,train,588,26,26,1.1
GF0601,Housing development,D62_D632,Social benefits other than social transfers in kind and social transfers in kind - purchased market production,holdout,105,26,5,0.2
GF0601,Housing development,D62_D632,Social benefits other than social transfers in kind and social transfers in kind - purchased market production,train,611,26,26,36.6
GF0601,Housing development,D632,Social transfers in kind - purchased market production,holdout,105,26,5,0.0
GF0601,Housing development,D632,Social transfers in kind - purchased market production,train,588,26,26,35.5
GF0601,Housing development,D7,Other current transfers,holdout,121,30,5,4447.6
GF0601,Housing development,D7,Other current transfers,train,676,30,26,20868.1
GF0601,Housing development,D7_S1311,"Other current transfers,of which payable to subsector S1311",holdout,4,1,4,0.0
GF0601,Housing development,D7_S1311,"Other current transfers,of which payable to subsector S1311",train,20,1,20,0.0
GF0601,Housing development,D7_S1312,"Other current transfers,of which payable to subsector S1312",holdout,4,1,4,0.0
GF0601,Housing development,D7_S1312,"Other current transfers,of which payable to subsector S1312",train,20,1,20,0.0
GF0601,Housing development,D7_S1313,"Other current transfers,of which payable to subsector S1313",holdout,4,1,4,0.0
GF0601,Housing development,D7_S1313,"Other current transfers,of which payable to subsector S1313",train,20,1,20,0.0
GF0601,Housing development,D7_S1314,"Other current transfers,of which payable to subsector S1314",holdout,4,1,4,0.0
GF0601,Housing development,D7_S1314,"Other current transfers,of which payable to subsector S1314",train,20,1,20,0.0
GF0601,Housing development,D9,Capital transfers,holdout,121,30,5,242965.5
GF0601,Housing development,D9,Capital transfers,train,682,30,26,318258.1
GF0601,Housing development,D92,Investment grants,holdout,121,30,5,237122.6
GF0601,Housing development,D92,Investment grants,train,675,30,26,183088.5
GF0601,Housing development,D9_S1311,"Capital transfers, expenditure, of which to subsector central government (S1311)",holdout,4,1,4,0.0
GF0601,Housing development,D9_S1311,"Capital transfers, expenditure, of which to subsector central government (S1311)",train,21,2,21,19.5
GF0601,Housing development,D9_S1312,"Capital transfers, expenditure, of which to subsector state government (S1312)",holdout,4,1,4,0.0
GF0601,Housing development,D9_S1312,"Capital transfers, expenditure, of which to subsector state government (S1312)",train,20,1,20,0.0
GF0601,Housing development,D9_S1313,"Capital transfers, expenditure, of which to subsector local government (S1313)",holdout,4,1,4,0.0
GF0601,Housing development,D9_S1313,"Capital transfers, expenditure, of which to subsector local government (S1313)",train,20,1,20,0.0
GF0601,Housing development,D9_S1314,"Capital transfers, expenditure, of which to subsector social security funds (S1314)",holdout,4,1,4,0.0
GF0601,Housing development,D9_S1314,"Capital transfers, expenditure, of which to subsector social security funds (S1314)",train,20,1,20,0.0
GF0601,Housing development,NP,Acquisitions less disposals of non-financial non-produced assets,holdout,117,29,5,8633.4
GF0601,Housing development,NP,Acquisitions less disposals of non-financial non-produced assets,train,667,29,26,46880.2
GF0601,Housing development,OP5ANP,Gross capital formation and acquisitions less disposals of non-financial non-produced assets,holdout,121,30,5,22936.8
GF0601,Housing development,OP5ANP,Gross capital formation and acquisitions less disposals of non-financial non-produced assets,train,698,30,26,95822.2
GF0601,Housing development,P2,Intermediate consumption,holdout,121,30,5,26525.5
GF0601,Housing development,P2,Intermediate consumption,train,698,30,26,97865.7
GF0601,Housing development,P2_D29_D5_D8,"Intermediate consumption; other taxes on production; current taxes on income, wealth, etc.; adjustment for the change in pension entitlements",holdout,117,29,5,27380.1
GF0601,Housing development,P2_D29_D5_D8,"Intermediate consumption; other taxes on production; current taxes on income, wealth, etc.; adjustment for the change in pension entitlements",train,672,29,26,101330.3
GF0601,Housing development,P3,Final consumption expenditure,holdout,121,30,5,41056.8
GF0601,Housing development,P3,Final consumption expenditure,train,698,30,26,147621.8
GF0601,Housing development,P31,Individual consumption expenditure,holdout,77,19,5,0.0
GF0601,Housing development,P31,Individual consumption expenditure,train,474,20,26,0.0
GF0601,Housing development,P32,Collective consumption expenditure,holdout,109,27,5,35955.6
GF0601,Housing development,P32,Collective consumption expenditure,train,640,27,26,129101.4
GF0601,Housing development,P5,Gross capital formation,holdout,121,30,5,25883.5
GF0601,Housing development,P5,Gross capital formation,train,698,30,26,104910.5
GF0601,Housing development,P51G,Gross fixed capital formation,holdout,121,30,5,25923.2
GF0601,Housing development,P51G,Gross fixed capital formation,train,698,30,26,104809.6
GF0601,Housing development,TE,Total general government expenditure,holdout,121,30,5,325492.4
GF0601,Housing development,TE,Total general government expenditure,train,698,30,26,653896.6
GF0602,Community development,D1,Compensation of employees,holdout,121,30,5,59628.3
GF0602,Community development,D1,Compensation of employees,train,698,30,26,253887.6
GF0602,Community development,D29_D5_D8,"""Other taxes on production; current taxes on income, wealth, etc; adjustment for the change in pension entitlements""",holdout,113,28,5,1490.5
GF0602,Community development,D29_D5_D8,"""Other taxes on production; current taxes on income, wealth, etc; adjustment for the change in pension entitlements""",train,642,28,26,4973.6
GF0602,Community development,D3,Subsidies,holdout,119,30,5,1464.8
GF0602,Community development,D3,Subsidies,train,689,30,26,17524.1
GF0602,Community development,D4,Property income,holdout,109,27,5,37.9
GF0602,Community development,D4,Property income,train,631,27,26,337.1
GF0602,Community development,D4_S1311,"Property income, of which payable to subsector S1311",holdout,4,1,4,0.0
GF0602,Community development,D4_S1311,"Property income, of which payable to subsector S1311",train,20,1,20,0.0
GF0602,Community development,D4_S1312,"Property income, of which payable to subsector S1312",holdout,4,1,4,0.0
GF0602,Community development,D4_S1312,"Property income, of which payable to subsector S1312",train,20,1,20,0.0
GF0602,Community development,D4_S1313,"Property income, of which payable to subsector S1313",holdout,4,1,4,0.0
GF0602,Community development,D4_S1313,"Property income, of which payable to subsector S1313",train,20,1,20,0.0
GF0602,Community development,D4_S1314,"Property income, of which payable to subsector S1314",holdout,4,1,4,0.0
GF0602,Community development,D4_S1314,"Property income, of which payable to subsector S1314",train,20,1,20,0.0
GF0602,Community development,D62,Social benefits other than social transfers in kind,holdout,105,26,5,0.1
GF0602,Community development,D62,Social benefits other than social transfers in kind,train,588,26,26,86.4
GF0602,Community development,D62_D632,Social benefits other than social transfers in kind and social transfers in kind - purchased market production,holdout,105,26,5,0.1
GF0602,Community development,D62_D632,Social benefits other than social transfers in kind and social transfers in kind - purchased market production,train,611,26,26,86.4
GF0602,Community development,D632,Social transfers in kind - purchased market production,holdout,105,26,5,0.0
GF0602,Community development,D632,Social transfers in kind - purchased market production,train,588,26,26,0.0
GF0602,Community development,D7,Other current transfers,holdout,121,30,5,2891.4
GF0602,Community development,D7,Other current transfers,train,675,30,26,12696.1
GF0602,Community development,D7_S1311,"Other current transfers,of which payable to subsector S1311",holdout,4,1,4,0.0
GF0602,Community development,D7_S1311,"Other current transfers,of which payable to subsector S1311",train,20,1,20,0.0
GF0602,Community development,D7_S1312,"Other current transfers,of which payable to subsector S1312",holdout,4,1,4,0.0
GF0602,Community development,D7_S1312,"Other current transfers,of which payable to subsector S1312",train,20,1,20,0.0
GF0602,Community development,D7_S1313,"Other current transfers,of which payable to subsector S1313",holdout,4,1,4,0.0
GF0602,Community development,D7_S1313,"Other current transfers,of which payable to subsector S1313",train,20,1,20,0.0
GF0602,Community development,D7_S1314,"Other current transfers,of which payable to subsector S1314",holdout,4,1,4,0.0
GF0602,Community development,D7_S1314,"Other current transfers,of which payable to subsector S1314",train,20,1,20,0.0
GF0602,Community development,D9,Capital transfers,holdout,118,30,5,7075.2
GF0602,Community development,D9,Capital transfers,train,667,29,26,49354.9
GF0602,Community development,D92,Investment grants,holdout,118,30,5,6759.8
GF0602,Community development,D92,Investment grants,train,664,29,26,41853.7
GF0602,Community development,D9_S1311,"Capital transfers, expenditure, of which to subsector central government (S1311)",holdout,4,1,4,0.0
GF0602,Community development,D9_S1311,"Capital transfers, expenditure, of which to subsector central government (S1311)",train,20,1,20,0.0
GF0602,Community development,D9_S1312,"Capital transfers, expenditure, of which to subsector state government (S1312)",holdout,4,1,4,0.0
GF0602,Community development,D9_S1312,"Capital transfers, expenditure, of which to subsector state government (S1312)",train,20,1,20,0.0
GF0602,Community development,D9_S1313,"Capital transfers, expenditure, of which to subsector local government (S1313)",holdout,4,1,4,0.0
GF0602,Community development,D9_S1313,"Capital transfers, expenditure, of which to subsector local government (S1313)",train,20,1,20,0.0
GF0602,Community development,D9_S1314,"Capital transfers, expenditure, of which to subsector social security funds (S1314)",holdout,4,1,4,0.0
GF0602,Community development,D9_S1314,"Capital transfers, expenditure, of which to subsector social security funds (S1314)",train,20,1,20,0.0
GF0602,Community development,NP,Acquisitions less disposals of non-financial non-produced assets,holdout,116,29,5,4482.2
GF0602,Community development,NP,Acquisitions less disposals of non-financial non-produced assets,train,667,29,26,34908.0
GF0602,Community development,OP5ANP,Gross capital formation and acquisitions less disposals of non-financial non-produced assets,holdout,121,30,5,59567.8
GF0602,Community development,OP5ANP,Gross capital formation and acquisitions less disposals of non-financial non-produced assets,train,697,30,26,226281.1
GF0602,Community development,P2,Intermediate consumption,holdout,121,30,5,41916.2
GF0602,Community development,P2,Intermediate consumption,train,698,30,26,161074.9
GF0602,Community development,P2_D29_D5_D8,"Intermediate consumption; other taxes on production; current taxes on income, wealth, etc.; adjustment for the change in pension entitlements",holdout,117,29,5,43405.9
GF0602,Community development,P2_D29_D5_D8,"Intermediate consumption; other taxes on production; current taxes on income, wealth, etc.; adjustment for the change in pension entitlements",train,672,29,26,166047.3
GF0602,Community development,P3,Final consumption expenditure,holdout,121,30,5,107874.8
GF0602,Community development,P3,Final consumption expenditure,train,698,30,26,452697.1
GF0602,Community development,P31,Individual consumption expenditure,holdout,77,19,5,0.0
GF0602,Community development,P31,Individual consumption expenditure,train,474,20,26,0.0
GF0602,Community development,P32,Collective consumption expenditure,holdout,109,27,5,84490.9
GF0602,Community development,P32,Collective consumption expenditure,train,640,27,26,366807.9
GF0602,Community development,P5,Gross capital formation,holdout,121,30,5,57054.8
GF0602,Community development,P5,Gross capital formation,train,697,30,26,209241.7
GF0602,Community development,P51G,Gross fixed capital formation,holdout,121,30,5,57104.9
GF0602,Community development,P51G,Gross fixed capital formation,train,697,30,26,207109.5
GF0602,Community development,TE,Total general government expenditure,holdout,121,30,5,174034.2
GF0602,Community development,TE,Total general government expenditure,train,698,30,26,725168.0
GF0603,Water supply,D1,Compensation of employees,holdout,117,29,5,7073.4
GF0603,Water supply,D1,Compensation of employees,train,682,30,26,28289.3
GF0603,Water supply,D29_D5_D8,"""Other taxes on production; current taxes on income, wealth, etc; adjustment for the change in pension entitlements""",holdout,109,27,5,243.3
GF0603,Water supply,D29_D5_D8,"""Other taxes on production; current taxes on income, wealth, etc; adjustment for the change in pension entitlements""",train,632,28,26,1030.6
GF0603,Water supply,D3,Subsidies,holdout,121,30,5,1384.9
GF0603,Water supply,D3,Subsidies,train,685,30,26,6809.2
GF0603,Water supply,D4,Property income,holdout,109,27,5,14.0
GF0603,Water supply,D4,Property income,train,627,27,26,74.6
GF0603,Water supply,D4_S1311,"Property income, of which payable to subsector S1311",holdout,4,1,4,0.0
GF0603,Water supply,D4_S1311,"Property income, of which payable to subsector S1311",train,20,1,20,0.0
GF0603,Water supply,D4_S1312,"Property income, of which payable to subsector S1312",holdout,4,1,4,0.0
GF0603,Water supply,D4_S1312,"Property income, of which payable to subsector S1312",train,20,1,20,0.0
GF0603,Water supply,D4_S1313,"Property income, of which payable to subsector S1313",holdout,4,1,4,0.0
GF0603,Water supply,D4_S1313,"Property income, of which payable to subsector S1313",train,20,1,20,0.0
GF0603,Water supply,D4_S1314,"Property income, of which payable to subsector S1314",holdout,4,1,4,0.0
GF0603,Water supply,D4_S1314,"Property income, of which payable to subsector S1314",train,20,1,20,0.0
GF0603,Water supply,D62,Social benefits other than social transfers in kind,holdout,105,26,5,0.0
GF0603,Water supply,D62,Social benefits other than social transfers in kind,train,588,26,26,0.0
GF0603,Water supply,D62_D632,Social benefits other than social transfers in kind and social transfers in kind - purchased market production,holdout,105,26,5,0.0
GF0603,Water supply,D62_D632,Social benefits other than social transfers in kind and social transfers in kind - purchased market production,train,611,26,26,0.0
GF0603,Water supply,D632,Social transfers in kind - purchased market production,holdout,105,26,5,0.0
GF0603,Water supply,D632,Social transfers in kind - purchased market production,train,588,26,26,0.0
GF0603,Water supply,D7,Other current transfers,holdout,121,30,5,1531.0
GF0603,Water supply,D7,Other current transfers,train,679,30,26,5235.3
GF0603,Water supply,D7_S1311,"Other current transfers,of which payable to subsector S1311",holdout,4,1,4,0.0
GF0603,Water supply,D7_S1311,"Other current transfers,of which payable to subsector S1311",train,20,1,20,0.0
GF0603,Water supply,D7_S1312,"Other current transfers,of which payable to subsector S1312",holdout,4,1,4,0.0
GF0603,Water supply,D7_S1312,"Other current transfers,of which payable to subsector S1312",train,20,1,20,0.0
GF0603,Water supply,D7_S1313,"Other current transfers,of which payable to subsector S1313",holdout,4,1,4,0.0
GF0603,Water supply,D7_S1313,"Other current transfers,of which payable to subsector S1313",train,20,1,20,0.0
GF0603,Water supply,D7_S1314,"Other current transfers,of which payable to subsector S1314",holdout,4,1,4,0.0
GF0603,Water supply,D7_S1314,"Other current transfers,of which payable to subsector S1314",train,20,1,20,0.0
GF0603,Water supply,D9,Capital transfers,holdout,121,30,5,5244.5
GF0603,Water supply,D9,Capital transfers,train,675,30,26,15382.8
GF0603,Water supply,D92,Investment grants,holdout,121,30,5,4565.2
GF0603,Water supply,D92,Investment grants,train,668,30,26,13878.9
GF0603,Water supply,D9_S1311,"Capital transfers, expenditure, of which to subsector central government (S1311)",holdout,4,1,4,0.0
GF0603,Water supply,D9_S1311,"Capital transfers, expenditure, of which to subsector central government (S1311)",train,20,1,20,0.0
GF0603,Water supply,D9_S1312,"Capital transfers, expenditure, of which to subsector state government (S1312)",holdout,4,1,4,0.0
GF0603,Water supply,D9_S1312,"Capital transfers, expenditure, of which to subsector state government (S1312)",train,20,1,20,0.0
GF0603,Water supply,D9_S1313,"Capital transfers, expenditure, of which to subsector local government (S1313)",holdout,4,1,4,0.0
GF0603,Water supply,D9_S1313,"Capital transfers, expenditure, of which to subsector local government (S1313)",train,20,1,20,0.0
GF0603,Water supply,D9_S1314,"Capital transfers, expenditure, of which to subsector social security funds (S1314)",holdout,4,1,4,0.0
GF0603,Water supply,D9_S1314,"Capital transfers, expenditure, of which to subsector social security funds (S1314)",train,20,1,20,0.0
GF0603,Water supply,NP,Acquisitions less disposals of non-financial non-produced assets,holdout,112,28,5,247.6
GF0603,Water supply,NP,Acquisitions less disposals of non-financial non-produced assets,train,674,29,26,1953.2
GF0603,Water supply,OP5ANP,Gross capital formation and acquisitions less disposals of non-financial non-produced assets,holdout,121,30,5,29910.4
GF0603,Water supply,OP5ANP,Gross capital formation and acquisitions less disposals of non-financial non-produced assets,train,698,30,26,112149.9
GF0603,Water supply,P2,Intermediate consumption,holdout,121,30,5,22948.2
GF0603,Water supply,P2,Intermediate consumption,train,698,30,26,79471.4
GF0603,Water supply,P2_D29_D5_D8,"Intermediate consumption; other taxes on production; current taxes on income, wealth, etc.; adjustment for the change in pension entitlements",holdout,117,29,5,23191.7
GF0603,Water supply,P2_D29_D5_D8,"Intermediate consumption; other taxes on production; current taxes on income, wealth, etc.; adjustment for the change in pension entitlements",train,671,29,26,80486.4
GF0603,Water supply,P3,Final consumption expenditure,holdout,121,30,5,21173.4
GF0603,Water supply,P3,Final consumption expenditure,train,698,30,26,80922.5
GF0603,Water supply,P31,Individual consumption expenditure,holdout,77,19,5,0.0
GF0603,Water supply,P31,Individual consumption expenditure,train,474,20,26,0.0
GF0603,Water supply,P32,Collective consumption expenditure,holdout,109,27,5,19034.0
GF0603,Water supply,P32,Collective consumption expenditure,train,640,27,26,75080.0
GF0603,Water supply,P5,Gross capital formation,holdout,121,30,5,29802.5
GF0603,Water supply,P5,Gross capital formation,train,698,30,26,110760.7
GF0603,Water supply,P51G,Gross fixed capital formation,holdout,121,30,5,29778.0
GF0603,Water supply,P51G,Gross fixed capital formation,train,698,30,26,110599.7
GF0603,Water supply,TE,Total general government expenditure,holdout,121,30,5,68349.8
GF0603,Water supply,TE,Total general government expenditure,train,698,30,26,248032.2
GF0604,Street lighting,D1,Compensation of employees,holdout,121,30,5,2342.7
GF0604,Street lighting,D1,Compensation of employees,train,686,30,26,11746.2
GF0604,Street lighting,D29_D5_D8,"""Other taxes on production; current taxes on income, wealth, etc; adjustment for the change in pension entitlements""",holdout,109,27,5,79.4
GF0604,Street lighting,D29_D5_D8,"""Other taxes on production; current taxes on income, wealth, etc; adjustment for the change in pension entitlements""",train,631,27,26,414.7
GF0604,Street lighting,D3,Subsidies,holdout,111,28,5,69.8
GF0604,Street lighting,D3,Subsidies,train,631,27,26,291.7
GF0604,Street lighting,D4,Property income,holdout,105,26,5,0.8
GF0604,Street lighting,D4,Property income,train,620,27,26,0.3
GF0604,Street lighting,D4_S1311,"Property income, of which payable to subsector S1311",holdout,4,1,4,0.0
GF0604,Street lighting,D4_S1311,"Property income, of which payable to subsector S1311",train,20,1,20,0.0
GF0604,Street lighting,D4_S1312,"Property income, of which payable to subsector S1312",holdout,4,1,4,0.0
GF0604,Street lighting,D4_S1312,"Property income, of which payable to subsector S1312",train,20,1,20,0.0
GF0604,Street lighting,D4_S1313,"Property income, of which payable to subsector S1313",holdout,4,1,4,0.0
GF0604,Street lighting,D4_S1313,"Property income, of which payable to subsector S1313",train,20,1,20,0.0
GF0604,Street lighting,D4_S1314,"Property income, of which payable to subsector S1314",holdout,4,1,4,0.0
GF0604,Street lighting,D4_S1314,"Property income, of which payable to subsector S1314",train,20,1,20,0.0
GF0604,Street lighting,D62,Social benefits other than social transfers in kind,holdout,105,26,5,0.0
GF0604,Street lighting,D62,Social benefits other than social transfers in kind,train,588,26,26,0.0
GF0604,Street lighting,D62_D632,Social benefits other than social transfers in kind and social transfers in kind - purchased market production,holdout,105,26,5,0.0
GF0604,Street lighting,D62_D632,Social benefits other than social transfers in kind and social transfers in kind - purchased market production,train,611,26,26,0.0
GF0604,Street lighting,D632,Social transfers in kind - purchased market production,holdout,105,26,5,0.0
GF0604,Street lighting,D632,Social transfers in kind - purchased market production,train,588,26,26,0.0
GF0604,Street lighting,D7,Other current transfers,holdout,117,29,5,91.6
GF0604,Street lighting,D7,Other current transfers,train,650,30,26,605.1
GF0604,Street lighting,D7_S1311,"Other current transfers,of which payable to subsector S1311",holdout,4,1,4,0.0
GF0604,Street lighting,D7_S1311,"Other current transfers,of which payable to subsector S1311",train,20,1,20,0.0
GF0604,Street lighting,D7_S1312,"Other current transfers,of which payable to subsector S1312",holdout,4,1,4,0.0
GF0604,Street lighting,D7_S1312,"Other current transfers,of which payable to subsector S1312",train,20,1,20,0.0
GF0604,Street lighting,D7_S1313,"Other current transfers,of which payable to subsector S1313",holdout,4,1,4,0.0
GF0604,Street lighting,D7_S1313,"Other current transfers,of which payable to subsector S1313",train,20,1,20,0.0
GF0604,Street lighting,D7_S1314,"Other current transfers,of which payable to subsector S1314",holdout,4,1,4,0.0
GF0604,Street lighting,D7_S1314,"Other current transfers,of which payable to subsector S1314",train,20,1,20,0.0
GF0604,Street lighting,D9,Capital transfers,holdout,112,28,5,108.9
GF0604,Street lighting,D9,Capital transfers,train,644,29,26,519.1
GF0604,Street lighting,D92,Investment grants,holdout,109,27,5,100.9
GF0604,Street lighting,D92,Investment grants,train,628,29,26,426.5
GF0604,Street lighting,D9_S1311,"Capital transfers, expenditure, of which to subsector central government (S1311)",holdout,4,1,4,0.0
GF0604,Street lighting,D9_S1311,"Capital transfers, expenditure, of which to subsector central government (S1311)",train,20,1,20,0.0
GF0604,Street lighting,D9_S1312,"Capital transfers, expenditure, of which to subsector state government (S1312)",holdout,4,1,4,0.0
GF0604,Street lighting,D9_S1312,"Capital transfers, expenditure, of which to subsector state government (S1312)",train,20,1,20,0.0
GF0604,Street lighting,D9_S1313,"Capital transfers, expenditure, of which to subsector local government (S1313)",holdout,4,1,4,0.0
GF0604,Street lighting,D9_S1313,"Capital transfers, expenditure, of which to subsector local government (S1313)",train,20,1,20,0.0
GF0604,Street lighting,D9_S1314,"Capital transfers, expenditure, of which to subsector social security funds (S1314)",holdout,4,1,4,0.0
GF0604,Street lighting,D9_S1314,"Capital transfers, expenditure, of which to subsector social security funds (S1314)",train,20,1,20,0.0
GF0604,Street lighting,NP,Acquisitions less disposals of non-financial non-produced assets,holdout,110,28,5,54.4
GF0604,Street lighting,NP,Acquisitions less disposals of non-financial non-produced assets,train,635,29,26,175.2
GF0604,Street lighting,OP5ANP,Gross capital formation and acquisitions less disposals of non-financial non-produced assets,holdout,121,30,5,8012.2
GF0604,Street lighting,OP5ANP,Gross capital formation and acquisitions less disposals of non-financial non-produced assets,train,694,30,26,25557.4
GF0604,Street lighting,P2,Intermediate consumption,holdout,121,30,5,25975.4
GF0604,Street lighting,P2,Intermediate consumption,train,698,30,26,87947.4
GF0604,Street lighting,P2_D29_D5_D8,"Intermediate consumption; other taxes on production; current taxes on income, wealth, etc.; adjustment for the change in pension entitlements",holdout,117,29,5,26054.7
GF0604,Street lighting,P2_D29_D5_D8,"Intermediate consumption; other taxes on production; current taxes on income, wealth, etc.; adjustment for the change in pension entitlements",train,672,29,26,88362.3
GF0604,Street lighting,P3,Final consumption expenditure,holdout,121,30,5,28479.8
GF0604,Street lighting,P3,Final consumption expenditure,train,698,30,26,100250.3
GF0604,Street lighting,P31,Individual consumption expenditure,holdout,77,19,5,0.0
GF0604,Street lighting,P31,Individual consumption expenditure,train,474,20,26,0.0
GF0604,Street lighting,P32,Collective consumption expenditure,holdout,109,27,5,26995.8
GF0604,Street lighting,P32,Collective consumption expenditure,train,640,27,26,85310.9
GF0604,Street lighting,P5,Gross capital formation,holdout,121,30,5,7959.5
GF0604,Street lighting,P5,Gross capital formation,train,694,30,26,25460.9
GF0604,Street lighting,P51G,Gross fixed capital formation,holdout,121,30,5,7986.0
GF0604,Street lighting,P51G,Gross fixed capital formation,train,694,30,26,25408.5
GF0604,Street lighting,TE,Total general government expenditure,holdout,121,30,5,36680.2
GF0604,Street lighting,TE,Total general government expenditure,train,698,30,26,127080.7
GF0605,R&D Housing and community amenities,D1,Compensation of employees,holdout,113,28,5,1148.5
GF0605,R&D Housing and community amenities,D1,Compensation of employees,train,651,28,26,3987.5
GF0605,R&D Housing and community amenities,D29_D5_D8,"""Other taxes on production; current taxes on income, wealth, etc; adjustment for the change in pension entitlements""",holdout,109,27,5,23.1
GF0605,R&D Housing and community amenities,D29_D5_D8,"""Other taxes on production; current taxes on income, wealth, etc; adjustment for the change in pension entitlements""",train,631,27,26,60.8
GF0605,R&D Housing and community amenities,D3,Subsidies,holdout,109,27,5,23.7
GF0605,R&D Housing and community amenities,D3,Subsidies,train,631,27,26,128.9
GF0605,R&D Housing and community amenities,D4,Property income,holdout,105,26,5,0.0
GF0605,R&D Housing and community amenities,D4,Property income,train,611,26,26,0.0
GF0605,R&D Housing and community amenities,D4_S1311,"Property income, of which payable to subsector S1311",holdout,4,1,4,0.0
GF0605,R&D Housing and community amenities,D4_S1311,"Property income, of which payable to subsector S1311",train,20,1,20,0.0
GF0605,R&D Housing and community amenities,D4_S1312,"Property income, of which payable to subsector S1312",holdout,4,1,4,0.0
GF0605,R&D Housing and community amenities,D4_S1312,"Property income, of which payable to subsector S1312",train,20,1,20,0.0
GF0605,R&D Housing and community amenities,D4_S1313,"Property income, of which payable to subsector S1313",holdout,4,1,4,0.0
GF0605,R&D Housing and community amenities,D4_S1313,"Property income, of which payable to subsector S1313",train,20,1,20,0.0
GF0605,R&D Housing and community amenities,D4_S1314,"Property income, of which payable to subsector S1314",holdout,4,1,4,0.0
GF0605,R&D Housing and community amenities,D4_S1314,"Property income, of which payable to subsector S1314",train,20,1,20,0.0
GF0605,R&D Housing and community amenities,D62,Social benefits other than social transfers in kind,holdout,105,26,5,0.0
GF0605,R&D Housing and community amenities,D62,Social benefits other than social transfers in kind,train,588,26,26,0.0
GF0605,R&D Housing and community amenities,D62_D632,Social benefits other than social transfers in kind and social transfers in kind - purchased market production,holdout,105,26,5,0.0
GF0605,R&D Housing and community amenities,D62_D632,Social benefits other than social transfers in kind and social transfers in kind - purchased market production,train,611,26,26,0.0
GF0605,R&D Housing and community amenities,D632,Social transfers in kind - purchased market production,holdout,105,26,5,0.0
GF0605,R&D Housing and community amenities,D632,Social transfers in kind - purchased market production,train,588,26,26,0.0
GF0605,R&D Housing and community amenities,D7,Other current transfers,holdout,109,27,5,18.3
GF0605,R&D Housing and community amenities,D7,Other current transfers,train,631,28,26,115.9
GF0605,R&D Housing and community amenities,D7_S1311,"Other current transfers,of which payable to subsector S1311",holdout,4,1,4,0.0
GF0605,R&D Housing and community amenities,D7_S1311,"Other current transfers,of which payable to subsector S1311",train,20,1,20,0.0
GF0605,R&D Housing and community amenities,D7_S1312,"Other current transfers,of which payable to subsector S1312",holdout,4,1,4,0.0
GF0605,R&D Housing and community amenities,D7_S1312,"Other current transfers,of which payable to subsector S1312",train,20,1,20,0.0
GF0605,R&D Housing and community amenities,D7_S1313,"Other current transfers,of which payable to subsector S1313",holdout,4,1,4,0.0
GF0605,R&D Housing and community amenities,D7_S1313,"Other current transfers,of which payable to subsector S1313",train,20,1,20,0.0
GF0605,R&D Housing and community amenities,D7_S1314,"Other current transfers,of which payable to subsector S1314",holdout,4,1,4,0.0
GF0605,R&D Housing and community amenities,D7_S1314,"Other current transfers,of which payable to subsector S1314",train,20,1,20,0.0
GF0605,R&D Housing and community amenities,D9,Capital transfers,holdout,109,27,5,842.2
GF0605,R&D Housing and community amenities,D9,Capital transfers,train,627,28,26,675.0
GF0605,R&D Housing and community amenities,D92,Investment grants,holdout,109,27,5,840.8
GF0605,R&D Housing and community amenities,D92,Investment grants,train,626,28,26,625.3
GF0605,R&D Housing and community amenities,D9_S1311,"Capital transfers, expenditure, of which to subsector central government (S1311)",holdout,4,1,4,0.0
GF0605,R&D Housing and community amenities,D9_S1311,"Capital transfers, expenditure, of which to subsector central government (S1311)",train,20,1,20,0.0
GF0605,R&D Housing and community amenities,D9_S1312,"Capital transfers, expenditure, of which to subsector state government (S1312)",holdout,4,1,4,0.0
GF0605,R&D Housing and community amenities,D9_S1312,"Capital transfers, expenditure, of which to subsector state government (S1312)",train,20,1,20,0.0
GF0605,R&D Housing and community amenities,D9_S1313,"Capital transfers, expenditure, of which to subsector local government (S1313)",holdout,4,1,4,0.0
GF0605,R&D Housing and community amenities,D9_S1313,"Capital transfers, expenditure, of which to subsector local government (S1313)",train,20,1,20,0.0
GF0605,R&D Housing and community amenities,D9_S1314,"Capital transfers, expenditure, of which to subsector social security funds (S1314)",holdout,4,1,4,0.0
GF0605,R&D Housing and community amenities,D9_S1314,"Capital transfers, expenditure, of which to subsector social security funds (S1314)",train,20,1,20,0.0
GF0605,R&D Housing and community amenities,NP,Acquisitions less disposals of non-financial non-produced assets,holdout,109,27,5,0.0
GF0605,R&D Housing and community amenities,NP,Acquisitions less disposals of non-financial non-produced assets,train,631,27,26,6.3
GF0605,R&D Housing and community amenities,OP5ANP,Gross capital formation and acquisitions less disposals of non-financial non-produced assets,holdout,113,28,5,1653.0
GF0605,R&D Housing and community amenities,OP5ANP,Gross capital formation and acquisitions less disposals of non-financial non-produced assets,train,651,28,26,7145.9
GF0605,R&D Housing and community amenities,P2,Intermediate consumption,holdout,113,28,5,663.6
GF0605,R&D Housing and community amenities,P2,Intermediate consumption,train,652,29,26,2595.0
GF0605,R&D Housing and community amenities,P2_D29_D5_D8,"Intermediate consumption; other taxes on production; current taxes on income, wealth, etc.; adjustment for the change in pension entitlements",holdout,109,27,5,685.3
GF0605,R&D Housing and community amenities,P2_D29_D5_D8,"Intermediate consumption; other taxes on production; current taxes on income, wealth, etc.; adjustment for the change in pension entitlements",train,626,28,26,2650.8
GF0605,R&D Housing and community amenities,P3,Final consumption expenditure,holdout,113,28,5,1852.4
GF0605,R&D Housing and community amenities,P3,Final consumption expenditure,train,653,29,26,5101.7
GF0605,R&D Housing and community amenities,P31,Individual consumption expenditure,holdout,77,19,5,0.0
GF0605,R&D Housing and community amenities,P31,Individual consumption expenditure,train,474,20,26,0.0
GF0605,R&D Housing and community amenities,P32,Collective consumption expenditure,holdout,101,25,5,1204.6
GF0605,R&D Housing and community amenities,P32,Collective consumption expenditure,train,595,26,26,4256.6
GF0605,R&D Housing and community amenities,P5,Gross capital formation,holdout,113,28,5,1652.9
GF0605,R&D Housing and community amenities,P5,Gross capital formation,train,651,28,26,7151.6
GF0605,R&D Housing and community amenities,P51G,Gross fixed capital formation,holdout,113,28,5,1658.3
GF0605,R&D Housing and community amenities,P51G,Gross fixed capital formation,train,651,28,26,7150.0
GF0605,R&D Housing and community amenities,TE,Total general government expenditure,holdout,113,28,5,4372.6
GF0605,R&D Housing and community amenities,TE,Total general government expenditure,train,651,28,26,14707.5
GF0606,Housing and community amenities n.e.c.,D1,Compensation of employees,holdout,121,30,5,7768.2
GF0606,Housing and community amenities n.e.c.,D1,Compensation of employees,train,698,30,26,31478.3
GF0606,Housing and community amenities n.e.c.,D29_D5_D8,"""Other taxes on production; current taxes on income, wealth, etc; adjustment for the change in pension entitlements""",holdout,113,28,5,116.9
GF0606,Housing and community amenities n.e.c.,D29_D5_D8,"""Other taxes on production; current taxes on income, wealth, etc; adjustment for the change in pension entitlements""",train,640,28,26,379.7
GF0606,Housing and community amenities n.e.c.,D3,Subsidies,holdout,121,30,5,1694.2
GF0606,Housing and community amenities n.e.c.,D3,Subsidies,train,668,30,26,6266.0
GF0606,Housing and community amenities n.e.c.,D4,Property income,holdout,106,27,5,1.0
GF0606,Housing and community amenities n.e.c.,D4,Property income,train,611,26,26,0.8
GF0606,Housing and community amenities n.e.c.,D4_S1311,"Property income, of which payable to subsector S1311",holdout,4,1,4,0.0
GF0606,Housing and community amenities n.e.c.,D4_S1311,"Property income, of which payable to subsector S1311",train,20,1,20,0.0
GF0606,Housing and community amenities n.e.c.,D4_S1312,"Property income, of which payable to subsector S1312",holdout,4,1,4,0.0
GF0606,Housing and community amenities n.e.c.,D4_S1312,"Property income, of which payable to subsector S1312",train,20,1,20,0.0
GF0606,Housing and community amenities n.e.c.,D4_S1313,"Property income, of which payable to subsector S1313",holdout,4,1,4,0.0
GF0606,Housing and community amenities n.e.c.,D4_S1313,"Property income, of which payable to subsector S1313",train,20,1,20,0.0
GF0606,Housing and community amenities n.e.c.,D4_S1314,"Property income, of which payable to subsector S1314",holdout,4,1,4,0.0
GF0606,Housing and community amenities n.e.c.,D4_S1314,"Property income, of which payable to subsector S1314",train,20,1,20,0.0
GF0606,Housing and community amenities n.e.c.,D62,Social benefits other than social transfers in kind,holdout,105,26,5,0.0
GF0606,Housing and community amenities n.e.c.,D62,Social benefits other than social transfers in kind,train,594,27,26,0.3
GF0606,Housing and community amenities n.e.c.,D62_D632,Social benefits other than social transfers in kind and social transfers in kind - purchased market production,holdout,105,26,5,0.0
GF0606,Housing and community amenities n.e.c.,D62_D632,Social benefits other than social transfers in kind and social transfers in kind - purchased market production,train,617,27,26,0.3
GF0606,Housing and community amenities n.e.c.,D632,Social transfers in kind - purchased market production,holdout,105,26,5,0.0
GF0606,Housing and community amenities n.e.c.,D632,Social transfers in kind - purchased market production,train,588,26,26,0.0
GF0606,Housing and community amenities n.e.c.,D7,Other current transfers,holdout,121,30,5,629.7
GF0606,Housing and community amenities n.e.c.,D7,Other current transfers,train,682,30,26,4861.4
GF0606,Housing and community amenities n.e.c.,D7_S1311,"Other current transfers,of which payable to subsector S1311",holdout,4,1,4,0.0
GF0606,Housing and community amenities n.e.c.,D7_S1311,"Other current transfers,of which payable to subsector S1311",train,20,1,20,0.0
GF0606,Housing and community amenities n.e.c.,D7_S1312,"Other current transfers,of which payable to subsector S1312",holdout,4,1,4,0.0
GF0606,Housing and community amenities n.e.c.,D7_S1312,"Other current transfers,of which payable to subsector S1312",train,20,1,20,0.0
GF0606,Housing and community amenities n.e.c.,D7_S1313,"Other current transfers,of which payable to subsector S1313",holdout,4,1,4,0.0
GF0606,Housing and community amenities n.e.c.,D7_S1313,"Other current transfers,of which payable to subsector S1313",train,20,1,20,0.0
GF0606,Housing and community amenities n.e.c.,D7_S1314,"Other current transfers,of which payable to subsector S1314",holdout,4,1,4,0.0
GF0606,Housing and community amenities n.e.c.,D7_S1314,"Other current transfers,of which payable to subsector S1314",train,20,1,20,0.0
GF0606,Housing and community amenities n.e.c.,D9,Capital transfers,holdout,118,30,5,1787.0
GF0606,Housing and community amenities n.e.c.,D9,Capital transfers,train,665,30,26,8945.8
GF0606,Housing and community amenities n.e.c.,D92,Investment grants,holdout,117,29,5,1712.5
GF0606,Housing and community amenities n.e.c.,D92,Investment grants,train,650,30,26,2150.3
GF0606,Housing and community amenities n.e.c.,D9_S1311,"Capital transfers, expenditure, of which to subsector central government (S1311)",holdout,4,1,4,0.0
GF0606,Housing and community amenities n.e.c.,D9_S1311,"Capital transfers, expenditure, of which to subsector central government (S1311)",train,20,1,20,0.0
GF0606,Housing and community amenities n.e.c.,D9_S1312,"Capital transfers, expenditure, of which to subsector state government (S1312)",holdout,4,1,4,0.0
GF0606,Housing and community amenities n.e.c.,D9_S1312,"Capital transfers, expenditure, of which to subsector state government (S1312)",train,20,1,20,0.0
GF0606,Housing and community amenities n.e.c.,D9_S1313,"Capital transfers, expenditure, of which to subsector local government (S1313)",holdout,4,1,4,0.0
GF0606,Housing and community amenities n.e.c.,D9_S1313,"Capital transfers, expenditure, of which to subsector local government (S1313)",train,20,1,20,0.0
GF0606,Housing and community amenities n.e.c.,D9_S1314,"Capital transfers, expenditure, of which to subsector social security funds (S1314)",holdout,4,1,4,0.0
GF0606,Housing and community amenities n.e.c.,D9_S1314,"Capital transfers, expenditure, of which to subsector social security funds (S1314)",train,20,1,20,0.0
GF0606,Housing and community amenities n.e.c.,NP,Acquisitions less disposals of non-financial non-produced assets,holdout,115,29,5,385.8
GF0606,Housing and community amenities n.e.c.,NP,Acquisitions less disposals of non-financial non-produced assets,train,664,29,26,633.1
GF0606,Housing and community amenities n.e.c.,OP5ANP,Gross capital formation and acquisitions less disposals of non-financial non-produced assets,holdout,121,30,5,8926.0
GF0606,Housing and community amenities n.e.c.,OP5ANP,Gross capital formation and acquisitions less disposals of non-financial non-produced assets,train,694,30,26,30174.7
GF0606,Housing and community amenities n.e.c.,P2,Intermediate consumption,holdout,121,30,5,8609.0
GF0606,Housing and community amenities n.e.c.,P2,Intermediate consumption,train,698,30,26,33694.1
GF0606,Housing and community amenities n.e.c.,P2_D29_D5_D8,"Intermediate consumption; other taxes on production; current taxes on income, wealth, etc.; adjustment for the change in pension entitlements",holdout,117,29,5,8653.2
GF0606,Housing and community amenities n.e.c.,P2_D29_D5_D8,"Intermediate consumption; other taxes on production; current taxes on income, wealth, etc.; adjustment for the change in pension entitlements",train,672,29,26,33487.2
GF0606,Housing and community amenities n.e.c.,P3,Final consumption expenditure,holdout,121,30,5,15007.6
GF0606,Housing and community amenities n.e.c.,P3,Final consumption expenditure,train,698,30,26,49245.0
GF0606,Housing and community amenities n.e.c.,P31,Individual consumption expenditure,holdout,77,19,5,0.0
GF0606,Housing and community amenities n.e.c.,P31,Individual consumption expenditure,train,474,20,26,0.0
GF0606,Housing and community amenities n.e.c.,P32,Collective consumption expenditure,holdout,109,27,5,9839.5
GF0606,Housing and community amenities n.e.c.,P32,Collective consumption expenditure,train,640,27,26,33323.6
GF0606,Housing and community amenities n.e.c.,P5,Gross capital formation,holdout,121,30,5,8579.1
GF0606,Housing and community amenities n.e.c.,P5,Gross capital formation,train,690,30,26,29935.1
GF0606,Housing and community amenities n.e.c.,P51G,Gross fixed capital formation,holdout,121,30,5,8595.3
GF0606,Housing and community amenities n.e.c.,P51G,Gross fixed capital formation,train,689,30,26,29826.1
GF0606,Housing and community amenities n.e.c.,TE,Total general government expenditure,holdout,121,30,5,29509.5
GF0606,Housing and community amenities n.e.c.,TE,Total general government expenditure,train,698,30,26,107838.7
GF07,Health,D1,Compensation of employees,holdout,121,30,5,1209124.9
GF07,Health,D1,Compensation of employees,train,767,30,31,4693895.8
GF07,Health,D29_D5_D8,"""Other taxes on production; current taxes on income, wealth, etc; adjustment for the change in pension entitlements""",holdout,113,28,5,53291.9
GF07,Health,D29_D5_D8,"""Other taxes on production; current taxes on income, wealth, etc; adjustment for the change in pension entitlements""",train,725,30,31,212904.0
GF07,Health,D3,Subsidies,holdout,117,29,5,95318.2
GF07,Health,D3,Subsidies,train,737,30,26,261852.6
GF07,Health,D4,Property income,holdout,105,26,5,118.4
GF07,Health,D4,Property income,train,664,27,26,136.8
GF07,Health,D4_S1311,"Property income, of which payable to subsector S1311",holdout,4,1,4,0.0
GF07,Health,D4_S1311,"Property income, of which payable to subsector S1311",train,20,1,20,0.0
GF07,Health,D4_S1312,"Property income, of which payable to subsector S1312",holdout,4,1,4,0.0
GF07,Health,D4_S1312,"Property income, of which payable to subsector S1312",train,20,1,20,0.0
GF07,Health,D4_S1313,"Property income, of which payable to subsector S1313",holdout,4,1,4,0.0
GF07,Health,D4_S1313,"Property income, of which payable to subsector S1313",train,20,1,20,0.0
GF07,Health,D4_S1314,"Property income, of which payable to subsector S1314",holdout,4,1,4,0.0
GF07,Health,D4_S1314,"Property income, of which payable to subsector S1314",train,20,1,20,0.0
GF07,Health,D62,Social benefits other than social transfers in kind,holdout,121,30,5,86630.4
GF07,Health,D62,Social benefits other than social transfers in kind,train,702,30,26,212452.6
GF07,Health,D62_D632,Social benefits other than social transfers in kind and social transfers in kind - purchased market production,holdout,121,30,5,2673015.9
GF07,Health,D62_D632,Social benefits other than social transfers in kind and social transfers in kind - purchased market production,train,767,30,31,9937974.9
GF07,Health,D632,Social transfers in kind - purchased market production,holdout,121,30,5,2586386.1
GF07,Health,D632,Social transfers in kind - purchased market production,train,719,30,31,7367829.2
GF07,Health,D7,Other current transfers,holdout,121,30,5,68751.9
GF07,Health,D7,Other current transfers,train,763,30,31,200570.4
GF07,Health,D7_S1311,"Other current transfers,of which payable to subsector S1311",holdout,4,1,4,0.0
GF07,Health,D7_S1311,"Other current transfers,of which payable to subsector S1311",train,20,1,20,0.0
GF07,Health,D7_S1312,"Other current transfers,of which payable to subsector S1312",holdout,4,1,4,0.0
GF07,Health,D7_S1312,"Other current transfers,of which payable to subsector S1312",train,20,1,20,0.0
GF07,Health,D7_S1313,"Other current transfers,of which payable to subsector S1313",holdout,4,1,4,0.0
GF07,Health,D7_S1313,"Other current transfers,of which payable to subsector S1313",train,20,1,20,0.0
GF07,Health,D7_S1314,"Other current transfers,of which payable to subsector S1314",holdout,4,1,4,0.0
GF07,Health,D7_S1314,"Other current transfers,of which payable to subsector S1314",train,20,1,20,0.0
GF07,Health,D9,Capital transfers,holdout,121,30,5,33491.3
GF07,Health,D9,Capital transfers,train,763,30,31,126501.9
GF07,Health,D92,Investment grants,holdout,121,30,5,24024.3
GF07,Health,D92,Investment grants,train,740,30,31,102004.9
GF07,Health,D9_S1311,"Capital transfers, expenditure, of which to subsector central government (S1311)",holdout,4,1,4,0.0
GF07,Health,D9_S1311,"Capital transfers, expenditure, of which to subsector central government (S1311)",train,20,1,20,0.0
GF07,Health,D9_S1312,"Capital transfers, expenditure, of which to subsector state government (S1312)",holdout,4,1,4,0.0
GF07,Health,D9_S1312,"Capital transfers, expenditure, of which to subsector state government (S1312)",train,20,1,20,0.0
GF07,Health,D9_S1313,"Capital transfers, expenditure, of which to subsector local government (S1313)",holdout,4,1,4,0.0
GF07,Health,D9_S1313,"Capital transfers, expenditure, of which to subsector local government (S1313)",train,20,1,20,0.0
GF07,Health,D9_S1314,"Capital transfers, expenditure, of which to subsector social security funds (S1314)",holdout,4,1,4,0.0
GF07,Health,D9_S1314,"Capital transfers, expenditure, of which to subsector social security funds (S1314)",train,20,1,20,0.0
GF07,Health,NP,Acquisitions less disposals of non-financial non-produced assets,holdout,117,29,5,814.5
GF07,Health,NP,Acquisitions less disposals of non-financial non-produced assets,train,719,29,31,3884.4
GF07,Health,OP5ANP,Gross capital formation and acquisitions less disposals of non-financial non-produced assets,holdout,121,30,5,181712.3
GF07,Health,OP5ANP,Gross capital formation and acquisitions less disposals of non-financial non-produced assets,train,767,30,31,680648.8
GF07,Health,P2,Intermediate consumption,holdout,121,30,5,899206.3
GF07,Health,P2,Intermediate consumption,train,767,30,31,2604124.7
GF07,Health,P2_D29_D5_D8,"Intermediate consumption; other taxes on production; current taxes on income, wealth, etc.; adjustment for the change in pension entitlements",holdout,117,29,5,914508.5
GF07,Health,P2_D29_D5_D8,"Intermediate consumption; other taxes on production; current taxes on income, wealth, etc.; adjustment for the change in pension entitlements",train,741,29,31,2688176.4
GF07,Health,P3,Final consumption expenditure,holdout,121,30,5,4649348.3
GF07,Health,P3,Final consumption expenditure,train,767,30,31,16768738.8
GF07,Health,P31,Individual consumption expenditure,holdout,109,27,5,3230199.6
GF07,Health,P31,Individual consumption expenditure,train,692,27,31,11763058.6
GF07,Health,P32,Collective consumption expenditure,holdout,109,27,5,76701.5
GF07,Health,P32,Collective consumption expenditure,train,681,27,26,287656.4
GF07,Health,P5,Gross capital formation,holdout,121,30,5,181695.2
GF07,Health,P5,Gross capital formation,train,767,30,31,680214.3
GF07,Health,P51G,Gross fixed capital formation,holdout,121,30,5,174923.7
GF07,Health,P51G,Gross fixed capital formation,train,767,30,31,667133.6
GF07,Health,TE,Total general government expenditure,holdout,121,30,5,5213577.8
GF07,Health,TE,Total general government expenditure,train,767,30,31,18718340.0
GF0701,"Medical products, appliances and equipment",D1,Compensation of employees,holdout,113,28,5,4336.7
GF0701,"Medical products, appliances and equipment",D1,Compensation of employees,train,658,29,26,18010.8
GF0701,"Medical products, appliances and equipment",D29_D5_D8,"""Other taxes on production; current taxes on income, wealth, etc; adjustment for the change in pension entitlements""",holdout,109,27,5,500.7
GF0701,"Medical products, appliances and equipment",D29_D5_D8,"""Other taxes on production; current taxes on income, wealth, etc; adjustment for the change in pension entitlements""",train,644,28,26,1623.8
GF0701,"Medical products, appliances and equipment",D3,Subsidies,holdout,109,27,5,281.5
GF0701,"Medical products, appliances and equipment",D3,Subsidies,train,635,29,26,716.8
GF0701,"Medical products, appliances and equipment",D4,Property income,holdout,105,26,5,0.1
GF0701,"Medical products, appliances and equipment",D4,Property income,train,611,26,26,0.0
GF0701,"Medical products, appliances and equipment",D4_S1311,"Property income, of which payable to subsector S1311",holdout,4,1,4,0.0
GF0701,"Medical products, appliances and equipment",D4_S1311,"Property income, of which payable to subsector S1311",train,20,1,20,0.0
GF0701,"Medical products, appliances and equipment",D4_S1312,"Property income, of which payable to subsector S1312",holdout,4,1,4,0.0
GF0701,"Medical products, appliances and equipment",D4_S1312,"Property income, of which payable to subsector S1312",train,20,1,20,0.0
GF0701,"Medical products, appliances and equipment",D4_S1313,"Property income, of which payable to subsector S1313",holdout,4,1,4,0.0
GF0701,"Medical products, appliances and equipment",D4_S1313,"Property income, of which payable to subsector S1313",train,20,1,20,0.0
GF0701,"Medical products, appliances and equipment",D4_S1314,"Property income, of which payable to subsector S1314",holdout,4,1,4,0.0
GF0701,"Medical products, appliances and equipment",D4_S1314,"Property income, of which payable to subsector S1314",train,20,1,20,0.0
GF0701,"Medical products, appliances and equipment",D62,Social benefits other than social transfers in kind,holdout,117,29,5,10352.7
GF0701,"Medical products, appliances and equipment",D62,Social benefits other than social transfers in kind,train,649,29,26,24768.3
GF0701,"Medical products, appliances and equipment",D62_D632,Social benefits other than social transfers in kind and social transfers in kind - purchased market production,holdout,121,30,5,707149.1
GF0701,"Medical products, appliances and equipment",D62_D632,Social benefits other than social transfers in kind and social transfers in kind - purchased market production,train,700,30,26,2682442.7
GF0701,"Medical products, appliances and equipment",D632,Social transfers in kind - purchased market production,holdout,121,30,5,696796.1
GF0701,"Medical products, appliances and equipment",D632,Social transfers in kind - purchased market production,train,673,30,26,2215285.3
GF0701,"Medical products, appliances and equipment",D7,Other current transfers,holdout,117,29,5,406.0
GF0701,"Medical products, appliances and equipment",D7,Other current transfers,train,659,29,26,1171.9
GF0701,"Medical products, appliances and equipment",D7_S1311,"Other current transfers,of which payable to subsector S1311",holdout,4,1,4,0.0
GF0701,"Medical products, appliances and equipment",D7_S1311,"Other current transfers,of which payable to subsector S1311",train,20,1,20,0.0
GF0701,"Medical products, appliances and equipment",D7_S1312,"Other current transfers,of which payable to subsector S1312",holdout,4,1,4,0.0
GF0701,"Medical products, appliances and equipment",D7_S1312,"Other current transfers,of which payable to subsector S1312",train,20,1,20,0.0
GF0701,"Medical products, appliances and equipment",D7_S1313,"Other current transfers,of which payable to subsector S1313",holdout,4,1,4,0.0
GF0701,"Medical products, appliances and equipment",D7_S1313,"Other current transfers,of which payable to subsector S1313",train,20,1,20,0.0
GF0701,"Medical products, appliances and equipment",D7_S1314,"Other current transfers,of which payable to subsector S1314",holdout,4,1,4,0.0
GF0701,"Medical products, appliances and equipment",D7_S1314,"Other current transfers,of which payable to subsector S1314",train,20,1,20,0.0
GF0701,"Medical products, appliances and equipment",D9,Capital transfers,holdout,113,28,5,6.9
GF0701,"Medical products, appliances and equipment",D9,Capital transfers,train,641,29,26,280.4
GF0701,"Medical products, appliances and equipment",D92,Investment grants,holdout,113,28,5,0.1
GF0701,"Medical products, appliances and equipment",D92,Investment grants,train,637,28,26,20.7
GF0701,"Medical products, appliances and equipment",D9_S1311,"Capital transfers, expenditure, of which to subsector central government (S1311)",holdout,4,1,4,0.0
GF0701,"Medical products, appliances and equipment",D9_S1311,"Capital transfers, expenditure, of which to subsector central government (S1311)",train,20,1,20,0.0
GF0701,"Medical products, appliances and equipment",D9_S1312,"Capital transfers, expenditure, of which to subsector state government (S1312)",holdout,4,1,4,0.0
GF0701,"Medical products, appliances and equipment",D9_S1312,"Capital transfers, expenditure, of which to subsector state government (S1312)",train,20,1,20,0.0
GF0701,"Medical products, appliances and equipment",D9_S1313,"Capital transfers, expenditure, of which to subsector local government (S1313)",holdout,4,1,4,0.0
GF0701,"Medical products, appliances and equipment",D9_S1313,"Capital transfers, expenditure, of which to subsector local government (S1313)",train,20,1,20,0.0
GF0701,"Medical products, appliances and equipment",D9_S1314,"Capital transfers, expenditure, of which to subsector social security funds (S1314)",holdout,4,1,4,0.0
GF0701,"Medical products, appliances and equipment",D9_S1314,"Capital transfers, expenditure, of which to subsector social security funds (S1314)",train,20,1,20,0.0
GF0701,"Medical products, appliances and equipment",NP,Acquisitions less disposals of non-financial non-produced assets,holdout,109,27,5,0.0
GF0701,"Medical products, appliances and equipment",NP,Acquisitions less disposals of non-financial non-produced assets,train,631,27,26,4.8
GF0701,"Medical products, appliances and equipment",OP5ANP,Gross capital formation and acquisitions less disposals of non-financial non-produced assets,holdout,113,28,5,2364.9
GF0701,"Medical products, appliances and equipment",OP5ANP,Gross capital formation and acquisitions less disposals of non-financial non-produced assets,train,659,29,26,8429.3
GF0701,"Medical products, appliances and equipment",P2,Intermediate consumption,holdout,113,28,5,45013.3
GF0701,"Medical products, appliances and equipment",P2,Intermediate consumption,train,656,30,26,129857.6
GF0701,"Medical products, appliances and equipment",P2_D29_D5_D8,"Intermediate consumption; other taxes on production; current taxes on income, wealth, etc.; adjustment for the change in pension entitlements",holdout,109,27,5,45107.3
GF0701,"Medical products, appliances and equipment",P2_D29_D5_D8,"Intermediate consumption; other taxes on production; current taxes on income, wealth, etc.; adjustment for the change in pension entitlements",train,630,29,26,129890.9
GF0701,"Medical products, appliances and equipment",P3,Final consumption expenditure,holdout,121,30,5,746647.2
GF0701,"Medical products, appliances and equipment",P3,Final consumption expenditure,train,694,30,26,2788662.7
GF0701,"Medical products, appliances and equipment",P31,Individual consumption expenditure,holdout,109,27,5,463719.2
GF0701,"Medical products, appliances and equipment",P31,Individual consumption expenditure,train,636,27,26,1878404.2
GF0701,"Medical products, appliances and equipment",P32,Collective consumption expenditure,holdout,77,19,5,0.0
GF0701,"Medical products, appliances and equipment",P32,Collective consumption expenditure,train,474,20,26,0.0
GF0701,"Medical products, appliances and equipment",P5,Gross capital formation,holdout,113,28,5,2364.9
GF0701,"Medical products, appliances and equipment",P5,Gross capital formation,train,659,29,26,8427.7
GF0701,"Medical products, appliances and equipment",P51G,Gross fixed capital formation,holdout,113,28,5,1817.0
GF0701,"Medical products, appliances and equipment",P51G,Gross fixed capital formation,train,657,29,26,5504.4
GF0701,"Medical products, appliances and equipment",TE,Total general government expenditure,holdout,121,30,5,759933.1
GF0701,"Medical products, appliances and equipment",TE,Total general government expenditure,train,694,30,26,2842304.1
GF0702,Outpatient services,D1,Compensation of employees,holdout,121,30,5,275306.1
GF0702,Outpatient services,D1,Compensation of employees,train,698,30,26,995547.5
GF0702,Outpatient services,D29_D5_D8,"""Other taxes on production; current taxes on income, wealth, etc; adjustment for the change in pension entitlements""",holdout,113,28,5,11366.4
GF0702,Outpatient services,D29_D5_D8,"""Other taxes on production; current taxes on income, wealth, etc; adjustment for the change in pension entitlements""",train,639,28,26,39358.2
GF0702,Outpatient services,D3,Subsidies,holdout,113,28,5,1594.5
GF0702,Outpatient services,D3,Subsidies,train,661,29,26,5189.8
GF0702,Outpatient services,D4,Property income,holdout,105,26,5,25.0
GF0702,Outpatient services,D4,Property income,train,620,27,26,26.7
GF0702,Outpatient services,D4_S1311,"Property income, of which payable to subsector S1311",holdout,4,1,4,0.0
GF0702,Outpatient services,D4_S1311,"Property income, of which payable to subsector S1311",train,20,1,20,0.0
GF0702,Outpatient services,D4_S1312,"Property income, of which payable to subsector S1312",holdout,4,1,4,0.0
GF0702,Outpatient services,D4_S1312,"Property income, of which payable to subsector S1312",train,20,1,20,0.0
GF0702,Outpatient services,D4_S1313,"Property income, of which payable to subsector S1313",holdout,4,1,4,0.0
GF0702,Outpatient services,D4_S1313,"Property income, of which payable to subsector S1313",train,20,1,20,0.0
GF0702,Outpatient services,D4_S1314,"Property income, of which payable to subsector S1314",holdout,4,1,4,0.0
GF0702,Outpatient services,D4_S1314,"Property income, of which payable to subsector S1314",train,20,1,20,0.0
GF0702,Outpatient services,D62,Social benefits other than social transfers in kind,holdout,117,29,5,30353.8
GF0702,Outpatient services,D62,Social benefits other than social transfers in kind,train,658,30,26,71993.0
GF0702,Outpatient services,D62_D632,Social benefits other than social transfers in kind and social transfers in kind - purchased market production,holdout,121,30,5,1114568.0
GF0702,Outpatient services,D62_D632,Social benefits other than social transfers in kind and social transfers in kind - purchased market production,train,702,30,26,3793680.5
GF0702,Outpatient services,D632,Social transfers in kind - purchased market production,holdout,121,30,5,1084214.4
GF0702,Outpatient services,D632,Social transfers in kind - purchased market production,train,671,30,26,3161061.7
GF0702,Outpatient services,D7,Other current transfers,holdout,117,29,5,12732.9
GF0702,Outpatient services,D7,Other current transfers,train,674,30,26,35625.1
GF0702,Outpatient services,D7_S1311,"Other current transfers,of which payable to subsector S1311",holdout,4,1,4,0.0
GF0702,Outpatient services,D7_S1311,"Other current transfers,of which payable to subsector S1311",train,20,1,20,0.0
GF0702,Outpatient services,D7_S1312,"Other current transfers,of which payable to subsector S1312",holdout,4,1,4,0.0
GF0702,Outpatient services,D7_S1312,"Other current transfers,of which payable to subsector S1312",train,20,1,20,0.0
GF0702,Outpatient services,D7_S1313,"Other current transfers,of which payable to subsector S1313",holdout,4,1,4,0.0
GF0702,Outpatient services,D7_S1313,"Other current transfers,of which payable to subsector S1313",train,20,1,20,0.0
GF0702,Outpatient services,D7_S1314,"Other current transfers,of which payable to subsector S1314",holdout,4,1,4,0.0
GF0702,Outpatient services,D7_S1314,"Other current transfers,of which payable to subsector S1314",train,20,1,20,0.0
GF0702,Outpatient services,D9,Capital transfers,holdout,118,30,5,917.3
GF0702,Outpatient services,D9,Capital transfers,train,677,30,26,2922.3
GF0702,Outpatient services,D92,Investment grants,holdout,117,29,5,190.8
GF0702,Outpatient services,D92,Investment grants,train,656,29,26,1098.1
GF0702,Outpatient services,D9_S1311,"Capital transfers, expenditure, of which to subsector central government (S1311)",holdout,4,1,4,0.0
GF0702,Outpatient services,D9_S1311,"Capital transfers, expenditure, of which to subsector central government (S1311)",train,20,1,20,0.0
GF0702,Outpatient services,D9_S1312,"Capital transfers, expenditure, of which to subsector state government (S1312)",holdout,4,1,4,0.0
GF0702,Outpatient services,D9_S1312,"Capital transfers, expenditure, of which to subsector state government (S1312)",train,20,1,20,0.0
GF0702,Outpatient services,D9_S1313,"Capital transfers, expenditure, of which to subsector local government (S1313)",holdout,4,1,4,0.0
GF0702,Outpatient services,D9_S1313,"Capital transfers, expenditure, of which to subsector local government (S1313)",train,20,1,20,0.0
GF0702,Outpatient services,D9_S1314,"Capital transfers, expenditure, of which to subsector social security funds (S1314)",holdout,4,1,4,0.0
GF0702,Outpatient services,D9_S1314,"Capital transfers, expenditure, of which to subsector social security funds (S1314)",train,20,1,20,0.0
GF0702,Outpatient services,NP,Acquisitions less disposals of non-financial non-produced assets,holdout,111,29,5,27.2
GF0702,Outpatient services,NP,Acquisitions less disposals of non-financial non-produced assets,train,652,28,26,239.2
GF0702,Outpatient services,OP5ANP,Gross capital formation and acquisitions less disposals of non-financial non-produced assets,holdout,121,30,5,18859.9
GF0702,Outpatient services,OP5ANP,Gross capital formation and acquisitions less disposals of non-financial non-produced assets,train,698,30,26,59799.9
GF0702,Outpatient services,P2,Intermediate consumption,holdout,121,30,5,160543.8
GF0702,Outpatient services,P2,Intermediate consumption,train,698,30,26,506815.8
GF0702,Outpatient services,P2_D29_D5_D8,"Intermediate consumption; other taxes on production; current taxes on income, wealth, etc.; adjustment for the change in pension entitlements",holdout,117,29,5,169503.1
GF0702,Outpatient services,P2_D29_D5_D8,"Intermediate consumption; other taxes on production; current taxes on income, wealth, etc.; adjustment for the change in pension entitlements",train,672,29,26,536220.8
GF0702,Outpatient services,P3,Final consumption expenditure,holdout,121,30,5,1515676.1
GF0702,Outpatient services,P3,Final consumption expenditure,train,698,30,26,5161042.6
GF0702,Outpatient services,P31,Individual consumption expenditure,holdout,109,27,5,1144808.9
GF0702,Outpatient services,P31,Individual consumption expenditure,train,640,27,26,3989218.8
GF0702,Outpatient services,P32,Collective consumption expenditure,holdout,77,19,5,0.0
GF0702,Outpatient services,P32,Collective consumption expenditure,train,474,20,26,0.0
GF0702,Outpatient services,P5,Gross capital formation,holdout,121,30,5,18846.9
GF0702,Outpatient services,P5,Gross capital formation,train,698,30,26,59670.5
GF0702,Outpatient services,P51G,Gross fixed capital formation,holdout,121,30,5,18849.2
GF0702,Outpatient services,P51G,Gross fixed capital formation,train,698,30,26,59364.3
GF0702,Outpatient services,TE,Total general government expenditure,holdout,121,30,5,1595838.2
GF0702,Outpatient services,TE,Total general government expenditure,train,698,30,26,5438635.5
GF0703,Hospital services,D1,Compensation of employees,holdout,121,30,5,753430.4
GF0703,Hospital services,D1,Compensation of employees,train,698,30,26,2780781.7
GF0703,Hospital services,D29_D5_D8,"""Other taxes on production; current taxes on income, wealth, etc; adjustment for the change in pension entitlements""",holdout,113,28,5,37919.0
GF0703,Hospital services,D29_D5_D8,"""Other taxes on production; current taxes on income, wealth, etc; adjustment for the change in pension entitlements""",train,646,29,26,145940.0
GF0703,Hospital services,D3,Subsidies,holdout,117,29,5,73239.8
GF0703,Hospital services,D3,Subsidies,train,664,29,26,198503.2
GF0703,Hospital services,D4,Property income,holdout,105,26,5,32.3
GF0703,Hospital services,D4,Property income,train,614,27,26,42.8
GF0703,Hospital services,D4_S1311,"Property income, of which payable to subsector S1311",holdout,4,1,4,0.0
GF0703,Hospital services,D4_S1311,"Property income, of which payable to subsector S1311",train,20,1,20,0.0
GF0703,Hospital services,D4_S1312,"Property income, of which payable to subsector S1312",holdout,4,1,4,0.0
GF0703,Hospital services,D4_S1312,"Property income, of which payable to subsector S1312",train,20,1,20,0.0
GF0703,Hospital services,D4_S1313,"Property income, of which payable to subsector S1313",holdout,4,1,4,0.0
GF0703,Hospital services,D4_S1313,"Property income, of which payable to subsector S1313",train,20,1,20,0.0
GF0703,Hospital services,D4_S1314,"Property income, of which payable to subsector S1314",holdout,4,1,4,0.0
GF0703,Hospital services,D4_S1314,"Property income, of which payable to subsector S1314",train,20,1,20,0.0
GF0703,Hospital services,D62,Social benefits other than social transfers in kind,holdout,117,29,5,22687.2
GF0703,Hospital services,D62,Social benefits other than social transfers in kind,train,656,30,26,65404.7
GF0703,Hospital services,D62_D632,Social benefits other than social transfers in kind and social transfers in kind - purchased market production,holdout,121,30,5,772914.4
GF0703,Hospital services,D62_D632,Social benefits other than social transfers in kind and social transfers in kind - purchased market production,train,701,30,26,2595588.7
GF0703,Hospital services,D632,Social transfers in kind - purchased market production,holdout,121,30,5,750227.5
GF0703,Hospital services,D632,Social transfers in kind - purchased market production,train,669,30,26,1805761.2
GF0703,Hospital services,D7,Other current transfers,holdout,121,30,5,27516.3
GF0703,Hospital services,D7,Other current transfers,train,689,30,26,86585.8
GF0703,Hospital services,D7_S1311,"Other current transfers,of which payable to subsector S1311",holdout,4,1,4,0.0
GF0703,Hospital services,D7_S1311,"Other current transfers,of which payable to subsector S1311",train,20,1,20,0.0
GF0703,Hospital services,D7_S1312,"Other current transfers,of which payable to subsector S1312",holdout,4,1,4,0.0
GF0703,Hospital services,D7_S1312,"Other current transfers,of which payable to subsector S1312",train,20,1,20,0.0
GF0703,Hospital services,D7_S1313,"Other current transfers,of which payable to subsector S1313",holdout,4,1,4,0.0
GF0703,Hospital services,D7_S1313,"Other current transfers,of which payable to subsector S1313",train,20,1,20,0.0
GF0703,Hospital services,D7_S1314,"Other current transfers,of which payable to subsector S1314",holdout,4,1,4,0.0
GF0703,Hospital services,D7_S1314,"Other current transfers,of which payable to subsector S1314",train,20,1,20,0.0
GF0703,Hospital services,D9,Capital transfers,holdout,121,30,5,27846.5
GF0703,Hospital services,D9,Capital transfers,train,684,30,26,101035.5
GF0703,Hospital services,D92,Investment grants,holdout,121,30,5,19900.5
GF0703,Hospital services,D92,Investment grants,train,664,30,26,81530.1
GF0703,Hospital services,D9_S1311,"Capital transfers, expenditure, of which to subsector central government (S1311)",holdout,4,1,4,0.0
GF0703,Hospital services,D9_S1311,"Capital transfers, expenditure, of which to subsector central government (S1311)",train,20,1,20,0.0
GF0703,Hospital services,D9_S1312,"Capital transfers, expenditure, of which to subsector state government (S1312)",holdout,4,1,4,0.0
GF0703,Hospital services,D9_S1312,"Capital transfers, expenditure, of which to subsector state government (S1312)",train,20,1,20,0.0
GF0703,Hospital services,D9_S1313,"Capital transfers, expenditure, of which to subsector local government (S1313)",holdout,4,1,4,0.0
GF0703,Hospital services,D9_S1313,"Capital transfers, expenditure, of which to subsector local government (S1313)",train,20,1,20,0.0
GF0703,Hospital services,D9_S1314,"Capital transfers, expenditure, of which to subsector social security funds (S1314)",holdout,4,1,4,0.0
GF0703,Hospital services,D9_S1314,"Capital transfers, expenditure, of which to subsector social security funds (S1314)",train,20,1,20,0.0
GF0703,Hospital services,NP,Acquisitions less disposals of non-financial non-produced assets,holdout,117,29,5,723.8
GF0703,Hospital services,NP,Acquisitions less disposals of non-financial non-produced assets,train,659,29,26,2383.5
GF0703,Hospital services,OP5ANP,Gross capital formation and acquisitions less disposals of non-financial non-produced assets,holdout,121,30,5,90248.6
GF0703,Hospital services,OP5ANP,Gross capital formation and acquisitions less disposals of non-financial non-produced assets,train,698,30,26,350414.0
GF0703,Hospital services,P2,Intermediate consumption,holdout,121,30,5,499778.7
GF0703,Hospital services,P2,Intermediate consumption,train,698,30,26,1504074.9
GF0703,Hospital services,P2_D29_D5_D8,"Intermediate consumption; other taxes on production; current taxes on income, wealth, etc.; adjustment for the change in pension entitlements",holdout,117,29,5,507738.3
GF0703,Hospital services,P2_D29_D5_D8,"Intermediate consumption; other taxes on production; current taxes on income, wealth, etc.; adjustment for the change in pension entitlements",train,672,29,26,1543918.8
GF0703,Hospital services,P3,Final consumption expenditure,holdout,121,30,5,1997059.5
GF0703,Hospital services,P3,Final consumption expenditure,train,698,30,26,6728161.9
GF0703,Hospital services,P31,Individual consumption expenditure,holdout,109,27,5,1483400.6
GF0703,Hospital services,P31,Individual consumption expenditure,train,640,27,26,5001246.2
GF0703,Hospital services,P32,Collective consumption expenditure,holdout,77,19,5,0.0
GF0703,Hospital services,P32,Collective consumption expenditure,train,474,20,26,0.0
GF0703,Hospital services,P5,Gross capital formation,holdout,121,30,5,90337.8
GF0703,Hospital services,P5,Gross capital formation,train,698,30,26,349189.3
GF0703,Hospital services,P51G,Gross fixed capital formation,holdout,121,30,5,90007.8
GF0703,Hospital services,P51G,Gross fixed capital formation,train,698,30,26,344097.2
GF0703,Hospital services,TE,Total general government expenditure,holdout,121,30,5,2282206.3
GF0703,Hospital services,TE,Total general government expenditure,train,698,30,26,7762102.5
GF0704,Public health services,D1,Compensation of employees,holdout,121,30,5,55910.2
GF0704,Public health services,D1,Compensation of employees,train,697,30,26,177069.8
GF0704,Public health services,D29_D5_D8,"""Other taxes on production; current taxes on income, wealth, etc; adjustment for the change in pension entitlements""",holdout,110,28,5,1872.3
GF0704,Public health services,D29_D5_D8,"""Other taxes on production; current taxes on income, wealth, etc; adjustment for the change in pension entitlements""",train,633,28,26,6191.2
GF0704,Public health services,D3,Subsidies,holdout,117,29,5,4151.8
GF0704,Public health services,D3,Subsidies,train,643,30,26,8891.6
GF0704,Public health services,D4,Property income,holdout,105,26,5,9.7
GF0704,Public health services,D4,Property income,train,611,26,26,8.9
GF0704,Public health services,D4_S1311,"Property income, of which payable to subsector S1311",holdout,4,1,4,0.0
GF0704,Public health services,D4_S1311,"Property income, of which payable to subsector S1311",train,20,1,20,0.0
GF0704,Public health services,D4_S1312,"Property income, of which payable to subsector S1312",holdout,4,1,4,0.0
GF0704,Public health services,D4_S1312,"Property income, of which payable to subsector S1312",train,20,1,20,0.0
GF0704,Public health services,D4_S1313,"Property income, of which payable to subsector S1313",holdout,4,1,4,0.0
GF0704,Public health services,D4_S1313,"Property income, of which payable to subsector S1313",train,20,1,20,0.0
GF0704,Public health services,D4_S1314,"Property income, of which payable to subsector S1314",holdout,4,1,4,0.0
GF0704,Public health services,D4_S1314,"Property income, of which payable to subsector S1314",train,20,1,20,0.0
GF0704,Public health services,D62,Social benefits other than social transfers in kind,holdout,117,29,5,22607.5
GF0704,Public health services,D62,Social benefits other than social transfers in kind,train,635,29,26,44366.7
GF0704,Public health services,D62_D632,Social benefits other than social transfers in kind and social transfers in kind - purchased market production,holdout,118,30,5,77704.0
GF0704,Public health services,D62_D632,Social benefits other than social transfers in kind and social transfers in kind - purchased market production,train,668,30,26,68687.9
GF0704,Public health services,D632,Social transfers in kind - purchased market production,holdout,118,30,5,55096.8
GF0704,Public health services,D632,Social transfers in kind - purchased market production,train,634,30,26,23860.5
GF0704,Public health services,D7,Other current transfers,holdout,121,30,5,12757.1
GF0704,Public health services,D7,Other current transfers,train,691,30,26,27627.6
GF0704,Public health services,D7_S1311,"Other current transfers,of which payable to subsector S1311",holdout,4,1,4,0.0
GF0704,Public health services,D7_S1311,"Other current transfers,of which payable to subsector S1311",train,20,1,20,0.0
GF0704,Public health services,D7_S1312,"Other current transfers,of which payable to subsector S1312",holdout,4,1,4,0.0
GF0704,Public health services,D7_S1312,"Other current transfers,of which payable to subsector S1312",train,20,1,20,0.0
GF0704,Public health services,D7_S1313,"Other current transfers,of which payable to subsector S1313",holdout,4,1,4,0.0
GF0704,Public health services,D7_S1313,"Other current transfers,of which payable to subsector S1313",train,20,1,20,0.0
GF0704,Public health services,D7_S1314,"Other current transfers,of which payable to subsector S1314",holdout,4,1,4,0.0
GF0704,Public health services,D7_S1314,"Other current transfers,of which payable to subsector S1314",train,20,1,20,0.0
GF0704,Public health services,D9,Capital transfers,holdout,115,30,5,1118.1
GF0704,Public health services,D9,Capital transfers,train,656,30,26,1823.2
GF0704,Public health services,D92,Investment grants,holdout,113,28,5,666.2
GF0704,Public health services,D92,Investment grants,train,646,29,26,1500.8
GF0704,Public health services,D9_S1311,"Capital transfers, expenditure, of which to subsector central government (S1311)",holdout,4,1,4,0.0
GF0704,Public health services,D9_S1311,"Capital transfers, expenditure, of which to subsector central government (S1311)",train,20,1,20,0.0
GF0704,Public health services,D9_S1312,"Capital transfers, expenditure, of which to subsector state government (S1312)",holdout,4,1,4,0.0
GF0704,Public health services,D9_S1312,"Capital transfers, expenditure, of which to subsector state government (S1312)",train,20,1,20,0.0
GF0704,Public health services,D9_S1313,"Capital transfers, expenditure, of which to subsector local government (S1313)",holdout,4,1,4,0.0
GF0704,Public health services,D9_S1313,"Capital transfers, expenditure, of which to subsector local government (S1313)",train,20,1,20,0.0
GF0704,Public health services,D9_S1314,"Capital transfers, expenditure, of which to subsector social security funds (S1314)",holdout,4,1,4,0.0
GF0704,Public health services,D9_S1314,"Capital transfers, expenditure, of which to subsector social security funds (S1314)",train,20,1,20,0.0
GF0704,Public health services,NP,Acquisitions less disposals of non-financial non-produced assets,holdout,110,28,5,67.0
GF0704,Public health services,NP,Acquisitions less disposals of non-financial non-produced assets,train,634,28,26,76.2
GF0704,Public health services,OP5ANP,Gross capital formation and acquisitions less disposals of non-financial non-produced assets,holdout,121,30,5,15163.1
GF0704,Public health services,OP5ANP,Gross capital formation and acquisitions less disposals of non-financial non-produced assets,train,698,30,26,21279.8
GF0704,Public health services,P2,Intermediate consumption,holdout,121,30,5,99658.3
GF0704,Public health services,P2,Intermediate consumption,train,697,30,26,124889.0
GF0704,Public health services,P2_D29_D5_D8,"Intermediate consumption; other taxes on production; current taxes on income, wealth, etc.; adjustment for the change in pension entitlements",holdout,117,29,5,100384.0
GF0704,Public health services,P2_D29_D5_D8,"Intermediate consumption; other taxes on production; current taxes on income, wealth, etc.; adjustment for the change in pension entitlements",train,671,29,26,129288.1
GF0704,Public health services,P3,Final consumption expenditure,holdout,121,30,5,196670.6
GF0704,Public health services,P3,Final consumption expenditure,train,698,30,26,304382.7
GF0704,Public health services,P31,Individual consumption expenditure,holdout,109,27,5,138271.5
GF0704,Public health services,P31,Individual consumption expenditure,train,640,27,26,283423.6
GF0704,Public health services,P32,Collective consumption expenditure,holdout,77,19,5,0.0
GF0704,Public health services,P32,Collective consumption expenditure,train,474,20,26,0.0
GF0704,Public health services,P5,Gross capital formation,holdout,121,30,5,15100.6
GF0704,Public health services,P5,Gross capital formation,train,697,30,26,21270.4
GF0704,Public health services,P51G,Gross fixed capital formation,holdout,121,30,5,6527.8
GF0704,Public health services,P51G,Gross fixed capital formation,train,698,30,26,16747.1
GF0704,Public health services,TE,Total general government expenditure,holdout,121,30,5,265357.5
GF0704,Public health services,TE,Total general government expenditure,train,698,30,26,436205.2
GF0705,R&D Health,D1,Compensation of employees,holdout,117,29,5,32970.0
GF0705,R&D Health,D1,Compensation of employees,train,672,29,26,114377.2
GF0705,R&D Health,D29_D5_D8,"""Other taxes on production; current taxes on income, wealth, etc; adjustment for the change in pension entitlements""",holdout,111,28,5,834.7
GF0705,R&D Health,D29_D5_D8,"""Other taxes on production; current taxes on income, wealth, etc; adjustment for the change in pension entitlements""",train,635,28,26,2847.3
GF0705,R&D Health,D3,Subsidies,holdout,113,28,5,8118.7
GF0705,R&D Health,D3,Subsidies,train,654,28,26,23457.4
GF0705,R&D Health,D4,Property income,holdout,105,26,5,20.0
GF0705,R&D Health,D4,Property income,train,611,26,26,22.0
GF0705,R&D Health,D4_S1311,"Property income, of which payable to subsector S1311",holdout,4,1,4,0.0
GF0705,R&D Health,D4_S1311,"Property income, of which payable to subsector S1311",train,20,1,20,0.0
GF0705,R&D Health,D4_S1312,"Property income, of which payable to subsector S1312",holdout,4,1,4,0.0
GF0705,R&D Health,D4_S1312,"Property income, of which payable to subsector S1312",train,20,1,20,0.0
GF0705,R&D Health,D4_S1313,"Property income, of which payable to subsector S1313",holdout,4,1,4,0.0
GF0705,R&D Health,D4_S1313,"Property income, of which payable to subsector S1313",train,20,1,20,0.0
GF0705,R&D Health,D4_S1314,"Property income, of which payable to subsector S1314",holdout,4,1,4,0.0
GF0705,R&D Health,D4_S1314,"Property income, of which payable to subsector S1314",train,20,1,20,0.0
GF0705,R&D Health,D62,Social benefits other than social transfers in kind,holdout,109,27,5,0.0
GF0705,R&D Health,D62,Social benefits other than social transfers in kind,train,602,27,26,0.0
GF0705,R&D Health,D62_D632,Social benefits other than social transfers in kind and social transfers in kind - purchased market production,holdout,109,27,5,0.0
GF0705,R&D Health,D62_D632,Social benefits other than social transfers in kind and social transfers in kind - purchased market production,train,626,27,26,0.0
GF0705,R&D Health,D632,Social transfers in kind - purchased market production,holdout,105,26,5,0.0
GF0705,R&D Health,D632,Social transfers in kind - purchased market production,train,589,27,26,0.0
GF0705,R&D Health,D7,Other current transfers,holdout,113,28,5,1680.6
GF0705,R&D Health,D7,Other current transfers,train,649,29,26,7022.1
GF0705,R&D Health,D7_S1311,"Other current transfers,of which payable to subsector S1311",holdout,4,1,4,0.0
GF0705,R&D Health,D7_S1311,"Other current transfers,of which payable to subsector S1311",train,20,1,20,0.0
GF0705,R&D Health,D7_S1312,"Other current transfers,of which payable to subsector S1312",holdout,4,1,4,0.0
GF0705,R&D Health,D7_S1312,"Other current transfers,of which payable to subsector S1312",train,20,1,20,0.0
GF0705,R&D Health,D7_S1313,"Other current transfers,of which payable to subsector S1313",holdout,4,1,4,0.0
GF0705,R&D Health,D7_S1313,"Other current transfers,of which payable to subsector S1313",train,20,1,20,0.0
GF0705,R&D Health,D7_S1314,"Other current transfers,of which payable to subsector S1314",holdout,4,1,4,0.0
GF0705,R&D Health,D7_S1314,"Other current transfers,of which payable to subsector S1314",train,20,1,20,0.0
GF0705,R&D Health,D9,Capital transfers,holdout,113,28,5,726.0
GF0705,R&D Health,D9,Capital transfers,train,648,28,26,2715.6
GF0705,R&D Health,D92,Investment grants,holdout,113,28,5,695.9
GF0705,R&D Health,D92,Investment grants,train,643,28,26,2064.9
GF0705,R&D Health,D9_S1311,"Capital transfers, expenditure, of which to subsector central government (S1311)",holdout,4,1,4,0.0
GF0705,R&D Health,D9_S1311,"Capital transfers, expenditure, of which to subsector central government (S1311)",train,20,1,20,0.0
GF0705,R&D Health,D9_S1312,"Capital transfers, expenditure, of which to subsector state government (S1312)",holdout,4,1,4,0.0
GF0705,R&D Health,D9_S1312,"Capital transfers, expenditure, of which to subsector state government (S1312)",train,20,1,20,0.0
GF0705,R&D Health,D9_S1313,"Capital transfers, expenditure, of which to subsector local government (S1313)",holdout,4,1,4,0.0
GF0705,R&D Health,D9_S1313,"Capital transfers, expenditure, of which to subsector local government (S1313)",train,20,1,20,0.0
GF0705,R&D Health,D9_S1314,"Capital transfers, expenditure, of which to subsector social security funds (S1314)",holdout,4,1,4,0.0
GF0705,R&D Health,D9_S1314,"Capital transfers, expenditure, of which to subsector social security funds (S1314)",train,20,1,20,0.0
GF0705,R&D Health,NP,Acquisitions less disposals of non-financial non-produced assets,holdout,109,27,5,2.6
GF0705,R&D Health,NP,Acquisitions less disposals of non-financial non-produced assets,train,635,28,26,53.4
GF0705,R&D Health,OP5ANP,Gross capital formation and acquisitions less disposals of non-financial non-produced assets,holdout,117,29,5,50034.9
GF0705,R&D Health,OP5ANP,Gross capital formation and acquisitions less disposals of non-financial non-produced assets,train,672,29,26,170076.7
GF0705,R&D Health,P2,Intermediate consumption,holdout,117,29,5,21384.8
GF0705,R&D Health,P2,Intermediate consumption,train,671,29,26,69563.1
GF0705,R&D Health,P2_D29_D5_D8,"Intermediate consumption; other taxes on production; current taxes on income, wealth, etc.; adjustment for the change in pension entitlements",holdout,113,28,5,21672.5
GF0705,R&D Health,P2_D29_D5_D8,"Intermediate consumption; other taxes on production; current taxes on income, wealth, etc.; adjustment for the change in pension entitlements",train,645,28,26,69694.6
GF0705,R&D Health,P3,Final consumption expenditure,holdout,117,29,5,37394.4
GF0705,R&D Health,P3,Final consumption expenditure,train,672,29,26,132164.1
GF0705,R&D Health,P31,Individual consumption expenditure,holdout,77,19,5,0.0
GF0705,R&D Health,P31,Individual consumption expenditure,train,474,20,26,0.4
GF0705,R&D Health,P32,Collective consumption expenditure,holdout,105,26,5,29808.3
GF0705,R&D Health,P32,Collective consumption expenditure,train,614,26,26,111274.1
GF0705,R&D Health,P5,Gross capital formation,holdout,117,29,5,50032.5
GF0705,R&D Health,P5,Gross capital formation,train,672,29,26,170029.4
GF0705,R&D Health,P51G,Gross fixed capital formation,holdout,117,29,5,50042.0
GF0705,R&D Health,P51G,Gross fixed capital formation,train,672,29,26,170039.8
GF0705,R&D Health,TE,Total general government expenditure,holdout,117,29,5,115769.2
GF0705,R&D Health,TE,Total general government expenditure,train,672,29,26,390071.2
GF0706,Health n.e.c.,D1,Compensation of employees,holdout,121,30,5,87172.1
GF0706,Health n.e.c.,D1,Compensation of employees,train,698,30,26,318379.7
GF0706,Health n.e.c.,D29_D5_D8,"""Other taxes on production; current taxes on income, wealth, etc; adjustment for the change in pension entitlements""",holdout,113,28,5,797.7
GF0706,Health n.e.c.,D29_D5_D8,"""Other taxes on production; current taxes on income, wealth, etc; adjustment for the change in pension entitlements""",train,640,28,26,2715.1
GF0706,Health n.e.c.,D3,Subsidies,holdout,114,29,5,7931.3
GF0706,Health n.e.c.,D3,Subsidies,train,678,30,26,18784.1
GF0706,Health n.e.c.,D4,Property income,holdout,105,26,5,31.4
GF0706,Health n.e.c.,D4,Property income,train,611,26,26,24.2
GF0706,Health n.e.c.,D4_S1311,"Property income, of which payable to subsector S1311",holdout,4,1,4,0.0
GF0706,Health n.e.c.,D4_S1311,"Property income, of which payable to subsector S1311",train,20,1,20,0.0
GF0706,Health n.e.c.,D4_S1312,"Property income, of which payable to subsector S1312",holdout,4,1,4,0.0
GF0706,Health n.e.c.,D4_S1312,"Property income, of which payable to subsector S1312",train,20,1,20,0.0
GF0706,Health n.e.c.,D4_S1313,"Property income, of which payable to subsector S1313",holdout,4,1,4,0.0
GF0706,Health n.e.c.,D4_S1313,"Property income, of which payable to subsector S1313",train,20,1,20,0.0
GF0706,Health n.e.c.,D4_S1314,"Property income, of which payable to subsector S1314",holdout,4,1,4,0.0
GF0706,Health n.e.c.,D4_S1314,"Property income, of which payable to subsector S1314",train,20,1,20,0.0
GF0706,Health n.e.c.,D62,Social benefits other than social transfers in kind,holdout,113,28,5,629.7
GF0706,Health n.e.c.,D62,Social benefits other than social transfers in kind,train,620,28,26,5627.3
GF0706,Health n.e.c.,D62_D632,Social benefits other than social transfers in kind and social transfers in kind - purchased market production,holdout,113,28,5,681.1
GF0706,Health n.e.c.,D62_D632,Social benefits other than social transfers in kind and social transfers in kind - purchased market production,train,643,28,26,6614.0
GF0706,Health n.e.c.,D632,Social transfers in kind - purchased market production,holdout,105,26,5,51.4
GF0706,Health n.e.c.,D632,Social transfers in kind - purchased market production,train,589,27,26,6.3
GF0706,Health n.e.c.,D7,Other current transfers,holdout,121,30,5,13658.4
GF0706,Health n.e.c.,D7,Other current transfers,train,692,30,26,35285.0
GF0706,Health n.e.c.,D7_S1311,"Other current transfers,of which payable to subsector S1311",holdout,4,1,4,0.0
GF0706,Health n.e.c.,D7_S1311,"Other current transfers,of which payable to subsector S1311",train,20,1,20,0.0
GF0706,Health n.e.c.,D7_S1312,"Other current transfers,of which payable to subsector S1312",holdout,4,1,4,0.0
GF0706,Health n.e.c.,D7_S1312,"Other current transfers,of which payable to subsector S1312",train,20,1,20,0.0
GF0706,Health n.e.c.,D7_S1313,"Other current transfers,of which payable to subsector S1313",holdout,4,1,4,0.0
GF0706,Health n.e.c.,D7_S1313,"Other current transfers,of which payable to subsector S1313",train,20,1,20,0.0
GF0706,Health n.e.c.,D7_S1314,"Other current transfers,of which payable to subsector S1314",holdout,4,1,4,0.0
GF0706,Health n.e.c.,D7_S1314,"Other current transfers,of which payable to subsector S1314",train,20,1,20,0.0
GF0706,Health n.e.c.,D9,Capital transfers,holdout,121,30,5,2876.2
GF0706,Health n.e.c.,D9,Capital transfers,train,694,30,26,5059.8
GF0706,Health n.e.c.,D92,Investment grants,holdout,117,29,5,2570.5
GF0706,Health n.e.c.,D92,Investment grants,train,671,29,26,3280.7
GF0706,Health n.e.c.,D9_S1311,"Capital transfers, expenditure, of which to subsector central government (S1311)",holdout,4,1,4,0.0
GF0706,Health n.e.c.,D9_S1311,"Capital transfers, expenditure, of which to subsector central government (S1311)",train,20,1,20,0.0
GF0706,Health n.e.c.,D9_S1312,"Capital transfers, expenditure, of which to subsector state government (S1312)",holdout,4,1,4,0.0
GF0706,Health n.e.c.,D9_S1312,"Capital transfers, expenditure, of which to subsector state government (S1312)",train,20,1,20,0.0
GF0706,Health n.e.c.,D9_S1313,"Capital transfers, expenditure, of which to subsector local government (S1313)",holdout,4,1,4,0.0
GF0706,Health n.e.c.,D9_S1313,"Capital transfers, expenditure, of which to subsector local government (S1313)",train,20,1,20,0.0
GF0706,Health n.e.c.,D9_S1314,"Capital transfers, expenditure, of which to subsector social security funds (S1314)",holdout,4,1,4,0.0
GF0706,Health n.e.c.,D9_S1314,"Capital transfers, expenditure, of which to subsector social security funds (S1314)",train,20,1,20,0.0
GF0706,Health n.e.c.,NP,Acquisitions less disposals of non-financial non-produced assets,holdout,112,29,5,30.3
GF0706,Health n.e.c.,NP,Acquisitions less disposals of non-financial non-produced assets,train,642,28,26,350.1
GF0706,Health n.e.c.,OP5ANP,Gross capital formation and acquisitions less disposals of non-financial non-produced assets,holdout,121,30,5,8049.8
GF0706,Health n.e.c.,OP5ANP,Gross capital formation and acquisitions less disposals of non-financial non-produced assets,train,698,30,26,35234.1
GF0706,Health n.e.c.,P2,Intermediate consumption,holdout,121,30,5,73275.0
GF0706,Health n.e.c.,P2,Intermediate consumption,train,698,30,26,133332.1
GF0706,Health n.e.c.,P2_D29_D5_D8,"Intermediate consumption; other taxes on production; current taxes on income, wealth, etc.; adjustment for the change in pension entitlements",holdout,117,29,5,70547.4
GF0706,Health n.e.c.,P2_D29_D5_D8,"Intermediate consumption; other taxes on production; current taxes on income, wealth, etc.; adjustment for the change in pension entitlements",train,672,29,26,129322.8
GF0706,Health n.e.c.,P3,Final consumption expenditure,holdout,121,30,5,155900.6
GF0706,Health n.e.c.,P3,Final consumption expenditure,train,698,30,26,442402.9
GF0706,Health n.e.c.,P31,Individual consumption expenditure,holdout,77,19,5,0.0
GF0706,Health n.e.c.,P31,Individual consumption expenditure,train,474,20,26,0.0
GF0706,Health n.e.c.,P32,Collective consumption expenditure,holdout,109,27,5,46893.3
GF0706,Health n.e.c.,P32,Collective consumption expenditure,train,640,27,26,168859.5
GF0706,Health n.e.c.,P5,Gross capital formation,holdout,121,30,5,8024.6
GF0706,Health n.e.c.,P5,Gross capital formation,train,698,30,26,35125.0
GF0706,Health n.e.c.,P51G,Gross fixed capital formation,holdout,121,30,5,7963.2
GF0706,Health n.e.c.,P51G,Gross fixed capital formation,train,698,30,26,34939.5
GF0706,Health n.e.c.,TE,Total general government expenditure,holdout,121,30,5,194473.5
GF0706,Health n.e.c.,TE,Total general government expenditure,train,698,30,26,554936.6
GF08,"Recreation, culture and religion",D1,Compensation of employees,holdout,121,30,5,244843.4
GF08,"Recreation, culture and religion",D1,Compensation of employees,train,767,30,31,1004849.5
GF08,"Recreation, culture and religion",D29_D5_D8,"""Other taxes on production; current taxes on income, wealth, etc; adjustment for the change in pension entitlements""",holdout,113,28,5,5433.6
GF08,"Recreation, culture and religion",D29_D5_D8,"""Other taxes on production; current taxes on income, wealth, etc; adjustment for the change in pension entitlements""",train,702,28,31,23178.0
GF08,"Recreation, culture and religion",D3,Subsidies,holdout,117,29,5,31060.3
GF08,"Recreation, culture and religion",D3,Subsidies,train,753,30,31,136355.7
GF08,"Recreation, culture and religion",D4,Property income,holdout,113,28,5,191.6
GF08,"Recreation, culture and religion",D4,Property income,train,697,28,26,739.4
GF08,"Recreation, culture and religion",D4_S1311,"Property income, of which payable to subsector S1311",holdout,4,1,4,0.0
GF08,"Recreation, culture and religion",D4_S1311,"Property income, of which payable to subsector S1311",train,20,1,20,0.0
GF08,"Recreation, culture and religion",D4_S1312,"Property income, of which payable to subsector S1312",holdout,4,1,4,0.0
GF08,"Recreation, culture and religion",D4_S1312,"Property income, of which payable to subsector S1312",train,20,1,20,0.0
GF08,"Recreation, culture and religion",D4_S1313,"Property income, of which payable to subsector S1313",holdout,4,1,4,0.0
GF08,"Recreation, culture and religion",D4_S1313,"Property income, of which payable to subsector S1313",train,20,1,20,0.0
GF08,"Recreation, culture and religion",D4_S1314,"Property income, of which payable to subsector S1314",holdout,4,1,4,0.0
GF08,"Recreation, culture and religion",D4_S1314,"Property income, of which payable to subsector S1314",train,20,1,20,0.0
GF08,"Recreation, culture and religion",D62,Social benefits other than social transfers in kind,holdout,117,29,5,1338.9
GF08,"Recreation, culture and religion",D62,Social benefits other than social transfers in kind,train,709,30,31,4657.7
GF08,"Recreation, culture and religion",D62_D632,Social benefits other than social transfers in kind and social transfers in kind - purchased market production,holdout,117,29,5,2302.1
GF08,"Recreation, culture and religion",D62_D632,Social benefits other than social transfers in kind and social transfers in kind - purchased market production,train,753,30,31,6263.3
GF08,"Recreation, culture and religion",D632,Social transfers in kind - purchased market production,holdout,117,29,5,963.0
GF08,"Recreation, culture and religion",D632,Social transfers in kind - purchased market production,train,668,29,26,1562.0
GF08,"Recreation, culture and religion",D7,Other current transfers,holdout,121,30,5,107734.8
GF08,"Recreation, culture and religion",D7,Other current transfers,train,764,30,31,418421.4
GF08,"Recreation, culture and religion",D7_S1311,"Other current transfers,of which payable to subsector S1311",holdout,4,1,4,0.0
GF08,"Recreation, culture and religion",D7_S1311,"Other current transfers,of which payable to subsector S1311",train,20,1,20,0.0
GF08,"Recreation, culture and religion",D7_S1312,"Other current transfers,of which payable to subsector S1312",holdout,4,1,4,0.0
GF08,"Recreation, culture and religion",D7_S1312,"Other current transfers,of which payable to subsector S1312",train,20,1,20,0.0
GF08,"Recreation, culture and religion",D7_S1313,"Other current transfers,of which payable to subsector S1313",holdout,4,1,4,0.0
GF08,"Recreation, culture and religion",D7_S1313,"Other current transfers,of which payable to subsector S1313",train,20,1,20,0.0
GF08,"Recreation, culture and religion",D7_S1314,"Other current transfers,of which payable to subsector S1314",holdout,4,1,4,0.0
GF08,"Recreation, culture and religion",D7_S1314,"Other current transfers,of which payable to subsector S1314",train,20,1,20,0.0
GF08,"Recreation, culture and religion",D9,Capital transfers,holdout,121,30,5,27875.9
GF08,"Recreation, culture and religion",D9,Capital transfers,train,757,30,31,92050.9
GF08,"Recreation, culture and religion",D92,Investment grants,holdout,121,30,5,25240.0
GF08,"Recreation, culture and religion",D92,Investment grants,train,743,30,31,80893.6
GF08,"Recreation, culture and religion",D9_S1311,"Capital transfers, expenditure, of which to subsector central government (S1311)",holdout,4,1,4,0.0
GF08,"Recreation, culture and religion",D9_S1311,"Capital transfers, expenditure, of which to subsector central government (S1311)",train,20,1,20,0.0
GF08,"Recreation, culture and religion",D9_S1312,"Capital transfers, expenditure, of which to subsector state government (S1312)",holdout,4,1,4,0.0
GF08,"Recreation, culture and religion",D9_S1312,"Capital transfers, expenditure, of which to subsector state government (S1312)",train,20,1,20,0.0
GF08,"Recreation, culture and religion",D9_S1313,"Capital transfers, expenditure, of which to subsector local government (S1313)",holdout,4,1,4,0.0
GF08,"Recreation, culture and religion",D9_S1313,"Capital transfers, expenditure, of which to subsector local government (S1313)",train,20,1,20,0.0
GF08,"Recreation, culture and religion",D9_S1314,"Capital transfers, expenditure, of which to subsector social security funds (S1314)",holdout,4,1,4,0.0
GF08,"Recreation, culture and religion",D9_S1314,"Capital transfers, expenditure, of which to subsector social security funds (S1314)",train,20,1,20,0.0
GF08,"Recreation, culture and religion",NP,Acquisitions less disposals of non-financial non-produced assets,holdout,117,29,5,2954.2
GF08,"Recreation, culture and religion",NP,Acquisitions less disposals of non-financial non-produced assets,train,736,29,31,11880.0
GF08,"Recreation, culture and religion",OP5ANP,Gross capital formation and acquisitions less disposals of non-financial non-produced assets,holdout,121,30,5,145203.2
GF08,"Recreation, culture and religion",OP5ANP,Gross capital formation and acquisitions less disposals of non-financial non-produced assets,train,767,30,31,596783.9
GF08,"Recreation, culture and religion",P2,Intermediate consumption,holdout,121,30,5,272050.7
GF08,"Recreation, culture and religion",P2,Intermediate consumption,train,767,30,31,1087148.9
GF08,"Recreation, culture and religion",P2_D29_D5_D8,"Intermediate consumption; other taxes on production; current taxes on income, wealth, etc.; adjustment for the change in pension entitlements",holdout,117,29,5,269961.7
GF08,"Recreation, culture and religion",P2_D29_D5_D8,"Intermediate consumption; other taxes on production; current taxes on income, wealth, etc.; adjustment for the change in pension entitlements",train,741,29,31,1078086.1
GF08,"Recreation, culture and religion",P3,Final consumption expenditure,holdout,121,30,5,511672.7
GF08,"Recreation, culture and religion",P3,Final consumption expenditure,train,767,30,31,2002030.1
GF08,"Recreation, culture and religion",P31,Individual consumption expenditure,holdout,109,27,5,291703.1
GF08,"Recreation, culture and religion",P31,Individual consumption expenditure,train,692,27,31,1101921.9
GF08,"Recreation, culture and religion",P32,Collective consumption expenditure,holdout,109,27,5,89330.3
GF08,"Recreation, culture and religion",P32,Collective consumption expenditure,train,681,27,26,333393.5
GF08,"Recreation, culture and religion",P5,Gross capital formation,holdout,121,30,5,144563.1
GF08,"Recreation, culture and religion",P5,Gross capital formation,train,767,30,31,591588.9
GF08,"Recreation, culture and religion",P51G,Gross fixed capital formation,holdout,121,30,5,143791.4
GF08,"Recreation, culture and religion",P51G,Gross fixed capital formation,train,767,30,31,580746.9
GF08,"Recreation, culture and religion",TE,Total general government expenditure,holdout,121,30,5,836694.3
GF08,"Recreation, culture and religion",TE,Total general government expenditure,train,767,30,31,3365755.6
GF0801,Recreational and sporting services,D1,Compensation of employees,holdout,121,30,5,61010.4
GF0801,Recreational and sporting services,D1,Compensation of employees,train,698,30,26,231969.6
GF0801,Recreational and sporting services,D29_D5_D8,"""Other taxes on production; current taxes on income, wealth, etc; adjustment for the change in pension entitlements""",holdout,113,28,5,1367.0
GF0801,Recreational and sporting services,D29_D5_D8,"""Other taxes on production; current taxes on income, wealth, etc; adjustment for the change in pension entitlements""",train,642,28,26,4989.8
GF0801,Recreational and sporting services,D3,Subsidies,holdout,117,29,5,5108.4
GF0801,Recreational and sporting services,D3,Subsidies,train,685,30,26,19627.6
GF0801,Recreational and sporting services,D4,Property income,holdout,113,28,5,55.8
GF0801,Recreational and sporting services,D4,Property income,train,649,28,26,250.0
GF0801,Recreational and sporting services,D4_S1311,"Property income, of which payable to subsector S1311",holdout,4,1,4,0.0
GF0801,Recreational and sporting services,D4_S1311,"Property income, of which payable to subsector S1311",train,20,1,20,0.0
GF0801,Recreational and sporting services,D4_S1312,"Property income, of which payable to subsector S1312",holdout,4,1,4,0.0
GF0801,Recreational and sporting services,D4_S1312,"Property income, of which payable to subsector S1312",train,20,1,20,0.0
GF0801,Recreational and sporting services,D4_S1313,"Property income, of which payable to subsector S1313",holdout,4,1,4,0.0
GF0801,Recreational and sporting services,D4_S1313,"Property income, of which payable to subsector S1313",train,20,1,20,0.0
GF0801,Recreational and sporting services,D4_S1314,"Property income, of which payable to subsector S1314",holdout,4,1,4,0.0
GF0801,Recreational and sporting services,D4_S1314,"Property income, of which payable to subsector S1314",train,20,1,20,0.0
GF0801,Recreational and sporting services,D62,Social benefits other than social transfers in kind,holdout,117,29,5,289.5
GF0801,Recreational and sporting services,D62,Social benefits other than social transfers in kind,train,648,30,26,903.1
GF0801,Recreational and sporting services,D62_D632,Social benefits other than social transfers in kind and social transfers in kind - purchased market production,holdout,117,29,5,556.1
GF0801,Recreational and sporting services,D62_D632,Social benefits other than social transfers in kind and social transfers in kind - purchased market production,train,680,30,26,1847.2
GF0801,Recreational and sporting services,D632,Social transfers in kind - purchased market production,holdout,113,28,5,266.6
GF0801,Recreational and sporting services,D632,Social transfers in kind - purchased market production,train,633,29,26,935.7
GF0801,Recreational and sporting services,D7,Other current transfers,holdout,121,30,5,38145.4
GF0801,Recreational and sporting services,D7,Other current transfers,train,691,30,26,129204.3
GF0801,Recreational and sporting services,D7_S1311,"Other current transfers,of which payable to subsector S1311",holdout,4,1,4,0.0
GF0801,Recreational and sporting services,D7_S1311,"Other current transfers,of which payable to subsector S1311",train,20,1,20,0.0
GF0801,Recreational and sporting services,D7_S1312,"Other current transfers,of which payable to subsector S1312",holdout,4,1,4,0.0
GF0801,Recreational and sporting services,D7_S1312,"Other current transfers,of which payable to subsector S1312",train,20,1,20,0.0
GF0801,Recreational and sporting services,D7_S1313,"Other current transfers,of which payable to subsector S1313",holdout,4,1,4,0.0
GF0801,Recreational and sporting services,D7_S1313,"Other current transfers,of which payable to subsector S1313",train,20,1,20,0.0
GF0801,Recreational and sporting services,D7_S1314,"Other current transfers,of which payable to subsector S1314",holdout,4,1,4,0.0
GF0801,Recreational and sporting services,D7_S1314,"Other current transfers,of which payable to subsector S1314",train,20,1,20,0.0
GF0801,Recreational and sporting services,D9,Capital transfers,holdout,121,30,5,7830.5
GF0801,Recreational and sporting services,D9,Capital transfers,train,688,30,26,23453.8
GF0801,Recreational and sporting services,D92,Investment grants,holdout,119,30,5,7095.5
GF0801,Recreational and sporting services,D92,Investment grants,train,677,30,26,21065.2
GF0801,Recreational and sporting services,D9_S1311,"Capital transfers, expenditure, of which to subsector central government (S1311)",holdout,4,1,4,0.0
GF0801,Recreational and sporting services,D9_S1311,"Capital transfers, expenditure, of which to subsector central government (S1311)",train,20,1,20,0.0
GF0801,Recreational and sporting services,D9_S1312,"Capital transfers, expenditure, of which to subsector state government (S1312)",holdout,4,1,4,0.0
GF0801,Recreational and sporting services,D9_S1312,"Capital transfers, expenditure, of which to subsector state government (S1312)",train,20,1,20,0.0
GF0801,Recreational and sporting services,D9_S1313,"Capital transfers, expenditure, of which to subsector local government (S1313)",holdout,4,1,4,0.0
GF0801,Recreational and sporting services,D9_S1313,"Capital transfers, expenditure, of which to subsector local government (S1313)",train,20,1,20,0.0
GF0801,Recreational and sporting services,D9_S1314,"Capital transfers, expenditure, of which to subsector social security funds (S1314)",holdout,4,1,4,0.0
GF0801,Recreational and sporting services,D9_S1314,"Capital transfers, expenditure, of which to subsector social security funds (S1314)",train,20,1,20,0.0
GF0801,Recreational and sporting services,NP,Acquisitions less disposals of non-financial non-produced assets,holdout,114,29,5,2408.2
GF0801,Recreational and sporting services,NP,Acquisitions less disposals of non-financial non-produced assets,train,671,29,26,8396.2
GF0801,Recreational and sporting services,OP5ANP,Gross capital formation and acquisitions less disposals of non-financial non-produced assets,holdout,121,30,5,70936.0
GF0801,Recreational and sporting services,OP5ANP,Gross capital formation and acquisitions less disposals of non-financial non-produced assets,train,698,30,26,252853.2
GF0801,Recreational and sporting services,P2,Intermediate consumption,holdout,121,30,5,91657.8
GF0801,Recreational and sporting services,P2,Intermediate consumption,train,698,30,26,312112.9
GF0801,Recreational and sporting services,P2_D29_D5_D8,"Intermediate consumption; other taxes on production; current taxes on income, wealth, etc.; adjustment for the change in pension entitlements",holdout,117,29,5,91307.2
GF0801,Recreational and sporting services,P2_D29_D5_D8,"Intermediate consumption; other taxes on production; current taxes on income, wealth, etc.; adjustment for the change in pension entitlements",train,672,29,26,308935.9
GF0801,Recreational and sporting services,P3,Final consumption expenditure,holdout,121,30,5,157400.9
GF0801,Recreational and sporting services,P3,Final consumption expenditure,train,698,30,26,545240.4
GF0801,Recreational and sporting services,P31,Individual consumption expenditure,holdout,109,27,5,127625.7
GF0801,Recreational and sporting services,P31,Individual consumption expenditure,train,640,27,26,434761.3
GF0801,Recreational and sporting services,P32,Collective consumption expenditure,holdout,79,20,5,0.0
GF0801,Recreational and sporting services,P32,Collective consumption expenditure,train,481,20,26,0.0
GF0801,Recreational and sporting services,P5,Gross capital formation,holdout,121,30,5,70809.1
GF0801,Recreational and sporting services,P5,Gross capital formation,train,698,30,26,250053.1
GF0801,Recreational and sporting services,P51G,Gross fixed capital formation,holdout,121,30,5,70851.1
GF0801,Recreational and sporting services,P51G,Gross fixed capital formation,train,698,30,26,249747.4
GF0801,Recreational and sporting services,TE,Total general government expenditure,holdout,121,30,5,276665.8
GF0801,Recreational and sporting services,TE,Total general government expenditure,train,698,30,26,976297.3
GF0802,Cultural services,D1,Compensation of employees,holdout,121,30,5,119602.9
GF0802,Cultural services,D1,Compensation of employees,train,698,30,26,448386.6
GF0802,Cultural services,D29_D5_D8,"""Other taxes on production; current taxes on income, wealth, etc; adjustment for the change in pension entitlements""",holdout,113,28,5,2445.2
GF0802,Cultural services,D29_D5_D8,"""Other taxes on production; current taxes on income, wealth, etc; adjustment for the change in pension entitlements""",train,644,28,26,9551.0
GF0802,Cultural services,D3,Subsidies,holdout,117,29,5,19194.5
GF0802,Cultural services,D3,Subsidies,train,687,30,26,69182.1
GF0802,Cultural services,D4,Property income,holdout,113,28,5,83.6
GF0802,Cultural services,D4,Property income,train,646,28,26,349.6
GF0802,Cultural services,D4_S1311,"Property income, of which payable to subsector S1311",holdout,4,1,4,0.0
GF0802,Cultural services,D4_S1311,"Property income, of which payable to subsector S1311",train,20,1,20,0.0
GF0802,Cultural services,D4_S1312,"Property income, of which payable to subsector S1312",holdout,4,1,4,0.0
GF0802,Cultural services,D4_S1312,"Property income, of which payable to subsector S1312",train,20,1,20,0.0
GF0802,Cultural services,D4_S1313,"Property income, of which payable to subsector S1313",holdout,4,1,4,0.0
GF0802,Cultural services,D4_S1313,"Property income, of which payable to subsector S1313",train,20,1,20,0.0
GF0802,Cultural services,D4_S1314,"Property income, of which payable to subsector S1314",holdout,4,1,4,0.0
GF0802,Cultural services,D4_S1314,"Property income, of which payable to subsector S1314",train,20,1,20,0.0
GF0802,Cultural services,D62,Social benefits other than social transfers in kind,holdout,117,29,5,805.5
GF0802,Cultural services,D62,Social benefits other than social transfers in kind,train,648,29,26,3308.8
GF0802,Cultural services,D62_D632,Social benefits other than social transfers in kind and social transfers in kind - purchased market production,holdout,117,29,5,1502.1
GF0802,Cultural services,D62_D632,Social benefits other than social transfers in kind and social transfers in kind - purchased market production,train,675,29,26,3928.4
GF0802,Cultural services,D632,Social transfers in kind - purchased market production,holdout,117,29,5,696.6
GF0802,Cultural services,D632,Social transfers in kind - purchased market production,train,628,29,26,593.7
GF0802,Cultural services,D7,Other current transfers,holdout,121,30,5,39809.4
GF0802,Cultural services,D7,Other current transfers,train,694,30,26,133727.7
GF0802,Cultural services,D7_S1311,"Other current transfers,of which payable to subsector S1311",holdout,4,1,4,0.0
GF0802,Cultural services,D7_S1311,"Other current transfers,of which payable to subsector S1311",train,20,1,20,0.0
GF0802,Cultural services,D7_S1312,"Other current transfers,of which payable to subsector S1312",holdout,4,1,4,0.0
GF0802,Cultural services,D7_S1312,"Other current transfers,of which payable to subsector S1312",train,20,1,20,0.0
GF0802,Cultural services,D7_S1313,"Other current transfers,of which payable to subsector S1313",holdout,4,1,4,0.0
GF0802,Cultural services,D7_S1313,"Other current transfers,of which payable to subsector S1313",train,20,1,20,0.0
GF0802,Cultural services,D7_S1314,"Other current transfers,of which payable to subsector S1314",holdout,4,1,4,0.0
GF0802,Cultural services,D7_S1314,"Other current transfers,of which payable to subsector S1314",train,20,1,20,0.0
GF0802,Cultural services,D9,Capital transfers,holdout,121,30,5,16097.8
GF0802,Cultural services,D9,Capital transfers,train,697,30,26,48675.5
GF0802,Cultural services,D92,Investment grants,holdout,121,30,5,15238.8
GF0802,Cultural services,D92,Investment grants,train,682,30,26,42799.2
GF0802,Cultural services,D9_S1311,"Capital transfers, expenditure, of which to subsector central government (S1311)",holdout,4,1,4,0.0
GF0802,Cultural services,D9_S1311,"Capital transfers, expenditure, of which to subsector central government (S1311)",train,20,1,20,0.0
GF0802,Cultural services,D9_S1312,"Capital transfers, expenditure, of which to subsector state government (S1312)",holdout,4,1,4,0.0
GF0802,Cultural services,D9_S1312,"Capital transfers, expenditure, of which to subsector state government (S1312)",train,20,1,20,0.0
GF0802,Cultural services,D9_S1313,"Capital transfers, expenditure, of which to subsector local government (S1313)",holdout,4,1,4,0.0
GF0802,Cultural services,D9_S1313,"Capital transfers, expenditure, of which to subsector local government (S1313)",train,20,1,20,0.0
GF0802,Cultural services,D9_S1314,"Capital transfers, expenditure, of which to subsector social security funds (S1314)",holdout,4,1,4,0.0
GF0802,Cultural services,D9_S1314,"Capital transfers, expenditure, of which to subsector social security funds (S1314)",train,20,1,20,0.0
GF0802,Cultural services,NP,Acquisitions less disposals of non-financial non-produced assets,holdout,117,29,5,568.6
GF0802,Cultural services,NP,Acquisitions less disposals of non-financial non-produced assets,train,670,29,26,2532.4
GF0802,Cultural services,OP5ANP,Gross capital formation and acquisitions less disposals of non-financial non-produced assets,holdout,121,30,5,47480.8
GF0802,Cultural services,OP5ANP,Gross capital formation and acquisitions less disposals of non-financial non-produced assets,train,698,30,26,202086.9
GF0802,Cultural services,P2,Intermediate consumption,holdout,121,30,5,92721.5
GF0802,Cultural services,P2,Intermediate consumption,train,698,30,26,338391.7
GF0802,Cultural services,P2_D29_D5_D8,"Intermediate consumption; other taxes on production; current taxes on income, wealth, etc.; adjustment for the change in pension entitlements",holdout,117,29,5,92221.8
GF0802,Cultural services,P2_D29_D5_D8,"Intermediate consumption; other taxes on production; current taxes on income, wealth, etc.; adjustment for the change in pension entitlements",train,672,29,26,335268.6
GF0802,Cultural services,P3,Final consumption expenditure,holdout,121,30,5,213006.3
GF0802,Cultural services,P3,Final consumption expenditure,train,698,30,26,781810.8
GF0802,Cultural services,P31,Individual consumption expenditure,holdout,109,27,5,164077.1
GF0802,Cultural services,P31,Individual consumption expenditure,train,640,27,26,609998.8
GF0802,Cultural services,P32,Collective consumption expenditure,holdout,79,20,5,0.0
GF0802,Cultural services,P32,Collective consumption expenditure,train,481,20,26,0.0
GF0802,Cultural services,P5,Gross capital formation,holdout,121,30,5,47026.6
GF0802,Cultural services,P5,Gross capital formation,train,698,30,26,200490.6
GF0802,Cultural services,P51G,Gross fixed capital formation,holdout,121,30,5,46250.7
GF0802,Cultural services,P51G,Gross fixed capital formation,train,698,30,26,190073.6
GF0802,Cultural services,TE,Total general government expenditure,holdout,121,30,5,338938.1
GF0802,Cultural services,TE,Total general government expenditure,train,698,30,26,1254001.1
GF0803,Broadcasting and publishing services,D1,Compensation of employees,holdout,121,30,5,45331.3
GF0803,Broadcasting and publishing services,D1,Compensation of employees,train,698,30,26,178858.8
GF0803,Broadcasting and publishing services,D29_D5_D8,"""Other taxes on production; current taxes on income, wealth, etc; adjustment for the change in pension entitlements""",holdout,113,28,5,1528.2
GF0803,Broadcasting and publishing services,D29_D5_D8,"""Other taxes on production; current taxes on income, wealth, etc; adjustment for the change in pension entitlements""",train,642,28,26,5592.6
GF0803,Broadcasting and publishing services,D3,Subsidies,holdout,113,28,5,5657.3
GF0803,Broadcasting and publishing services,D3,Subsidies,train,660,30,26,28287.5
GF0803,Broadcasting and publishing services,D4,Property income,holdout,109,27,5,47.0
GF0803,Broadcasting and publishing services,D4,Property income,train,631,27,26,54.1
GF0803,Broadcasting and publishing services,D4_S1311,"Property income, of which payable to subsector S1311",holdout,4,1,4,0.0
GF0803,Broadcasting and publishing services,D4_S1311,"Property income, of which payable to subsector S1311",train,20,1,20,0.0
GF0803,Broadcasting and publishing services,D4_S1312,"Property income, of which payable to subsector S1312",holdout,4,1,4,0.0
GF0803,Broadcasting and publishing services,D4_S1312,"Property income, of which payable to subsector S1312",train,20,1,20,0.0
GF0803,Broadcasting and publishing services,D4_S1313,"Property income, of which payable to subsector S1313",holdout,4,1,4,0.0
GF0803,Broadcasting and publishing services,D4_S1313,"Property income, of which payable to subsector S1313",train,20,1,20,0.0
GF0803,Broadcasting and publishing services,D4_S1314,"Property income, of which payable to subsector S1314",holdout,4,1,4,0.0
GF0803,Broadcasting and publishing services,D4_S1314,"Property income, of which payable to subsector S1314",train,20,1,20,0.0
GF0803,Broadcasting and publishing services,D62,Social benefits other than social transfers in kind,holdout,109,27,5,16.1
GF0803,Broadcasting and publishing services,D62,Social benefits other than social transfers in kind,train,596,27,26,15.0
GF0803,Broadcasting and publishing services,D62_D632,Social benefits other than social transfers in kind and social transfers in kind - purchased market production,holdout,109,27,5,16.1
GF0803,Broadcasting and publishing services,D62_D632,Social benefits other than social transfers in kind and social transfers in kind - purchased market production,train,619,27,26,15.0
GF0803,Broadcasting and publishing services,D632,Social transfers in kind - purchased market production,holdout,105,26,5,0.0
GF0803,Broadcasting and publishing services,D632,Social transfers in kind - purchased market production,train,589,27,26,0.0
GF0803,Broadcasting and publishing services,D7,Other current transfers,holdout,121,30,5,3611.2
GF0803,Broadcasting and publishing services,D7,Other current transfers,train,692,30,26,27969.9
GF0803,Broadcasting and publishing services,D7_S1311,"Other current transfers,of which payable to subsector S1311",holdout,4,1,4,0.0
GF0803,Broadcasting and publishing services,D7_S1311,"Other current transfers,of which payable to subsector S1311",train,20,1,20,0.0
GF0803,Broadcasting and publishing services,D7_S1312,"Other current transfers,of which payable to subsector S1312",holdout,4,1,4,0.0
GF0803,Broadcasting and publishing services,D7_S1312,"Other current transfers,of which payable to subsector S1312",train,20,1,20,0.0
GF0803,Broadcasting and publishing services,D7_S1313,"Other current transfers,of which payable to subsector S1313",holdout,4,1,4,0.0
GF0803,Broadcasting and publishing services,D7_S1313,"Other current transfers,of which payable to subsector S1313",train,20,1,20,0.0
GF0803,Broadcasting and publishing services,D7_S1314,"Other current transfers,of which payable to subsector S1314",holdout,4,1,4,0.0
GF0803,Broadcasting and publishing services,D7_S1314,"Other current transfers,of which payable to subsector S1314",train,20,1,20,0.0
GF0803,Broadcasting and publishing services,D9,Capital transfers,holdout,113,28,5,1377.1
GF0803,Broadcasting and publishing services,D9,Capital transfers,train,660,29,26,5605.4
GF0803,Broadcasting and publishing services,D92,Investment grants,holdout,113,28,5,477.2
GF0803,Broadcasting and publishing services,D92,Investment grants,train,659,29,26,2930.2
GF0803,Broadcasting and publishing services,D9_S1311,"Capital transfers, expenditure, of which to subsector central government (S1311)",holdout,4,1,4,0.0
GF0803,Broadcasting and publishing services,D9_S1311,"Capital transfers, expenditure, of which to subsector central government (S1311)",train,20,1,20,0.0
GF0803,Broadcasting and publishing services,D9_S1312,"Capital transfers, expenditure, of which to subsector state government (S1312)",holdout,4,1,4,0.0
GF0803,Broadcasting and publishing services,D9_S1312,"Capital transfers, expenditure, of which to subsector state government (S1312)",train,20,1,20,0.0
GF0803,Broadcasting and publishing services,D9_S1313,"Capital transfers, expenditure, of which to subsector local government (S1313)",holdout,4,1,4,0.0
GF0803,Broadcasting and publishing services,D9_S1313,"Capital transfers, expenditure, of which to subsector local government (S1313)",train,20,1,20,0.0
GF0803,Broadcasting and publishing services,D9_S1314,"Capital transfers, expenditure, of which to subsector social security funds (S1314)",holdout,4,1,4,0.0
GF0803,Broadcasting and publishing services,D9_S1314,"Capital transfers, expenditure, of which to subsector social security funds (S1314)",train,20,1,20,0.0
GF0803,Broadcasting and publishing services,NP,Acquisitions less disposals of non-financial non-produced assets,holdout,110,28,5,62.8
GF0803,Broadcasting and publishing services,NP,Acquisitions less disposals of non-financial non-produced assets,train,648,28,26,691.3
GF0803,Broadcasting and publishing services,OP5ANP,Gross capital formation and acquisitions less disposals of non-financial non-produced assets,holdout,121,30,5,15050.4
GF0803,Broadcasting and publishing services,OP5ANP,Gross capital formation and acquisitions less disposals of non-financial non-produced assets,train,696,30,26,62599.7
GF0803,Broadcasting and publishing services,P2,Intermediate consumption,holdout,121,30,5,73634.4
GF0803,Broadcasting and publishing services,P2,Intermediate consumption,train,698,30,26,309997.4
GF0803,Broadcasting and publishing services,P2_D29_D5_D8,"Intermediate consumption; other taxes on production; current taxes on income, wealth, etc.; adjustment for the change in pension entitlements",holdout,117,29,5,73998.9
GF0803,Broadcasting and publishing services,P2_D29_D5_D8,"Intermediate consumption; other taxes on production; current taxes on income, wealth, etc.; adjustment for the change in pension entitlements",train,672,29,26,312314.4
GF0803,Broadcasting and publishing services,P3,Final consumption expenditure,holdout,121,30,5,107730.9
GF0803,Broadcasting and publishing services,P3,Final consumption expenditure,train,682,30,26,417604.6
GF0803,Broadcasting and publishing services,P31,Individual consumption expenditure,holdout,79,20,5,0.0
GF0803,Broadcasting and publishing services,P31,Individual consumption expenditure,train,481,20,26,0.0
GF0803,Broadcasting and publishing services,P32,Collective consumption expenditure,holdout,109,27,5,68626.9
GF0803,Broadcasting and publishing services,P32,Collective consumption expenditure,train,623,27,26,250018.2
GF0803,Broadcasting and publishing services,P5,Gross capital formation,holdout,121,30,5,15001.0
GF0803,Broadcasting and publishing services,P5,Gross capital formation,train,696,30,26,62140.4
GF0803,Broadcasting and publishing services,P51G,Gross fixed capital formation,holdout,121,30,5,14930.6
GF0803,Broadcasting and publishing services,P51G,Gross fixed capital formation,train,697,30,26,62504.3
GF0803,Broadcasting and publishing services,TE,Total general government expenditure,holdout,121,30,5,146073.3
GF0803,Broadcasting and publishing services,TE,Total general government expenditure,train,698,30,26,618162.2
GF0804,Religious and other community services,D1,Compensation of employees,holdout,121,30,5,8695.7
GF0804,Religious and other community services,D1,Compensation of employees,train,694,30,26,37009.1
GF0804,Religious and other community services,D29_D5_D8,"""Other taxes on production; current taxes on income, wealth, etc; adjustment for the change in pension entitlements""",holdout,110,28,5,44.8
GF0804,Religious and other community services,D29_D5_D8,"""Other taxes on production; current taxes on income, wealth, etc; adjustment for the change in pension entitlements""",train,631,27,26,168.2
GF0804,Religious and other community services,D3,Subsidies,holdout,117,29,5,401.4
GF0804,Religious and other community services,D3,Subsidies,train,670,30,26,2689.4
GF0804,Religious and other community services,D4,Property income,holdout,109,27,5,3.5
GF0804,Religious and other community services,D4,Property income,train,631,27,26,28.9
GF0804,Religious and other community services,D4_S1311,"Property income, of which payable to subsector S1311",holdout,4,1,4,0.0
GF0804,Religious and other community services,D4_S1311,"Property income, of which payable to subsector S1311",train,20,1,20,0.0
GF0804,Religious and other community services,D4_S1312,"Property income, of which payable to subsector S1312",holdout,4,1,4,0.0
GF0804,Religious and other community services,D4_S1312,"Property income, of which payable to subsector S1312",train,20,1,20,0.0
GF0804,Religious and other community services,D4_S1313,"Property income, of which payable to subsector S1313",holdout,4,1,4,0.0
GF0804,Religious and other community services,D4_S1313,"Property income, of which payable to subsector S1313",train,20,1,20,0.0
GF0804,Religious and other community services,D4_S1314,"Property income, of which payable to subsector S1314",holdout,4,1,4,0.0
GF0804,Religious and other community services,D4_S1314,"Property income, of which payable to subsector S1314",train,20,1,20,0.0
GF0804,Religious and other community services,D62,Social benefits other than social transfers in kind,holdout,109,27,5,220.4
GF0804,Religious and other community services,D62,Social benefits other than social transfers in kind,train,603,28,26,341.5
GF0804,Religious and other community services,D62_D632,Social benefits other than social transfers in kind and social transfers in kind - purchased market production,holdout,109,27,5,220.4
GF0804,Religious and other community services,D62_D632,Social benefits other than social transfers in kind and social transfers in kind - purchased market production,train,626,28,26,342.2
GF0804,Religious and other community services,D632,Social transfers in kind - purchased market production,holdout,105,26,5,0.0
GF0804,Religious and other community services,D632,Social transfers in kind - purchased market production,train,588,26,26,0.0
GF0804,Religious and other community services,D7,Other current transfers,holdout,121,30,5,22470.6
GF0804,Religious and other community services,D7,Other current transfers,train,690,30,26,92176.4
GF0804,Religious and other community services,D7_S1311,"Other current transfers,of which payable to subsector S1311",holdout,4,1,4,0.0
GF0804,Religious and other community services,D7_S1311,"Other current transfers,of which payable to subsector S1311",train,20,1,20,0.0
GF0804,Religious and other community services,D7_S1312,"Other current transfers,of which payable to subsector S1312",holdout,4,1,4,0.0
GF0804,Religious and other community services,D7_S1312,"Other current transfers,of which payable to subsector S1312",train,20,1,20,0.0
GF0804,Religious and other community services,D7_S1313,"Other current transfers,of which payable to subsector S1313",holdout,4,1,4,0.0
GF0804,Religious and other community services,D7_S1313,"Other current transfers,of which payable to subsector S1313",train,20,1,20,0.0
GF0804,Religious and other community services,D7_S1314,"Other current transfers,of which payable to subsector S1314",holdout,4,1,4,0.0
GF0804,Religious and other community services,D7_S1314,"Other current transfers,of which payable to subsector S1314",train,20,1,20,0.0
GF0804,Religious and other community services,D9,Capital transfers,holdout,121,30,5,1941.1
GF0804,Religious and other community services,D9,Capital transfers,train,691,30,26,6229.2
GF0804,Religious and other community services,D92,Investment grants,holdout,118,30,5,1898.2
GF0804,Religious and other community services,D92,Investment grants,train,671,29,26,5692.2
GF0804,Religious and other community services,D9_S1311,"Capital transfers, expenditure, of which to subsector central government (S1311)",holdout,4,1,4,0.0
GF0804,Religious and other community services,D9_S1311,"Capital transfers, expenditure, of which to subsector central government (S1311)",train,20,1,20,0.0
GF0804,Religious and other community services,D9_S1312,"Capital transfers, expenditure, of which to subsector state government (S1312)",holdout,4,1,4,0.0
GF0804,Religious and other community services,D9_S1312,"Capital transfers, expenditure, of which to subsector state government (S1312)",train,20,1,20,0.0
GF0804,Religious and other community services,D9_S1313,"Capital transfers, expenditure, of which to subsector local government (S1313)",holdout,4,1,4,0.0
GF0804,Religious and other community services,D9_S1313,"Capital transfers, expenditure, of which to subsector local government (S1313)",train,20,1,20,0.0
GF0804,Religious and other community services,D9_S1314,"Capital transfers, expenditure, of which to subsector social security funds (S1314)",holdout,4,1,4,0.0
GF0804,Religious and other community services,D9_S1314,"Capital transfers, expenditure, of which to subsector social security funds (S1314)",train,20,1,20,0.0
GF0804,Religious and other community services,NP,Acquisitions less disposals of non-financial non-produced assets,holdout,113,28,5,39.4
GF0804,Religious and other community services,NP,Acquisitions less disposals of non-financial non-produced assets,train,648,29,26,449.4
GF0804,Religious and other community services,OP5ANP,Gross capital formation and acquisitions less disposals of non-financial non-produced assets,holdout,121,30,5,2831.5
GF0804,Religious and other community services,OP5ANP,Gross capital formation and acquisitions less disposals of non-financial non-produced assets,train,698,30,26,12656.9
GF0804,Religious and other community services,P2,Intermediate consumption,holdout,121,30,5,6673.5
GF0804,Religious and other community services,P2,Intermediate consumption,train,691,30,26,26129.3
GF0804,Religious and other community services,P2_D29_D5_D8,"Intermediate consumption; other taxes on production; current taxes on income, wealth, etc.; adjustment for the change in pension entitlements",holdout,117,29,5,5168.6
GF0804,Religious and other community services,P2_D29_D5_D8,"Intermediate consumption; other taxes on production; current taxes on income, wealth, etc.; adjustment for the change in pension entitlements",train,665,29,26,19364.9
GF0804,Religious and other community services,P3,Final consumption expenditure,holdout,121,30,5,15679.3
GF0804,Religious and other community services,P3,Final consumption expenditure,train,696,30,26,62775.7
GF0804,Religious and other community services,P31,Individual consumption expenditure,holdout,79,20,5,0.0
GF0804,Religious and other community services,P31,Individual consumption expenditure,train,481,20,26,0.0
GF0804,Religious and other community services,P32,Collective consumption expenditure,holdout,109,27,5,11311.3
GF0804,Religious and other community services,P32,Collective consumption expenditure,train,638,27,26,42019.8
GF0804,Religious and other community services,P5,Gross capital formation,holdout,121,30,5,2805.1
GF0804,Religious and other community services,P5,Gross capital formation,train,698,30,26,12893.7
GF0804,Religious and other community services,P51G,Gross fixed capital formation,holdout,121,30,5,2806.5
GF0804,Religious and other community services,P51G,Gross fixed capital formation,train,698,30,26,12884.1
GF0804,Religious and other community services,TE,Total general government expenditure,holdout,121,30,5,43239.0
GF0804,Religious and other community services,TE,Total general government expenditure,train,698,30,26,177388.7
GF0805,"R&D Recreation, culture and religion",D1,Compensation of employees,holdout,115,29,5,4123.9
GF0805,"R&D Recreation, culture and religion",D1,Compensation of employees,train,651,28,26,14242.9
GF0805,"R&D Recreation, culture and religion",D29_D5_D8,"""Other taxes on production; current taxes on income, wealth, etc; adjustment for the change in pension entitlements""",holdout,109,27,5,17.9
GF0805,"R&D Recreation, culture and religion",D29_D5_D8,"""Other taxes on production; current taxes on income, wealth, etc; adjustment for the change in pension entitlements""",train,631,27,26,66.0
GF0805,"R&D Recreation, culture and religion",D3,Subsidies,holdout,109,27,5,150.8
GF0805,"R&D Recreation, culture and religion",D3,Subsidies,train,632,28,26,435.4
GF0805,"R&D Recreation, culture and religion",D4,Property income,holdout,109,27,5,0.0
GF0805,"R&D Recreation, culture and religion",D4,Property income,train,631,27,26,1.0
GF0805,"R&D Recreation, culture and religion",D4_S1311,"Property income, of which payable to subsector S1311",holdout,4,1,4,0.0
GF0805,"R&D Recreation, culture and religion",D4_S1311,"Property income, of which payable to subsector S1311",train,20,1,20,0.0
GF0805,"R&D Recreation, culture and religion",D4_S1312,"Property income, of which payable to subsector S1312",holdout,4,1,4,0.0
GF0805,"R&D Recreation, culture and religion",D4_S1312,"Property income, of which payable to subsector S1312",train,20,1,20,0.0
GF0805,"R&D Recreation, culture and religion",D4_S1313,"Property income, of which payable to subsector S1313",holdout,4,1,4,0.0
GF0805,"R&D Recreation, culture and religion",D4_S1313,"Property income, of which payable to subsector S1313",train,20,1,20,0.0
GF0805,"R&D Recreation, culture and religion",D4_S1314,"Property income, of which payable to subsector S1314",holdout,4,1,4,0.0
GF0805,"R&D Recreation, culture and religion",D4_S1314,"Property income, of which payable to subsector S1314",train,20,1,20,0.0
GF0805,"R&D Recreation, culture and religion",D62,Social benefits other than social transfers in kind,holdout,105,26,5,0.0
GF0805,"R&D Recreation, culture and religion",D62,Social benefits other than social transfers in kind,train,589,27,26,0.0
GF0805,"R&D Recreation, culture and religion",D62_D632,Social benefits other than social transfers in kind and social transfers in kind - purchased market production,holdout,105,26,5,0.0
GF0805,"R&D Recreation, culture and religion",D62_D632,Social benefits other than social transfers in kind and social transfers in kind - purchased market production,train,612,27,26,0.0
GF0805,"R&D Recreation, culture and religion",D632,Social transfers in kind - purchased market production,holdout,105,26,5,0.0
GF0805,"R&D Recreation, culture and religion",D632,Social transfers in kind - purchased market production,train,588,26,26,0.0
GF0805,"R&D Recreation, culture and religion",D7,Other current transfers,holdout,109,27,5,287.3
GF0805,"R&D Recreation, culture and religion",D7,Other current transfers,train,635,28,26,808.4
GF0805,"R&D Recreation, culture and religion",D7_S1311,"Other current transfers,of which payable to subsector S1311",holdout,4,1,4,0.0
GF0805,"R&D Recreation, culture and religion",D7_S1311,"Other current transfers,of which payable to subsector S1311",train,20,1,20,0.0
GF0805,"R&D Recreation, culture and religion",D7_S1312,"Other current transfers,of which payable to subsector S1312",holdout,4,1,4,0.0
GF0805,"R&D Recreation, culture and religion",D7_S1312,"Other current transfers,of which payable to subsector S1312",train,20,1,20,0.0
GF0805,"R&D Recreation, culture and religion",D7_S1313,"Other current transfers,of which payable to subsector S1313",holdout,4,1,4,0.0
GF0805,"R&D Recreation, culture and religion",D7_S1313,"Other current transfers,of which payable to subsector S1313",train,20,1,20,0.0
GF0805,"R&D Recreation, culture and religion",D7_S1314,"Other current transfers,of which payable to subsector S1314",holdout,4,1,4,0.0
GF0805,"R&D Recreation, culture and religion",D7_S1314,"Other current transfers,of which payable to subsector S1314",train,20,1,20,0.0
GF0805,"R&D Recreation, culture and religion",D9,Capital transfers,holdout,113,28,5,44.2
GF0805,"R&D Recreation, culture and religion",D9,Capital transfers,train,651,28,26,121.4
GF0805,"R&D Recreation, culture and religion",D92,Investment grants,holdout,113,28,5,41.8
GF0805,"R&D Recreation, culture and religion",D92,Investment grants,train,650,28,26,114.7
GF0805,"R&D Recreation, culture and religion",D9_S1311,"Capital transfers, expenditure, of which to subsector central government (S1311)",holdout,4,1,4,0.0
GF0805,"R&D Recreation, culture and religion",D9_S1311,"Capital transfers, expenditure, of which to subsector central government (S1311)",train,20,1,20,0.0
GF0805,"R&D Recreation, culture and religion",D9_S1312,"Capital transfers, expenditure, of which to subsector state government (S1312)",holdout,4,1,4,0.0
GF0805,"R&D Recreation, culture and religion",D9_S1312,"Capital transfers, expenditure, of which to subsector state government (S1312)",train,20,1,20,0.0
GF0805,"R&D Recreation, culture and religion",D9_S1313,"Capital transfers, expenditure, of which to subsector local government (S1313)",holdout,4,1,4,0.0
GF0805,"R&D Recreation, culture and religion",D9_S1313,"Capital transfers, expenditure, of which to subsector local government (S1313)",train,20,1,20,0.0
GF0805,"R&D Recreation, culture and religion",D9_S1314,"Capital transfers, expenditure, of which to subsector social security funds (S1314)",holdout,4,1,4,0.0
GF0805,"R&D Recreation, culture and religion",D9_S1314,"Capital transfers, expenditure, of which to subsector social security funds (S1314)",train,20,1,20,0.0
GF0805,"R&D Recreation, culture and religion",NP,Acquisitions less disposals of non-financial non-produced assets,holdout,110,28,5,0.7
GF0805,"R&D Recreation, culture and religion",NP,Acquisitions less disposals of non-financial non-produced assets,train,631,27,26,1.7
GF0805,"R&D Recreation, culture and religion",OP5ANP,Gross capital formation and acquisitions less disposals of non-financial non-produced assets,holdout,116,29,5,7402.8
GF0805,"R&D Recreation, culture and religion",OP5ANP,Gross capital formation and acquisitions less disposals of non-financial non-produced assets,train,653,30,26,25911.9
GF0805,"R&D Recreation, culture and religion",P2,Intermediate consumption,holdout,118,30,5,3110.4
GF0805,"R&D Recreation, culture and religion",P2,Intermediate consumption,train,653,30,26,10728.9
GF0805,"R&D Recreation, culture and religion",P2_D29_D5_D8,"Intermediate consumption; other taxes on production; current taxes on income, wealth, etc.; adjustment for the change in pension entitlements",holdout,114,29,5,3115.1
GF0805,"R&D Recreation, culture and religion",P2_D29_D5_D8,"Intermediate consumption; other taxes on production; current taxes on income, wealth, etc.; adjustment for the change in pension entitlements",train,627,29,26,10715.1
GF0805,"R&D Recreation, culture and religion",P3,Final consumption expenditure,holdout,119,30,5,7079.4
GF0805,"R&D Recreation, culture and religion",P3,Final consumption expenditure,train,655,29,26,21058.5
GF0805,"R&D Recreation, culture and religion",P31,Individual consumption expenditure,holdout,79,20,5,0.0
GF0805,"R&D Recreation, culture and religion",P31,Individual consumption expenditure,train,481,20,26,0.0
GF0805,"R&D Recreation, culture and religion",P32,Collective consumption expenditure,holdout,107,27,5,1822.4
GF0805,"R&D Recreation, culture and religion",P32,Collective consumption expenditure,train,597,26,26,7490.0
GF0805,"R&D Recreation, culture and religion",P5,Gross capital formation,holdout,116,29,5,7402.2
GF0805,"R&D Recreation, culture and religion",P5,Gross capital formation,train,653,30,26,25911.5
GF0805,"R&D Recreation, culture and religion",P51G,Gross fixed capital formation,holdout,116,29,5,7403.0
GF0805,"R&D Recreation, culture and religion",P51G,Gross fixed capital formation,train,654,30,26,25911.4
GF0805,"R&D Recreation, culture and religion",TE,Total general government expenditure,holdout,118,30,5,15137.9
GF0805,"R&D Recreation, culture and religion",TE,Total general government expenditure,train,653,30,26,52318.8
GF0806,"Recreation, culture and religion n.e.c.",D1,Compensation of employees,holdout,117,29,5,6079.0
GF0806,"Recreation, culture and religion n.e.c.",D1,Compensation of employees,train,672,29,26,25085.8
GF0806,"Recreation, culture and religion n.e.c.",D29_D5_D8,"""Other taxes on production; current taxes on income, wealth, etc; adjustment for the change in pension entitlements""",holdout,112,28,5,31.0
GF0806,"Recreation, culture and religion n.e.c.",D29_D5_D8,"""Other taxes on production; current taxes on income, wealth, etc; adjustment for the change in pension entitlements""",train,635,28,26,120.4
GF0806,"Recreation, culture and religion n.e.c.",D3,Subsidies,holdout,112,28,5,547.5
GF0806,"Recreation, culture and religion n.e.c.",D3,Subsidies,train,657,28,26,4088.8
GF0806,"Recreation, culture and religion n.e.c.",D4,Property income,holdout,109,27,5,1.6
GF0806,"Recreation, culture and religion n.e.c.",D4,Property income,train,643,28,26,2.8
GF0806,"Recreation, culture and religion n.e.c.",D4_S1311,"Property income, of which payable to subsector S1311",holdout,4,1,4,0.0
GF0806,"Recreation, culture and religion n.e.c.",D4_S1311,"Property income, of which payable to subsector S1311",train,20,1,20,0.0
GF0806,"Recreation, culture and religion n.e.c.",D4_S1312,"Property income, of which payable to subsector S1312",holdout,4,1,4,0.0
GF0806,"Recreation, culture and religion n.e.c.",D4_S1312,"Property income, of which payable to subsector S1312",train,20,1,20,0.0
GF0806,"Recreation, culture and religion n.e.c.",D4_S1313,"Property income, of which payable to subsector S1313",holdout,4,1,4,0.0
GF0806,"Recreation, culture and religion n.e.c.",D4_S1313,"Property income, of which payable to subsector S1313",train,20,1,20,0.0
GF0806,"Recreation, culture and religion n.e.c.",D4_S1314,"Property income, of which payable to subsector S1314",holdout,4,1,4,0.0
GF0806,"Recreation, culture and religion n.e.c.",D4_S1314,"Property income, of which payable to subsector S1314",train,20,1,20,0.0
GF0806,"Recreation, culture and religion n.e.c.",D62,Social benefits other than social transfers in kind,holdout,109,27,5,7.4
GF0806,"Recreation, culture and religion n.e.c.",D62,Social benefits other than social transfers in kind,train,606,27,26,9.4
GF0806,"Recreation, culture and religion n.e.c.",D62_D632,Social benefits other than social transfers in kind and social transfers in kind - purchased market production,holdout,109,27,5,7.4
GF0806,"Recreation, culture and religion n.e.c.",D62_D632,Social benefits other than social transfers in kind and social transfers in kind - purchased market production,train,629,27,26,11.7
GF0806,"Recreation, culture and religion n.e.c.",D632,Social transfers in kind - purchased market production,holdout,109,27,5,0.0
GF0806,"Recreation, culture and religion n.e.c.",D632,Social transfers in kind - purchased market production,train,594,27,26,0.0
GF0806,"Recreation, culture and religion n.e.c.",D7,Other current transfers,holdout,117,29,5,3411.5
GF0806,"Recreation, culture and religion n.e.c.",D7,Other current transfers,train,670,29,26,8732.7
GF0806,"Recreation, culture and religion n.e.c.",D7_S1311,"Other current transfers,of which payable to subsector S1311",holdout,4,1,4,0.0
GF0806,"Recreation, culture and religion n.e.c.",D7_S1311,"Other current transfers,of which payable to subsector S1311",train,20,1,20,0.0
GF0806,"Recreation, culture and religion n.e.c.",D7_S1312,"Other current transfers,of which payable to subsector S1312",holdout,4,1,4,0.0
GF0806,"Recreation, culture and religion n.e.c.",D7_S1312,"Other current transfers,of which payable to subsector S1312",train,20,1,20,0.0
GF0806,"Recreation, culture and religion n.e.c.",D7_S1313,"Other current transfers,of which payable to subsector S1313",holdout,4,1,4,0.0
GF0806,"Recreation, culture and religion n.e.c.",D7_S1313,"Other current transfers,of which payable to subsector S1313",train,20,1,20,0.0
GF0806,"Recreation, culture and religion n.e.c.",D7_S1314,"Other current transfers,of which payable to subsector S1314",holdout,4,1,4,0.0
GF0806,"Recreation, culture and religion n.e.c.",D7_S1314,"Other current transfers,of which payable to subsector S1314",train,20,1,20,0.0
GF0806,"Recreation, culture and religion n.e.c.",D9,Capital transfers,holdout,117,29,5,585.2
GF0806,"Recreation, culture and religion n.e.c.",D9,Capital transfers,train,666,29,26,1389.8
GF0806,"Recreation, culture and religion n.e.c.",D92,Investment grants,holdout,117,29,5,489.6
GF0806,"Recreation, culture and religion n.e.c.",D92,Investment grants,train,663,29,26,1295.5
GF0806,"Recreation, culture and religion n.e.c.",D9_S1311,"Capital transfers, expenditure, of which to subsector central government (S1311)",holdout,4,1,4,0.0
GF0806,"Recreation, culture and religion n.e.c.",D9_S1311,"Capital transfers, expenditure, of which to subsector central government (S1311)",train,20,1,20,0.0
GF0806,"Recreation, culture and religion n.e.c.",D9_S1312,"Capital transfers, expenditure, of which to subsector state government (S1312)",holdout,4,1,4,0.0
GF0806,"Recreation, culture and religion n.e.c.",D9_S1312,"Capital transfers, expenditure, of which to subsector state government (S1312)",train,20,1,20,0.0
GF0806,"Recreation, culture and religion n.e.c.",D9_S1313,"Capital transfers, expenditure, of which to subsector local government (S1313)",holdout,4,1,4,0.0
GF0806,"Recreation, culture and religion n.e.c.",D9_S1313,"Capital transfers, expenditure, of which to subsector local government (S1313)",train,20,1,20,0.0
GF0806,"Recreation, culture and religion n.e.c.",D9_S1314,"Capital transfers, expenditure, of which to subsector social security funds (S1314)",holdout,4,1,4,0.0
GF0806,"Recreation, culture and religion n.e.c.",D9_S1314,"Capital transfers, expenditure, of which to subsector social security funds (S1314)",train,20,1,20,0.0
GF0806,"Recreation, culture and religion n.e.c.",NP,Acquisitions less disposals of non-financial non-produced assets,holdout,110,28,5,6.6
GF0806,"Recreation, culture and religion n.e.c.",NP,Acquisitions less disposals of non-financial non-produced assets,train,646,28,26,134.7
GF0806,"Recreation, culture and religion n.e.c.",OP5ANP,Gross capital formation and acquisitions less disposals of non-financial non-produced assets,holdout,117,29,5,1728.7
GF0806,"Recreation, culture and religion n.e.c.",OP5ANP,Gross capital formation and acquisitions less disposals of non-financial non-produced assets,train,672,29,26,5862.0
GF0806,"Recreation, culture and religion n.e.c.",P2,Intermediate consumption,holdout,117,29,5,4253.2
GF0806,"Recreation, culture and religion n.e.c.",P2,Intermediate consumption,train,672,29,26,17023.7
GF0806,"Recreation, culture and religion n.e.c.",P2_D29_D5_D8,"Intermediate consumption; other taxes on production; current taxes on income, wealth, etc.; adjustment for the change in pension entitlements",holdout,113,28,5,4150.1
GF0806,"Recreation, culture and religion n.e.c.",P2_D29_D5_D8,"Intermediate consumption; other taxes on production; current taxes on income, wealth, etc.; adjustment for the change in pension entitlements",train,646,28,26,16035.2
GF0806,"Recreation, culture and religion n.e.c.",P3,Final consumption expenditure,holdout,117,29,5,10774.4
GF0806,"Recreation, culture and religion n.e.c.",P3,Final consumption expenditure,train,672,29,26,41463.3
GF0806,"Recreation, culture and religion n.e.c.",P31,Individual consumption expenditure,holdout,79,20,5,0.0
GF0806,"Recreation, culture and religion n.e.c.",P31,Individual consumption expenditure,train,481,20,26,0.0
GF0806,"Recreation, culture and religion n.e.c.",P32,Collective consumption expenditure,holdout,105,26,5,7569.0
GF0806,"Recreation, culture and religion n.e.c.",P32,Collective consumption expenditure,train,615,27,26,28130.7
GF0806,"Recreation, culture and religion n.e.c.",P5,Gross capital formation,holdout,117,29,5,1722.3
GF0806,"Recreation, culture and religion n.e.c.",P5,Gross capital formation,train,671,29,26,5776.0
GF0806,"Recreation, culture and religion n.e.c.",P51G,Gross fixed capital formation,holdout,117,29,5,1730.5
GF0806,"Recreation, culture and religion n.e.c.",P51G,Gross fixed capital formation,train,672,29,26,5700.9
GF0806,"Recreation, culture and religion n.e.c.",TE,Total general government expenditure,holdout,117,29,5,16641.2
GF0806,"Recreation, culture and religion n.e.c.",TE,Total general government expenditure,train,672,29,26,62207.0
GF09,Education,D1,Compensation of employees,holdout,121,30,5,2122870.5
GF09,Education,D1,Compensation of employees,train,767,30,31,8986081.6
GF09,Education,D29_D5_D8,"""Other taxes on production; current taxes on income, wealth, etc; adjustment for the change in pension entitlements""",holdout,113,28,5,38756.0
GF09,Education,D29_D5_D8,"""Other taxes on production; current taxes on income, wealth, etc; adjustment for the change in pension entitlements""",train,704,28,31,167562.3
GF09,Education,D3,Subsidies,holdout,121,30,5,38929.7
GF09,Education,D3,Subsidies,train,758,30,31,213224.3
GF09,Education,D4,Property income,holdout,109,27,5,116.7
GF09,Education,D4,Property income,train,677,27,26,543.6
GF09,Education,D4_S1311,"Property income, of which payable to subsector S1311",holdout,4,1,4,0.0
GF09,Education,D4_S1311,"Property income, of which payable to subsector S1311",train,20,1,20,0.0
GF09,Education,D4_S1312,"Property income, of which payable to subsector S1312",holdout,4,1,4,0.0
GF09,Education,D4_S1312,"Property income, of which payable to subsector S1312",train,20,1,20,0.0
GF09,Education,D4_S1313,"Property income, of which payable to subsector S1313",holdout,4,1,4,0.0
GF09,Education,D4_S1313,"Property income, of which payable to subsector S1313",train,20,1,20,0.0
GF09,Education,D4_S1314,"Property income, of which payable to subsector S1314",holdout,4,1,4,0.0
GF09,Education,D4_S1314,"Property income, of which payable to subsector S1314",train,20,1,20,0.0
GF09,Education,D62,Social benefits other than social transfers in kind,holdout,117,29,5,81856.4
GF09,Education,D62,Social benefits other than social transfers in kind,train,708,30,31,340686.5
GF09,Education,D62_D632,Social benefits other than social transfers in kind and social transfers in kind - purchased market production,holdout,117,29,5,193200.4
GF09,Education,D62_D632,Social benefits other than social transfers in kind and social transfers in kind - purchased market production,train,752,30,31,753516.3
GF09,Education,D632,Social transfers in kind - purchased market production,holdout,117,29,5,111343.9
GF09,Education,D632,Social transfers in kind - purchased market production,train,692,29,31,362982.9
GF09,Education,D7,Other current transfers,holdout,121,30,5,197990.2
GF09,Education,D7,Other current transfers,train,764,30,31,668357.0
GF09,Education,D7_S1311,"Other current transfers,of which payable to subsector S1311",holdout,4,1,4,0.0
GF09,Education,D7_S1311,"Other current transfers,of which payable to subsector S1311",train,20,1,20,0.0
GF09,Education,D7_S1312,"Other current transfers,of which payable to subsector S1312",holdout,4,1,4,0.0
GF09,Education,D7_S1312,"Other current transfers,of which payable to subsector S1312",train,20,1,20,0.0
GF09,Education,D7_S1313,"Other current transfers,of which payable to subsector S1313",holdout,4,1,4,0.0
GF09,Education,D7_S1313,"Other current transfers,of which payable to subsector S1313",train,20,1,20,0.0
GF09,Education,D7_S1314,"Other current transfers,of which payable to subsector S1314",holdout,4,1,4,0.0
GF09,Education,D7_S1314,"Other current transfers,of which payable to subsector S1314",train,20,1,20,0.0
GF09,Education,D9,Capital transfers,holdout,120,30,5,27649.4
GF09,Education,D9,Capital transfers,train,753,30,31,86605.5
GF09,Education,D92,Investment grants,holdout,121,30,5,15775.9
GF09,Education,D92,Investment grants,train,737,30,31,49283.6
GF09,Education,D9_S1311,"Capital transfers, expenditure, of which to subsector central government (S1311)",holdout,4,1,4,0.0
GF09,Education,D9_S1311,"Capital transfers, expenditure, of which to subsector central government (S1311)",train,20,1,20,0.0
GF09,Education,D9_S1312,"Capital transfers, expenditure, of which to subsector state government (S1312)",holdout,4,1,4,0.0
GF09,Education,D9_S1312,"Capital transfers, expenditure, of which to subsector state government (S1312)",train,20,1,20,0.0
GF09,Education,D9_S1313,"Capital transfers, expenditure, of which to subsector local government (S1313)",holdout,4,1,4,0.0
GF09,Education,D9_S1313,"Capital transfers, expenditure, of which to subsector local government (S1313)",train,20,1,20,0.0
GF09,Education,D9_S1314,"Capital transfers, expenditure, of which to subsector social security funds (S1314)",holdout,4,1,4,0.0
GF09,Education,D9_S1314,"Capital transfers, expenditure, of which to subsector social security funds (S1314)",train,20,1,20,0.0
GF09,Education,NP,Acquisitions less disposals of non-financial non-produced assets,holdout,117,29,5,2291.2
GF09,Education,NP,Acquisitions less disposals of non-financial non-produced assets,train,732,29,31,7738.7
GF09,Education,OP5ANP,Gross capital formation and acquisitions less disposals of non-financial non-produced assets,holdout,121,30,5,279712.1
GF09,Education,OP5ANP,Gross capital formation and acquisitions less disposals of non-financial non-produced assets,train,767,30,31,1036481.9
GF09,Education,P2,Intermediate consumption,holdout,121,30,5,483667.0
GF09,Education,P2,Intermediate consumption,train,767,30,31,1900416.7
GF09,Education,P2_D29_D5_D8,"Intermediate consumption; other taxes on production; current taxes on income, wealth, etc.; adjustment for the change in pension entitlements",holdout,117,29,5,507654.1
GF09,Education,P2_D29_D5_D8,"Intermediate consumption; other taxes on production; current taxes on income, wealth, etc.; adjustment for the change in pension entitlements",train,741,29,31,1994884.5
GF09,Education,P3,Final consumption expenditure,holdout,121,30,5,2773139.1
GF09,Education,P3,Final consumption expenditure,train,767,30,31,11426433.9
GF09,Education,P31,Individual consumption expenditure,holdout,109,27,5,2114863.7
GF09,Education,P31,Individual consumption expenditure,train,692,27,31,8760418.2
GF09,Education,P32,Collective consumption expenditure,holdout,109,27,5,36725.8
GF09,Education,P32,Collective consumption expenditure,train,681,27,26,148496.2
GF09,Education,P5,Gross capital formation,holdout,121,30,5,278449.8
GF09,Education,P5,Gross capital formation,train,767,30,31,1030747.8
GF09,Education,P51G,Gross fixed capital formation,holdout,121,30,5,278480.8
GF09,Education,P51G,Gross fixed capital formation,train,767,30,31,1025504.9
GF09,Education,TE,Total general government expenditure,holdout,121,30,5,3382891.6
GF09,Education,TE,Total general government expenditure,train,767,30,31,13812736.8
GF0901,Pre-primary and primary education,D1,Compensation of employees,holdout,121,30,5,787428.2
GF0901,Pre-primary and primary education,D1,Compensation of employees,train,698,30,26,2924951.5
GF0901,Pre-primary and primary education,D29_D5_D8,"""Other taxes on production; current taxes on income, wealth, etc; adjustment for the change in pension entitlements""",holdout,109,27,5,19159.9
GF0901,Pre-primary and primary education,D29_D5_D8,"""Other taxes on production; current taxes on income, wealth, etc; adjustment for the change in pension entitlements""",train,631,27,26,69357.5
GF0901,Pre-primary and primary education,D3,Subsidies,holdout,117,29,5,7428.5
GF0901,Pre-primary and primary education,D3,Subsidies,train,659,29,26,19804.1
GF0901,Pre-primary and primary education,D4,Property income,holdout,109,27,5,28.0
GF0901,Pre-primary and primary education,D4,Property income,train,626,27,26,112.3
GF0901,Pre-primary and primary education,D4_S1311,"Property income, of which payable to subsector S1311",holdout,4,1,4,0.0
GF0901,Pre-primary and primary education,D4_S1311,"Property income, of which payable to subsector S1311",train,20,1,20,0.0
GF0901,Pre-primary and primary education,D4_S1312,"Property income, of which payable to subsector S1312",holdout,4,1,4,0.0
GF0901,Pre-primary and primary education,D4_S1312,"Property income, of which payable to subsector S1312",train,20,1,20,0.0
GF0901,Pre-primary and primary education,D4_S1313,"Property income, of which payable to subsector S1313",holdout,4,1,4,0.0
GF0901,Pre-primary and primary education,D4_S1313,"Property income, of which payable to subsector S1313",train,20,1,20,0.0
GF0901,Pre-primary and primary education,D4_S1314,"Property income, of which payable to subsector S1314",holdout,4,1,4,0.0
GF0901,Pre-primary and primary education,D4_S1314,"Property income, of which payable to subsector S1314",train,20,1,20,0.0
GF0901,Pre-primary and primary education,D62,Social benefits other than social transfers in kind,holdout,113,28,5,3873.7
GF0901,Pre-primary and primary education,D62,Social benefits other than social transfers in kind,train,638,29,26,7133.8
GF0901,Pre-primary and primary education,D62_D632,Social benefits other than social transfers in kind and social transfers in kind - purchased market production,holdout,117,29,5,46192.3
GF0901,Pre-primary and primary education,D62_D632,Social benefits other than social transfers in kind and social transfers in kind - purchased market production,train,672,29,26,139709.8
GF0901,Pre-primary and primary education,D632,Social transfers in kind - purchased market production,holdout,117,29,5,42318.6
GF0901,Pre-primary and primary education,D632,Social transfers in kind - purchased market production,train,649,29,26,128003.1
GF0901,Pre-primary and primary education,D7,Other current transfers,holdout,121,30,5,77934.7
GF0901,Pre-primary and primary education,D7,Other current transfers,train,676,30,26,198151.9
GF0901,Pre-primary and primary education,D7_S1311,"Other current transfers,of which payable to subsector S1311",holdout,4,1,4,0.0
GF0901,Pre-primary and primary education,D7_S1311,"Other current transfers,of which payable to subsector S1311",train,20,1,20,0.0
GF0901,Pre-primary and primary education,D7_S1312,"Other current transfers,of which payable to subsector S1312",holdout,4,1,4,0.0
GF0901,Pre-primary and primary education,D7_S1312,"Other current transfers,of which payable to subsector S1312",train,20,1,20,0.0
GF0901,Pre-primary and primary education,D7_S1313,"Other current transfers,of which payable to subsector S1313",holdout,4,1,4,0.0
GF0901,Pre-primary and primary education,D7_S1313,"Other current transfers,of which payable to subsector S1313",train,20,1,20,0.0
GF0901,Pre-primary and primary education,D7_S1314,"Other current transfers,of which payable to subsector S1314",holdout,4,1,4,0.0
GF0901,Pre-primary and primary education,D7_S1314,"Other current transfers,of which payable to subsector S1314",train,20,1,20,0.0
GF0901,Pre-primary and primary education,D9,Capital transfers,holdout,117,29,5,3930.1
GF0901,Pre-primary and primary education,D9,Capital transfers,train,667,30,26,11428.2
GF0901,Pre-primary and primary education,D92,Investment grants,holdout,117,29,5,3376.0
GF0901,Pre-primary and primary education,D92,Investment grants,train,666,30,26,8966.9
GF0901,Pre-primary and primary education,D9_S1311,"Capital transfers, expenditure, of which to subsector central government (S1311)",holdout,4,1,4,0.0
GF0901,Pre-primary and primary education,D9_S1311,"Capital transfers, expenditure, of which to subsector central government (S1311)",train,20,1,20,0.0
GF0901,Pre-primary and primary education,D9_S1312,"Capital transfers, expenditure, of which to subsector state government (S1312)",holdout,4,1,4,0.0
GF0901,Pre-primary and primary education,D9_S1312,"Capital transfers, expenditure, of which to subsector state government (S1312)",train,20,1,20,0.0
GF0901,Pre-primary and primary education,D9_S1313,"Capital transfers, expenditure, of which to subsector local government (S1313)",holdout,4,1,4,0.0
GF0901,Pre-primary and primary education,D9_S1313,"Capital transfers, expenditure, of which to subsector local government (S1313)",train,20,1,20,0.0
GF0901,Pre-primary and primary education,D9_S1314,"Capital transfers, expenditure, of which to subsector social security funds (S1314)",holdout,4,1,4,0.0
GF0901,Pre-primary and primary education,D9_S1314,"Capital transfers, expenditure, of which to subsector social security funds (S1314)",train,20,1,20,0.0
GF0901,Pre-primary and primary education,NP,Acquisitions less disposals of non-financial non-produced assets,holdout,113,28,5,844.7
GF0901,Pre-primary and primary education,NP,Acquisitions less disposals of non-financial non-produced assets,train,657,29,26,2645.6
GF0901,Pre-primary and primary education,OP5ANP,Gross capital formation and acquisitions less disposals of non-financial non-produced assets,holdout,121,30,5,85312.7
GF0901,Pre-primary and primary education,OP5ANP,Gross capital formation and acquisitions less disposals of non-financial non-produced assets,train,698,30,26,266013.6
GF0901,Pre-primary and primary education,P2,Intermediate consumption,holdout,121,30,5,153378.5
GF0901,Pre-primary and primary education,P2,Intermediate consumption,train,698,30,26,518373.8
GF0901,Pre-primary and primary education,P2_D29_D5_D8,"Intermediate consumption; other taxes on production; current taxes on income, wealth, etc.; adjustment for the change in pension entitlements",holdout,117,29,5,166715.4
GF0901,Pre-primary and primary education,P2_D29_D5_D8,"Intermediate consumption; other taxes on production; current taxes on income, wealth, etc.; adjustment for the change in pension entitlements",train,672,29,26,559570.7
GF0901,Pre-primary and primary education,P3,Final consumption expenditure,holdout,121,30,5,1010161.6
GF0901,Pre-primary and primary education,P3,Final consumption expenditure,train,698,30,26,3646702.9
GF0901,Pre-primary and primary education,P31,Individual consumption expenditure,holdout,109,27,5,818586.1
GF0901,Pre-primary and primary education,P31,Individual consumption expenditure,train,640,27,26,3020248.2
GF0901,Pre-primary and primary education,P32,Collective consumption expenditure,holdout,79,20,5,0.0
GF0901,Pre-primary and primary education,P32,Collective consumption expenditure,train,481,20,26,0.0
GF0901,Pre-primary and primary education,P5,Gross capital formation,holdout,121,30,5,85043.0
GF0901,Pre-primary and primary education,P5,Gross capital formation,train,698,30,26,264500.8
GF0901,Pre-primary and primary education,P51G,Gross fixed capital formation,holdout,121,30,5,85120.8
GF0901,Pre-primary and primary education,P51G,Gross fixed capital formation,train,698,30,26,262956.6
GF0901,Pre-primary and primary education,TE,Total general government expenditure,holdout,121,30,5,1180785.2
GF0901,Pre-primary and primary education,TE,Total general government expenditure,train,698,30,26,4147898.5
GF0902,Secondary education,D1,Compensation of employees,holdout,121,30,5,866394.5
GF0902,Secondary education,D1,Compensation of employees,train,698,30,26,3652020.7
GF0902,Secondary education,D29_D5_D8,"""Other taxes on production; current taxes on income, wealth, etc; adjustment for the change in pension entitlements""",holdout,109,27,5,12868.2
GF0902,Secondary education,D29_D5_D8,"""Other taxes on production; current taxes on income, wealth, etc; adjustment for the change in pension entitlements""",train,631,27,26,53280.6
GF0902,Secondary education,D3,Subsidies,holdout,121,30,5,6952.5
GF0902,Secondary education,D3,Subsidies,train,686,30,26,21723.4
GF0902,Secondary education,D4,Property income,holdout,105,26,5,25.1
GF0902,Secondary education,D4,Property income,train,613,27,26,237.3
GF0902,Secondary education,D4_S1311,"Property income, of which payable to subsector S1311",holdout,4,1,4,0.0
GF0902,Secondary education,D4_S1311,"Property income, of which payable to subsector S1311",train,20,1,20,0.0
GF0902,Secondary education,D4_S1312,"Property income, of which payable to subsector S1312",holdout,4,1,4,0.0
GF0902,Secondary education,D4_S1312,"Property income, of which payable to subsector S1312",train,20,1,20,0.0
GF0902,Secondary education,D4_S1313,"Property income, of which payable to subsector S1313",holdout,4,1,4,0.0
GF0902,Secondary education,D4_S1313,"Property income, of which payable to subsector S1313",train,20,1,20,0.0
GF0902,Secondary education,D4_S1314,"Property income, of which payable to subsector S1314",holdout,4,1,4,0.0
GF0902,Secondary education,D4_S1314,"Property income, of which payable to subsector S1314",train,20,1,20,0.0
GF0902,Secondary education,D62,Social benefits other than social transfers in kind,holdout,113,28,5,20212.6
GF0902,Secondary education,D62,Social benefits other than social transfers in kind,train,637,29,26,82999.5
GF0902,Secondary education,D62_D632,Social benefits other than social transfers in kind and social transfers in kind - purchased market production,holdout,117,29,5,42345.5
GF0902,Secondary education,D62_D632,Social benefits other than social transfers in kind and social transfers in kind - purchased market production,train,672,29,26,164991.7
GF0902,Secondary education,D632,Social transfers in kind - purchased market production,holdout,117,29,5,22132.7
GF0902,Secondary education,D632,Social transfers in kind - purchased market production,train,649,29,26,75908.2
GF0902,Secondary education,D7,Other current transfers,holdout,121,30,5,47311.3
GF0902,Secondary education,D7,Other current transfers,train,694,30,26,161610.7
GF0902,Secondary education,D7_S1311,"Other current transfers,of which payable to subsector S1311",holdout,4,1,4,0.0
GF0902,Secondary education,D7_S1311,"Other current transfers,of which payable to subsector S1311",train,20,1,20,0.0
GF0902,Secondary education,D7_S1312,"Other current transfers,of which payable to subsector S1312",holdout,4,1,4,0.0
GF0902,Secondary education,D7_S1312,"Other current transfers,of which payable to subsector S1312",train,20,1,20,0.0
GF0902,Secondary education,D7_S1313,"Other current transfers,of which payable to subsector S1313",holdout,4,1,4,0.0
GF0902,Secondary education,D7_S1313,"Other current transfers,of which payable to subsector S1313",train,20,1,20,0.0
GF0902,Secondary education,D7_S1314,"Other current transfers,of which payable to subsector S1314",holdout,4,1,4,0.0
GF0902,Secondary education,D7_S1314,"Other current transfers,of which payable to subsector S1314",train,20,1,20,0.0
GF0902,Secondary education,D9,Capital transfers,holdout,117,29,5,4280.9
GF0902,Secondary education,D9,Capital transfers,train,672,30,26,14373.0
GF0902,Secondary education,D92,Investment grants,holdout,117,29,5,3324.7
GF0902,Secondary education,D92,Investment grants,train,666,29,26,10489.3
GF0902,Secondary education,D9_S1311,"Capital transfers, expenditure, of which to subsector central government (S1311)",holdout,4,1,4,0.0
GF0902,Secondary education,D9_S1311,"Capital transfers, expenditure, of which to subsector central government (S1311)",train,20,1,20,0.0
GF0902,Secondary education,D9_S1312,"Capital transfers, expenditure, of which to subsector state government (S1312)",holdout,4,1,4,0.0
GF0902,Secondary education,D9_S1312,"Capital transfers, expenditure, of which to subsector state government (S1312)",train,20,1,20,0.0
GF0902,Secondary education,D9_S1313,"Capital transfers, expenditure, of which to subsector local government (S1313)",holdout,4,1,4,0.0
GF0902,Secondary education,D9_S1313,"Capital transfers, expenditure, of which to subsector local government (S1313)",train,20,1,20,0.0
GF0902,Secondary education,D9_S1314,"Capital transfers, expenditure, of which to subsector social security funds (S1314)",holdout,4,1,4,0.0
GF0902,Secondary education,D9_S1314,"Capital transfers, expenditure, of which to subsector social security funds (S1314)",train,20,1,20,0.0
GF0902,Secondary education,NP,Acquisitions less disposals of non-financial non-produced assets,holdout,111,28,5,871.6
GF0902,Secondary education,NP,Acquisitions less disposals of non-financial non-produced assets,train,648,29,26,2440.8
GF0902,Secondary education,OP5ANP,Gross capital formation and acquisitions less disposals of non-financial non-produced assets,holdout,121,30,5,85805.4
GF0902,Secondary education,OP5ANP,Gross capital formation and acquisitions less disposals of non-financial non-produced assets,train,698,30,26,308358.2
GF0902,Secondary education,P2,Intermediate consumption,holdout,121,30,5,137198.0
GF0902,Secondary education,P2,Intermediate consumption,train,698,30,26,516619.3
GF0902,Secondary education,P2_D29_D5_D8,"Intermediate consumption; other taxes on production; current taxes on income, wealth, etc.; adjustment for the change in pension entitlements",holdout,117,29,5,145869.7
GF0902,Secondary education,P2_D29_D5_D8,"Intermediate consumption; other taxes on production; current taxes on income, wealth, etc.; adjustment for the change in pension entitlements",train,672,29,26,546644.6
GF0902,Secondary education,P3,Final consumption expenditure,holdout,121,30,5,1067992.3
GF0902,Secondary education,P3,Final consumption expenditure,train,698,30,26,4396227.0
GF0902,Secondary education,P31,Individual consumption expenditure,holdout,109,27,5,830236.3
GF0902,Secondary education,P31,Individual consumption expenditure,train,640,27,26,3486146.6
GF0902,Secondary education,P32,Collective consumption expenditure,holdout,79,20,5,0.0
GF0902,Secondary education,P32,Collective consumption expenditure,train,481,20,26,0.0
GF0902,Secondary education,P5,Gross capital formation,holdout,121,30,5,85298.9
GF0902,Secondary education,P5,Gross capital formation,train,698,30,26,306516.7
GF0902,Secondary education,P51G,Gross fixed capital formation,holdout,121,30,5,85241.1
GF0902,Secondary education,P51G,Gross fixed capital formation,train,698,30,26,305834.1
GF0902,Secondary education,TE,Total general government expenditure,holdout,121,30,5,1203181.6
GF0902,Secondary education,TE,Total general government expenditure,train,698,30,26,4893101.4
GF0903,Post-secondary non-tertiary education,D1,Compensation of employees,holdout,117,29,5,12998.5
GF0903,Post-secondary non-tertiary education,D1,Compensation of employees,train,680,30,26,48293.8
GF0903,Post-secondary non-tertiary education,D29_D5_D8,"""Other taxes on production; current taxes on income, wealth, etc; adjustment for the change in pension entitlements""",holdout,113,28,5,265.0
GF0903,Post-secondary non-tertiary education,D29_D5_D8,"""Other taxes on production; current taxes on income, wealth, etc; adjustment for the change in pension entitlements""",train,640,28,26,1010.7
GF0903,Post-secondary non-tertiary education,D3,Subsidies,holdout,113,28,5,258.8
GF0903,Post-secondary non-tertiary education,D3,Subsidies,train,642,28,26,6207.8
GF0903,Post-secondary non-tertiary education,D4,Property income,holdout,107,27,5,3.0
GF0903,Post-secondary non-tertiary education,D4,Property income,train,615,27,26,22.3
GF0903,Post-secondary non-tertiary education,D4_S1311,"Property income, of which payable to subsector S1311",holdout,4,1,4,0.0
GF0903,Post-secondary non-tertiary education,D4_S1311,"Property income, of which payable to subsector S1311",train,20,1,20,0.0
GF0903,Post-secondary non-tertiary education,D4_S1312,"Property income, of which payable to subsector S1312",holdout,4,1,4,0.0
GF0903,Post-secondary non-tertiary education,D4_S1312,"Property income, of which payable to subsector S1312",train,20,1,20,0.0
GF0903,Post-secondary non-tertiary education,D4_S1313,"Property income, of which payable to subsector S1313",holdout,4,1,4,0.0
GF0903,Post-secondary non-tertiary education,D4_S1313,"Property income, of which payable to subsector S1313",train,20,1,20,0.0
GF0903,Post-secondary non-tertiary education,D4_S1314,"Property income, of which payable to subsector S1314",holdout,4,1,4,0.0
GF0903,Post-secondary non-tertiary education,D4_S1314,"Property income, of which payable to subsector S1314",train,20,1,20,0.0
GF0903,Post-secondary non-tertiary education,D62,Social benefits other than social transfers in kind,holdout,116,29,5,917.5
GF0903,Post-secondary non-tertiary education,D62,Social benefits other than social transfers in kind,train,627,29,26,2577.6
GF0903,Post-secondary non-tertiary education,D62_D632,Social benefits other than social transfers in kind and social transfers in kind - purchased market production,holdout,117,29,5,1327.5
GF0903,Post-secondary non-tertiary education,D62_D632,Social benefits other than social transfers in kind and social transfers in kind - purchased market production,train,652,29,26,7214.1
GF0903,Post-secondary non-tertiary education,D632,Social transfers in kind - purchased market production,holdout,117,29,5,410.2
GF0903,Post-secondary non-tertiary education,D632,Social transfers in kind - purchased market production,train,621,29,26,1861.3
GF0903,Post-secondary non-tertiary education,D7,Other current transfers,holdout,117,29,5,2140.5
GF0903,Post-secondary non-tertiary education,D7,Other current transfers,train,676,30,26,5729.7
GF0903,Post-secondary non-tertiary education,D7_S1311,"Other current transfers,of which payable to subsector S1311",holdout,4,1,4,0.0
GF0903,Post-secondary non-tertiary education,D7_S1311,"Other current transfers,of which payable to subsector S1311",train,20,1,20,0.0
GF0903,Post-secondary non-tertiary education,D7_S1312,"Other current transfers,of which payable to subsector S1312",holdout,4,1,4,0.0
GF0903,Post-secondary non-tertiary education,D7_S1312,"Other current transfers,of which payable to subsector S1312",train,20,1,20,0.0
GF0903,Post-secondary non-tertiary education,D7_S1313,"Other current transfers,of which payable to subsector S1313",holdout,4,1,4,0.0
GF0903,Post-secondary non-tertiary education,D7_S1313,"Other current transfers,of which payable to subsector S1313",train,20,1,20,0.0
GF0903,Post-secondary non-tertiary education,D7_S1314,"Other current transfers,of which payable to subsector S1314",holdout,4,1,4,0.0
GF0903,Post-secondary non-tertiary education,D7_S1314,"Other current transfers,of which payable to subsector S1314",train,20,1,20,0.0
GF0903,Post-secondary non-tertiary education,D9,Capital transfers,holdout,117,29,5,1506.4
GF0903,Post-secondary non-tertiary education,D9,Capital transfers,train,645,30,26,4157.1
GF0903,Post-secondary non-tertiary education,D92,Investment grants,holdout,117,29,5,261.4
GF0903,Post-secondary non-tertiary education,D92,Investment grants,train,636,29,26,1463.4
GF0903,Post-secondary non-tertiary education,D9_S1311,"Capital transfers, expenditure, of which to subsector central government (S1311)",holdout,4,1,4,0.0
GF0903,Post-secondary non-tertiary education,D9_S1311,"Capital transfers, expenditure, of which to subsector central government (S1311)",train,20,1,20,0.0
GF0903,Post-secondary non-tertiary education,D9_S1312,"Capital transfers, expenditure, of which to subsector state government (S1312)",holdout,4,1,4,0.0
GF0903,Post-secondary non-tertiary education,D9_S1312,"Capital transfers, expenditure, of which to subsector state government (S1312)",train,20,1,20,0.0
GF0903,Post-secondary non-tertiary education,D9_S1313,"Capital transfers, expenditure, of which to subsector local government (S1313)",holdout,4,1,4,0.0
GF0903,Post-secondary non-tertiary education,D9_S1313,"Capital transfers, expenditure, of which to subsector local government (S1313)",train,20,1,20,0.0
GF0903,Post-secondary non-tertiary education,D9_S1314,"Capital transfers, expenditure, of which to subsector social security funds (S1314)",holdout,4,1,4,0.0
GF0903,Post-secondary non-tertiary education,D9_S1314,"Capital transfers, expenditure, of which to subsector social security funds (S1314)",train,20,1,20,0.0
GF0903,Post-secondary non-tertiary education,NP,Acquisitions less disposals of non-financial non-produced assets,holdout,110,28,5,17.1
GF0903,Post-secondary non-tertiary education,NP,Acquisitions less disposals of non-financial non-produced assets,train,641,29,26,33.7
GF0903,Post-secondary non-tertiary education,OP5ANP,Gross capital formation and acquisitions less disposals of non-financial non-produced assets,holdout,117,29,5,1519.7
GF0903,Post-secondary non-tertiary education,OP5ANP,Gross capital formation and acquisitions less disposals of non-financial non-produced assets,train,684,30,26,5609.1
GF0903,Post-secondary non-tertiary education,P2,Intermediate consumption,holdout,117,29,5,4688.9
GF0903,Post-secondary non-tertiary education,P2,Intermediate consumption,train,679,30,26,17354.9
GF0903,Post-secondary non-tertiary education,P2_D29_D5_D8,"Intermediate consumption; other taxes on production; current taxes on income, wealth, etc.; adjustment for the change in pension entitlements",holdout,113,28,5,4953.9
GF0903,Post-secondary non-tertiary education,P2_D29_D5_D8,"Intermediate consumption; other taxes on production; current taxes on income, wealth, etc.; adjustment for the change in pension entitlements",train,653,29,26,18365.0
GF0903,Post-secondary non-tertiary education,P3,Final consumption expenditure,holdout,117,29,5,19167.8
GF0903,Post-secondary non-tertiary education,P3,Final consumption expenditure,train,681,30,26,70871.2
GF0903,Post-secondary non-tertiary education,P31,Individual consumption expenditure,holdout,105,26,5,11414.8
GF0903,Post-secondary non-tertiary education,P31,Individual consumption expenditure,train,623,27,26,42125.2
GF0903,Post-secondary non-tertiary education,P32,Collective consumption expenditure,holdout,79,20,5,0.0
GF0903,Post-secondary non-tertiary education,P32,Collective consumption expenditure,train,481,20,26,0.0
GF0903,Post-secondary non-tertiary education,P5,Gross capital formation,holdout,117,29,5,1503.0
GF0903,Post-secondary non-tertiary education,P5,Gross capital formation,train,684,30,26,5577.2
GF0903,Post-secondary non-tertiary education,P51G,Gross fixed capital formation,holdout,117,29,5,1503.4
GF0903,Post-secondary non-tertiary education,P51G,Gross fixed capital formation,train,675,30,26,5583.6
GF0903,Post-secondary non-tertiary education,TE,Total general government expenditure,holdout,117,29,5,24708.0
GF0903,Post-secondary non-tertiary education,TE,Total general government expenditure,train,684,30,26,95598.9
GF0904,Tertiary education,D1,Compensation of employees,holdout,121,30,5,286448.4
GF0904,Tertiary education,D1,Compensation of employees,train,698,30,26,1055464.1
GF0904,Tertiary education,D29_D5_D8,"""Other taxes on production; current taxes on income, wealth, etc; adjustment for the change in pension entitlements""",holdout,113,28,5,4798.0
GF0904,Tertiary education,D29_D5_D8,"""Other taxes on production; current taxes on income, wealth, etc; adjustment for the change in pension entitlements""",train,646,28,26,19405.2
GF0904,Tertiary education,D3,Subsidies,holdout,117,29,5,12537.2
GF0904,Tertiary education,D3,Subsidies,train,682,30,26,66130.9
GF0904,Tertiary education,D4,Property income,holdout,105,26,5,6.0
GF0904,Tertiary education,D4,Property income,train,613,27,26,24.3
GF0904,Tertiary education,D4_S1311,"Property income, of which payable to subsector S1311",holdout,4,1,4,0.0
GF0904,Tertiary education,D4_S1311,"Property income, of which payable to subsector S1311",train,20,1,20,0.0
GF0904,Tertiary education,D4_S1312,"Property income, of which payable to subsector S1312",holdout,4,1,4,0.0
GF0904,Tertiary education,D4_S1312,"Property income, of which payable to subsector S1312",train,20,1,20,0.0
GF0904,Tertiary education,D4_S1313,"Property income, of which payable to subsector S1313",holdout,4,1,4,0.0
GF0904,Tertiary education,D4_S1313,"Property income, of which payable to subsector S1313",train,20,1,20,0.0
GF0904,Tertiary education,D4_S1314,"Property income, of which payable to subsector S1314",holdout,4,1,4,0.0
GF0904,Tertiary education,D4_S1314,"Property income, of which payable to subsector S1314",train,20,1,20,0.0
GF0904,Tertiary education,D62,Social benefits other than social transfers in kind,holdout,117,29,5,33605.3
GF0904,Tertiary education,D62,Social benefits other than social transfers in kind,train,656,30,26,130977.4
GF0904,Tertiary education,D62_D632,Social benefits other than social transfers in kind and social transfers in kind - purchased market production,holdout,117,29,5,40569.2
GF0904,Tertiary education,D62_D632,Social benefits other than social transfers in kind and social transfers in kind - purchased market production,train,682,30,26,170530.9
GF0904,Tertiary education,D632,Social transfers in kind - purchased market production,holdout,113,28,5,6963.8
GF0904,Tertiary education,D632,Social transfers in kind - purchased market production,train,630,28,26,22818.8
GF0904,Tertiary education,D7,Other current transfers,holdout,121,30,5,27177.3
GF0904,Tertiary education,D7,Other current transfers,train,693,30,26,99520.7
GF0904,Tertiary education,D7_S1311,"Other current transfers,of which payable to subsector S1311",holdout,4,1,4,0.0
GF0904,Tertiary education,D7_S1311,"Other current transfers,of which payable to subsector S1311",train,20,1,20,0.0
GF0904,Tertiary education,D7_S1312,"Other current transfers,of which payable to subsector S1312",holdout,4,1,4,0.0
GF0904,Tertiary education,D7_S1312,"Other current transfers,of which payable to subsector S1312",train,20,1,20,0.0
GF0904,Tertiary education,D7_S1313,"Other current transfers,of which payable to subsector S1313",holdout,4,1,4,0.0
GF0904,Tertiary education,D7_S1313,"Other current transfers,of which payable to subsector S1313",train,20,1,20,0.0
GF0904,Tertiary education,D7_S1314,"Other current transfers,of which payable to subsector S1314",holdout,4,1,4,0.0
GF0904,Tertiary education,D7_S1314,"Other current transfers,of which payable to subsector S1314",train,20,1,20,0.0
GF0904,Tertiary education,D9,Capital transfers,holdout,119,30,5,13126.7
GF0904,Tertiary education,D9,Capital transfers,train,680,30,26,40415.4
GF0904,Tertiary education,D92,Investment grants,holdout,121,30,5,4650.7
GF0904,Tertiary education,D92,Investment grants,train,664,30,26,15357.5
GF0904,Tertiary education,D9_S1311,"Capital transfers, expenditure, of which to subsector central government (S1311)",holdout,4,1,4,0.0
GF0904,Tertiary education,D9_S1311,"Capital transfers, expenditure, of which to subsector central government (S1311)",train,20,1,20,0.0
GF0904,Tertiary education,D9_S1312,"Capital transfers, expenditure, of which to subsector state government (S1312)",holdout,4,1,4,0.0
GF0904,Tertiary education,D9_S1312,"Capital transfers, expenditure, of which to subsector state government (S1312)",train,20,1,20,0.0
GF0904,Tertiary education,D9_S1313,"Capital transfers, expenditure, of which to subsector local government (S1313)",holdout,4,1,4,0.0
GF0904,Tertiary education,D9_S1313,"Capital transfers, expenditure, of which to subsector local government (S1313)",train,20,1,20,0.0
GF0904,Tertiary education,D9_S1314,"Capital transfers, expenditure, of which to subsector social security funds (S1314)",holdout,4,1,4,0.0
GF0904,Tertiary education,D9_S1314,"Capital transfers, expenditure, of which to subsector social security funds (S1314)",train,20,1,20,0.0
GF0904,Tertiary education,NP,Acquisitions less disposals of non-financial non-produced assets,holdout,116,29,5,507.6
GF0904,Tertiary education,NP,Acquisitions less disposals of non-financial non-produced assets,train,670,29,26,1854.6
GF0904,Tertiary education,OP5ANP,Gross capital formation and acquisitions less disposals of non-financial non-produced assets,holdout,121,30,5,66777.4
GF0904,Tertiary education,OP5ANP,Gross capital formation and acquisitions less disposals of non-financial non-produced assets,train,698,30,26,242776.1
GF0904,Tertiary education,P2,Intermediate consumption,holdout,121,30,5,94611.4
GF0904,Tertiary education,P2,Intermediate consumption,train,698,30,26,382389.9
GF0904,Tertiary education,P2_D29_D5_D8,"Intermediate consumption; other taxes on production; current taxes on income, wealth, etc.; adjustment for the change in pension entitlements",holdout,117,29,5,95472.8
GF0904,Tertiary education,P2_D29_D5_D8,"Intermediate consumption; other taxes on production; current taxes on income, wealth, etc.; adjustment for the change in pension entitlements",train,672,29,26,385779.9
GF0904,Tertiary education,P3,Final consumption expenditure,holdout,121,30,5,367530.4
GF0904,Tertiary education,P3,Final consumption expenditure,train,696,30,26,1371188.5
GF0904,Tertiary education,P31,Individual consumption expenditure,holdout,109,27,5,262441.7
GF0904,Tertiary education,P31,Individual consumption expenditure,train,638,27,26,978537.7
GF0904,Tertiary education,P32,Collective consumption expenditure,holdout,79,20,5,0.0
GF0904,Tertiary education,P32,Collective consumption expenditure,train,481,20,26,0.0
GF0904,Tertiary education,P5,Gross capital formation,holdout,121,30,5,66459.4
GF0904,Tertiary education,P5,Gross capital formation,train,698,30,26,241502.6
GF0904,Tertiary education,P51G,Gross fixed capital formation,holdout,121,30,5,66448.3
GF0904,Tertiary education,P51G,Gross fixed capital formation,train,698,30,26,240176.2
GF0904,Tertiary education,TE,Total general government expenditure,holdout,121,30,5,546021.2
GF0904,Tertiary education,TE,Total general government expenditure,train,698,30,26,2076363.6
GF0905,Education not definable by level,D1,Compensation of employees,holdout,121,30,5,49145.2
GF0905,Education not definable by level,D1,Compensation of employees,train,698,30,26,184243.0
GF0905,Education not definable by level,D29_D5_D8,"""Other taxes on production; current taxes on income, wealth, etc; adjustment for the change in pension entitlements""",holdout,113,28,5,466.6
GF0905,Education not definable by level,D29_D5_D8,"""Other taxes on production; current taxes on income, wealth, etc; adjustment for the change in pension entitlements""",train,645,28,26,2577.0
GF0905,Education not definable by level,D3,Subsidies,holdout,113,28,5,5163.0
GF0905,Education not definable by level,D3,Subsidies,train,660,29,26,54865.0
GF0905,Education not definable by level,D4,Property income,holdout,105,26,5,7.3
GF0905,Education not definable by level,D4,Property income,train,617,27,26,58.3
GF0905,Education not definable by level,D4_S1311,"Property income, of which payable to subsector S1311",holdout,4,1,4,0.0
GF0905,Education not definable by level,D4_S1311,"Property income, of which payable to subsector S1311",train,20,1,20,0.0
GF0905,Education not definable by level,D4_S1312,"Property income, of which payable to subsector S1312",holdout,4,1,4,0.0
GF0905,Education not definable by level,D4_S1312,"Property income, of which payable to subsector S1312",train,20,1,20,0.0
GF0905,Education not definable by level,D4_S1313,"Property income, of which payable to subsector S1313",holdout,4,1,4,0.0
GF0905,Education not definable by level,D4_S1313,"Property income, of which payable to subsector S1313",train,20,1,20,0.0
GF0905,Education not definable by level,D4_S1314,"Property income, of which payable to subsector S1314",holdout,4,1,4,0.0
GF0905,Education not definable by level,D4_S1314,"Property income, of which payable to subsector S1314",train,20,1,20,0.0
GF0905,Education not definable by level,D62,Social benefits other than social transfers in kind,holdout,117,29,5,10809.3
GF0905,Education not definable by level,D62,Social benefits other than social transfers in kind,train,645,29,26,49878.5
GF0905,Education not definable by level,D62_D632,Social benefits other than social transfers in kind and social transfers in kind - purchased market production,holdout,117,29,5,25154.7
GF0905,Education not definable by level,D62_D632,Social benefits other than social transfers in kind and social transfers in kind - purchased market production,train,672,29,26,84837.1
GF0905,Education not definable by level,D632,Social transfers in kind - purchased market production,holdout,117,29,5,14345.0
GF0905,Education not definable by level,D632,Social transfers in kind - purchased market production,train,633,29,26,32555.4
GF0905,Education not definable by level,D7,Other current transfers,holdout,121,30,5,17695.3
GF0905,Education not definable by level,D7,Other current transfers,train,690,30,26,66569.0
GF0905,Education not definable by level,D7_S1311,"Other current transfers,of which payable to subsector S1311",holdout,4,1,4,0.0
GF0905,Education not definable by level,D7_S1311,"Other current transfers,of which payable to subsector S1311",train,20,1,20,0.0
GF0905,Education not definable by level,D7_S1312,"Other current transfers,of which payable to subsector S1312",holdout,4,1,4,0.0
GF0905,Education not definable by level,D7_S1312,"Other current transfers,of which payable to subsector S1312",train,20,1,20,0.0
GF0905,Education not definable by level,D7_S1313,"Other current transfers,of which payable to subsector S1313",holdout,4,1,4,0.0
GF0905,Education not definable by level,D7_S1313,"Other current transfers,of which payable to subsector S1313",train,20,1,20,0.0
GF0905,Education not definable by level,D7_S1314,"Other current transfers,of which payable to subsector S1314",holdout,4,1,4,0.0
GF0905,Education not definable by level,D7_S1314,"Other current transfers,of which payable to subsector S1314",train,20,1,20,0.0
GF0905,Education not definable by level,D9,Capital transfers,holdout,117,29,5,1249.0
GF0905,Education not definable by level,D9,Capital transfers,train,666,29,26,4450.4
GF0905,Education not definable by level,D92,Investment grants,holdout,117,29,5,791.1
GF0905,Education not definable by level,D92,Investment grants,train,663,29,26,2741.2
GF0905,Education not definable by level,D9_S1311,"Capital transfers, expenditure, of which to subsector central government (S1311)",holdout,4,1,4,0.0
GF0905,Education not definable by level,D9_S1311,"Capital transfers, expenditure, of which to subsector central government (S1311)",train,20,1,20,0.0
GF0905,Education not definable by level,D9_S1312,"Capital transfers, expenditure, of which to subsector state government (S1312)",holdout,4,1,4,0.0
GF0905,Education not definable by level,D9_S1312,"Capital transfers, expenditure, of which to subsector state government (S1312)",train,20,1,20,0.0
GF0905,Education not definable by level,D9_S1313,"Capital transfers, expenditure, of which to subsector local government (S1313)",holdout,4,1,4,0.0
GF0905,Education not definable by level,D9_S1313,"Capital transfers, expenditure, of which to subsector local government (S1313)",train,20,1,20,0.0
GF0905,Education not definable by level,D9_S1314,"Capital transfers, expenditure, of which to subsector social security funds (S1314)",holdout,4,1,4,0.0
GF0905,Education not definable by level,D9_S1314,"Capital transfers, expenditure, of which to subsector social security funds (S1314)",train,20,1,20,0.0
GF0905,Education not definable by level,NP,Acquisitions less disposals of non-financial non-produced assets,holdout,111,28,5,85.4
GF0905,Education not definable by level,NP,Acquisitions less disposals of non-financial non-produced assets,train,645,29,26,292.2
GF0905,Education not definable by level,OP5ANP,Gross capital formation and acquisitions less disposals of non-financial non-produced assets,holdout,121,30,5,14769.6
GF0905,Education not definable by level,OP5ANP,Gross capital formation and acquisitions less disposals of non-financial non-produced assets,train,698,30,26,48186.4
GF0905,Education not definable by level,P2,Intermediate consumption,holdout,121,30,5,25873.9
GF0905,Education not definable by level,P2,Intermediate consumption,train,698,30,26,98312.5
GF0905,Education not definable by level,P2_D29_D5_D8,"Intermediate consumption; other taxes on production; current taxes on income, wealth, etc.; adjustment for the change in pension entitlements",holdout,117,29,5,25982.5
GF0905,Education not definable by level,P2_D29_D5_D8,"Intermediate consumption; other taxes on production; current taxes on income, wealth, etc.; adjustment for the change in pension entitlements",train,672,29,26,98367.4
GF0905,Education not definable by level,P3,Final consumption expenditure,holdout,121,30,5,95614.3
GF0905,Education not definable by level,P3,Final consumption expenditure,train,698,30,26,332706.4
GF0905,Education not definable by level,P31,Individual consumption expenditure,holdout,109,27,5,84461.4
GF0905,Education not definable by level,P31,Individual consumption expenditure,train,640,27,26,286807.1
GF0905,Education not definable by level,P32,Collective consumption expenditure,holdout,79,20,5,0.0
GF0905,Education not definable by level,P32,Collective consumption expenditure,train,481,20,26,0.0
GF0905,Education not definable by level,P5,Gross capital formation,holdout,121,30,5,14695.8
GF0905,Education not definable by level,P5,Gross capital formation,train,698,30,26,47920.7
GF0905,Education not definable by level,P51G,Gross fixed capital formation,holdout,121,30,5,14680.2
GF0905,Education not definable by level,P51G,Gross fixed capital formation,train,698,30,26,46109.2
GF0905,Education not definable by level,TE,Total general government expenditure,holdout,121,30,5,139524.8
GF0905,Education not definable by level,TE,Total general government expenditure,train,698,30,26,544084.3
GF0906,Subsidiary services to education,D1,Compensation of employees,holdout,121,30,5,89031.2
GF0906,Subsidiary services to education,D1,Compensation of employees,train,694,30,26,259029.0
GF0906,Subsidiary services to education,D29_D5_D8,"""Other taxes on production; current taxes on income, wealth, etc; adjustment for the change in pension entitlements""",holdout,110,28,5,674.7
GF0906,Subsidiary services to education,D29_D5_D8,"""Other taxes on production; current taxes on income, wealth, etc; adjustment for the change in pension entitlements""",train,641,28,26,2264.9
GF0906,Subsidiary services to education,D3,Subsidies,holdout,120,30,5,2717.2
GF0906,Subsidiary services to education,D3,Subsidies,train,680,30,26,9648.5
GF0906,Subsidiary services to education,D4,Property income,holdout,105,26,5,42.1
GF0906,Subsidiary services to education,D4,Property income,train,624,27,26,65.9
GF0906,Subsidiary services to education,D4_S1311,"Property income, of which payable to subsector S1311",holdout,4,1,4,0.0
GF0906,Subsidiary services to education,D4_S1311,"Property income, of which payable to subsector S1311",train,20,1,20,0.0
GF0906,Subsidiary services to education,D4_S1312,"Property income, of which payable to subsector S1312",holdout,4,1,4,0.0
GF0906,Subsidiary services to education,D4_S1312,"Property income, of which payable to subsector S1312",train,20,1,20,0.0
GF0906,Subsidiary services to education,D4_S1313,"Property income, of which payable to subsector S1313",holdout,4,1,4,0.0
GF0906,Subsidiary services to education,D4_S1313,"Property income, of which payable to subsector S1313",train,20,1,20,0.0
GF0906,Subsidiary services to education,D4_S1314,"Property income, of which payable to subsector S1314",holdout,4,1,4,0.0
GF0906,Subsidiary services to education,D4_S1314,"Property income, of which payable to subsector S1314",train,20,1,20,0.0
GF0906,Subsidiary services to education,D62,Social benefits other than social transfers in kind,holdout,117,29,5,11250.6
GF0906,Subsidiary services to education,D62,Social benefits other than social transfers in kind,train,643,29,26,50843.4
GF0906,Subsidiary services to education,D62_D632,Social benefits other than social transfers in kind and social transfers in kind - purchased market production,holdout,117,29,5,36424.6
GF0906,Subsidiary services to education,D62_D632,Social benefits other than social transfers in kind and social transfers in kind - purchased market production,train,671,29,26,162816.3
GF0906,Subsidiary services to education,D632,Social transfers in kind - purchased market production,holdout,117,29,5,25173.3
GF0906,Subsidiary services to education,D632,Social transfers in kind - purchased market production,train,650,29,26,97096.5
GF0906,Subsidiary services to education,D7,Other current transfers,holdout,121,30,5,17371.6
GF0906,Subsidiary services to education,D7,Other current transfers,train,680,30,26,60776.4
GF0906,Subsidiary services to education,D7_S1311,"Other current transfers,of which payable to subsector S1311",holdout,4,1,4,0.0
GF0906,Subsidiary services to education,D7_S1311,"Other current transfers,of which payable to subsector S1311",train,20,1,20,0.0
GF0906,Subsidiary services to education,D7_S1312,"Other current transfers,of which payable to subsector S1312",holdout,4,1,4,0.0
GF0906,Subsidiary services to education,D7_S1312,"Other current transfers,of which payable to subsector S1312",train,20,1,20,0.0
GF0906,Subsidiary services to education,D7_S1313,"Other current transfers,of which payable to subsector S1313",holdout,4,1,4,0.0
GF0906,Subsidiary services to education,D7_S1313,"Other current transfers,of which payable to subsector S1313",train,20,1,20,0.0
GF0906,Subsidiary services to education,D7_S1314,"Other current transfers,of which payable to subsector S1314",holdout,4,1,4,0.0
GF0906,Subsidiary services to education,D7_S1314,"Other current transfers,of which payable to subsector S1314",train,20,1,20,0.0
GF0906,Subsidiary services to education,D9,Capital transfers,holdout,115,30,5,2810.7
GF0906,Subsidiary services to education,D9,Capital transfers,train,666,29,26,5283.6
GF0906,Subsidiary services to education,D92,Investment grants,holdout,115,30,5,2645.2
GF0906,Subsidiary services to education,D92,Investment grants,train,659,29,26,4599.5
GF0906,Subsidiary services to education,D9_S1311,"Capital transfers, expenditure, of which to subsector central government (S1311)",holdout,4,1,4,0.0
GF0906,Subsidiary services to education,D9_S1311,"Capital transfers, expenditure, of which to subsector central government (S1311)",train,20,1,20,0.0
GF0906,Subsidiary services to education,D9_S1312,"Capital transfers, expenditure, of which to subsector state government (S1312)",holdout,4,1,4,0.0
GF0906,Subsidiary services to education,D9_S1312,"Capital transfers, expenditure, of which to subsector state government (S1312)",train,20,1,20,0.0
GF0906,Subsidiary services to education,D9_S1313,"Capital transfers, expenditure, of which to subsector local government (S1313)",holdout,4,1,4,0.0
GF0906,Subsidiary services to education,D9_S1313,"Capital transfers, expenditure, of which to subsector local government (S1313)",train,20,1,20,0.0
GF0906,Subsidiary services to education,D9_S1314,"Capital transfers, expenditure, of which to subsector social security funds (S1314)",holdout,4,1,4,0.0
GF0906,Subsidiary services to education,D9_S1314,"Capital transfers, expenditure, of which to subsector social security funds (S1314)",train,20,1,20,0.0
GF0906,Subsidiary services to education,NP,Acquisitions less disposals of non-financial non-produced assets,holdout,111,28,5,72.3
GF0906,Subsidiary services to education,NP,Acquisitions less disposals of non-financial non-produced assets,train,649,29,26,221.9
GF0906,Subsidiary services to education,OP5ANP,Gross capital formation and acquisitions less disposals of non-financial non-produced assets,holdout,121,30,5,10408.9
GF0906,Subsidiary services to education,OP5ANP,Gross capital formation and acquisitions less disposals of non-financial non-produced assets,train,695,30,26,32200.9
GF0906,Subsidiary services to education,P2,Intermediate consumption,holdout,121,30,5,52906.5
GF0906,Subsidiary services to education,P2,Intermediate consumption,train,694,30,26,173771.6
GF0906,Subsidiary services to education,P2_D29_D5_D8,"Intermediate consumption; other taxes on production; current taxes on income, wealth, etc.; adjustment for the change in pension entitlements",holdout,117,29,5,53526.6
GF0906,Subsidiary services to education,P2_D29_D5_D8,"Intermediate consumption; other taxes on production; current taxes on income, wealth, etc.; adjustment for the change in pension entitlements",train,670,29,26,175850.7
GF0906,Subsidiary services to education,P3,Final consumption expenditure,holdout,121,30,5,163768.5
GF0906,Subsidiary services to education,P3,Final consumption expenditure,train,698,30,26,532391.6
GF0906,Subsidiary services to education,P31,Individual consumption expenditure,holdout,109,27,5,107723.8
GF0906,Subsidiary services to education,P31,Individual consumption expenditure,train,640,27,26,396244.8
GF0906,Subsidiary services to education,P32,Collective consumption expenditure,holdout,79,20,5,0.0
GF0906,Subsidiary services to education,P32,Collective consumption expenditure,train,481,20,26,0.0
GF0906,Subsidiary services to education,P5,Gross capital formation,holdout,121,30,5,10344.6
GF0906,Subsidiary services to education,P5,Gross capital formation,train,694,30,26,32015.3
GF0906,Subsidiary services to education,P51G,Gross fixed capital formation,holdout,121,30,5,10352.0
GF0906,Subsidiary services to education,P51G,Gross fixed capital formation,train,695,30,26,32147.3
GF0906,Subsidiary services to education,TE,Total general government expenditure,holdout,121,30,5,212386.4
GF0906,Subsidiary services to education,TE,Total general government expenditure,train,698,30,26,705855.8
GF0907,R&D Education,D1,Compensation of employees,holdout,121,30,5,3666.8
GF0907,R&D Education,D1,Compensation of employees,train,686,30,26,9811.8
GF0907,R&D Education,D29_D5_D8,"""Other taxes on production; current taxes on income, wealth, etc; adjustment for the change in pension entitlements""",holdout,109,27,5,42.2
GF0907,R&D Education,D29_D5_D8,"""Other taxes on production; current taxes on income, wealth, etc; adjustment for the change in pension entitlements""",train,635,28,26,114.5
GF0907,R&D Education,D3,Subsidies,holdout,109,27,5,247.5
GF0907,R&D Education,D3,Subsidies,train,636,28,26,1627.8
GF0907,R&D Education,D4,Property income,holdout,105,26,5,3.7
GF0907,R&D Education,D4,Property income,train,611,26,26,20.5
GF0907,R&D Education,D4_S1311,"Property income, of which payable to subsector S1311",holdout,4,1,4,0.0
GF0907,R&D Education,D4_S1311,"Property income, of which payable to subsector S1311",train,20,1,20,0.0
GF0907,R&D Education,D4_S1312,"Property income, of which payable to subsector S1312",holdout,4,1,4,0.0
GF0907,R&D Education,D4_S1312,"Property income, of which payable to subsector S1312",train,20,1,20,0.0
GF0907,R&D Education,D4_S1313,"Property income, of which payable to subsector S1313",holdout,4,1,4,0.0
GF0907,R&D Education,D4_S1313,"Property income, of which payable to subsector S1313",train,20,1,20,0.0
GF0907,R&D Education,D4_S1314,"Property income, of which payable to subsector S1314",holdout,4,1,4,0.0
GF0907,R&D Education,D4_S1314,"Property income, of which payable to subsector S1314",train,20,1,20,0.0
GF0907,R&D Education,D62,Social benefits other than social transfers in kind,holdout,109,27,5,0.1
GF0907,R&D Education,D62,Social benefits other than social transfers in kind,train,599,27,26,14.1
GF0907,R&D Education,D62_D632,Social benefits other than social transfers in kind and social transfers in kind - purchased market production,holdout,109,27,5,0.1
GF0907,R&D Education,D62_D632,Social benefits other than social transfers in kind and social transfers in kind - purchased market production,train,623,27,26,14.1
GF0907,R&D Education,D632,Social transfers in kind - purchased market production,holdout,105,26,5,0.0
GF0907,R&D Education,D632,Social transfers in kind - purchased market production,train,589,27,26,0.0
GF0907,R&D Education,D7,Other current transfers,holdout,117,29,5,1355.2
GF0907,R&D Education,D7,Other current transfers,train,671,30,26,3912.1
GF0907,R&D Education,D7_S1311,"Other current transfers,of which payable to subsector S1311",holdout,4,1,4,0.0
GF0907,R&D Education,D7_S1311,"Other current transfers,of which payable to subsector S1311",train,20,1,20,0.0
GF0907,R&D Education,D7_S1312,"Other current transfers,of which payable to subsector S1312",holdout,4,1,4,0.0
GF0907,R&D Education,D7_S1312,"Other current transfers,of which payable to subsector S1312",train,20,1,20,0.0
GF0907,R&D Education,D7_S1313,"Other current transfers,of which payable to subsector S1313",holdout,4,1,4,0.0
GF0907,R&D Education,D7_S1313,"Other current transfers,of which payable to subsector S1313",train,20,1,20,0.0
GF0907,R&D Education,D7_S1314,"Other current transfers,of which payable to subsector S1314",holdout,4,1,4,0.0
GF0907,R&D Education,D7_S1314,"Other current transfers,of which payable to subsector S1314",train,20,1,20,0.0
GF0907,R&D Education,D9,Capital transfers,holdout,117,29,5,34.5
GF0907,R&D Education,D9,Capital transfers,train,661,29,26,313.5
GF0907,R&D Education,D92,Investment grants,holdout,117,29,5,32.9
GF0907,R&D Education,D92,Investment grants,train,660,29,26,277.9
GF0907,R&D Education,D9_S1311,"Capital transfers, expenditure, of which to subsector central government (S1311)",holdout,4,1,4,0.0
GF0907,R&D Education,D9_S1311,"Capital transfers, expenditure, of which to subsector central government (S1311)",train,20,1,20,0.0
GF0907,R&D Education,D9_S1312,"Capital transfers, expenditure, of which to subsector state government (S1312)",holdout,4,1,4,0.0
GF0907,R&D Education,D9_S1312,"Capital transfers, expenditure, of which to subsector state government (S1312)",train,20,1,20,0.0
GF0907,R&D Education,D9_S1313,"Capital transfers, expenditure, of which to subsector local government (S1313)",holdout,4,1,4,0.0
GF0907,R&D Education,D9_S1313,"Capital transfers, expenditure, of which to subsector local government (S1313)",train,20,1,20,0.0
GF0907,R&D Education,D9_S1314,"Capital transfers, expenditure, of which to subsector social security funds (S1314)",holdout,4,1,4,0.0
GF0907,R&D Education,D9_S1314,"Capital transfers, expenditure, of which to subsector social security funds (S1314)",train,20,1,20,0.0
GF0907,R&D Education,NP,Acquisitions less disposals of non-financial non-produced assets,holdout,109,27,5,5.8
GF0907,R&D Education,NP,Acquisitions less disposals of non-financial non-produced assets,train,632,28,26,14.2
GF0907,R&D Education,OP5ANP,Gross capital formation and acquisitions less disposals of non-financial non-produced assets,holdout,121,30,5,8398.0
GF0907,R&D Education,OP5ANP,Gross capital formation and acquisitions less disposals of non-financial non-produced assets,train,686,30,26,29770.9
GF0907,R&D Education,P2,Intermediate consumption,holdout,121,30,5,2395.0
GF0907,R&D Education,P2,Intermediate consumption,train,686,30,26,9113.9
GF0907,R&D Education,P2_D29_D5_D8,"Intermediate consumption; other taxes on production; current taxes on income, wealth, etc.; adjustment for the change in pension entitlements",holdout,117,29,5,2329.3
GF0907,R&D Education,P2_D29_D5_D8,"Intermediate consumption; other taxes on production; current taxes on income, wealth, etc.; adjustment for the change in pension entitlements",train,660,29,26,8502.3
GF0907,R&D Education,P3,Final consumption expenditure,holdout,121,30,5,5814.6
GF0907,R&D Education,P3,Final consumption expenditure,train,686,30,26,16993.1
GF0907,R&D Education,P31,Individual consumption expenditure,holdout,79,20,5,0.0
GF0907,R&D Education,P31,Individual consumption expenditure,train,481,20,26,0.0
GF0907,R&D Education,P32,Collective consumption expenditure,holdout,109,27,5,4369.3
GF0907,R&D Education,P32,Collective consumption expenditure,train,628,27,26,13136.5
GF0907,R&D Education,P5,Gross capital formation,holdout,121,30,5,8399.7
GF0907,R&D Education,P5,Gross capital formation,train,686,30,26,29761.7
GF0907,R&D Education,P51G,Gross fixed capital formation,holdout,121,30,5,8395.6
GF0907,R&D Education,P51G,Gross fixed capital formation,train,686,30,26,29759.0
GF0907,R&D Education,TE,Total general government expenditure,holdout,121,30,5,16123.7
GF0907,R&D Education,TE,Total general government expenditure,train,686,30,26,54700.2
GF0908,Education n.e.c.,D1,Compensation of employees,holdout,121,30,5,27758.0
GF0908,Education n.e.c.,D1,Compensation of employees,train,698,30,26,113192.7
GF0908,Education n.e.c.,D29_D5_D8,"""Other taxes on production; current taxes on income, wealth, etc; adjustment for the change in pension entitlements""",holdout,112,28,5,480.4
GF0908,Education n.e.c.,D29_D5_D8,"""Other taxes on production; current taxes on income, wealth, etc; adjustment for the change in pension entitlements""",train,643,28,26,1180.0
GF0908,Education n.e.c.,D3,Subsidies,holdout,114,29,5,3630.8
GF0908,Education n.e.c.,D3,Subsidies,train,674,29,26,14191.6
GF0908,Education n.e.c.,D4,Property income,holdout,105,26,5,1.4
GF0908,Education n.e.c.,D4,Property income,train,611,26,26,2.3
GF0908,Education n.e.c.,D4_S1311,"Property income, of which payable to subsector S1311",holdout,4,1,4,0.0
GF0908,Education n.e.c.,D4_S1311,"Property income, of which payable to subsector S1311",train,20,1,20,0.0
GF0908,Education n.e.c.,D4_S1312,"Property income, of which payable to subsector S1312",holdout,4,1,4,0.0
GF0908,Education n.e.c.,D4_S1312,"Property income, of which payable to subsector S1312",train,20,1,20,0.0
GF0908,Education n.e.c.,D4_S1313,"Property income, of which payable to subsector S1313",holdout,4,1,4,0.0
GF0908,Education n.e.c.,D4_S1313,"Property income, of which payable to subsector S1313",train,20,1,20,0.0
GF0908,Education n.e.c.,D4_S1314,"Property income, of which payable to subsector S1314",holdout,4,1,4,0.0
GF0908,Education n.e.c.,D4_S1314,"Property income, of which payable to subsector S1314",train,20,1,20,0.0
GF0908,Education n.e.c.,D62,Social benefits other than social transfers in kind,holdout,109,27,5,1186.8
GF0908,Education n.e.c.,D62,Social benefits other than social transfers in kind,train,607,28,26,1225.0
GF0908,Education n.e.c.,D62_D632,Social benefits other than social transfers in kind and social transfers in kind - purchased market production,holdout,109,27,5,1186.8
GF0908,Education n.e.c.,D62_D632,Social benefits other than social transfers in kind and social transfers in kind - purchased market production,train,630,28,26,1249.4
GF0908,Education n.e.c.,D632,Social transfers in kind - purchased market production,holdout,105,26,5,0.0
GF0908,Education n.e.c.,D632,Social transfers in kind - purchased market production,train,588,26,26,0.0
GF0908,Education n.e.c.,D7,Other current transfers,holdout,121,30,5,7006.3
GF0908,Education n.e.c.,D7,Other current transfers,train,691,30,26,25648.7
GF0908,Education n.e.c.,D7_S1311,"Other current transfers,of which payable to subsector S1311",holdout,4,1,4,0.0
GF0908,Education n.e.c.,D7_S1311,"Other current transfers,of which payable to subsector S1311",train,20,1,20,0.0
GF0908,Education n.e.c.,D7_S1312,"Other current transfers,of which payable to subsector S1312",holdout,4,1,4,0.0
GF0908,Education n.e.c.,D7_S1312,"Other current transfers,of which payable to subsector S1312",train,20,1,20,0.0
GF0908,Education n.e.c.,D7_S1313,"Other current transfers,of which payable to subsector S1313",holdout,4,1,4,0.0
GF0908,Education n.e.c.,D7_S1313,"Other current transfers,of which payable to subsector S1313",train,20,1,20,0.0
GF0908,Education n.e.c.,D7_S1314,"Other current transfers,of which payable to subsector S1314",holdout,4,1,4,0.0
GF0908,Education n.e.c.,D7_S1314,"Other current transfers,of which payable to subsector S1314",train,20,1,20,0.0
GF0908,Education n.e.c.,D9,Capital transfers,holdout,118,30,5,711.4
GF0908,Education n.e.c.,D9,Capital transfers,train,681,30,26,946.0
GF0908,Education n.e.c.,D92,Investment grants,holdout,118,30,5,694.7
GF0908,Education n.e.c.,D92,Investment grants,train,672,30,26,810.4
GF0908,Education n.e.c.,D9_S1311,"Capital transfers, expenditure, of which to subsector central government (S1311)",holdout,4,1,4,0.0
GF0908,Education n.e.c.,D9_S1311,"Capital transfers, expenditure, of which to subsector central government (S1311)",train,20,1,20,0.0
GF0908,Education n.e.c.,D9_S1312,"Capital transfers, expenditure, of which to subsector state government (S1312)",holdout,4,1,4,0.0
GF0908,Education n.e.c.,D9_S1312,"Capital transfers, expenditure, of which to subsector state government (S1312)",train,20,1,20,0.0
GF0908,Education n.e.c.,D9_S1313,"Capital transfers, expenditure, of which to subsector local government (S1313)",holdout,4,1,4,0.0
GF0908,Education n.e.c.,D9_S1313,"Capital transfers, expenditure, of which to subsector local government (S1313)",train,20,1,20,0.0
GF0908,Education n.e.c.,D9_S1314,"Capital transfers, expenditure, of which to subsector social security funds (S1314)",holdout,4,1,4,0.0
GF0908,Education n.e.c.,D9_S1314,"Capital transfers, expenditure, of which to subsector social security funds (S1314)",train,20,1,20,0.0
GF0908,Education n.e.c.,NP,Acquisitions less disposals of non-financial non-produced assets,holdout,112,29,5,19.7
GF0908,Education n.e.c.,NP,Acquisitions less disposals of non-financial non-produced assets,train,656,29,26,294.5
GF0908,Education n.e.c.,OP5ANP,Gross capital formation and acquisitions less disposals of non-financial non-produced assets,holdout,121,30,5,6770.7
GF0908,Education n.e.c.,OP5ANP,Gross capital formation and acquisitions less disposals of non-financial non-produced assets,train,698,30,26,23522.0
GF0908,Education n.e.c.,P2,Intermediate consumption,holdout,121,30,5,12615.4
GF0908,Education n.e.c.,P2,Intermediate consumption,train,698,30,26,50172.5
GF0908,Education n.e.c.,P2_D29_D5_D8,"Intermediate consumption; other taxes on production; current taxes on income, wealth, etc.; adjustment for the change in pension entitlements",holdout,117,29,5,12803.3
GF0908,Education n.e.c.,P2_D29_D5_D8,"Intermediate consumption; other taxes on production; current taxes on income, wealth, etc.; adjustment for the change in pension entitlements",train,672,29,26,49123.8
GF0908,Education n.e.c.,P3,Final consumption expenditure,holdout,121,30,5,43090.1
GF0908,Education n.e.c.,P3,Final consumption expenditure,train,698,30,26,159945.8
GF0908,Education n.e.c.,P31,Individual consumption expenditure,holdout,79,20,5,0.0
GF0908,Education n.e.c.,P31,Individual consumption expenditure,train,481,20,26,0.0
GF0908,Education n.e.c.,P32,Collective consumption expenditure,holdout,109,27,5,32355.8
GF0908,Education n.e.c.,P32,Collective consumption expenditure,train,640,27,26,129146.9
GF0908,Education n.e.c.,P5,Gross capital formation,holdout,121,30,5,6755.2
GF0908,Education n.e.c.,P5,Gross capital formation,train,698,30,26,23323.6
GF0908,Education n.e.c.,P51G,Gross fixed capital formation,holdout,121,30,5,6777.2
GF0908,Education n.e.c.,P51G,Gross fixed capital formation,train,698,30,26,23336.0
GF0908,Education n.e.c.,TE,Total general government expenditure,holdout,121,30,5,60161.7
GF0908,Education n.e.c.,TE,Total general government expenditure,train,698,30,26,229787.2
GF10,Social protection,D1,Compensation of employees,holdout,121,30,5,691774.3
GF10,Social protection,D1,Compensation of employees,train,767,30,31,2860179.2
GF10,Social protection,D29_D5_D8,"""Other taxes on production; current taxes on income, wealth, etc; adjustment for the change in pension entitlements""",holdout,117,29,5,38463.3
GF10,Social protection,D29_D5_D8,"""Other taxes on production; current taxes on income, wealth, etc; adjustment for the change in pension entitlements""",train,724,29,31,156882.1
GF10,Social protection,D3,Subsidies,holdout,121,30,5,18534.8
GF10,Social protection,D3,Subsidies,train,736,30,31,68222.0
GF10,Social protection,D4,Property income,holdout,109,27,5,4681.9
GF10,Social protection,D4,Property income,train,703,28,31,13595.5
GF10,Social protection,D4_S1311,"Property income, of which payable to subsector S1311",holdout,4,1,4,0.0
GF10,Social protection,D4_S1311,"Property income, of which payable to subsector S1311",train,20,1,20,0.0
GF10,Social protection,D4_S1312,"Property income, of which payable to subsector S1312",holdout,4,1,4,0.0
GF10,Social protection,D4_S1312,"Property income, of which payable to subsector S1312",train,20,1,20,0.0
GF10,Social protection,D4_S1313,"Property income, of which payable to subsector S1313",holdout,4,1,4,0.0
GF10,Social protection,D4_S1313,"Property income, of which payable to subsector S1313",train,20,1,20,0.0
GF10,Social protection,D4_S1314,"Property income, of which payable to subsector S1314",holdout,4,1,4,0.0
GF10,Social protection,D4_S1314,"Property income, of which payable to subsector S1314",train,20,1,20,0.0
GF10,Social protection,D62,Social benefits other than social transfers in kind,holdout,121,30,5,11171848.1
GF10,Social protection,D62,Social benefits other than social transfers in kind,train,723,30,31,37031970.2
GF10,Social protection,D62_D632,Social benefits other than social transfers in kind and social transfers in kind - purchased market production,holdout,121,30,5,12134042.6
GF10,Social protection,D62_D632,Social benefits other than social transfers in kind and social transfers in kind - purchased market production,train,767,30,31,47638379.2
GF10,Social protection,D632,Social transfers in kind - purchased market production,holdout,117,29,5,962194.2
GF10,Social protection,D632,Social transfers in kind - purchased market production,train,716,30,31,2618904.3
GF10,Social protection,D7,Other current transfers,holdout,121,30,5,351383.3
GF10,Social protection,D7,Other current transfers,train,761,30,31,1112089.7
GF10,Social protection,D7_S1311,"Other current transfers,of which payable to subsector S1311",holdout,4,1,4,0.0
GF10,Social protection,D7_S1311,"Other current transfers,of which payable to subsector S1311",train,20,1,20,0.0
GF10,Social protection,D7_S1312,"Other current transfers,of which payable to subsector S1312",holdout,4,1,4,0.0
GF10,Social protection,D7_S1312,"Other current transfers,of which payable to subsector S1312",train,20,1,20,0.0
GF10,Social protection,D7_S1313,"Other current transfers,of which payable to subsector S1313",holdout,4,1,4,0.0
GF10,Social protection,D7_S1313,"Other current transfers,of which payable to subsector S1313",train,20,1,20,0.0
GF10,Social protection,D7_S1314,"Other current transfers,of which payable to subsector S1314",holdout,4,1,4,0.0
GF10,Social protection,D7_S1314,"Other current transfers,of which payable to subsector S1314",train,20,1,20,0.0
GF10,Social protection,D9,Capital transfers,holdout,120,30,5,37368.8
GF10,Social protection,D9,Capital transfers,train,751,30,31,209253.7
GF10,Social protection,D92,Investment grants,holdout,117,29,5,17936.4
GF10,Social protection,D92,Investment grants,train,737,30,31,85980.2
GF10,Social protection,D9_S1311,"Capital transfers, expenditure, of which to subsector central government (S1311)",holdout,4,1,4,0.0
GF10,Social protection,D9_S1311,"Capital transfers, expenditure, of which to subsector central government (S1311)",train,20,1,20,0.0
GF10,Social protection,D9_S1312,"Capital transfers, expenditure, of which to subsector state government (S1312)",holdout,4,1,4,0.0
GF10,Social protection,D9_S1312,"Capital transfers, expenditure, of which to subsector state government (S1312)",train,20,1,20,0.0
GF10,Social protection,D9_S1313,"Capital transfers, expenditure, of which to subsector local government (S1313)",holdout,4,1,4,0.0
GF10,Social protection,D9_S1313,"Capital transfers, expenditure, of which to subsector local government (S1313)",train,20,1,20,0.0
GF10,Social protection,D9_S1314,"Capital transfers, expenditure, of which to subsector social security funds (S1314)",holdout,4,1,4,0.0
GF10,Social protection,D9_S1314,"Capital transfers, expenditure, of which to subsector social security funds (S1314)",train,20,1,20,0.0
GF10,Social protection,NP,Acquisitions less disposals of non-financial non-produced assets,holdout,114,29,5,1086.5
GF10,Social protection,NP,Acquisitions less disposals of non-financial non-produced assets,train,724,30,31,8588.9
GF10,Social protection,OP5ANP,Gross capital formation and acquisitions less disposals of non-financial non-produced assets,holdout,121,30,5,60889.5
GF10,Social protection,OP5ANP,Gross capital formation and acquisitions less disposals of non-financial non-produced assets,train,767,30,31,249144.4
GF10,Social protection,P2,Intermediate consumption,holdout,121,30,5,408822.1
GF10,Social protection,P2,Intermediate consumption,train,767,30,31,1554696.2
GF10,Social protection,P2_D29_D5_D8,"Intermediate consumption; other taxes on production; current taxes on income, wealth, etc.; adjustment for the change in pension entitlements",holdout,117,29,5,422386.7
GF10,Social protection,P2_D29_D5_D8,"Intermediate consumption; other taxes on production; current taxes on income, wealth, etc.; adjustment for the change in pension entitlements",train,741,29,31,1605239.2
GF10,Social protection,P3,Final consumption expenditure,holdout,121,30,5,1965185.4
GF10,Social protection,P3,Final consumption expenditure,train,767,30,31,7376834.2
GF10,Social protection,P31,Individual consumption expenditure,holdout,109,27,5,1249872.2
GF10,Social protection,P31,Individual consumption expenditure,train,692,27,31,4621558.4
GF10,Social protection,P32,Collective consumption expenditure,holdout,109,27,5,49171.5
GF10,Social protection,P32,Collective consumption expenditure,train,681,27,26,240617.4
GF10,Social protection,P5,Gross capital formation,holdout,121,30,5,60663.1
GF10,Social protection,P5,Gross capital formation,train,767,30,31,244070.5
GF10,Social protection,P51G,Gross fixed capital formation,holdout,121,30,5,60612.7
GF10,Social protection,P51G,Gross fixed capital formation,train,767,30,31,246083.6
GF10,Social protection,TE,Total general government expenditure,holdout,121,30,5,13745945.7
GF10,Social protection,TE,Total general government expenditure,train,767,30,31,53841920.8
GF1001,Sickness and disability,D1,Compensation of employees,holdout,121,30,5,126317.8
GF1001,Sickness and disability,D1,Compensation of employees,train,683,30,26,515957.1
GF1001,Sickness and disability,D29_D5_D8,"""Other taxes on production; current taxes on income, wealth, etc; adjustment for the change in pension entitlements""",holdout,109,27,5,5783.2
GF1001,Sickness and disability,D29_D5_D8,"""Other taxes on production; current taxes on income, wealth, etc; adjustment for the change in pension entitlements""",train,643,28,26,26934.7
GF1001,Sickness and disability,D3,Subsidies,holdout,117,29,5,4545.4
GF1001,Sickness and disability,D3,Subsidies,train,660,29,26,22057.0
GF1001,Sickness and disability,D4,Property income,holdout,109,27,5,14.0
GF1001,Sickness and disability,D4,Property income,train,631,27,26,7.1
GF1001,Sickness and disability,D4_S1311,"Property income, of which payable to subsector S1311",holdout,4,1,4,0.0
GF1001,Sickness and disability,D4_S1311,"Property income, of which payable to subsector S1311",train,20,1,20,0.0
GF1001,Sickness and disability,D4_S1312,"Property income, of which payable to subsector S1312",holdout,4,1,4,0.0
GF1001,Sickness and disability,D4_S1312,"Property income, of which payable to subsector S1312",train,20,1,20,0.0
GF1001,Sickness and disability,D4_S1313,"Property income, of which payable to subsector S1313",holdout,4,1,4,0.0
GF1001,Sickness and disability,D4_S1313,"Property income, of which payable to subsector S1313",train,20,1,20,0.0
GF1001,Sickness and disability,D4_S1314,"Property income, of which payable to subsector S1314",holdout,4,1,4,0.0
GF1001,Sickness and disability,D4_S1314,"Property income, of which payable to subsector S1314",train,20,1,20,0.0
GF1001,Sickness and disability,D62,Social benefits other than social transfers in kind,holdout,121,30,5,1392636.1
GF1001,Sickness and disability,D62,Social benefits other than social transfers in kind,train,670,30,26,4594536.5
GF1001,Sickness and disability,D62_D632,Social benefits other than social transfers in kind and social transfers in kind - purchased market production,holdout,121,30,5,1697936.1
GF1001,Sickness and disability,D62_D632,Social benefits other than social transfers in kind and social transfers in kind - purchased market production,train,697,30,26,6172859.7
GF1001,Sickness and disability,D632,Social transfers in kind - purchased market production,holdout,117,29,5,305300.2
GF1001,Sickness and disability,D632,Social transfers in kind - purchased market production,train,644,29,26,754767.1
GF1001,Sickness and disability,D7,Other current transfers,holdout,121,30,5,113064.3
GF1001,Sickness and disability,D7,Other current transfers,train,677,30,26,395113.4
GF1001,Sickness and disability,D7_S1311,"Other current transfers,of which payable to subsector S1311",holdout,4,1,4,0.0
GF1001,Sickness and disability,D7_S1311,"Other current transfers,of which payable to subsector S1311",train,20,1,20,0.0
GF1001,Sickness and disability,D7_S1312,"Other current transfers,of which payable to subsector S1312",holdout,4,1,4,0.0
GF1001,Sickness and disability,D7_S1312,"Other current transfers,of which payable to subsector S1312",train,20,1,20,0.0
GF1001,Sickness and disability,D7_S1313,"Other current transfers,of which payable to subsector S1313",holdout,4,1,4,0.0
GF1001,Sickness and disability,D7_S1313,"Other current transfers,of which payable to subsector S1313",train,20,1,20,0.0
GF1001,Sickness and disability,D7_S1314,"Other current transfers,of which payable to subsector S1314",holdout,4,1,4,0.0
GF1001,Sickness and disability,D7_S1314,"Other current transfers,of which payable to subsector S1314",train,20,1,20,0.0
GF1001,Sickness and disability,D9,Capital transfers,holdout,117,29,5,2743.5
GF1001,Sickness and disability,D9,Capital transfers,train,675,30,26,13467.8
GF1001,Sickness and disability,D92,Investment grants,holdout,117,29,5,2590.1
GF1001,Sickness and disability,D92,Investment grants,train,672,29,26,10813.1
GF1001,Sickness and disability,D9_S1311,"Capital transfers, expenditure, of which to subsector central government (S1311)",holdout,4,1,4,0.0
GF1001,Sickness and disability,D9_S1311,"Capital transfers, expenditure, of which to subsector central government (S1311)",train,20,1,20,0.0
GF1001,Sickness and disability,D9_S1312,"Capital transfers, expenditure, of which to subsector state government (S1312)",holdout,4,1,4,0.0
GF1001,Sickness and disability,D9_S1312,"Capital transfers, expenditure, of which to subsector state government (S1312)",train,20,1,20,0.0
GF1001,Sickness and disability,D9_S1313,"Capital transfers, expenditure, of which to subsector local government (S1313)",holdout,4,1,4,0.0
GF1001,Sickness and disability,D9_S1313,"Capital transfers, expenditure, of which to subsector local government (S1313)",train,20,1,20,0.0
GF1001,Sickness and disability,D9_S1314,"Capital transfers, expenditure, of which to subsector social security funds (S1314)",holdout,4,1,4,0.0
GF1001,Sickness and disability,D9_S1314,"Capital transfers, expenditure, of which to subsector social security funds (S1314)",train,20,1,20,0.0
GF1001,Sickness and disability,NP,Acquisitions less disposals of non-financial non-produced assets,holdout,110,28,5,124.9
GF1001,Sickness and disability,NP,Acquisitions less disposals of non-financial non-produced assets,train,632,28,26,542.4
GF1001,Sickness and disability,OP5ANP,Gross capital formation and acquisitions less disposals of non-financial non-produced assets,holdout,121,30,5,8428.2
GF1001,Sickness and disability,OP5ANP,Gross capital formation and acquisitions less disposals of non-financial non-produced assets,train,680,30,26,31312.4
GF1001,Sickness and disability,P2,Intermediate consumption,holdout,121,30,5,56932.7
GF1001,Sickness and disability,P2,Intermediate consumption,train,683,30,26,211852.3
GF1001,Sickness and disability,P2_D29_D5_D8,"Intermediate consumption; other taxes on production; current taxes on income, wealth, etc.; adjustment for the change in pension entitlements",holdout,117,29,5,56090.1
GF1001,Sickness and disability,P2_D29_D5_D8,"Intermediate consumption; other taxes on production; current taxes on income, wealth, etc.; adjustment for the change in pension entitlements",train,658,29,26,216374.4
GF1001,Sickness and disability,P3,Final consumption expenditure,holdout,121,30,5,490446.6
GF1001,Sickness and disability,P3,Final consumption expenditure,train,684,30,26,1720364.1
GF1001,Sickness and disability,P31,Individual consumption expenditure,holdout,109,27,5,273740.3
GF1001,Sickness and disability,P31,Individual consumption expenditure,train,626,27,26,1034955.2
GF1001,Sickness and disability,P32,Collective consumption expenditure,holdout,79,20,5,0.0
GF1001,Sickness and disability,P32,Collective consumption expenditure,train,481,20,26,0.0
GF1001,Sickness and disability,P5,Gross capital formation,holdout,121,30,5,8433.2
GF1001,Sickness and disability,P5,Gross capital formation,train,680,30,26,31382.3
GF1001,Sickness and disability,P51G,Gross fixed capital formation,holdout,121,30,5,8429.1
GF1001,Sickness and disability,P51G,Gross fixed capital formation,train,680,30,26,31083.1
GF1001,Sickness and disability,TE,Total general government expenditure,holdout,121,30,5,2015744.4
GF1001,Sickness and disability,TE,Total general government expenditure,train,697,30,26,7387041.1
GF1002,Old age,D1,Compensation of employees,holdout,121,30,5,154968.3
GF1002,Old age,D1,Compensation of employees,train,698,30,26,639719.3
GF1002,Old age,D29_D5_D8,"""Other taxes on production; current taxes on income, wealth, etc; adjustment for the change in pension entitlements""",holdout,113,28,5,23595.2
GF1002,Old age,D29_D5_D8,"""Other taxes on production; current taxes on income, wealth, etc; adjustment for the change in pension entitlements""",train,639,28,26,77599.6
GF1002,Old age,D3,Subsidies,holdout,121,30,5,6281.2
GF1002,Old age,D3,Subsidies,train,667,30,26,6140.6
GF1002,Old age,D4,Property income,holdout,109,27,5,4584.8
GF1002,Old age,D4,Property income,train,640,28,26,12508.1
GF1002,Old age,D4_S1311,"Property income, of which payable to subsector S1311",holdout,4,1,4,0.0
GF1002,Old age,D4_S1311,"Property income, of which payable to subsector S1311",train,20,1,20,0.0
GF1002,Old age,D4_S1312,"Property income, of which payable to subsector S1312",holdout,4,1,4,0.0
GF1002,Old age,D4_S1312,"Property income, of which payable to subsector S1312",train,20,1,20,0.0
GF1002,Old age,D4_S1313,"Property income, of which payable to subsector S1313",holdout,4,1,4,0.0
GF1002,Old age,D4_S1313,"Property income, of which payable to subsector S1313",train,20,1,20,0.0
GF1002,Old age,D4_S1314,"Property income, of which payable to subsector S1314",holdout,4,1,4,0.0
GF1002,Old age,D4_S1314,"Property income, of which payable to subsector S1314",train,20,1,20,0.0
GF1002,Old age,D62,Social benefits other than social transfers in kind,holdout,121,30,5,6756661.4
GF1002,Old age,D62,Social benefits other than social transfers in kind,train,671,30,26,20708199.2
GF1002,Old age,D62_D632,Social benefits other than social transfers in kind and social transfers in kind - purchased market production,holdout,121,30,5,6999679.1
GF1002,Old age,D62_D632,Social benefits other than social transfers in kind and social transfers in kind - purchased market production,train,698,30,26,24261681.2
GF1002,Old age,D632,Social transfers in kind - purchased market production,holdout,117,29,5,243017.9
GF1002,Old age,D632,Social transfers in kind - purchased market production,train,644,29,26,577602.4
GF1002,Old age,D7,Other current transfers,holdout,121,30,5,39101.5
GF1002,Old age,D7,Other current transfers,train,689,30,26,162352.0
GF1002,Old age,D7_S1311,"Other current transfers,of which payable to subsector S1311",holdout,4,1,4,0.0
GF1002,Old age,D7_S1311,"Other current transfers,of which payable to subsector S1311",train,20,1,20,0.0
GF1002,Old age,D7_S1312,"Other current transfers,of which payable to subsector S1312",holdout,4,1,4,0.0
GF1002,Old age,D7_S1312,"Other current transfers,of which payable to subsector S1312",train,20,1,20,0.0
GF1002,Old age,D7_S1313,"Other current transfers,of which payable to subsector S1313",holdout,4,1,4,0.0
GF1002,Old age,D7_S1313,"Other current transfers,of which payable to subsector S1313",train,20,1,20,0.0
GF1002,Old age,D7_S1314,"Other current transfers,of which payable to subsector S1314",holdout,4,1,4,0.0
GF1002,Old age,D7_S1314,"Other current transfers,of which payable to subsector S1314",train,20,1,20,0.0
GF1002,Old age,D9,Capital transfers,holdout,120,30,5,6306.3
GF1002,Old age,D9,Capital transfers,train,681,30,26,68662.3
GF1002,Old age,D92,Investment grants,holdout,117,29,5,1587.1
GF1002,Old age,D92,Investment grants,train,666,29,26,10988.1
GF1002,Old age,D9_S1311,"Capital transfers, expenditure, of which to subsector central government (S1311)",holdout,4,1,4,0.0
GF1002,Old age,D9_S1311,"Capital transfers, expenditure, of which to subsector central government (S1311)",train,20,1,20,0.0
GF1002,Old age,D9_S1312,"Capital transfers, expenditure, of which to subsector state government (S1312)",holdout,4,1,4,0.0
GF1002,Old age,D9_S1312,"Capital transfers, expenditure, of which to subsector state government (S1312)",train,20,1,20,0.0
GF1002,Old age,D9_S1313,"Capital transfers, expenditure, of which to subsector local government (S1313)",holdout,4,1,4,0.0
GF1002,Old age,D9_S1313,"Capital transfers, expenditure, of which to subsector local government (S1313)",train,20,1,20,0.0
GF1002,Old age,D9_S1314,"Capital transfers, expenditure, of which to subsector social security funds (S1314)",holdout,4,1,4,0.0
GF1002,Old age,D9_S1314,"Capital transfers, expenditure, of which to subsector social security funds (S1314)",train,20,1,20,0.0
GF1002,Old age,NP,Acquisitions less disposals of non-financial non-produced assets,holdout,110,28,5,568.2
GF1002,Old age,NP,Acquisitions less disposals of non-financial non-produced assets,train,636,29,26,2593.4
GF1002,Old age,OP5ANP,Gross capital formation and acquisitions less disposals of non-financial non-produced assets,holdout,121,30,5,13119.6
GF1002,Old age,OP5ANP,Gross capital formation and acquisitions less disposals of non-financial non-produced assets,train,698,30,26,62686.2
GF1002,Old age,P2,Intermediate consumption,holdout,121,30,5,80048.6
GF1002,Old age,P2,Intermediate consumption,train,698,30,26,318846.2
GF1002,Old age,P2_D29_D5_D8,"Intermediate consumption; other taxes on production; current taxes on income, wealth, etc.; adjustment for the change in pension entitlements",holdout,117,29,5,102028.9
GF1002,Old age,P2_D29_D5_D8,"Intermediate consumption; other taxes on production; current taxes on income, wealth, etc.; adjustment for the change in pension entitlements",train,672,29,26,390346.3
GF1002,Old age,P3,Final consumption expenditure,holdout,121,30,5,432412.1
GF1002,Old age,P3,Final consumption expenditure,train,698,30,26,1510869.5
GF1002,Old age,P31,Individual consumption expenditure,holdout,109,27,5,311286.9
GF1002,Old age,P31,Individual consumption expenditure,train,640,27,26,1151771.0
GF1002,Old age,P32,Collective consumption expenditure,holdout,79,20,5,0.0
GF1002,Old age,P32,Collective consumption expenditure,train,481,20,26,0.0
GF1002,Old age,P5,Gross capital formation,holdout,121,30,5,13198.8
GF1002,Old age,P5,Gross capital formation,train,698,30,26,61765.5
GF1002,Old age,P51G,Gross fixed capital formation,holdout,121,30,5,13211.0
GF1002,Old age,P51G,Gross fixed capital formation,train,698,30,26,59732.1
GF1002,Old age,TE,Total general government expenditure,holdout,121,30,5,7327183.2
GF1002,Old age,TE,Total general government expenditure,train,698,30,26,25592547.1
GF1003,Survivors,D1,Compensation of employees,holdout,117,29,5,3197.9
GF1003,Survivors,D1,Compensation of employees,train,668,29,26,18014.7
GF1003,Survivors,D29_D5_D8,"""Other taxes on production; current taxes on income, wealth, etc; adjustment for the change in pension entitlements""",holdout,109,27,5,431.9
GF1003,Survivors,D29_D5_D8,"""Other taxes on production; current taxes on income, wealth, etc; adjustment for the change in pension entitlements""",train,631,27,26,1958.5
GF1003,Survivors,D3,Subsidies,holdout,113,28,5,8.0
GF1003,Survivors,D3,Subsidies,train,645,28,26,13.9
GF1003,Survivors,D4,Property income,holdout,109,27,5,0.1
GF1003,Survivors,D4,Property income,train,631,27,26,0.0
GF1003,Survivors,D4_S1311,"Property income, of which payable to subsector S1311",holdout,4,1,4,0.0
GF1003,Survivors,D4_S1311,"Property income, of which payable to subsector S1311",train,20,1,20,0.0
GF1003,Survivors,D4_S1312,"Property income, of which payable to subsector S1312",holdout,4,1,4,0.0
GF1003,Survivors,D4_S1312,"Property income, of which payable to subsector S1312",train,20,1,20,0.0
GF1003,Survivors,D4_S1313,"Property income, of which payable to subsector S1313",holdout,4,1,4,0.0
GF1003,Survivors,D4_S1313,"Property income, of which payable to subsector S1313",train,20,1,20,0.0
GF1003,Survivors,D4_S1314,"Property income, of which payable to subsector S1314",holdout,4,1,4,0.0
GF1003,Survivors,D4_S1314,"Property income, of which payable to subsector S1314",train,20,1,20,0.0
GF1003,Survivors,D62,Social benefits other than social transfers in kind,holdout,121,30,5,967914.0
GF1003,Survivors,D62,Social benefits other than social transfers in kind,train,670,30,26,3256070.1
GF1003,Survivors,D62_D632,Social benefits other than social transfers in kind and social transfers in kind - purchased market production,holdout,121,30,5,968900.1
GF1003,Survivors,D62_D632,Social benefits other than social transfers in kind and social transfers in kind - purchased market production,train,697,30,26,3908645.5
GF1003,Survivors,D632,Social transfers in kind - purchased market production,holdout,113,28,5,986.2
GF1003,Survivors,D632,Social transfers in kind - purchased market production,train,627,29,26,2207.4
GF1003,Survivors,D7,Other current transfers,holdout,109,27,5,537.2
GF1003,Survivors,D7,Other current transfers,train,639,29,26,5057.4
GF1003,Survivors,D7_S1311,"Other current transfers,of which payable to subsector S1311",holdout,4,1,4,0.0
GF1003,Survivors,D7_S1311,"Other current transfers,of which payable to subsector S1311",train,20,1,20,0.0
GF1003,Survivors,D7_S1312,"Other current transfers,of which payable to subsector S1312",holdout,4,1,4,0.0
GF1003,Survivors,D7_S1312,"Other current transfers,of which payable to subsector S1312",train,20,1,20,0.0
GF1003,Survivors,D7_S1313,"Other current transfers,of which payable to subsector S1313",holdout,4,1,4,0.0
GF1003,Survivors,D7_S1313,"Other current transfers,of which payable to subsector S1313",train,20,1,20,0.0
GF1003,Survivors,D7_S1314,"Other current transfers,of which payable to subsector S1314",holdout,4,1,4,0.0
GF1003,Survivors,D7_S1314,"Other current transfers,of which payable to subsector S1314",train,20,1,20,0.0
GF1003,Survivors,D9,Capital transfers,holdout,109,27,5,927.8
GF1003,Survivors,D9,Capital transfers,train,642,29,26,5740.5
GF1003,Survivors,D92,Investment grants,holdout,109,27,5,21.8
GF1003,Survivors,D92,Investment grants,train,641,29,26,263.4
GF1003,Survivors,D9_S1311,"Capital transfers, expenditure, of which to subsector central government (S1311)",holdout,4,1,4,0.0
GF1003,Survivors,D9_S1311,"Capital transfers, expenditure, of which to subsector central government (S1311)",train,20,1,20,0.0
GF1003,Survivors,D9_S1312,"Capital transfers, expenditure, of which to subsector state government (S1312)",holdout,4,1,4,0.0
GF1003,Survivors,D9_S1312,"Capital transfers, expenditure, of which to subsector state government (S1312)",train,20,1,20,0.0
GF1003,Survivors,D9_S1313,"Capital transfers, expenditure, of which to subsector local government (S1313)",holdout,4,1,4,0.0
GF1003,Survivors,D9_S1313,"Capital transfers, expenditure, of which to subsector local government (S1313)",train,20,1,20,0.0
GF1003,Survivors,D9_S1314,"Capital transfers, expenditure, of which to subsector social security funds (S1314)",holdout,4,1,4,0.0
GF1003,Survivors,D9_S1314,"Capital transfers, expenditure, of which to subsector social security funds (S1314)",train,20,1,20,0.0
GF1003,Survivors,NP,Acquisitions less disposals of non-financial non-produced assets,holdout,109,27,5,5.8
GF1003,Survivors,NP,Acquisitions less disposals of non-financial non-produced assets,train,631,27,26,79.5
GF1003,Survivors,OP5ANP,Gross capital formation and acquisitions less disposals of non-financial non-produced assets,holdout,113,28,5,225.1
GF1003,Survivors,OP5ANP,Gross capital formation and acquisitions less disposals of non-financial non-produced assets,train,648,29,26,2931.8
GF1003,Survivors,P2,Intermediate consumption,holdout,117,29,5,2336.7
GF1003,Survivors,P2,Intermediate consumption,train,661,29,26,12489.5
GF1003,Survivors,P2_D29_D5_D8,"Intermediate consumption; other taxes on production; current taxes on income, wealth, etc.; adjustment for the change in pension entitlements",holdout,113,28,5,2693.6
GF1003,Survivors,P2_D29_D5_D8,"Intermediate consumption; other taxes on production; current taxes on income, wealth, etc.; adjustment for the change in pension entitlements",train,635,28,26,14396.0
GF1003,Survivors,P3,Final consumption expenditure,holdout,117,29,5,6326.7
GF1003,Survivors,P3,Final consumption expenditure,train,671,30,26,30528.3
GF1003,Survivors,P31,Individual consumption expenditure,holdout,105,26,5,5630.4
GF1003,Survivors,P31,Individual consumption expenditure,train,613,27,26,28389.3
GF1003,Survivors,P32,Collective consumption expenditure,holdout,79,20,5,0.0
GF1003,Survivors,P32,Collective consumption expenditure,train,481,20,26,0.0
GF1003,Survivors,P5,Gross capital formation,holdout,113,28,5,221.6
GF1003,Survivors,P5,Gross capital formation,train,648,29,26,2915.3
GF1003,Survivors,P51G,Gross fixed capital formation,holdout,113,28,5,221.8
GF1003,Survivors,P51G,Gross fixed capital formation,train,648,29,26,2904.2
GF1003,Survivors,TE,Total general government expenditure,holdout,121,30,5,976435.6
GF1003,Survivors,TE,Total general government expenditure,train,694,30,26,3951386.1
GF1004,Family and children,D1,Compensation of employees,holdout,121,30,5,176031.2
GF1004,Family and children,D1,Compensation of employees,train,698,30,26,603081.5
GF1004,Family and children,D29_D5_D8,"""Other taxes on production; current taxes on income, wealth, etc; adjustment for the change in pension entitlements""",holdout,110,28,5,3909.5
GF1004,Family and children,D29_D5_D8,"""Other taxes on production; current taxes on income, wealth, etc; adjustment for the change in pension entitlements""",train,633,28,26,14105.1
GF1004,Family and children,D3,Subsidies,holdout,117,29,5,637.5
GF1004,Family and children,D3,Subsidies,train,672,29,26,2654.2
GF1004,Family and children,D4,Property income,holdout,109,27,5,25.5
GF1004,Family and children,D4,Property income,train,631,27,26,67.1
GF1004,Family and children,D4_S1311,"Property income, of which payable to subsector S1311",holdout,4,1,4,0.0
GF1004,Family and children,D4_S1311,"Property income, of which payable to subsector S1311",train,20,1,20,0.0
GF1004,Family and children,D4_S1312,"Property income, of which payable to subsector S1312",holdout,4,1,4,0.0
GF1004,Family and children,D4_S1312,"Property income, of which payable to subsector S1312",train,20,1,20,0.0
GF1004,Family and children,D4_S1313,"Property income, of which payable to subsector S1313",holdout,4,1,4,0.0
GF1004,Family and children,D4_S1313,"Property income, of which payable to subsector S1313",train,20,1,20,0.0
GF1004,Family and children,D4_S1314,"Property income, of which payable to subsector S1314",holdout,4,1,4,0.0
GF1004,Family and children,D4_S1314,"Property income, of which payable to subsector S1314",train,20,1,20,0.0
GF1004,Family and children,D62,Social benefits other than social transfers in kind,holdout,121,30,5,802048.6
GF1004,Family and children,D62,Social benefits other than social transfers in kind,train,671,30,26,2562299.1
GF1004,Family and children,D62_D632,Social benefits other than social transfers in kind and social transfers in kind - purchased market production,holdout,121,30,5,998120.9
GF1004,Family and children,D62_D632,Social benefits other than social transfers in kind and social transfers in kind - purchased market production,train,698,30,26,3434292.2
GF1004,Family and children,D632,Social transfers in kind - purchased market production,holdout,117,29,5,196071.9
GF1004,Family and children,D632,Social transfers in kind - purchased market production,train,645,29,26,507434.2
GF1004,Family and children,D7,Other current transfers,holdout,121,30,5,82949.8
GF1004,Family and children,D7,Other current transfers,train,689,30,26,234845.4
GF1004,Family and children,D7_S1311,"Other current transfers,of which payable to subsector S1311",holdout,4,1,4,0.0
GF1004,Family and children,D7_S1311,"Other current transfers,of which payable to subsector S1311",train,20,1,20,0.0
GF1004,Family and children,D7_S1312,"Other current transfers,of which payable to subsector S1312",holdout,4,1,4,0.0
GF1004,Family and children,D7_S1312,"Other current transfers,of which payable to subsector S1312",train,20,1,20,0.0
GF1004,Family and children,D7_S1313,"Other current transfers,of which payable to subsector S1313",holdout,4,1,4,0.0
GF1004,Family and children,D7_S1313,"Other current transfers,of which payable to subsector S1313",train,20,1,20,0.0
GF1004,Family and children,D7_S1314,"Other current transfers,of which payable to subsector S1314",holdout,4,1,4,0.0
GF1004,Family and children,D7_S1314,"Other current transfers,of which payable to subsector S1314",train,20,1,20,0.0
GF1004,Family and children,D9,Capital transfers,holdout,117,29,5,8914.8
GF1004,Family and children,D9,Capital transfers,train,666,29,26,17470.0
GF1004,Family and children,D92,Investment grants,holdout,117,29,5,5065.9
GF1004,Family and children,D92,Investment grants,train,664,29,26,11741.3
GF1004,Family and children,D9_S1311,"Capital transfers, expenditure, of which to subsector central government (S1311)",holdout,4,1,4,0.0
GF1004,Family and children,D9_S1311,"Capital transfers, expenditure, of which to subsector central government (S1311)",train,20,1,20,0.0
GF1004,Family and children,D9_S1312,"Capital transfers, expenditure, of which to subsector state government (S1312)",holdout,4,1,4,0.0
GF1004,Family and children,D9_S1312,"Capital transfers, expenditure, of which to subsector state government (S1312)",train,20,1,20,0.0
GF1004,Family and children,D9_S1313,"Capital transfers, expenditure, of which to subsector local government (S1313)",holdout,4,1,4,0.0
GF1004,Family and children,D9_S1313,"Capital transfers, expenditure, of which to subsector local government (S1313)",train,20,1,20,0.0
GF1004,Family and children,D9_S1314,"Capital transfers, expenditure, of which to subsector social security funds (S1314)",holdout,4,1,4,0.0
GF1004,Family and children,D9_S1314,"Capital transfers, expenditure, of which to subsector social security funds (S1314)",train,20,1,20,0.0
GF1004,Family and children,NP,Acquisitions less disposals of non-financial non-produced assets,holdout,110,28,5,140.8
GF1004,Family and children,NP,Acquisitions less disposals of non-financial non-produced assets,train,652,29,26,579.5
GF1004,Family and children,OP5ANP,Gross capital formation and acquisitions less disposals of non-financial non-produced assets,holdout,121,30,5,15703.0
GF1004,Family and children,OP5ANP,Gross capital formation and acquisitions less disposals of non-financial non-produced assets,train,698,30,26,51770.1
GF1004,Family and children,P2,Intermediate consumption,holdout,121,30,5,73986.0
GF1004,Family and children,P2,Intermediate consumption,train,698,30,26,236791.9
GF1004,Family and children,P2_D29_D5_D8,"Intermediate consumption; other taxes on production; current taxes on income, wealth, etc.; adjustment for the change in pension entitlements",holdout,117,29,5,68997.2
GF1004,Family and children,P2_D29_D5_D8,"Intermediate consumption; other taxes on production; current taxes on income, wealth, etc.; adjustment for the change in pension entitlements",train,672,29,26,212335.0
GF1004,Family and children,P3,Final consumption expenditure,holdout,121,30,5,433635.7
GF1004,Family and children,P3,Final consumption expenditure,train,698,30,26,1352149.6
GF1004,Family and children,P31,Individual consumption expenditure,holdout,109,27,5,286557.9
GF1004,Family and children,P31,Individual consumption expenditure,train,640,27,26,927221.6
GF1004,Family and children,P32,Collective consumption expenditure,holdout,79,20,5,0.0
GF1004,Family and children,P32,Collective consumption expenditure,train,481,20,26,0.0
GF1004,Family and children,P5,Gross capital formation,holdout,121,30,5,15621.6
GF1004,Family and children,P5,Gross capital formation,train,698,30,26,51385.4
GF1004,Family and children,P51G,Gross fixed capital formation,holdout,121,30,5,15629.9
GF1004,Family and children,P51G,Gross fixed capital formation,train,698,30,26,51336.8
GF1004,Family and children,TE,Total general government expenditure,holdout,121,30,5,1360272.9
GF1004,Family and children,TE,Total general government expenditure,train,698,30,26,4594697.4
GF1005,Unemployment,D1,Compensation of employees,holdout,121,30,5,41359.3
GF1005,Unemployment,D1,Compensation of employees,train,688,30,26,167412.1
GF1005,Unemployment,D29_D5_D8,"""Other taxes on production; current taxes on income, wealth, etc; adjustment for the change in pension entitlements""",holdout,109,27,5,2450.9
GF1005,Unemployment,D29_D5_D8,"""Other taxes on production; current taxes on income, wealth, etc; adjustment for the change in pension entitlements""",train,631,27,26,10587.6
GF1005,Unemployment,D3,Subsidies,holdout,113,28,5,4105.7
GF1005,Unemployment,D3,Subsidies,train,650,29,26,21852.7
GF1005,Unemployment,D4,Property income,holdout,109,27,5,1.8
GF1005,Unemployment,D4,Property income,train,642,28,26,5.2
GF1005,Unemployment,D4_S1311,"Property income, of which payable to subsector S1311",holdout,4,1,4,0.0
GF1005,Unemployment,D4_S1311,"Property income, of which payable to subsector S1311",train,20,1,20,0.0
GF1005,Unemployment,D4_S1312,"Property income, of which payable to subsector S1312",holdout,4,1,4,0.0
GF1005,Unemployment,D4_S1312,"Property income, of which payable to subsector S1312",train,20,1,20,0.0
GF1005,Unemployment,D4_S1313,"Property income, of which payable to subsector S1313",holdout,4,1,4,0.0
GF1005,Unemployment,D4_S1313,"Property income, of which payable to subsector S1313",train,20,1,20,0.0
GF1005,Unemployment,D4_S1314,"Property income, of which payable to subsector S1314",holdout,4,1,4,0.0
GF1005,Unemployment,D4_S1314,"Property income, of which payable to subsector S1314",train,20,1,20,0.0
GF1005,Unemployment,D62,Social benefits other than social transfers in kind,holdout,121,30,5,777548.2
GF1005,Unemployment,D62,Social benefits other than social transfers in kind,train,671,30,26,3030046.5
GF1005,Unemployment,D62_D632,Social benefits other than social transfers in kind and social transfers in kind - purchased market production,holdout,121,30,5,786874.7
GF1005,Unemployment,D62_D632,Social benefits other than social transfers in kind and social transfers in kind - purchased market production,train,698,30,26,3740034.4
GF1005,Unemployment,D632,Social transfers in kind - purchased market production,holdout,113,28,5,9326.9
GF1005,Unemployment,D632,Social transfers in kind - purchased market production,train,637,29,26,36517.3
GF1005,Unemployment,D7,Other current transfers,holdout,115,29,5,11201.4
GF1005,Unemployment,D7,Other current transfers,train,669,30,26,55543.7
GF1005,Unemployment,D7_S1311,"Other current transfers,of which payable to subsector S1311",holdout,4,1,4,0.0
GF1005,Unemployment,D7_S1311,"Other current transfers,of which payable to subsector S1311",train,20,1,20,0.0
GF1005,Unemployment,D7_S1312,"Other current transfers,of which payable to subsector S1312",holdout,4,1,4,0.0
GF1005,Unemployment,D7_S1312,"Other current transfers,of which payable to subsector S1312",train,20,1,20,0.0
GF1005,Unemployment,D7_S1313,"Other current transfers,of which payable to subsector S1313",holdout,4,1,4,0.0
GF1005,Unemployment,D7_S1313,"Other current transfers,of which payable to subsector S1313",train,20,1,20,0.0
GF1005,Unemployment,D7_S1314,"Other current transfers,of which payable to subsector S1314",holdout,4,1,4,0.0
GF1005,Unemployment,D7_S1314,"Other current transfers,of which payable to subsector S1314",train,20,1,20,0.0
GF1005,Unemployment,D9,Capital transfers,holdout,113,28,5,6320.7
GF1005,Unemployment,D9,Capital transfers,train,659,29,26,33238.7
GF1005,Unemployment,D92,Investment grants,holdout,113,28,5,228.1
GF1005,Unemployment,D92,Investment grants,train,658,29,26,965.8
GF1005,Unemployment,D9_S1311,"Capital transfers, expenditure, of which to subsector central government (S1311)",holdout,4,1,4,0.0
GF1005,Unemployment,D9_S1311,"Capital transfers, expenditure, of which to subsector central government (S1311)",train,20,1,20,0.0
GF1005,Unemployment,D9_S1312,"Capital transfers, expenditure, of which to subsector state government (S1312)",holdout,4,1,4,0.0
GF1005,Unemployment,D9_S1312,"Capital transfers, expenditure, of which to subsector state government (S1312)",train,20,1,20,0.0
GF1005,Unemployment,D9_S1313,"Capital transfers, expenditure, of which to subsector local government (S1313)",holdout,4,1,4,0.0
GF1005,Unemployment,D9_S1313,"Capital transfers, expenditure, of which to subsector local government (S1313)",train,20,1,20,0.0
GF1005,Unemployment,D9_S1314,"Capital transfers, expenditure, of which to subsector social security funds (S1314)",holdout,4,1,4,0.0
GF1005,Unemployment,D9_S1314,"Capital transfers, expenditure, of which to subsector social security funds (S1314)",train,20,1,20,0.0
GF1005,Unemployment,NP,Acquisitions less disposals of non-financial non-produced assets,holdout,110,28,5,8.8
GF1005,Unemployment,NP,Acquisitions less disposals of non-financial non-produced assets,train,635,28,26,210.0
GF1005,Unemployment,OP5ANP,Gross capital formation and acquisitions less disposals of non-financial non-produced assets,holdout,117,29,5,1676.5
GF1005,Unemployment,OP5ANP,Gross capital formation and acquisitions less disposals of non-financial non-produced assets,train,675,30,26,8051.9
GF1005,Unemployment,P2,Intermediate consumption,holdout,121,30,5,40043.9
GF1005,Unemployment,P2,Intermediate consumption,train,691,30,26,173218.6
GF1005,Unemployment,P2_D29_D5_D8,"Intermediate consumption; other taxes on production; current taxes on income, wealth, etc.; adjustment for the change in pension entitlements",holdout,117,29,5,39644.4
GF1005,Unemployment,P2_D29_D5_D8,"Intermediate consumption; other taxes on production; current taxes on income, wealth, etc.; adjustment for the change in pension entitlements",train,665,29,26,167280.7
GF1005,Unemployment,P3,Final consumption expenditure,holdout,121,30,5,91683.1
GF1005,Unemployment,P3,Final consumption expenditure,train,697,30,26,380100.4
GF1005,Unemployment,P31,Individual consumption expenditure,holdout,109,27,5,63394.8
GF1005,Unemployment,P31,Individual consumption expenditure,train,639,27,26,251122.9
GF1005,Unemployment,P32,Collective consumption expenditure,holdout,79,20,5,0.0
GF1005,Unemployment,P32,Collective consumption expenditure,train,481,20,26,0.0
GF1005,Unemployment,P5,Gross capital formation,holdout,117,29,5,1680.7
GF1005,Unemployment,P5,Gross capital formation,train,675,30,26,8075.5
GF1005,Unemployment,P51G,Gross fixed capital formation,holdout,117,29,5,1683.0
GF1005,Unemployment,P51G,Gross fixed capital formation,train,675,30,26,8071.2
GF1005,Unemployment,TE,Total general government expenditure,holdout,121,30,5,893992.0
GF1005,Unemployment,TE,Total general government expenditure,train,698,30,26,4209299.6
GF1006,Housing,D1,Compensation of employees,holdout,117,29,5,8973.7
GF1006,Housing,D1,Compensation of employees,train,684,30,26,16959.5
GF1006,Housing,D29_D5_D8,"""Other taxes on production; current taxes on income, wealth, etc; adjustment for the change in pension entitlements""",holdout,109,27,5,15.2
GF1006,Housing,D29_D5_D8,"""Other taxes on production; current taxes on income, wealth, etc; adjustment for the change in pension entitlements""",train,631,27,26,66.7
GF1006,Housing,D3,Subsidies,holdout,114,29,5,1133.3
GF1006,Housing,D3,Subsidies,train,659,29,26,7815.1
GF1006,Housing,D4,Property income,holdout,109,27,5,33.6
GF1006,Housing,D4,Property income,train,631,27,26,16.5
GF1006,Housing,D4_S1311,"Property income, of which payable to subsector S1311",holdout,4,1,4,0.0
GF1006,Housing,D4_S1311,"Property income, of which payable to subsector S1311",train,20,1,20,0.0
GF1006,Housing,D4_S1312,"Property income, of which payable to subsector S1312",holdout,4,1,4,0.0
GF1006,Housing,D4_S1312,"Property income, of which payable to subsector S1312",train,20,1,20,0.0
GF1006,Housing,D4_S1313,"Property income, of which payable to subsector S1313",holdout,4,1,4,0.0
GF1006,Housing,D4_S1313,"Property income, of which payable to subsector S1313",train,20,1,20,0.0
GF1006,Housing,D4_S1314,"Property income, of which payable to subsector S1314",holdout,4,1,4,0.0
GF1006,Housing,D4_S1314,"Property income, of which payable to subsector S1314",train,20,1,20,0.0
GF1006,Housing,D62,Social benefits other than social transfers in kind,holdout,121,30,5,93918.6
GF1006,Housing,D62,Social benefits other than social transfers in kind,train,664,30,26,245375.2
GF1006,Housing,D62_D632,Social benefits other than social transfers in kind and social transfers in kind - purchased market production,holdout,121,30,5,186295.3
GF1006,Housing,D62_D632,Social benefits other than social transfers in kind and social transfers in kind - purchased market production,train,697,30,26,774728.0
GF1006,Housing,D632,Social transfers in kind - purchased market production,holdout,117,29,5,92376.0
GF1006,Housing,D632,Social transfers in kind - purchased market production,train,663,30,26,419954.6
GF1006,Housing,D7,Other current transfers,holdout,118,30,5,14837.8
GF1006,Housing,D7,Other current transfers,train,669,30,26,41271.6
GF1006,Housing,D7_S1311,"Other current transfers,of which payable to subsector S1311",holdout,4,1,4,0.0
GF1006,Housing,D7_S1311,"Other current transfers,of which payable to subsector S1311",train,20,1,20,0.0
GF1006,Housing,D7_S1312,"Other current transfers,of which payable to subsector S1312",holdout,4,1,4,0.0
GF1006,Housing,D7_S1312,"Other current transfers,of which payable to subsector S1312",train,20,1,20,0.0
GF1006,Housing,D7_S1313,"Other current transfers,of which payable to subsector S1313",holdout,4,1,4,0.0
GF1006,Housing,D7_S1313,"Other current transfers,of which payable to subsector S1313",train,20,1,20,0.0
GF1006,Housing,D7_S1314,"Other current transfers,of which payable to subsector S1314",holdout,4,1,4,0.0
GF1006,Housing,D7_S1314,"Other current transfers,of which payable to subsector S1314",train,20,1,20,0.0
GF1006,Housing,D9,Capital transfers,holdout,117,29,5,5574.1
GF1006,Housing,D9,Capital transfers,train,660,29,26,31974.8
GF1006,Housing,D92,Investment grants,holdout,117,29,5,4871.1
GF1006,Housing,D92,Investment grants,train,659,29,26,28008.0
GF1006,Housing,D9_S1311,"Capital transfers, expenditure, of which to subsector central government (S1311)",holdout,4,1,4,0.0
GF1006,Housing,D9_S1311,"Capital transfers, expenditure, of which to subsector central government (S1311)",train,20,1,20,0.0
GF1006,Housing,D9_S1312,"Capital transfers, expenditure, of which to subsector state government (S1312)",holdout,4,1,4,0.0
GF1006,Housing,D9_S1312,"Capital transfers, expenditure, of which to subsector state government (S1312)",train,20,1,20,0.0
GF1006,Housing,D9_S1313,"Capital transfers, expenditure, of which to subsector local government (S1313)",holdout,4,1,4,0.0
GF1006,Housing,D9_S1313,"Capital transfers, expenditure, of which to subsector local government (S1313)",train,20,1,20,0.0
GF1006,Housing,D9_S1314,"Capital transfers, expenditure, of which to subsector social security funds (S1314)",holdout,4,1,4,0.0
GF1006,Housing,D9_S1314,"Capital transfers, expenditure, of which to subsector social security funds (S1314)",train,20,1,20,0.0
GF1006,Housing,NP,Acquisitions less disposals of non-financial non-produced assets,holdout,110,28,5,118.7
GF1006,Housing,NP,Acquisitions less disposals of non-financial non-produced assets,train,631,27,26,339.6
GF1006,Housing,OP5ANP,Gross capital formation and acquisitions less disposals of non-financial non-produced assets,holdout,121,30,5,9457.7
GF1006,Housing,OP5ANP,Gross capital formation and acquisitions less disposals of non-financial non-produced assets,train,682,30,26,20137.0
GF1006,Housing,P2,Intermediate consumption,holdout,118,30,5,16974.4
GF1006,Housing,P2,Intermediate consumption,train,692,30,26,35579.3
GF1006,Housing,P2_D29_D5_D8,"Intermediate consumption; other taxes on production; current taxes on income, wealth, etc.; adjustment for the change in pension entitlements",holdout,114,29,5,16987.7
GF1006,Housing,P2_D29_D5_D8,"Intermediate consumption; other taxes on production; current taxes on income, wealth, etc.; adjustment for the change in pension entitlements",train,668,29,26,35633.2
GF1006,Housing,P3,Final consumption expenditure,holdout,121,30,5,108311.6
GF1006,Housing,P3,Final consumption expenditure,train,698,30,26,461874.6
GF1006,Housing,P31,Individual consumption expenditure,holdout,109,27,5,100306.8
GF1006,Housing,P31,Individual consumption expenditure,train,640,27,26,451158.6
GF1006,Housing,P32,Collective consumption expenditure,holdout,79,20,5,0.0
GF1006,Housing,P32,Collective consumption expenditure,train,481,20,26,0.0
GF1006,Housing,P5,Gross capital formation,holdout,121,30,5,9345.5
GF1006,Housing,P5,Gross capital formation,train,681,30,26,20096.8
GF1006,Housing,P51G,Gross fixed capital formation,holdout,121,30,5,9351.3
GF1006,Housing,P51G,Gross fixed capital formation,train,682,30,26,19895.7
GF1006,Housing,TE,Total general government expenditure,holdout,121,30,5,243294.9
GF1006,Housing,TE,Total general government expenditure,train,698,30,26,928352.6
GF1007,Social exclusion n.e.c.,D1,Compensation of employees,holdout,121,30,5,72626.8
GF1007,Social exclusion n.e.c.,D1,Compensation of employees,train,681,30,26,237001.0
GF1007,Social exclusion n.e.c.,D29_D5_D8,"""Other taxes on production; current taxes on income, wealth, etc; adjustment for the change in pension entitlements""",holdout,109,27,5,1608.3
GF1007,Social exclusion n.e.c.,D29_D5_D8,"""Other taxes on production; current taxes on income, wealth, etc; adjustment for the change in pension entitlements""",train,636,28,26,5630.8
GF1007,Social exclusion n.e.c.,D3,Subsidies,holdout,115,29,5,742.2
GF1007,Social exclusion n.e.c.,D3,Subsidies,train,644,29,26,1760.5
GF1007,Social exclusion n.e.c.,D4,Property income,holdout,109,27,5,18.7
GF1007,Social exclusion n.e.c.,D4,Property income,train,631,27,26,29.1
GF1007,Social exclusion n.e.c.,D4_S1311,"Property income, of which payable to subsector S1311",holdout,4,1,4,0.0
GF1007,Social exclusion n.e.c.,D4_S1311,"Property income, of which payable to subsector S1311",train,20,1,20,0.0
GF1007,Social exclusion n.e.c.,D4_S1312,"Property income, of which payable to subsector S1312",holdout,4,1,4,0.0
GF1007,Social exclusion n.e.c.,D4_S1312,"Property income, of which payable to subsector S1312",train,20,1,20,0.0
GF1007,Social exclusion n.e.c.,D4_S1313,"Property income, of which payable to subsector S1313",holdout,4,1,4,0.0
GF1007,Social exclusion n.e.c.,D4_S1313,"Property income, of which payable to subsector S1313",train,20,1,20,0.0
GF1007,Social exclusion n.e.c.,D4_S1314,"Property income, of which payable to subsector S1314",holdout,4,1,4,0.0
GF1007,Social exclusion n.e.c.,D4_S1314,"Property income, of which payable to subsector S1314",train,20,1,20,0.0
GF1007,Social exclusion n.e.c.,D62,Social benefits other than social transfers in kind,holdout,121,30,5,376474.3
GF1007,Social exclusion n.e.c.,D62,Social benefits other than social transfers in kind,train,664,30,26,1018384.1
GF1007,Social exclusion n.e.c.,D62_D632,Social benefits other than social transfers in kind and social transfers in kind - purchased market production,holdout,121,30,5,491589.4
GF1007,Social exclusion n.e.c.,D62_D632,Social benefits other than social transfers in kind and social transfers in kind - purchased market production,train,691,30,26,1417552.9
GF1007,Social exclusion n.e.c.,D632,Social transfers in kind - purchased market production,holdout,117,29,5,115116.0
GF1007,Social exclusion n.e.c.,D632,Social transfers in kind - purchased market production,train,643,29,26,292138.1
GF1007,Social exclusion n.e.c.,D7,Other current transfers,holdout,121,30,5,76421.8
GF1007,Social exclusion n.e.c.,D7,Other current transfers,train,675,30,26,104234.1
GF1007,Social exclusion n.e.c.,D7_S1311,"Other current transfers,of which payable to subsector S1311",holdout,4,1,4,0.0
GF1007,Social exclusion n.e.c.,D7_S1311,"Other current transfers,of which payable to subsector S1311",train,20,1,20,0.0
GF1007,Social exclusion n.e.c.,D7_S1312,"Other current transfers,of which payable to subsector S1312",holdout,4,1,4,0.0
GF1007,Social exclusion n.e.c.,D7_S1312,"Other current transfers,of which payable to subsector S1312",train,20,1,20,0.0
GF1007,Social exclusion n.e.c.,D7_S1313,"Other current transfers,of which payable to subsector S1313",holdout,4,1,4,0.0
GF1007,Social exclusion n.e.c.,D7_S1313,"Other current transfers,of which payable to subsector S1313",train,20,1,20,0.0
GF1007,Social exclusion n.e.c.,D7_S1314,"Other current transfers,of which payable to subsector S1314",holdout,4,1,4,0.0
GF1007,Social exclusion n.e.c.,D7_S1314,"Other current transfers,of which payable to subsector S1314",train,20,1,20,0.0
GF1007,Social exclusion n.e.c.,D9,Capital transfers,holdout,117,29,5,3569.2
GF1007,Social exclusion n.e.c.,D9,Capital transfers,train,670,30,26,13340.3
GF1007,Social exclusion n.e.c.,D92,Investment grants,holdout,117,29,5,2985.5
GF1007,Social exclusion n.e.c.,D92,Investment grants,train,666,29,26,9885.4
GF1007,Social exclusion n.e.c.,D9_S1311,"Capital transfers, expenditure, of which to subsector central government (S1311)",holdout,4,1,4,0.0
GF1007,Social exclusion n.e.c.,D9_S1311,"Capital transfers, expenditure, of which to subsector central government (S1311)",train,20,1,20,0.0
GF1007,Social exclusion n.e.c.,D9_S1312,"Capital transfers, expenditure, of which to subsector state government (S1312)",holdout,4,1,4,0.0
GF1007,Social exclusion n.e.c.,D9_S1312,"Capital transfers, expenditure, of which to subsector state government (S1312)",train,20,1,20,0.0
GF1007,Social exclusion n.e.c.,D9_S1313,"Capital transfers, expenditure, of which to subsector local government (S1313)",holdout,4,1,4,0.0
GF1007,Social exclusion n.e.c.,D9_S1313,"Capital transfers, expenditure, of which to subsector local government (S1313)",train,20,1,20,0.0
GF1007,Social exclusion n.e.c.,D9_S1314,"Capital transfers, expenditure, of which to subsector social security funds (S1314)",holdout,4,1,4,0.0
GF1007,Social exclusion n.e.c.,D9_S1314,"Capital transfers, expenditure, of which to subsector social security funds (S1314)",train,20,1,20,0.0
GF1007,Social exclusion n.e.c.,NP,Acquisitions less disposals of non-financial non-produced assets,holdout,110,28,5,90.3
GF1007,Social exclusion n.e.c.,NP,Acquisitions less disposals of non-financial non-produced assets,train,632,28,26,373.4
GF1007,Social exclusion n.e.c.,OP5ANP,Gross capital formation and acquisitions less disposals of non-financial non-produced assets,holdout,121,30,5,5752.7
GF1007,Social exclusion n.e.c.,OP5ANP,Gross capital formation and acquisitions less disposals of non-financial non-produced assets,train,678,30,26,20722.4
GF1007,Social exclusion n.e.c.,P2,Intermediate consumption,holdout,121,30,5,82376.0
GF1007,Social exclusion n.e.c.,P2,Intermediate consumption,train,681,30,26,191905.7
GF1007,Social exclusion n.e.c.,P2_D29_D5_D8,"Intermediate consumption; other taxes on production; current taxes on income, wealth, etc.; adjustment for the change in pension entitlements",holdout,117,29,5,80937.6
GF1007,Social exclusion n.e.c.,P2_D29_D5_D8,"Intermediate consumption; other taxes on production; current taxes on income, wealth, etc.; adjustment for the change in pension entitlements",train,657,29,26,184953.6
GF1007,Social exclusion n.e.c.,P3,Final consumption expenditure,holdout,121,30,5,253747.4
GF1007,Social exclusion n.e.c.,P3,Final consumption expenditure,train,685,30,26,709132.4
GF1007,Social exclusion n.e.c.,P31,Individual consumption expenditure,holdout,109,27,5,208955.9
GF1007,Social exclusion n.e.c.,P31,Individual consumption expenditure,train,627,27,26,575661.7
GF1007,Social exclusion n.e.c.,P32,Collective consumption expenditure,holdout,79,20,5,0.0
GF1007,Social exclusion n.e.c.,P32,Collective consumption expenditure,train,481,20,26,0.0
GF1007,Social exclusion n.e.c.,P5,Gross capital formation,holdout,121,30,5,5668.4
GF1007,Social exclusion n.e.c.,P5,Gross capital formation,train,677,30,26,20513.4
GF1007,Social exclusion n.e.c.,P51G,Gross fixed capital formation,holdout,121,30,5,5679.0
GF1007,Social exclusion n.e.c.,P51G,Gross fixed capital formation,train,678,30,26,20481.5
GF1007,Social exclusion n.e.c.,TE,Total general government expenditure,holdout,121,30,5,734704.8
GF1007,Social exclusion n.e.c.,TE,Total general government expenditure,train,697,30,26,1992155.5
GF1008,R&D Social protection,D1,Compensation of employees,holdout,113,28,5,1065.3
GF1008,R&D Social protection,D1,Compensation of employees,train,663,30,26,4571.6
GF1008,R&D Social protection,D29_D5_D8,"""Other taxes on production; current taxes on income, wealth, etc; adjustment for the change in pension entitlements""",holdout,109,27,5,142.3
GF1008,R&D Social protection,D29_D5_D8,"""Other taxes on production; current taxes on income, wealth, etc; adjustment for the change in pension entitlements""",train,631,27,26,333.7
GF1008,R&D Social protection,D3,Subsidies,holdout,109,27,5,33.2
GF1008,R&D Social protection,D3,Subsidies,train,632,28,26,130.4
GF1008,R&D Social protection,D4,Property income,holdout,109,27,5,0.0
GF1008,R&D Social protection,D4,Property income,train,631,27,26,0.0
GF1008,R&D Social protection,D4_S1311,"Property income, of which payable to subsector S1311",holdout,4,1,4,0.0
GF1008,R&D Social protection,D4_S1311,"Property income, of which payable to subsector S1311",train,20,1,20,0.0
GF1008,R&D Social protection,D4_S1312,"Property income, of which payable to subsector S1312",holdout,4,1,4,0.0
GF1008,R&D Social protection,D4_S1312,"Property income, of which payable to subsector S1312",train,20,1,20,0.0
GF1008,R&D Social protection,D4_S1313,"Property income, of which payable to subsector S1313",holdout,4,1,4,0.0
GF1008,R&D Social protection,D4_S1313,"Property income, of which payable to subsector S1313",train,20,1,20,0.0
GF1008,R&D Social protection,D4_S1314,"Property income, of which payable to subsector S1314",holdout,4,1,4,0.0
GF1008,R&D Social protection,D4_S1314,"Property income, of which payable to subsector S1314",train,20,1,20,0.0
GF1008,R&D Social protection,D62,Social benefits other than social transfers in kind,holdout,105,26,5,4.0
GF1008,R&D Social protection,D62,Social benefits other than social transfers in kind,train,583,27,26,7.5
GF1008,R&D Social protection,D62_D632,Social benefits other than social transfers in kind and social transfers in kind - purchased market production,holdout,105,26,5,4.0
GF1008,R&D Social protection,D62_D632,Social benefits other than social transfers in kind and social transfers in kind - purchased market production,train,608,27,26,7.5
GF1008,R&D Social protection,D632,Social transfers in kind - purchased market production,holdout,105,26,5,0.0
GF1008,R&D Social protection,D632,Social transfers in kind - purchased market production,train,583,27,26,0.0
GF1008,R&D Social protection,D7,Other current transfers,holdout,110,28,5,446.6
GF1008,R&D Social protection,D7,Other current transfers,train,638,29,26,500.0
GF1008,R&D Social protection,D7_S1311,"Other current transfers,of which payable to subsector S1311",holdout,4,1,4,0.0
GF1008,R&D Social protection,D7_S1311,"Other current transfers,of which payable to subsector S1311",train,20,1,20,0.0
GF1008,R&D Social protection,D7_S1312,"Other current transfers,of which payable to subsector S1312",holdout,4,1,4,0.0
GF1008,R&D Social protection,D7_S1312,"Other current transfers,of which payable to subsector S1312",train,20,1,20,0.0
GF1008,R&D Social protection,D7_S1313,"Other current transfers,of which payable to subsector S1313",holdout,4,1,4,0.0
GF1008,R&D Social protection,D7_S1313,"Other current transfers,of which payable to subsector S1313",train,20,1,20,0.0
GF1008,R&D Social protection,D7_S1314,"Other current transfers,of which payable to subsector S1314",holdout,4,1,4,0.0
GF1008,R&D Social protection,D7_S1314,"Other current transfers,of which payable to subsector S1314",train,20,1,20,0.0
GF1008,R&D Social protection,D9,Capital transfers,holdout,109,27,5,15.6
GF1008,R&D Social protection,D9,Capital transfers,train,636,28,26,27.2
GF1008,R&D Social protection,D92,Investment grants,holdout,109,27,5,15.6
GF1008,R&D Social protection,D92,Investment grants,train,635,28,26,10.8
GF1008,R&D Social protection,D9_S1311,"Capital transfers, expenditure, of which to subsector central government (S1311)",holdout,4,1,4,0.0
GF1008,R&D Social protection,D9_S1311,"Capital transfers, expenditure, of which to subsector central government (S1311)",train,20,1,20,0.0
GF1008,R&D Social protection,D9_S1312,"Capital transfers, expenditure, of which to subsector state government (S1312)",holdout,4,1,4,0.0
GF1008,R&D Social protection,D9_S1312,"Capital transfers, expenditure, of which to subsector state government (S1312)",train,20,1,20,0.0
GF1008,R&D Social protection,D9_S1313,"Capital transfers, expenditure, of which to subsector local government (S1313)",holdout,4,1,4,0.0
GF1008,R&D Social protection,D9_S1313,"Capital transfers, expenditure, of which to subsector local government (S1313)",train,20,1,20,0.0
GF1008,R&D Social protection,D9_S1314,"Capital transfers, expenditure, of which to subsector social security funds (S1314)",holdout,4,1,4,0.0
GF1008,R&D Social protection,D9_S1314,"Capital transfers, expenditure, of which to subsector social security funds (S1314)",train,20,1,20,0.0
GF1008,R&D Social protection,NP,Acquisitions less disposals of non-financial non-produced assets,holdout,109,27,5,1.0
GF1008,R&D Social protection,NP,Acquisitions less disposals of non-financial non-produced assets,train,631,27,26,9.4
GF1008,R&D Social protection,OP5ANP,Gross capital formation and acquisitions less disposals of non-financial non-produced assets,holdout,113,28,5,1365.6
GF1008,R&D Social protection,OP5ANP,Gross capital formation and acquisitions less disposals of non-financial non-produced assets,train,654,30,26,5145.5
GF1008,R&D Social protection,P2,Intermediate consumption,holdout,113,28,5,781.4
GF1008,R&D Social protection,P2,Intermediate consumption,train,663,30,26,3145.0
GF1008,R&D Social protection,P2_D29_D5_D8,"Intermediate consumption; other taxes on production; current taxes on income, wealth, etc.; adjustment for the change in pension entitlements",holdout,109,27,5,887.8
GF1008,R&D Social protection,P2_D29_D5_D8,"Intermediate consumption; other taxes on production; current taxes on income, wealth, etc.; adjustment for the change in pension entitlements",train,637,29,26,3182.9
GF1008,R&D Social protection,P3,Final consumption expenditure,holdout,113,28,5,1503.1
GF1008,R&D Social protection,P3,Final consumption expenditure,train,662,29,26,6055.8
GF1008,R&D Social protection,P31,Individual consumption expenditure,holdout,79,20,5,0.0
GF1008,R&D Social protection,P31,Individual consumption expenditure,train,481,20,26,0.0
GF1008,R&D Social protection,P32,Collective consumption expenditure,holdout,101,25,5,1033.0
GF1008,R&D Social protection,P32,Collective consumption expenditure,train,604,26,26,4626.8
GF1008,R&D Social protection,P5,Gross capital formation,holdout,113,28,5,1364.6
GF1008,R&D Social protection,P5,Gross capital formation,train,654,30,26,5143.6
GF1008,R&D Social protection,P51G,Gross fixed capital formation,holdout,113,28,5,1364.9
GF1008,R&D Social protection,P51G,Gross fixed capital formation,train,654,30,26,5161.0
GF1008,R&D Social protection,TE,Total general government expenditure,holdout,117,29,5,3816.3
GF1008,R&D Social protection,TE,Total general government expenditure,train,673,30,26,13862.5
GF1009,Social protection n.e.c.,D1,Compensation of employees,holdout,121,30,5,107235.0
GF1009,Social protection n.e.c.,D1,Compensation of employees,train,698,30,26,451156.7
GF1009,Social protection n.e.c.,D29_D5_D8,"""Other taxes on production; current taxes on income, wealth, etc; adjustment for the change in pension entitlements""",holdout,113,28,5,526.5
GF1009,Social protection n.e.c.,D29_D5_D8,"""Other taxes on production; current taxes on income, wealth, etc; adjustment for the change in pension entitlements""",train,646,28,26,2136.7
GF1009,Social protection n.e.c.,D3,Subsidies,holdout,121,30,5,1062.3
GF1009,Social protection n.e.c.,D3,Subsidies,train,674,30,26,4893.5
GF1009,Social protection n.e.c.,D4,Property income,holdout,109,27,5,3.4
GF1009,Social protection n.e.c.,D4,Property income,train,645,28,26,30.2
GF1009,Social protection n.e.c.,D4_S1311,"Property income, of which payable to subsector S1311",holdout,4,1,4,0.0
GF1009,Social protection n.e.c.,D4_S1311,"Property income, of which payable to subsector S1311",train,20,1,20,0.0
GF1009,Social protection n.e.c.,D4_S1312,"Property income, of which payable to subsector S1312",holdout,4,1,4,0.0
GF1009,Social protection n.e.c.,D4_S1312,"Property income, of which payable to subsector S1312",train,20,1,20,0.0
GF1009,Social protection n.e.c.,D4_S1313,"Property income, of which payable to subsector S1313",holdout,4,1,4,0.0
GF1009,Social protection n.e.c.,D4_S1313,"Property income, of which payable to subsector S1313",train,20,1,20,0.0
GF1009,Social protection n.e.c.,D4_S1314,"Property income, of which payable to subsector S1314",holdout,4,1,4,0.0
GF1009,Social protection n.e.c.,D4_S1314,"Property income, of which payable to subsector S1314",train,20,1,20,0.0
GF1009,Social protection n.e.c.,D62,Social benefits other than social transfers in kind,holdout,113,28,5,4643.7
GF1009,Social protection n.e.c.,D62,Social benefits other than social transfers in kind,train,625,28,26,18178.4
GF1009,Social protection n.e.c.,D62_D632,Social benefits other than social transfers in kind and social transfers in kind - purchased market production,holdout,113,28,5,4643.7
GF1009,Social protection n.e.c.,D62_D632,Social benefits other than social transfers in kind and social transfers in kind - purchased market production,train,648,28,26,19351.1
GF1009,Social protection n.e.c.,D632,Social transfers in kind - purchased market production,holdout,109,27,5,0.0
GF1009,Social protection n.e.c.,D632,Social transfers in kind - purchased market production,train,589,27,26,0.2
GF1009,Social protection n.e.c.,D7,Other current transfers,holdout,121,30,5,12824.4
GF1009,Social protection n.e.c.,D7,Other current transfers,train,692,30,26,54191.3
GF1009,Social protection n.e.c.,D7_S1311,"Other current transfers,of which payable to subsector S1311",holdout,4,1,4,0.0
GF1009,Social protection n.e.c.,D7_S1311,"Other current transfers,of which payable to subsector S1311",train,20,1,20,0.0
GF1009,Social protection n.e.c.,D7_S1312,"Other current transfers,of which payable to subsector S1312",holdout,4,1,4,0.0
GF1009,Social protection n.e.c.,D7_S1312,"Other current transfers,of which payable to subsector S1312",train,20,1,20,0.0
GF1009,Social protection n.e.c.,D7_S1313,"Other current transfers,of which payable to subsector S1313",holdout,4,1,4,0.0
GF1009,Social protection n.e.c.,D7_S1313,"Other current transfers,of which payable to subsector S1313",train,20,1,20,0.0
GF1009,Social protection n.e.c.,D7_S1314,"Other current transfers,of which payable to subsector S1314",holdout,4,1,4,0.0
GF1009,Social protection n.e.c.,D7_S1314,"Other current transfers,of which payable to subsector S1314",train,20,1,20,0.0
GF1009,Social protection n.e.c.,D9,Capital transfers,holdout,117,29,5,2995.6
GF1009,Social protection n.e.c.,D9,Capital transfers,train,684,30,26,6571.7
GF1009,Social protection n.e.c.,D92,Investment grants,holdout,117,29,5,570.8
GF1009,Social protection n.e.c.,D92,Investment grants,train,678,30,26,3818.4
GF1009,Social protection n.e.c.,D9_S1311,"Capital transfers, expenditure, of which to subsector central government (S1311)",holdout,4,1,4,0.0
GF1009,Social protection n.e.c.,D9_S1311,"Capital transfers, expenditure, of which to subsector central government (S1311)",train,20,1,20,0.0
GF1009,Social protection n.e.c.,D9_S1312,"Capital transfers, expenditure, of which to subsector state government (S1312)",holdout,4,1,4,0.0
GF1009,Social protection n.e.c.,D9_S1312,"Capital transfers, expenditure, of which to subsector state government (S1312)",train,20,1,20,0.0
GF1009,Social protection n.e.c.,D9_S1313,"Capital transfers, expenditure, of which to subsector local government (S1313)",holdout,4,1,4,0.0
GF1009,Social protection n.e.c.,D9_S1313,"Capital transfers, expenditure, of which to subsector local government (S1313)",train,20,1,20,0.0
GF1009,Social protection n.e.c.,D9_S1314,"Capital transfers, expenditure, of which to subsector social security funds (S1314)",holdout,4,1,4,0.0
GF1009,Social protection n.e.c.,D9_S1314,"Capital transfers, expenditure, of which to subsector social security funds (S1314)",train,20,1,20,0.0
GF1009,Social protection n.e.c.,NP,Acquisitions less disposals of non-financial non-produced assets,holdout,114,29,5,84.0
GF1009,Social protection n.e.c.,NP,Acquisitions less disposals of non-financial non-produced assets,train,660,29,26,833.3
GF1009,Social protection n.e.c.,OP5ANP,Gross capital formation and acquisitions less disposals of non-financial non-produced assets,holdout,121,30,5,5920.9
GF1009,Social protection n.e.c.,OP5ANP,Gross capital formation and acquisitions less disposals of non-financial non-produced assets,train,698,30,26,32841.1
GF1009,Social protection n.e.c.,P2,Intermediate consumption,holdout,121,30,5,55345.0
GF1009,Social protection n.e.c.,P2,Intermediate consumption,train,698,30,26,228939.4
GF1009,Social protection n.e.c.,P2_D29_D5_D8,"Intermediate consumption; other taxes on production; current taxes on income, wealth, etc.; adjustment for the change in pension entitlements",holdout,117,29,5,54120.1
GF1009,Social protection n.e.c.,P2_D29_D5_D8,"Intermediate consumption; other taxes on production; current taxes on income, wealth, etc.; adjustment for the change in pension entitlements",train,672,29,26,221278.2
GF1009,Social protection n.e.c.,P3,Final consumption expenditure,holdout,121,30,5,147120.4
GF1009,Social protection n.e.c.,P3,Final consumption expenditure,train,698,30,26,653706.8
GF1009,Social protection n.e.c.,P31,Individual consumption expenditure,holdout,79,20,5,0.0
GF1009,Social protection n.e.c.,P31,Individual consumption expenditure,train,481,20,26,0.0
GF1009,Social protection n.e.c.,P32,Collective consumption expenditure,holdout,109,27,5,48138.9
GF1009,Social protection n.e.c.,P32,Collective consumption expenditure,train,640,27,26,226959.5
GF1009,Social protection n.e.c.,P5,Gross capital formation,holdout,121,30,5,5911.7
GF1009,Social protection n.e.c.,P5,Gross capital formation,train,698,30,26,32410.3
GF1009,Social protection n.e.c.,P51G,Gross fixed capital formation,holdout,121,30,5,5771.8
GF1009,Social protection n.e.c.,P51G,Gross fixed capital formation,train,698,30,26,31803.7
GF1009,Social protection n.e.c.,TE,Total general government expenditure,holdout,121,30,5,190501.9
GF1009,Social protection n.e.c.,TE,Total general government expenditure,train,698,30,26,799728.0
TOTAL,Total,D1,Compensation of employees,holdout,121,30,5,7230328.4
TOTAL,Total,D1,Compensation of employees,train,767,30,31,30021225.2
TOTAL,Total,D29_D5_D8,"""Other taxes on production; current taxes on income, wealth, etc; adjustment for the change in pension entitlements""",holdout,121,30,5,210370.6
TOTAL,Total,D29_D5_D8,"""Other taxes on production; current taxes on income, wealth, etc; adjustment for the change in pension entitlements""",train,756,30,31,843181.5
TOTAL,Total,D3,Subsidies,holdout,121,30,5,1459379.7
TOTAL,Total,D3,Subsidies,train,767,30,31,4528099.2
TOTAL,Total,D4,Property income,holdout,121,30,5,1125420.3
TOTAL,Total,D4,Property income,train,767,30,31,7712882.4
TOTAL,Total,D4_S1311,"Property income, of which payable to subsector S1311",holdout,4,1,4,0.0
TOTAL,Total,D4_S1311,"Property income, of which payable to subsector S1311",train,20,1,20,0.0
TOTAL,Total,D4_S1312,"Property income, of which payable to subsector S1312",holdout,4,1,4,0.0
TOTAL,Total,D4_S1312,"Property income, of which payable to subsector S1312",train,20,1,20,0.0
TOTAL,Total,D4_S1313,"Property income, of which payable to subsector S1313",holdout,4,1,4,0.0
TOTAL,Total,D4_S1313,"Property income, of which payable to subsector S1313",train,20,1,20,0.0
TOTAL,Total,D4_S1314,"Property income, of which payable to subsector S1314",holdout,4,1,4,0.0
TOTAL,Total,D4_S1314,"Property income, of which payable to subsector S1314",train,20,1,20,0.0
TOTAL,Total,D62,Social benefits other than social transfers in kind,holdout,121,30,5,11368158.9
TOTAL,Total,D62,Social benefits other than social transfers in kind,train,723,30,31,37650851.9
TOTAL,Total,D62_D632,Social benefits other than social transfers in kind and social transfers in kind - purchased market production,holdout,121,30,5,15028592.9
TOTAL,Total,D62_D632,Social benefits other than social transfers in kind and social transfers in kind - purchased market production,train,767,30,31,58529237.8
TOTAL,Total,D632,Social transfers in kind - purchased market production,holdout,121,30,5,3660434.1
TOTAL,Total,D632,Social transfers in kind - purchased market production,train,723,30,31,10351313.3
TOTAL,Total,D7,Other current transfers,holdout,121,30,5,1693307.9
TOTAL,Total,D7,Other current transfers,train,767,30,31,6106759.1
TOTAL,Total,D7_S1311,"Other current transfers,of which payable to subsector S1311",holdout,4,1,4,0.0
TOTAL,Total,D7_S1311,"Other current transfers,of which payable to subsector S1311",train,20,1,20,0.0
TOTAL,Total,D7_S1312,"Other current transfers,of which payable to subsector S1312",holdout,4,1,4,0.0
TOTAL,Total,D7_S1312,"Other current transfers,of which payable to subsector S1312",train,20,1,20,0.0
TOTAL,Total,D7_S1313,"Other current transfers,of which payable to subsector S1313",holdout,4,1,4,0.0
TOTAL,Total,D7_S1313,"Other current transfers,of which payable to subsector S1313",train,20,1,20,0.0
TOTAL,Total,D7_S1314,"Other current transfers,of which payable to subsector S1314",holdout,4,1,4,0.0
TOTAL,Total,D7_S1314,"Other current transfers,of which payable to subsector S1314",train,20,1,20,0.0
TOTAL,Total,D9,Capital transfers,holdout,121,30,5,1180272.6
TOTAL,Total,D9,Capital transfers,train,767,30,31,3447815.8
TOTAL,Total,D92,Investment grants,holdout,121,30,5,855666.3
TOTAL,Total,D92,Investment grants,train,751,30,31,2012649.1
TOTAL,Total,D9_S1311,"Capital transfers, expenditure, of which to subsector central government (S1311)",holdout,4,1,4,0.0
TOTAL,Total,D9_S1311,"Capital transfers, expenditure, of which to subsector central government (S1311)",train,20,1,20,0.0
TOTAL,Total,D9_S1312,"Capital transfers, expenditure, of which to subsector state government (S1312)",holdout,4,1,4,0.0
TOTAL,Total,D9_S1312,"Capital transfers, expenditure, of which to subsector state government (S1312)",train,20,1,20,0.0
TOTAL,Total,D9_S1313,"Capital transfers, expenditure, of which to subsector local government (S1313)",holdout,4,1,4,0.0
TOTAL,Total,D9_S1313,"Capital transfers, expenditure, of which to subsector local government (S1313)",train,20,1,20,0.0
TOTAL,Total,D9_S1314,"Capital transfers, expenditure, of which to subsector social security funds (S1314)",holdout,4,1,4,0.0
TOTAL,Total,D9_S1314,"Capital transfers, expenditure, of which to subsector social security funds (S1314)",train,20,1,20,0.0
TOTAL,Total,NP,Acquisitions less disposals of non-financial non-produced assets,holdout,121,30,5,40193.3
TOTAL,Total,NP,Acquisitions less disposals of non-financial non-produced assets,train,767,30,31,238858.1
TOTAL,Total,OP5ANP,Gross capital formation and acquisitions less disposals of non-financial non-produced assets,holdout,121,30,5,2540249.1
TOTAL,Total,OP5ANP,Gross capital formation and acquisitions less disposals of non-financial non-produced assets,train,767,30,31,9588249.5
TOTAL,Total,P2,Intermediate consumption,holdout,121,30,5,4358125.7
TOTAL,Total,P2,Intermediate consumption,train,767,30,31,15718531.5
TOTAL,Total,P2_D29_D5_D8,"Intermediate consumption; other taxes on production; current taxes on income, wealth, etc.; adjustment for the change in pension entitlements",holdout,117,29,5,4444152.9
TOTAL,Total,P2_D29_D5_D8,"Intermediate consumption; other taxes on production; current taxes on income, wealth, etc.; adjustment for the change in pension entitlements",train,741,29,31,16052449.3
TOTAL,Total,P3,Final consumption expenditure,holdout,121,30,5,15037837.1
TOTAL,Total,P3,Final consumption expenditure,train,767,30,31,58144551.0
TOTAL,Total,P31,Individual consumption expenditure,holdout,117,29,5,9320809.4
TOTAL,Total,P31,Individual consumption expenditure,train,756,29,31,35328434.5
TOTAL,Total,P32,Collective consumption expenditure,holdout,117,29,5,5619475.2
TOTAL,Total,P32,Collective consumption expenditure,train,756,29,31,22643286.0
TOTAL,Total,P5,Gross capital formation,holdout,121,30,5,2537822.7
TOTAL,Total,P5,Gross capital formation,train,767,30,31,9614679.4
TOTAL,Total,P51G,Gross fixed capital formation,holdout,121,30,5,2503398.2
TOTAL,Total,P51G,Gross fixed capital formation,train,767,30,31,9572067.7
TOTAL,Total,TE,Total general government expenditure,holdout,121,30,5,34826046.4
TOTAL,Total,TE,Total general government expenditure,train,767,30,31,136495912.3
