codelist_id,code,label_en,parent_code,description
CL_GFS_INDICATOR,ADJ_D_A_SP,"Adjustment (GFS), Domestic, Assets, Stock positions",,"Adjustment (GFS) Domestic Assets are a store of value representing a benefit or series of benefits accruing to the economic owner by holding or using the item over a period of time. It is a means of carrying forward value from one accounting period to another. The values of assets, liabilities, and equity held at a specific point in time."
CL_GFS_INDICATOR,CIOA_TCB_CAB,"Cash inflow from operating activities, Transactions (cash basis of recording), Cash basis",,"The cash generated by a government's regular operational activities, including tax collections, fees, and other income. Transactions (cash basis of recording). Cash basis"
CL_GFS_INDICATOR,CONTLIB_L_SP_MI,"Contingent Liabilities, Stock positions, Memorandum Item",,"Potential obligations that may arise based on the outcome of future events. Obligations where one unit (the debtor) is obliged, under specific circumstances, to provide funds or other resources to another unit (the creditor). These include shares and other equity in corporations. The values of assets, liabilities, and equity held at a specific point in time. Memorandum Item"
CL_GFS_INDICATOR,CSDA_TCB_CAB,"Cash surplus/deficit (adjustment), Transactions (cash basis of recording), Cash basis",,"Adjustments made to the reported cash surplus or deficit to account for corrections, reallocations, or other changes. Transactions (cash basis of recording). Cash basis"
CL_GFS_INDICATOR,DC_L_T,"Domestic Creditors, Liabilities, Transactions",,"Domestic Creditors Obligations where one unit (the debtor) is obliged, under specific circumstances, to provide funds or other resources to another unit (the creditor). These include shares and other equity in corporations. Economic flows that result from interactions between institutional units by mutual agreement, involving an exchange of value."
CL_GFS_INDICATOR,DC_L_TCB_CAB,"Domestic Creditors, Liabilities, Transactions (cash basis of recording), Cash basis",,"Domestic Creditors Obligations where one unit (the debtor) is obliged, under specific circumstances, to provide funds or other resources to another unit (the creditor). These include shares and other equity in corporations. Transactions (cash basis of recording). Cash basis"
CL_GFS_INDICATOR,DD_A_SP,"Domestic Debtors, Assets, Stock positions",,"Domestic Debtors Assets are a store of value representing a benefit or series of benefits accruing to the economic owner by holding or using the item over a period of time. It is a means of carrying forward value from one accounting period to another. The values of assets, liabilities, and equity held at a specific point in time."
CL_GFS_INDICATOR,DMV_G33_L_T_MI,"Debt (at market value), Net incurrence of liabilities, Transactions, Memorandum Item",,"The value of debt calculated based on the current market price of the debt instruments. The net increase in the government's liabilities to domestic creditors, representing new borrowing from domestic sources minus repayments. Obligations where one unit (the debtor) is obliged, under specific circumstances, to provide funds or other resources to another unit (the creditor). These include shares and other equity in corporations. Economic flows that result from interactions between institutional units by mutual agreement, involving an exchange of value. Memorandum Item"
CL_GFS_INDICATOR,F12_FC_L_SP,"Special Drawing Rights (SDRs), Foreign Creditors, Liabilities, Stock positions",,"Reserve assets created by the International Monetary Fund and allocated to its members to supplement existing reserve assets. Foreign Creditors Obligations where one unit (the debtor) is obliged, under specific circumstances, to provide funds or other resources to another unit (the creditor). These include shares and other equity in corporations. The values of assets, liabilities, and equity held at a specific point in time."
CL_GFS_INDICATOR,F12_FC_L_SP_FV,"Special Drawing Rights (SDRs), Foreign Creditors, Liabilities, Stock positions, Face value",,"Reserve assets created by the International Monetary Fund and allocated to its members to supplement existing reserve assets. Foreign Creditors Obligations where one unit (the debtor) is obliged, under specific circumstances, to provide funds or other resources to another unit (the creditor). These include shares and other equity in corporations. The values of assets, liabilities, and equity held at a specific point in time. Face value"
CL_GFS_INDICATOR,F12_FC_L_SP_NV,"Special Drawing Rights (SDRs), Foreign Creditors, Liabilities, Stock positions, Nominal value",,"Reserve assets created by the International Monetary Fund and allocated to its members to supplement existing reserve assets. Foreign Creditors Obligations where one unit (the debtor) is obliged, under specific circumstances, to provide funds or other resources to another unit (the creditor). These include shares and other equity in corporations. The values of assets, liabilities, and equity held at a specific point in time. Nominal value"
CL_GFS_INDICATOR,F12_G33_FC_L_T,"Special Drawing Rights (SDRs), Net incurrence of liabilities, Foreign Creditors, Transactions",,"Reserve assets created by the International Monetary Fund and allocated to its members to supplement existing reserve assets. The net increase in the government's liabilities to domestic creditors, representing new borrowing from domestic sources minus repayments. Foreign Creditors Obligations where one unit (the debtor) is obliged, under specific circumstances, to provide funds or other resources to another unit (the creditor). These include shares and other equity in corporations. Economic flows that result from interactions between institutional units by mutual agreement, involving an exchange of value."
CL_GFS_INDICATOR,F12_G33_L_T,"Special Drawing Rights (SDRs), Net incurrence of liabilities, Transactions",,"Reserve assets created by the International Monetary Fund and allocated to its members to supplement existing reserve assets. The net increase in the government's liabilities to domestic creditors, representing new borrowing from domestic sources minus repayments. Obligations where one unit (the debtor) is obliged, under specific circumstances, to provide funds or other resources to another unit (the creditor). These include shares and other equity in corporations. Economic flows that result from interactions between institutional units by mutual agreement, involving an exchange of value."
CL_GFS_INDICATOR,F12_L_SP,"Special Drawing Rights (SDRs), Liabilities, Stock positions",,"Reserve assets created by the International Monetary Fund and allocated to its members to supplement existing reserve assets. Obligations where one unit (the debtor) is obliged, under specific circumstances, to provide funds or other resources to another unit (the creditor). These include shares and other equity in corporations. The values of assets, liabilities, and equity held at a specific point in time."
CL_GFS_INDICATOR,F1_A_SP,"Monetary gold and SDRs, Assets, Stock positions",,"Gold held as a reserve asset and Special Drawing Rights (SDRs) allocated by the International Monetary Fund (IMF). Assets are a store of value representing a benefit or series of benefits accruing to the economic owner by holding or using the item over a period of time. It is a means of carrying forward value from one accounting period to another. The values of assets, liabilities, and equity held at a specific point in time."
CL_GFS_INDICATOR,F1_DD_A_SP,"Monetary gold and SDRs, Domestic Debtors, Assets, Stock positions",,"Gold held as a reserve asset and Special Drawing Rights (SDRs) allocated by the International Monetary Fund (IMF). Domestic Debtors Assets are a store of value representing a benefit or series of benefits accruing to the economic owner by holding or using the item over a period of time. It is a means of carrying forward value from one accounting period to another. The values of assets, liabilities, and equity held at a specific point in time."
CL_GFS_INDICATOR,F1_FD_A_SP,"Monetary gold and SDRs, Foreign Debtors, Assets, Stock positions",,"Gold held as a reserve asset and Special Drawing Rights (SDRs) allocated by the International Monetary Fund (IMF). Foreign Debtors Assets are a store of value representing a benefit or series of benefits accruing to the economic owner by holding or using the item over a period of time. It is a means of carrying forward value from one accounting period to another. The values of assets, liabilities, and equity held at a specific point in time."
CL_GFS_INDICATOR,F1_G32_A_T,"Monetary gold and SDRs, Net acquisition of financial assets, Transactions",,"Gold held as a reserve asset and Special Drawing Rights (SDRs) allocated by the International Monetary Fund (IMF). The difference between the acquisition and disposal of financial assets by the government, representing the net increase in financial assets. Assets are a store of value representing a benefit or series of benefits accruing to the economic owner by holding or using the item over a period of time. It is a means of carrying forward value from one accounting period to another. Economic flows that result from interactions between institutional units by mutual agreement, involving an exchange of value."
CL_GFS_INDICATOR,F1_G32_DD_A_T,"Monetary gold and SDRs, Net acquisition of financial assets, Domestic Debtors, Transactions",,"Gold held as a reserve asset and Special Drawing Rights (SDRs) allocated by the International Monetary Fund (IMF). The difference between the acquisition and disposal of financial assets by the government, representing the net increase in financial assets. Domestic Debtors Assets are a store of value representing a benefit or series of benefits accruing to the economic owner by holding or using the item over a period of time. It is a means of carrying forward value from one accounting period to another. Economic flows that result from interactions between institutional units by mutual agreement, involving an exchange of value."
CL_GFS_INDICATOR,F1_G32_FD_A_T,"Monetary gold and SDRs, Net acquisition of financial assets, Foreign Debtors, Transactions",,"Gold held as a reserve asset and Special Drawing Rights (SDRs) allocated by the International Monetary Fund (IMF). The difference between the acquisition and disposal of financial assets by the government, representing the net increase in financial assets. Foreign Debtors Assets are a store of value representing a benefit or series of benefits accruing to the economic owner by holding or using the item over a period of time. It is a means of carrying forward value from one accounting period to another. Economic flows that result from interactions between institutional units by mutual agreement, involving an exchange of value."
CL_GFS_INDICATOR,F2_A_SP,"Currency and deposits, Assets, Stock positions",,"Monetary assets held in the form of currency or in deposit accounts with financial institutions. Assets are a store of value representing a benefit or series of benefits accruing to the economic owner by holding or using the item over a period of time. It is a means of carrying forward value from one accounting period to another. The values of assets, liabilities, and equity held at a specific point in time."
CL_GFS_INDICATOR,F2_DC_L_SP,"Currency and deposits, Domestic Creditors, Liabilities, Stock positions",,"Monetary assets held in the form of currency or in deposit accounts with financial institutions. Domestic Creditors Obligations where one unit (the debtor) is obliged, under specific circumstances, to provide funds or other resources to another unit (the creditor). These include shares and other equity in corporations. The values of assets, liabilities, and equity held at a specific point in time."
CL_GFS_INDICATOR,F2_DD_A_SP,"Currency and deposits, Domestic Debtors, Assets, Stock positions",,"Monetary assets held in the form of currency or in deposit accounts with financial institutions. Domestic Debtors Assets are a store of value representing a benefit or series of benefits accruing to the economic owner by holding or using the item over a period of time. It is a means of carrying forward value from one accounting period to another. The values of assets, liabilities, and equity held at a specific point in time."
CL_GFS_INDICATOR,F2_FC_L_SP,"Currency and deposits, Foreign Creditors, Liabilities, Stock positions",,"Monetary assets held in the form of currency or in deposit accounts with financial institutions. Foreign Creditors Obligations where one unit (the debtor) is obliged, under specific circumstances, to provide funds or other resources to another unit (the creditor). These include shares and other equity in corporations. The values of assets, liabilities, and equity held at a specific point in time."
CL_GFS_INDICATOR,F2_FD_A_SP,"Currency and deposits, Foreign Debtors, Assets, Stock positions",,"Monetary assets held in the form of currency or in deposit accounts with financial institutions. Foreign Debtors Assets are a store of value representing a benefit or series of benefits accruing to the economic owner by holding or using the item over a period of time. It is a means of carrying forward value from one accounting period to another. The values of assets, liabilities, and equity held at a specific point in time."
CL_GFS_INDICATOR,F2_G32_A_T,"Currency and deposits, Net acquisition of financial assets, Transactions",,"Monetary assets held in the form of currency or in deposit accounts with financial institutions. The difference between the acquisition and disposal of financial assets by the government, representing the net increase in financial assets. Assets are a store of value representing a benefit or series of benefits accruing to the economic owner by holding or using the item over a period of time. It is a means of carrying forward value from one accounting period to another. Economic flows that result from interactions between institutional units by mutual agreement, involving an exchange of value."
CL_GFS_INDICATOR,F2_G32_DD_A_T,"Currency and deposits, Net acquisition of financial assets, Domestic Debtors, Transactions",,"Monetary assets held in the form of currency or in deposit accounts with financial institutions. The difference between the acquisition and disposal of financial assets by the government, representing the net increase in financial assets. Domestic Debtors Assets are a store of value representing a benefit or series of benefits accruing to the economic owner by holding or using the item over a period of time. It is a means of carrying forward value from one accounting period to another. Economic flows that result from interactions between institutional units by mutual agreement, involving an exchange of value."
CL_GFS_INDICATOR,F2_G32_FD_A_T,"Currency and deposits, Net acquisition of financial assets, Foreign Debtors, Transactions",,"Monetary assets held in the form of currency or in deposit accounts with financial institutions. The difference between the acquisition and disposal of financial assets by the government, representing the net increase in financial assets. Foreign Debtors Assets are a store of value representing a benefit or series of benefits accruing to the economic owner by holding or using the item over a period of time. It is a means of carrying forward value from one accounting period to another. Economic flows that result from interactions between institutional units by mutual agreement, involving an exchange of value."
CL_GFS_INDICATOR,F2_G33_DC_L_T,"Currency and deposits, Net incurrence of liabilities, Domestic Creditors, Transactions",,"Monetary assets held in the form of currency or in deposit accounts with financial institutions. The net increase in the government's liabilities to domestic creditors, representing new borrowing from domestic sources minus repayments. Domestic Creditors Obligations where one unit (the debtor) is obliged, under specific circumstances, to provide funds or other resources to another unit (the creditor). These include shares and other equity in corporations. Economic flows that result from interactions between institutional units by mutual agreement, involving an exchange of value."
CL_GFS_INDICATOR,F2_G33_FC_L_T,"Currency and deposits, Net incurrence of liabilities, Foreign Creditors, Transactions",,"Monetary assets held in the form of currency or in deposit accounts with financial institutions. The net increase in the government's liabilities to domestic creditors, representing new borrowing from domestic sources minus repayments. Foreign Creditors Obligations where one unit (the debtor) is obliged, under specific circumstances, to provide funds or other resources to another unit (the creditor). These include shares and other equity in corporations. Economic flows that result from interactions between institutional units by mutual agreement, involving an exchange of value."
CL_GFS_INDICATOR,F2_G33_L_T,"Currency and deposits, Net incurrence of liabilities, Transactions",,"Monetary assets held in the form of currency or in deposit accounts with financial institutions. The net increase in the government's liabilities to domestic creditors, representing new borrowing from domestic sources minus repayments. Obligations where one unit (the debtor) is obliged, under specific circumstances, to provide funds or other resources to another unit (the creditor). These include shares and other equity in corporations. Economic flows that result from interactions between institutional units by mutual agreement, involving an exchange of value."
CL_GFS_INDICATOR,F2_L_SP,"Currency and deposits, Liabilities, Stock positions",,"Monetary assets held in the form of currency or in deposit accounts with financial institutions. Obligations where one unit (the debtor) is obliged, under specific circumstances, to provide funds or other resources to another unit (the creditor). These include shares and other equity in corporations. The values of assets, liabilities, and equity held at a specific point in time."
CL_GFS_INDICATOR,F3H_A_SP_MI,"High quality tradable securities, Assets, Stock positions, Memorandum Item",,"Financial instruments that are highly rated and can be easily traded in financial markets. Assets are a store of value representing a benefit or series of benefits accruing to the economic owner by holding or using the item over a period of time. It is a means of carrying forward value from one accounting period to another. The values of assets, liabilities, and equity held at a specific point in time. Memorandum Item"
CL_GFS_INDICATOR,F3_A_SP,"Debt securities, Assets, Stock positions",,"Tradable financial instruments representing a debt, such as bonds and notes. Assets are a store of value representing a benefit or series of benefits accruing to the economic owner by holding or using the item over a period of time. It is a means of carrying forward value from one accounting period to another. The values of assets, liabilities, and equity held at a specific point in time."
CL_GFS_INDICATOR,F3_DC_L_SP,"Debt securities, Domestic Creditors, Liabilities, Stock positions",,"Tradable financial instruments representing a debt, such as bonds and notes. Domestic Creditors Obligations where one unit (the debtor) is obliged, under specific circumstances, to provide funds or other resources to another unit (the creditor). These include shares and other equity in corporations. The values of assets, liabilities, and equity held at a specific point in time."
CL_GFS_INDICATOR,F3_DD_A_SP,"Debt securities, Domestic Debtors, Assets, Stock positions",,"Tradable financial instruments representing a debt, such as bonds and notes. Domestic Debtors Assets are a store of value representing a benefit or series of benefits accruing to the economic owner by holding or using the item over a period of time. It is a means of carrying forward value from one accounting period to another. The values of assets, liabilities, and equity held at a specific point in time."
CL_GFS_INDICATOR,F3_FC_L_SP,"Debt securities, Foreign Creditors, Liabilities, Stock positions",,"Tradable financial instruments representing a debt, such as bonds and notes. Foreign Creditors Obligations where one unit (the debtor) is obliged, under specific circumstances, to provide funds or other resources to another unit (the creditor). These include shares and other equity in corporations. The values of assets, liabilities, and equity held at a specific point in time."
CL_GFS_INDICATOR,F3_FD_A_SP,"Debt securities, Foreign Debtors, Assets, Stock positions",,"Tradable financial instruments representing a debt, such as bonds and notes. Foreign Debtors Assets are a store of value representing a benefit or series of benefits accruing to the economic owner by holding or using the item over a period of time. It is a means of carrying forward value from one accounting period to another. The values of assets, liabilities, and equity held at a specific point in time."
CL_GFS_INDICATOR,F3_G32_A_T,"Debt securities, Net acquisition of financial assets, Transactions",,"Tradable financial instruments representing a debt, such as bonds and notes. The difference between the acquisition and disposal of financial assets by the government, representing the net increase in financial assets. Assets are a store of value representing a benefit or series of benefits accruing to the economic owner by holding or using the item over a period of time. It is a means of carrying forward value from one accounting period to another. Economic flows that result from interactions between institutional units by mutual agreement, involving an exchange of value."
CL_GFS_INDICATOR,F3_G32_DD_A_T,"Debt securities, Net acquisition of financial assets, Domestic Debtors, Transactions",,"Tradable financial instruments representing a debt, such as bonds and notes. The difference between the acquisition and disposal of financial assets by the government, representing the net increase in financial assets. Domestic Debtors Assets are a store of value representing a benefit or series of benefits accruing to the economic owner by holding or using the item over a period of time. It is a means of carrying forward value from one accounting period to another. Economic flows that result from interactions between institutional units by mutual agreement, involving an exchange of value."
CL_GFS_INDICATOR,F3_G32_FD_A_T,"Debt securities, Net acquisition of financial assets, Foreign Debtors, Transactions",,"Tradable financial instruments representing a debt, such as bonds and notes. The difference between the acquisition and disposal of financial assets by the government, representing the net increase in financial assets. Foreign Debtors Assets are a store of value representing a benefit or series of benefits accruing to the economic owner by holding or using the item over a period of time. It is a means of carrying forward value from one accounting period to another. Economic flows that result from interactions between institutional units by mutual agreement, involving an exchange of value."
CL_GFS_INDICATOR,F3_G33_DC_L_T,"Debt securities, Net incurrence of liabilities, Domestic Creditors, Transactions",,"Tradable financial instruments representing a debt, such as bonds and notes. The net increase in the government's liabilities to domestic creditors, representing new borrowing from domestic sources minus repayments. Domestic Creditors Obligations where one unit (the debtor) is obliged, under specific circumstances, to provide funds or other resources to another unit (the creditor). These include shares and other equity in corporations. Economic flows that result from interactions between institutional units by mutual agreement, involving an exchange of value."
CL_GFS_INDICATOR,F3_G33_FC_L_T,"Debt securities, Net incurrence of liabilities, Foreign Creditors, Transactions",,"Tradable financial instruments representing a debt, such as bonds and notes. The net increase in the government's liabilities to domestic creditors, representing new borrowing from domestic sources minus repayments. Foreign Creditors Obligations where one unit (the debtor) is obliged, under specific circumstances, to provide funds or other resources to another unit (the creditor). These include shares and other equity in corporations. Economic flows that result from interactions between institutional units by mutual agreement, involving an exchange of value."
CL_GFS_INDICATOR,F3_G33_L_T,"Debt securities, Net incurrence of liabilities, Transactions",,"Tradable financial instruments representing a debt, such as bonds and notes. The net increase in the government's liabilities to domestic creditors, representing new borrowing from domestic sources minus repayments. Obligations where one unit (the debtor) is obliged, under specific circumstances, to provide funds or other resources to another unit (the creditor). These include shares and other equity in corporations. Economic flows that result from interactions between institutional units by mutual agreement, involving an exchange of value."
CL_GFS_INDICATOR,F3_L_SP,"Debt securities, Liabilities, Stock positions",,"Tradable financial instruments representing a debt, such as bonds and notes. Obligations where one unit (the debtor) is obliged, under specific circumstances, to provide funds or other resources to another unit (the creditor). These include shares and other equity in corporations. The values of assets, liabilities, and equity held at a specific point in time."
CL_GFS_INDICATOR,F4_A_SP,"Loans, Assets, Stock positions",,"Sums of money that are borrowed and expected to be paid back with interest. Assets are a store of value representing a benefit or series of benefits accruing to the economic owner by holding or using the item over a period of time. It is a means of carrying forward value from one accounting period to another. The values of assets, liabilities, and equity held at a specific point in time."
CL_GFS_INDICATOR,F4_DC_L_SP,"Loans, Domestic Creditors, Liabilities, Stock positions",,"Sums of money that are borrowed and expected to be paid back with interest. Domestic Creditors Obligations where one unit (the debtor) is obliged, under specific circumstances, to provide funds or other resources to another unit (the creditor). These include shares and other equity in corporations. The values of assets, liabilities, and equity held at a specific point in time."
CL_GFS_INDICATOR,F4_DD_A_SP,"Loans, Domestic Debtors, Assets, Stock positions",,"Sums of money that are borrowed and expected to be paid back with interest. Domestic Debtors Assets are a store of value representing a benefit or series of benefits accruing to the economic owner by holding or using the item over a period of time. It is a means of carrying forward value from one accounting period to another. The values of assets, liabilities, and equity held at a specific point in time."
CL_GFS_INDICATOR,F4_FC_L_SP,"Loans, Foreign Creditors, Liabilities, Stock positions",,"Sums of money that are borrowed and expected to be paid back with interest. Foreign Creditors Obligations where one unit (the debtor) is obliged, under specific circumstances, to provide funds or other resources to another unit (the creditor). These include shares and other equity in corporations. The values of assets, liabilities, and equity held at a specific point in time."
CL_GFS_INDICATOR,F4_FD_A_SP,"Loans, Foreign Debtors, Assets, Stock positions",,"Sums of money that are borrowed and expected to be paid back with interest. Foreign Debtors Assets are a store of value representing a benefit or series of benefits accruing to the economic owner by holding or using the item over a period of time. It is a means of carrying forward value from one accounting period to another. The values of assets, liabilities, and equity held at a specific point in time."
CL_GFS_INDICATOR,F4_G32_A_T,"Loans, Net acquisition of financial assets, Transactions",,"Sums of money that are borrowed and expected to be paid back with interest. The difference between the acquisition and disposal of financial assets by the government, representing the net increase in financial assets. Assets are a store of value representing a benefit or series of benefits accruing to the economic owner by holding or using the item over a period of time. It is a means of carrying forward value from one accounting period to another. Economic flows that result from interactions between institutional units by mutual agreement, involving an exchange of value."
CL_GFS_INDICATOR,F4_G32_DD_A_T,"Loans, Net acquisition of financial assets, Domestic Debtors, Transactions",,"Sums of money that are borrowed and expected to be paid back with interest. The difference between the acquisition and disposal of financial assets by the government, representing the net increase in financial assets. Domestic Debtors Assets are a store of value representing a benefit or series of benefits accruing to the economic owner by holding or using the item over a period of time. It is a means of carrying forward value from one accounting period to another. Economic flows that result from interactions between institutional units by mutual agreement, involving an exchange of value."
CL_GFS_INDICATOR,F4_G32_FD_A_T,"Loans, Net acquisition of financial assets, Foreign Debtors, Transactions",,"Sums of money that are borrowed and expected to be paid back with interest. The difference between the acquisition and disposal of financial assets by the government, representing the net increase in financial assets. Foreign Debtors Assets are a store of value representing a benefit or series of benefits accruing to the economic owner by holding or using the item over a period of time. It is a means of carrying forward value from one accounting period to another. Economic flows that result from interactions between institutional units by mutual agreement, involving an exchange of value."
CL_GFS_INDICATOR,F4_G33_DC_L_T,"Loans, Net incurrence of liabilities, Domestic Creditors, Transactions",,"Sums of money that are borrowed and expected to be paid back with interest. The net increase in the government's liabilities to domestic creditors, representing new borrowing from domestic sources minus repayments. Domestic Creditors Obligations where one unit (the debtor) is obliged, under specific circumstances, to provide funds or other resources to another unit (the creditor). These include shares and other equity in corporations. Economic flows that result from interactions between institutional units by mutual agreement, involving an exchange of value."
CL_GFS_INDICATOR,F4_G33_FC_L_T,"Loans, Net incurrence of liabilities, Foreign Creditors, Transactions",,"Sums of money that are borrowed and expected to be paid back with interest. The net increase in the government's liabilities to domestic creditors, representing new borrowing from domestic sources minus repayments. Foreign Creditors Obligations where one unit (the debtor) is obliged, under specific circumstances, to provide funds or other resources to another unit (the creditor). These include shares and other equity in corporations. Economic flows that result from interactions between institutional units by mutual agreement, involving an exchange of value."
CL_GFS_INDICATOR,F4_G33_L_T,"Loans, Net incurrence of liabilities, Transactions",,"Sums of money that are borrowed and expected to be paid back with interest. The net increase in the government's liabilities to domestic creditors, representing new borrowing from domestic sources minus repayments. Obligations where one unit (the debtor) is obliged, under specific circumstances, to provide funds or other resources to another unit (the creditor). These include shares and other equity in corporations. Economic flows that result from interactions between institutional units by mutual agreement, involving an exchange of value."
CL_GFS_INDICATOR,F4_L_SP,"Loans, Liabilities, Stock positions",,"Sums of money that are borrowed and expected to be paid back with interest. Obligations where one unit (the debtor) is obliged, under specific circumstances, to provide funds or other resources to another unit (the creditor). These include shares and other equity in corporations. The values of assets, liabilities, and equity held at a specific point in time."
CL_GFS_INDICATOR,F5_A_SP,"Equity and investment fund shares, Assets, Stock positions",,"Ownership interest in companies (equity) and shares in investment funds. Assets are a store of value representing a benefit or series of benefits accruing to the economic owner by holding or using the item over a period of time. It is a means of carrying forward value from one accounting period to another. The values of assets, liabilities, and equity held at a specific point in time."
CL_GFS_INDICATOR,F5_DC_L_SP,"Equity and investment fund shares, Domestic Creditors, Liabilities, Stock positions",,"Ownership interest in companies (equity) and shares in investment funds. Domestic Creditors Obligations where one unit (the debtor) is obliged, under specific circumstances, to provide funds or other resources to another unit (the creditor). These include shares and other equity in corporations. The values of assets, liabilities, and equity held at a specific point in time."
CL_GFS_INDICATOR,F5_DD_A_SP,"Equity and investment fund shares, Domestic Debtors, Assets, Stock positions",,"Ownership interest in companies (equity) and shares in investment funds. Domestic Debtors Assets are a store of value representing a benefit or series of benefits accruing to the economic owner by holding or using the item over a period of time. It is a means of carrying forward value from one accounting period to another. The values of assets, liabilities, and equity held at a specific point in time."
CL_GFS_INDICATOR,F5_FC_L_SP,"Equity and investment fund shares, Foreign Creditors, Liabilities, Stock positions",,"Ownership interest in companies (equity) and shares in investment funds. Foreign Creditors Obligations where one unit (the debtor) is obliged, under specific circumstances, to provide funds or other resources to another unit (the creditor). These include shares and other equity in corporations. The values of assets, liabilities, and equity held at a specific point in time."
CL_GFS_INDICATOR,F5_FD_A_SP,"Equity and investment fund shares, Foreign Debtors, Assets, Stock positions",,"Ownership interest in companies (equity) and shares in investment funds. Foreign Debtors Assets are a store of value representing a benefit or series of benefits accruing to the economic owner by holding or using the item over a period of time. It is a means of carrying forward value from one accounting period to another. The values of assets, liabilities, and equity held at a specific point in time."
CL_GFS_INDICATOR,F5_G32_A_T,"Equity and investment fund shares, Net acquisition of financial assets, Transactions",,"Ownership interest in companies (equity) and shares in investment funds. The difference between the acquisition and disposal of financial assets by the government, representing the net increase in financial assets. Assets are a store of value representing a benefit or series of benefits accruing to the economic owner by holding or using the item over a period of time. It is a means of carrying forward value from one accounting period to another. Economic flows that result from interactions between institutional units by mutual agreement, involving an exchange of value."
CL_GFS_INDICATOR,F5_G32_DD_A_T,"Equity and investment fund shares, Net acquisition of financial assets, Domestic Debtors, Transactions",,"Ownership interest in companies (equity) and shares in investment funds. The difference between the acquisition and disposal of financial assets by the government, representing the net increase in financial assets. Domestic Debtors Assets are a store of value representing a benefit or series of benefits accruing to the economic owner by holding or using the item over a period of time. It is a means of carrying forward value from one accounting period to another. Economic flows that result from interactions between institutional units by mutual agreement, involving an exchange of value."
CL_GFS_INDICATOR,F5_G32_FD_A_T,"Equity and investment fund shares, Net acquisition of financial assets, Foreign Debtors, Transactions",,"Ownership interest in companies (equity) and shares in investment funds. The difference between the acquisition and disposal of financial assets by the government, representing the net increase in financial assets. Foreign Debtors Assets are a store of value representing a benefit or series of benefits accruing to the economic owner by holding or using the item over a period of time. It is a means of carrying forward value from one accounting period to another. Economic flows that result from interactions between institutional units by mutual agreement, involving an exchange of value."
CL_GFS_INDICATOR,F5_G33_DC_L_T,"Equity and investment fund shares, Net incurrence of liabilities, Domestic Creditors, Transactions",,"Ownership interest in companies (equity) and shares in investment funds. The net increase in the government's liabilities to domestic creditors, representing new borrowing from domestic sources minus repayments. Domestic Creditors Obligations where one unit (the debtor) is obliged, under specific circumstances, to provide funds or other resources to another unit (the creditor). These include shares and other equity in corporations. Economic flows that result from interactions between institutional units by mutual agreement, involving an exchange of value."
CL_GFS_INDICATOR,F5_G33_FC_L_T,"Equity and investment fund shares, Net incurrence of liabilities, Foreign Creditors, Transactions",,"Ownership interest in companies (equity) and shares in investment funds. The net increase in the government's liabilities to domestic creditors, representing new borrowing from domestic sources minus repayments. Foreign Creditors Obligations where one unit (the debtor) is obliged, under specific circumstances, to provide funds or other resources to another unit (the creditor). These include shares and other equity in corporations. Economic flows that result from interactions between institutional units by mutual agreement, involving an exchange of value."
CL_GFS_INDICATOR,F5_G33_L_T,"Equity and investment fund shares, Net incurrence of liabilities, Transactions",,"Ownership interest in companies (equity) and shares in investment funds. The net increase in the government's liabilities to domestic creditors, representing new borrowing from domestic sources minus repayments. Obligations where one unit (the debtor) is obliged, under specific circumstances, to provide funds or other resources to another unit (the creditor). These include shares and other equity in corporations. Economic flows that result from interactions between institutional units by mutual agreement, involving an exchange of value."
CL_GFS_INDICATOR,F5_L_SP,"Equity and investment fund shares, Liabilities, Stock positions",,"Ownership interest in companies (equity) and shares in investment funds. Obligations where one unit (the debtor) is obliged, under specific circumstances, to provide funds or other resources to another unit (the creditor). These include shares and other equity in corporations. The values of assets, liabilities, and equity held at a specific point in time."
CL_GFS_INDICATOR,F61_G33_L_T,"Nonlife insurance technical reserves, Net incurrence of liabilities, Transactions",,"Reserves held by insurance companies to cover claims related to nonlife insurance policies. The net increase in the government's liabilities to domestic creditors, representing new borrowing from domestic sources minus repayments. Obligations where one unit (the debtor) is obliged, under specific circumstances, to provide funds or other resources to another unit (the creditor). These include shares and other equity in corporations. Economic flows that result from interactions between institutional units by mutual agreement, involving an exchange of value."
CL_GFS_INDICATOR,F61_L_SP,"Nonlife insurance technical reserves, Liabilities, Stock positions",,"Reserves held by insurance companies to cover claims related to nonlife insurance policies. Obligations where one unit (the debtor) is obliged, under specific circumstances, to provide funds or other resources to another unit (the creditor). These include shares and other equity in corporations. The values of assets, liabilities, and equity held at a specific point in time."
CL_GFS_INDICATOR,F62_G33_L_T,"Life insurance and annuities entitlements, Net incurrence of liabilities, Transactions",,"Financial claims of policyholders against an institutional unit offering life insurance or providing annuities. The net increase in the government's liabilities to domestic creditors, representing new borrowing from domestic sources minus repayments. Obligations where one unit (the debtor) is obliged, under specific circumstances, to provide funds or other resources to another unit (the creditor). These include shares and other equity in corporations. Economic flows that result from interactions between institutional units by mutual agreement, involving an exchange of value."
CL_GFS_INDICATOR,F62_L_SP,"Life insurance and annuities entitlements, Liabilities, Stock positions",,"Financial claims of policyholders against an institutional unit offering life insurance or providing annuities. Obligations where one unit (the debtor) is obliged, under specific circumstances, to provide funds or other resources to another unit (the creditor). These include shares and other equity in corporations. The values of assets, liabilities, and equity held at a specific point in time."
CL_GFS_INDICATOR,F63_G33_L_T,"Pension entitlements, Net incurrence of liabilities, Transactions",,"The obligations of pension plans to provide benefits to their members. The net increase in the government's liabilities to domestic creditors, representing new borrowing from domestic sources minus repayments. Obligations where one unit (the debtor) is obliged, under specific circumstances, to provide funds or other resources to another unit (the creditor). These include shares and other equity in corporations. Economic flows that result from interactions between institutional units by mutual agreement, involving an exchange of value."
CL_GFS_INDICATOR,F63_L_SP,"Pension entitlements, Liabilities, Stock positions",,"The obligations of pension plans to provide benefits to their members. Obligations where one unit (the debtor) is obliged, under specific circumstances, to provide funds or other resources to another unit (the creditor). These include shares and other equity in corporations. The values of assets, liabilities, and equity held at a specific point in time."
CL_GFS_INDICATOR,F64_L_SP,"Claims of pension funds on pension managers, Liabilities, Stock positions",,"The financial claims held by pension funds against their sponsors. Obligations where one unit (the debtor) is obliged, under specific circumstances, to provide funds or other resources to another unit (the creditor). These include shares and other equity in corporations. The values of assets, liabilities, and equity held at a specific point in time."
CL_GFS_INDICATOR,F66_G33_L_T,"Provisions for calls under standardized guarantee schemes, Net incurrence of liabilities, Transactions",,"Funds set aside to cover potential calls under standardized guarantee schemes. The net increase in the government's liabilities to domestic creditors, representing new borrowing from domestic sources minus repayments. Obligations where one unit (the debtor) is obliged, under specific circumstances, to provide funds or other resources to another unit (the creditor). These include shares and other equity in corporations. Economic flows that result from interactions between institutional units by mutual agreement, involving an exchange of value."
CL_GFS_INDICATOR,F66_L_SP,"Provisions for calls under standardized guarantee schemes, Liabilities, Stock positions",,"Funds set aside to cover potential calls under standardized guarantee schemes. Obligations where one unit (the debtor) is obliged, under specific circumstances, to provide funds or other resources to another unit (the creditor). These include shares and other equity in corporations. The values of assets, liabilities, and equity held at a specific point in time."
CL_GFS_INDICATOR,F6N_G33_L_T,"Life insurance and annuity entitlements, pension entitlements, claims of pension funds on pension managers and entitlements to non-pension benefits, Net incurrence of liabilities, Transactions",,"Combined financial obligations including life insurance and annuity entitlements, pension entitlements, and claims of pension funds on pension managers and entitlements to non-pension benefits. The net increase in the government's liabilities to domestic creditors, representing new borrowing from domestic sources minus repayments. Obligations where one unit (the debtor) is obliged, under specific circumstances, to provide funds or other resources to another unit (the creditor). These include shares and other equity in corporations. Economic flows that result from interactions between institutional units by mutual agreement, involving an exchange of value."
CL_GFS_INDICATOR,F6_A_SP,"Insurance, pension and standardized guarantee schemes, Assets, Stock positions",,"Reserves, entitlements, and provisions representing liabilities of the insurer, pension fund, or issuer of standardized guarantees, and a corresponding asset of the policyholders or beneficiaries. Assets are a store of value representing a benefit or series of benefits accruing to the economic owner by holding or using the item over a period of time. It is a means of carrying forward value from one accounting period to another. The values of assets, liabilities, and equity held at a specific point in time."
CL_GFS_INDICATOR,F6_DC_L_SP,"Insurance, pension and standardized guarantee schemes, Domestic Creditors, Liabilities, Stock positions",,"Reserves, entitlements, and provisions representing liabilities of the insurer, pension fund, or issuer of standardized guarantees, and a corresponding asset of the policyholders or beneficiaries. Domestic Creditors Obligations where one unit (the debtor) is obliged, under specific circumstances, to provide funds or other resources to another unit (the creditor). These include shares and other equity in corporations. The values of assets, liabilities, and equity held at a specific point in time."
CL_GFS_INDICATOR,F6_DD_A_SP,"Insurance, pension and standardized guarantee schemes, Domestic Debtors, Assets, Stock positions",,"Reserves, entitlements, and provisions representing liabilities of the insurer, pension fund, or issuer of standardized guarantees, and a corresponding asset of the policyholders or beneficiaries. Domestic Debtors Assets are a store of value representing a benefit or series of benefits accruing to the economic owner by holding or using the item over a period of time. It is a means of carrying forward value from one accounting period to another. The values of assets, liabilities, and equity held at a specific point in time."
CL_GFS_INDICATOR,F6_FC_L_SP,"Insurance, pension and standardized guarantee schemes, Foreign Creditors, Liabilities, Stock positions",,"Reserves, entitlements, and provisions representing liabilities of the insurer, pension fund, or issuer of standardized guarantees, and a corresponding asset of the policyholders or beneficiaries. Foreign Creditors Obligations where one unit (the debtor) is obliged, under specific circumstances, to provide funds or other resources to another unit (the creditor). These include shares and other equity in corporations. The values of assets, liabilities, and equity held at a specific point in time."
CL_GFS_INDICATOR,F6_FD_A_SP,"Insurance, pension and standardized guarantee schemes, Foreign Debtors, Assets, Stock positions",,"Reserves, entitlements, and provisions representing liabilities of the insurer, pension fund, or issuer of standardized guarantees, and a corresponding asset of the policyholders or beneficiaries. Foreign Debtors Assets are a store of value representing a benefit or series of benefits accruing to the economic owner by holding or using the item over a period of time. It is a means of carrying forward value from one accounting period to another. The values of assets, liabilities, and equity held at a specific point in time."
CL_GFS_INDICATOR,F6_G32_A_T,"Insurance, pension and standardized guarantee schemes, Net acquisition of financial assets, Transactions",,"Reserves, entitlements, and provisions representing liabilities of the insurer, pension fund, or issuer of standardized guarantees, and a corresponding asset of the policyholders or beneficiaries. The difference between the acquisition and disposal of financial assets by the government, representing the net increase in financial assets. Assets are a store of value representing a benefit or series of benefits accruing to the economic owner by holding or using the item over a period of time. It is a means of carrying forward value from one accounting period to another. Economic flows that result from interactions between institutional units by mutual agreement, involving an exchange of value."
CL_GFS_INDICATOR,F6_G32_DD_A_T,"Insurance, pension and standardized guarantee schemes, Net acquisition of financial assets, Domestic Debtors, Transactions",,"Reserves, entitlements, and provisions representing liabilities of the insurer, pension fund, or issuer of standardized guarantees, and a corresponding asset of the policyholders or beneficiaries. The difference between the acquisition and disposal of financial assets by the government, representing the net increase in financial assets. Domestic Debtors Assets are a store of value representing a benefit or series of benefits accruing to the economic owner by holding or using the item over a period of time. It is a means of carrying forward value from one accounting period to another. Economic flows that result from interactions between institutional units by mutual agreement, involving an exchange of value."
CL_GFS_INDICATOR,F6_G32_FD_A_T,"Insurance, pension and standardized guarantee schemes, Net acquisition of financial assets, Foreign Debtors, Transactions",,"Reserves, entitlements, and provisions representing liabilities of the insurer, pension fund, or issuer of standardized guarantees, and a corresponding asset of the policyholders or beneficiaries. The difference between the acquisition and disposal of financial assets by the government, representing the net increase in financial assets. Foreign Debtors Assets are a store of value representing a benefit or series of benefits accruing to the economic owner by holding or using the item over a period of time. It is a means of carrying forward value from one accounting period to another. Economic flows that result from interactions between institutional units by mutual agreement, involving an exchange of value."
CL_GFS_INDICATOR,F6_G33_DC_L_T,"Insurance, pension and standardized guarantee schemes, Net incurrence of liabilities, Domestic Creditors, Transactions",,"Reserves, entitlements, and provisions representing liabilities of the insurer, pension fund, or issuer of standardized guarantees, and a corresponding asset of the policyholders or beneficiaries. The net increase in the government's liabilities to domestic creditors, representing new borrowing from domestic sources minus repayments. Domestic Creditors Obligations where one unit (the debtor) is obliged, under specific circumstances, to provide funds or other resources to another unit (the creditor). These include shares and other equity in corporations. Economic flows that result from interactions between institutional units by mutual agreement, involving an exchange of value."
CL_GFS_INDICATOR,F6_G33_FC_L_T,"Insurance, pension and standardized guarantee schemes, Net incurrence of liabilities, Foreign Creditors, Transactions",,"Reserves, entitlements, and provisions representing liabilities of the insurer, pension fund, or issuer of standardized guarantees, and a corresponding asset of the policyholders or beneficiaries. The net increase in the government's liabilities to domestic creditors, representing new borrowing from domestic sources minus repayments. Foreign Creditors Obligations where one unit (the debtor) is obliged, under specific circumstances, to provide funds or other resources to another unit (the creditor). These include shares and other equity in corporations. Economic flows that result from interactions between institutional units by mutual agreement, involving an exchange of value."
CL_GFS_INDICATOR,F6_G33_L_T,"Insurance, pension and standardized guarantee schemes, Net incurrence of liabilities, Transactions",,"Reserves, entitlements, and provisions representing liabilities of the insurer, pension fund, or issuer of standardized guarantees, and a corresponding asset of the policyholders or beneficiaries. The net increase in the government's liabilities to domestic creditors, representing new borrowing from domestic sources minus repayments. Obligations where one unit (the debtor) is obliged, under specific circumstances, to provide funds or other resources to another unit (the creditor). These include shares and other equity in corporations. Economic flows that result from interactions between institutional units by mutual agreement, involving an exchange of value."
CL_GFS_INDICATOR,F6_L_SP,"Insurance, pension and standardized guarantee schemes, Liabilities, Stock positions",,"Reserves, entitlements, and provisions representing liabilities of the insurer, pension fund, or issuer of standardized guarantees, and a corresponding asset of the policyholders or beneficiaries. Obligations where one unit (the debtor) is obliged, under specific circumstances, to provide funds or other resources to another unit (the creditor). These include shares and other equity in corporations. The values of assets, liabilities, and equity held at a specific point in time."
CL_GFS_INDICATOR,F71_A_SP,"Financial derivatives, Assets, Stock positions",,"Negotiable financial instruments linked to another specific financial instrument, indicator, or commodity, through which specific risks (e.g., interest rate risk, foreign exchange risk, equity and commodity price risk, credit risk) can be traded in their own right in financial markets. Financial instruments whose value is derived from the performance of underlying assets, indexes, or interest rates. Assets are a store of value representing a benefit or series of benefits accruing to the economic owner by holding or using the item over a period of time. It is a means of carrying forward value from one accounting period to another. The values of assets, liabilities, and equity held at a specific point in time."
CL_GFS_INDICATOR,F7GFS_DC_L_SP,"Financial derivatives and employee stock options, Domestic Creditors, Liabilities, Stock positions",,"Negotiable financial instruments linked to another specific financial instrument, indicator, or commodity, through which specific risks (e.g., interest rate risk, foreign exchange risk, equity and commodity price risk, credit risk) can be traded in their own right in financial markets. Financial derivatives and employee stock options. Domestic Creditors Obligations where one unit (the debtor) is obliged, under specific circumstances, to provide funds or other resources to another unit (the creditor). These include shares and other equity in corporations. The values of assets, liabilities, and equity held at a specific point in time."
CL_GFS_INDICATOR,F7GFS_DD_A_SP,"Financial derivatives and employee stock options, Domestic Debtors, Assets, Stock positions",,"Negotiable financial instruments linked to another specific financial instrument, indicator, or commodity, through which specific risks (e.g., interest rate risk, foreign exchange risk, equity and commodity price risk, credit risk) can be traded in their own right in financial markets. Financial derivatives and employee stock options. Domestic Debtors Assets are a store of value representing a benefit or series of benefits accruing to the economic owner by holding or using the item over a period of time. It is a means of carrying forward value from one accounting period to another. The values of assets, liabilities, and equity held at a specific point in time."
CL_GFS_INDICATOR,F7GFS_FC_L_SP,"Financial derivatives and employee stock options, Foreign Creditors, Liabilities, Stock positions",,"Negotiable financial instruments linked to another specific financial instrument, indicator, or commodity, through which specific risks (e.g., interest rate risk, foreign exchange risk, equity and commodity price risk, credit risk) can be traded in their own right in financial markets. Financial derivatives and employee stock options. Foreign Creditors Obligations where one unit (the debtor) is obliged, under specific circumstances, to provide funds or other resources to another unit (the creditor). These include shares and other equity in corporations. The values of assets, liabilities, and equity held at a specific point in time."
CL_GFS_INDICATOR,F7GFS_FD_A_SP,"Financial derivatives and employee stock options, Foreign Debtors, Assets, Stock positions",,"Negotiable financial instruments linked to another specific financial instrument, indicator, or commodity, through which specific risks (e.g., interest rate risk, foreign exchange risk, equity and commodity price risk, credit risk) can be traded in their own right in financial markets. Financial derivatives and employee stock options. Foreign Debtors Assets are a store of value representing a benefit or series of benefits accruing to the economic owner by holding or using the item over a period of time. It is a means of carrying forward value from one accounting period to another. The values of assets, liabilities, and equity held at a specific point in time."
CL_GFS_INDICATOR,F7GFS_G32_A_T,"Financial derivatives and employee stock options, Net acquisition of financial assets, Transactions",,"Negotiable financial instruments linked to another specific financial instrument, indicator, or commodity, through which specific risks (e.g., interest rate risk, foreign exchange risk, equity and commodity price risk, credit risk) can be traded in their own right in financial markets. Financial derivatives and employee stock options. The difference between the acquisition and disposal of financial assets by the government, representing the net increase in financial assets. Assets are a store of value representing a benefit or series of benefits accruing to the economic owner by holding or using the item over a period of time. It is a means of carrying forward value from one accounting period to another. Economic flows that result from interactions between institutional units by mutual agreement, involving an exchange of value."
CL_GFS_INDICATOR,F7GFS_G32_DD_A_T,"Financial derivatives and employee stock options, Net acquisition of financial assets, Domestic Debtors, Transactions",,"Negotiable financial instruments linked to another specific financial instrument, indicator, or commodity, through which specific risks (e.g., interest rate risk, foreign exchange risk, equity and commodity price risk, credit risk) can be traded in their own right in financial markets. Financial derivatives and employee stock options. The difference between the acquisition and disposal of financial assets by the government, representing the net increase in financial assets. Domestic Debtors Assets are a store of value representing a benefit or series of benefits accruing to the economic owner by holding or using the item over a period of time. It is a means of carrying forward value from one accounting period to another. Economic flows that result from interactions between institutional units by mutual agreement, involving an exchange of value."
CL_GFS_INDICATOR,F7GFS_G32_FD_A_T,"Financial derivatives and employee stock options, Net acquisition of financial assets, Foreign Debtors, Transactions",,"Negotiable financial instruments linked to another specific financial instrument, indicator, or commodity, through which specific risks (e.g., interest rate risk, foreign exchange risk, equity and commodity price risk, credit risk) can be traded in their own right in financial markets. Financial derivatives and employee stock options. The difference between the acquisition and disposal of financial assets by the government, representing the net increase in financial assets. Foreign Debtors Assets are a store of value representing a benefit or series of benefits accruing to the economic owner by holding or using the item over a period of time. It is a means of carrying forward value from one accounting period to another. Economic flows that result from interactions between institutional units by mutual agreement, involving an exchange of value."
CL_GFS_INDICATOR,F7GFS_G33_DC_L_T,"Financial derivatives and employee stock options, Net incurrence of liabilities, Domestic Creditors, Transactions",,"Negotiable financial instruments linked to another specific financial instrument, indicator, or commodity, through which specific risks (e.g., interest rate risk, foreign exchange risk, equity and commodity price risk, credit risk) can be traded in their own right in financial markets. Financial derivatives and employee stock options. The net increase in the government's liabilities to domestic creditors, representing new borrowing from domestic sources minus repayments. Domestic Creditors Obligations where one unit (the debtor) is obliged, under specific circumstances, to provide funds or other resources to another unit (the creditor). These include shares and other equity in corporations. Economic flows that result from interactions between institutional units by mutual agreement, involving an exchange of value."
CL_GFS_INDICATOR,F7GFS_G33_FC_L_T,"Financial derivatives and employee stock options, Net incurrence of liabilities, Foreign Creditors, Transactions",,"Negotiable financial instruments linked to another specific financial instrument, indicator, or commodity, through which specific risks (e.g., interest rate risk, foreign exchange risk, equity and commodity price risk, credit risk) can be traded in their own right in financial markets. Financial derivatives and employee stock options. The net increase in the government's liabilities to domestic creditors, representing new borrowing from domestic sources minus repayments. Foreign Creditors Obligations where one unit (the debtor) is obliged, under specific circumstances, to provide funds or other resources to another unit (the creditor). These include shares and other equity in corporations. Economic flows that result from interactions between institutional units by mutual agreement, involving an exchange of value."
CL_GFS_INDICATOR,F7GFS_G33_L_T,"Financial derivatives and employee stock options, Net incurrence of liabilities, Transactions",,"Negotiable financial instruments linked to another specific financial instrument, indicator, or commodity, through which specific risks (e.g., interest rate risk, foreign exchange risk, equity and commodity price risk, credit risk) can be traded in their own right in financial markets. Financial derivatives and employee stock options. The net increase in the government's liabilities to domestic creditors, representing new borrowing from domestic sources minus repayments. Obligations where one unit (the debtor) is obliged, under specific circumstances, to provide funds or other resources to another unit (the creditor). These include shares and other equity in corporations. Economic flows that result from interactions between institutional units by mutual agreement, involving an exchange of value."
CL_GFS_INDICATOR,F7GFS_L_SP,"Financial derivatives and employee stock options, Liabilities, Stock positions",,"Negotiable financial instruments linked to another specific financial instrument, indicator, or commodity, through which specific risks (e.g., interest rate risk, foreign exchange risk, equity and commodity price risk, credit risk) can be traded in their own right in financial markets. Financial derivatives and employee stock options. Obligations where one unit (the debtor) is obliged, under specific circumstances, to provide funds or other resources to another unit (the creditor). These include shares and other equity in corporations. The values of assets, liabilities, and equity held at a specific point in time."
CL_GFS_INDICATOR,F8_A_SP,"Other accounts receivable/payable, Assets, Stock positions",,"Accounts that are either receivable or payable but not classified under specific categories like trade receivables/payables or loans. Assets are a store of value representing a benefit or series of benefits accruing to the economic owner by holding or using the item over a period of time. It is a means of carrying forward value from one accounting period to another. The values of assets, liabilities, and equity held at a specific point in time."
CL_GFS_INDICATOR,F8_DC_L_SP,"Other accounts receivable/payable, Domestic Creditors, Liabilities, Stock positions",,"Accounts that are either receivable or payable but not classified under specific categories like trade receivables/payables or loans. Domestic Creditors Obligations where one unit (the debtor) is obliged, under specific circumstances, to provide funds or other resources to another unit (the creditor). These include shares and other equity in corporations. The values of assets, liabilities, and equity held at a specific point in time."
CL_GFS_INDICATOR,F8_DD_A_SP,"Other accounts receivable/payable, Domestic Debtors, Assets, Stock positions",,"Accounts that are either receivable or payable but not classified under specific categories like trade receivables/payables or loans. Domestic Debtors Assets are a store of value representing a benefit or series of benefits accruing to the economic owner by holding or using the item over a period of time. It is a means of carrying forward value from one accounting period to another. The values of assets, liabilities, and equity held at a specific point in time."
CL_GFS_INDICATOR,F8_FC_L_SP,"Other accounts receivable/payable, Foreign Creditors, Liabilities, Stock positions",,"Accounts that are either receivable or payable but not classified under specific categories like trade receivables/payables or loans. Foreign Creditors Obligations where one unit (the debtor) is obliged, under specific circumstances, to provide funds or other resources to another unit (the creditor). These include shares and other equity in corporations. The values of assets, liabilities, and equity held at a specific point in time."
CL_GFS_INDICATOR,F8_FC_L_SP_FV,"Other accounts receivable/payable, Foreign Creditors, Liabilities, Stock positions, Face value",,"Accounts that are either receivable or payable but not classified under specific categories like trade receivables/payables or loans. Foreign Creditors Obligations where one unit (the debtor) is obliged, under specific circumstances, to provide funds or other resources to another unit (the creditor). These include shares and other equity in corporations. The values of assets, liabilities, and equity held at a specific point in time. Face value"
CL_GFS_INDICATOR,F8_FC_L_SP_NV,"Other accounts receivable/payable, Foreign Creditors, Liabilities, Stock positions, Nominal value",,"Accounts that are either receivable or payable but not classified under specific categories like trade receivables/payables or loans. Foreign Creditors Obligations where one unit (the debtor) is obliged, under specific circumstances, to provide funds or other resources to another unit (the creditor). These include shares and other equity in corporations. The values of assets, liabilities, and equity held at a specific point in time. Nominal value"
CL_GFS_INDICATOR,F8_FD_A_SP,"Other accounts receivable/payable, Foreign Debtors, Assets, Stock positions",,"Accounts that are either receivable or payable but not classified under specific categories like trade receivables/payables or loans. Foreign Debtors Assets are a store of value representing a benefit or series of benefits accruing to the economic owner by holding or using the item over a period of time. It is a means of carrying forward value from one accounting period to another. The values of assets, liabilities, and equity held at a specific point in time."
CL_GFS_INDICATOR,F8_G32_A_T,"Other accounts receivable/payable, Net acquisition of financial assets, Transactions",,"Accounts that are either receivable or payable but not classified under specific categories like trade receivables/payables or loans. The difference between the acquisition and disposal of financial assets by the government, representing the net increase in financial assets. Assets are a store of value representing a benefit or series of benefits accruing to the economic owner by holding or using the item over a period of time. It is a means of carrying forward value from one accounting period to another. Economic flows that result from interactions between institutional units by mutual agreement, involving an exchange of value."
CL_GFS_INDICATOR,F8_G32_DD_A_T,"Other accounts receivable/payable, Net acquisition of financial assets, Domestic Debtors, Transactions",,"Accounts that are either receivable or payable but not classified under specific categories like trade receivables/payables or loans. The difference between the acquisition and disposal of financial assets by the government, representing the net increase in financial assets. Domestic Debtors Assets are a store of value representing a benefit or series of benefits accruing to the economic owner by holding or using the item over a period of time. It is a means of carrying forward value from one accounting period to another. Economic flows that result from interactions between institutional units by mutual agreement, involving an exchange of value."
CL_GFS_INDICATOR,F8_G32_FD_A_T,"Other accounts receivable/payable, Net acquisition of financial assets, Foreign Debtors, Transactions",,"Accounts that are either receivable or payable but not classified under specific categories like trade receivables/payables or loans. The difference between the acquisition and disposal of financial assets by the government, representing the net increase in financial assets. Foreign Debtors Assets are a store of value representing a benefit or series of benefits accruing to the economic owner by holding or using the item over a period of time. It is a means of carrying forward value from one accounting period to another. Economic flows that result from interactions between institutional units by mutual agreement, involving an exchange of value."
CL_GFS_INDICATOR,F8_G33_DC_L_T,"Other accounts receivable/payable, Net incurrence of liabilities, Domestic Creditors, Transactions",,"Accounts that are either receivable or payable but not classified under specific categories like trade receivables/payables or loans. The net increase in the government's liabilities to domestic creditors, representing new borrowing from domestic sources minus repayments. Domestic Creditors Obligations where one unit (the debtor) is obliged, under specific circumstances, to provide funds or other resources to another unit (the creditor). These include shares and other equity in corporations. Economic flows that result from interactions between institutional units by mutual agreement, involving an exchange of value."
CL_GFS_INDICATOR,F8_G33_FC_L_T,"Other accounts receivable/payable, Net incurrence of liabilities, Foreign Creditors, Transactions",,"Accounts that are either receivable or payable but not classified under specific categories like trade receivables/payables or loans. The net increase in the government's liabilities to domestic creditors, representing new borrowing from domestic sources minus repayments. Foreign Creditors Obligations where one unit (the debtor) is obliged, under specific circumstances, to provide funds or other resources to another unit (the creditor). These include shares and other equity in corporations. Economic flows that result from interactions between institutional units by mutual agreement, involving an exchange of value."
CL_GFS_INDICATOR,F8_G33_L_T,"Other accounts receivable/payable, Net incurrence of liabilities, Transactions",,"Accounts that are either receivable or payable but not classified under specific categories like trade receivables/payables or loans. The net increase in the government's liabilities to domestic creditors, representing new borrowing from domestic sources minus repayments. Obligations where one unit (the debtor) is obliged, under specific circumstances, to provide funds or other resources to another unit (the creditor). These include shares and other equity in corporations. Economic flows that result from interactions between institutional units by mutual agreement, involving an exchange of value."
CL_GFS_INDICATOR,F8_L_SP,"Other accounts receivable/payable, Liabilities, Stock positions",,"Accounts that are either receivable or payable but not classified under specific categories like trade receivables/payables or loans. Obligations where one unit (the debtor) is obliged, under specific circumstances, to provide funds or other resources to another unit (the creditor). These include shares and other equity in corporations. The values of assets, liabilities, and equity held at a specific point in time."
CL_GFS_INDICATOR,FAADJ_G32_A_T,"Financial assets (adjustment), Net acquisition of , Transactions",,"Financial assets (adjustment) The difference between the acquisition and disposal of financial assets by the government, representing the net increase in financial assets. Assets are a store of value representing a benefit or series of benefits accruing to the economic owner by holding or using the item over a period of time. It is a means of carrying forward value from one accounting period to another. Economic flows that result from interactions between institutional units by mutual agreement, involving an exchange of value."
CL_GFS_INDICATOR,FA_A_SP,"Financial assets, Stock positions",,"Financial claims and gold bullion held by monetary authorities as a reserve asset.  Assets are a store of value representing a benefit or series of benefits accruing to the economic owner by holding or using the item over a period of time. It is a means of carrying forward value from one accounting period to another. The values of assets, liabilities, and equity held at a specific point in time."
CL_GFS_INDICATOR,FA_FD_A_SP,"Financial assets, Foreign Debtors, Stock positions",,"Financial claims and gold bullion held by monetary authorities as a reserve asset.  Foreign Debtors Assets are a store of value representing a benefit or series of benefits accruing to the economic owner by holding or using the item over a period of time. It is a means of carrying forward value from one accounting period to another. The values of assets, liabilities, and equity held at a specific point in time."
CL_GFS_INDICATOR,FA_IO_FD_A_SP,"Financial assets, International Organizations, Foreign Debtors, Stock positions",,"Financial claims and gold bullion held by monetary authorities as a reserve asset.  International Organizations Foreign Debtors Assets are a store of value representing a benefit or series of benefits accruing to the economic owner by holding or using the item over a period of time. It is a means of carrying forward value from one accounting period to another. The values of assets, liabilities, and equity held at a specific point in time."
CL_GFS_INDICATOR,FA_ONRES_FD_A_SP,"Financial assets, Nonresidents, Other, Foreign Debtors, Stock positions",,"Financial claims and gold bullion held by monetary authorities as a reserve asset.  Nonresidents, Other Foreign Debtors Assets are a store of value representing a benefit or series of benefits accruing to the economic owner by holding or using the item over a period of time. It is a means of carrying forward value from one accounting period to another. The values of assets, liabilities, and equity held at a specific point in time."
CL_GFS_INDICATOR,FA_S11_DD_SP,"Financial assets, Non-financial corporations, Domestic Debtors, Stock positions",,"Financial claims and gold bullion held by monetary authorities as a reserve asset.  Non-financial corporations are institutional units whose principal activity is the production of market goods or non-financial services. Domestic Debtors The values of assets, liabilities, and equity held at a specific point in time."
CL_GFS_INDICATOR,FA_S121_DD_A_SP,"Financial assets, Central bank, Domestic Debtors, Stock positions",,"Financial claims and gold bullion held by monetary authorities as a reserve asset.  Central bank Domestic Debtors Assets are a store of value representing a benefit or series of benefits accruing to the economic owner by holding or using the item over a period of time. It is a means of carrying forward value from one accounting period to another. The values of assets, liabilities, and equity held at a specific point in time."
CL_GFS_INDICATOR,FA_S122_DD_A_SP,"Financial assets, Deposit taking corporations, except the Central Bank, Domestic Debtors, Stock positions",,"Financial claims and gold bullion held by monetary authorities as a reserve asset.  Financial corporations accepting deposits, except for the central bank. Domestic Debtors Assets are a store of value representing a benefit or series of benefits accruing to the economic owner by holding or using the item over a period of time. It is a means of carrying forward value from one accounting period to another. The values of assets, liabilities, and equity held at a specific point in time."
CL_GFS_INDICATOR,FA_S12R_DD_A_SP,"Financial assets, Other financial corporations, Domestic Debtors, Stock positions",,"Financial claims and gold bullion held by monetary authorities as a reserve asset.  Other financial corporations Domestic Debtors Assets are a store of value representing a benefit or series of benefits accruing to the economic owner by holding or using the item over a period of time. It is a means of carrying forward value from one accounting period to another. The values of assets, liabilities, and equity held at a specific point in time."
CL_GFS_INDICATOR,FA_S12XIOS_FD_A_SP,"Financial assets, Financial corporations other than International Organizations, Foreign Debtors, Stock positions",,"Financial claims and gold bullion held by monetary authorities as a reserve asset.  Financial corporations other than International Organizations Foreign Debtors Assets are a store of value representing a benefit or series of benefits accruing to the economic owner by holding or using the item over a period of time. It is a means of carrying forward value from one accounting period to another. The values of assets, liabilities, and equity held at a specific point in time."
CL_GFS_INDICATOR,FA_S13_DD_SP,"Financial assets, General government, Domestic Debtors, Stock positions",,"Financial claims and gold bullion held by monetary authorities as a reserve asset.  The General Government sector consists of legal entities established by political processes that have legislative, judicial or executive authority over other institutional units within a given area, principally engaged in non-market production intended for individual and collective consumption and in the redistribution of income and wealth by transfers, which is financed mainly by compulsory payments made by units belonging to other sectors. The general government sector includes institutional units at central, state and local level together with social security funds and non-profit institutions controlled by them. Domestic Debtors The values of assets, liabilities, and equity held at a specific point in time."
CL_GFS_INDICATOR,FA_S13_FD_SP,"Financial assets, General government, Foreign Debtors, Stock positions",,"Financial claims and gold bullion held by monetary authorities as a reserve asset.  The General Government sector consists of legal entities established by political processes that have legislative, judicial or executive authority over other institutional units within a given area, principally engaged in non-market production intended for individual and collective consumption and in the redistribution of income and wealth by transfers, which is financed mainly by compulsory payments made by units belonging to other sectors. The general government sector includes institutional units at central, state and local level together with social security funds and non-profit institutions controlled by them. Foreign Debtors The values of assets, liabilities, and equity held at a specific point in time."
CL_GFS_INDICATOR,FA_S1M_DD_SP,"Financial assets, Households and non profit institutions serving households (NPISH), Domestic Debtors, Stock positions",,"Financial claims and gold bullion held by monetary authorities as a reserve asset.  Households and non profit institutions serving households (NPISH) Domestic Debtors The values of assets, liabilities, and equity held at a specific point in time."
CL_GFS_INDICATOR,FA_SFD_A_T,"Financial assets, Stock-flow discrepancy, Transactions",,"Financial claims and gold bullion held by monetary authorities as a reserve asset.  Stock-flow discrepancy Assets are a store of value representing a benefit or series of benefits accruing to the economic owner by holding or using the item over a period of time. It is a means of carrying forward value from one accounting period to another. Economic flows that result from interactions between institutional units by mutual agreement, involving an exchange of value."
CL_GFS_INDICATOR,FJ_L_SP_MI,"Arrears, Liabilities, Stock positions, Memorandum Item",,"Unpaid overdue amounts, such as interest or principal on loans or debt securities. Obligations where one unit (the debtor) is obliged, under specific circumstances, to provide funds or other resources to another unit (the creditor). These include shares and other equity in corporations. The values of assets, liabilities, and equity held at a specific point in time. Memorandum Item"
CL_GFS_INDICATOR,G1111_T,"Taxes on income, profits, and capital gains, payable by individuals, Transactions",,"Taxes levied on the income, profits, and capital gains of individuals. Economic flows that result from interactions between institutional units by mutual agreement, involving an exchange of value."
CL_GFS_INDICATOR,G1112_T,"Taxes on income, profits, and capital gains, payable by corporations and other enterprises, Transactions",,"Taxes levied on the income, profits, and capital gains of corporations and other business enterprises. Economic flows that result from interactions between institutional units by mutual agreement, involving an exchange of value."
CL_GFS_INDICATOR,G1113_T,"Other taxes on income, profits, and capital gains, Transactions",,"Taxes levied on income, profits, and capital gains that do not fit into specific categories. Economic flows that result from interactions between institutional units by mutual agreement, involving an exchange of value."
CL_GFS_INDICATOR,G111_T,"Taxes on income, profits, and capital gains, Transactions",,"Taxes levied on the income, profits, and capital gains of individuals and businesses. Economic flows that result from interactions between institutional units by mutual agreement, involving an exchange of value."
CL_GFS_INDICATOR,G112_T,"Taxes on payroll and workforce, Transactions",,"Taxes levied on payroll and workforce expenses, such as social security contributions and payroll taxes. Economic flows that result from interactions between institutional units by mutual agreement, involving an exchange of value."
CL_GFS_INDICATOR,G1131_T,"Recurrent taxes on immovable property, Transactions",,"Taxes levied on immovable property, such as land and buildings, on a regular basis. Economic flows that result from interactions between institutional units by mutual agreement, involving an exchange of value."
CL_GFS_INDICATOR,G1132_T,"Recurrent taxes on net wealth, Transactions",,"Taxes levied on the net wealth of individuals or entities on a regular basis. Economic flows that result from interactions between institutional units by mutual agreement, involving an exchange of value."
CL_GFS_INDICATOR,G1133_T,"Tax, property, estate, inheritance, and gift taxes, Transactions",,"Taxes levied on property ownership, estates, inheritances, and gifts. Economic flows that result from interactions between institutional units by mutual agreement, involving an exchange of value."
CL_GFS_INDICATOR,G1135_T,"Capital levies, Transactions",,"One-time charges or taxes imposed by the government on capital assets or wealth to raise revenue for specific purposes. Economic flows that result from interactions between institutional units by mutual agreement, involving an exchange of value."
CL_GFS_INDICATOR,G113IM_T,"Taxes on immovable property, Transactions",,"These are taxes levied on real estate or landed property. Economic flows that result from interactions between institutional units by mutual agreement, involving an exchange of value."
CL_GFS_INDICATOR,G113_T,"Taxes on property, Transactions",,"Taxes levied on the ownership, use, or transfer of property, including real estate and personal property. Economic flows that result from interactions between institutional units by mutual agreement, involving an exchange of value."
CL_GFS_INDICATOR,G11411_T,"Value added tax, goods and services, Transactions",,"A consumption tax levied on the value added at each stage of production and distribution Economic flows that result from interactions between institutional units by mutual agreement, involving an exchange of value."
CL_GFS_INDICATOR,G11412_T,"Sales taxes, Transactions",,"Taxes levied on the sale of goods and services, typically collected at the point of sale. Economic flows that result from interactions between institutional units by mutual agreement, involving an exchange of value."
CL_GFS_INDICATOR,G11413_T,"Turnover and other general taxes on goods and services, Transactions",,"Taxes levied on the total revenue generated by the sale of goods and services, including turnover taxes and general sales taxes. Economic flows that result from interactions between institutional units by mutual agreement, involving an exchange of value."
CL_GFS_INDICATOR,G11414_T,"Taxes on financial and capital transactions, Transactions",,"Taxes levied on financial and capital transactions, such as stock trades and real estate sales. Economic flows that result from interactions between institutional units by mutual agreement, involving an exchange of value."
CL_GFS_INDICATOR,G1141_T,"General taxes on goods and services, Transactions",,"A category of taxes that includes all taxes levied on the sale or consumption of goods and services. Economic flows that result from interactions between institutional units by mutual agreement, involving an exchange of value."
CL_GFS_INDICATOR,G1142_T,"Excises, Transactions",,"Taxes imposed on specific goods and services, such as alcohol, tobacco, and fuel, typically included in the price of the product. Economic flows that result from interactions between institutional units by mutual agreement, involving an exchange of value."
CL_GFS_INDICATOR,G1143_T,"Profits of fiscal monopolies, Transactions",,"Profits generated by government-owned monopolies involved in fiscal activities. Economic flows that result from interactions between institutional units by mutual agreement, involving an exchange of value."
CL_GFS_INDICATOR,G1144_T,"Specific services tax: goods and services, Transactions",,"A tax levied on specific goods and services, such as telecommunications or tourism. Economic flows that result from interactions between institutional units by mutual agreement, involving an exchange of value."
CL_GFS_INDICATOR,G11451_T,"Motor vehicles taxes, Transactions",,"Taxes imposed on the ownership, registration, or use of motor vehicles. Economic flows that result from interactions between institutional units by mutual agreement, involving an exchange of value."
CL_GFS_INDICATOR,G11452_T,"Other taxes on use of goods and on permission to use goods or perform activities, Transactions",,"Taxes levied on the use of goods and services and on permissions to use goods or perform activities that do not fit into specific categories. Economic flows that result from interactions between institutional units by mutual agreement, involving an exchange of value."
CL_GFS_INDICATOR,G1145_T,"Use of goods tax, goods and services, Transactions",,"Taxes levied on the use of goods and services. Economic flows that result from interactions between institutional units by mutual agreement, involving an exchange of value."
CL_GFS_INDICATOR,G1146_T,"Other taxes on goods and services, Transactions",,"Taxes levied on the sale or consumption of goods and services that do not fit into specific categories. Economic flows that result from interactions between institutional units by mutual agreement, involving an exchange of value."
CL_GFS_INDICATOR,G114_T,"Taxes on goods and services, Transactions",,"Taxes levied on the sale or consumption of goods and services. Economic flows that result from interactions between institutional units by mutual agreement, involving an exchange of value."
CL_GFS_INDICATOR,G1151_T,"Customs and other import duties, Transactions",,"Taxes and fees imposed by the government on imported goods and services. Economic flows that result from interactions between institutional units by mutual agreement, involving an exchange of value."
CL_GFS_INDICATOR,G1152_T,"Taxes on exports, Transactions",,"Taxes levied on goods and services exported from the country. Economic flows that result from interactions between institutional units by mutual agreement, involving an exchange of value."
CL_GFS_INDICATOR,G1153_T,"Profits of export or import monopolies, Transactions",,"Profits generated by government-owned export or import monopolies. Economic flows that result from interactions between institutional units by mutual agreement, involving an exchange of value."
CL_GFS_INDICATOR,G1154_T,"Exchange profits, Transactions",,"Profits generated from the exchange of goods and services, including gains from favorable exchange rates. Economic flows that result from interactions between institutional units by mutual agreement, involving an exchange of value."
CL_GFS_INDICATOR,G1155_T,"Exchange taxes, Transactions",,"Taxes levied on the exchange of goods and services, including customs duties and other import/export taxes. Economic flows that result from interactions between institutional units by mutual agreement, involving an exchange of value."
CL_GFS_INDICATOR,G1156_T,"Other taxes on international trade and transactions, Transactions",,"Taxes levied on international trade and transactions that do not fit into specific categories. Economic flows that result from interactions between institutional units by mutual agreement, involving an exchange of value."
CL_GFS_INDICATOR,G115_T,"Taxes on international trade and transactions, Transactions",,"Taxes levied on international trade and transactions, including customs duties and import/export taxes. Economic flows that result from interactions between institutional units by mutual agreement, involving an exchange of value."
CL_GFS_INDICATOR,G116_T,"Other taxes, Transactions",,"A category of taxes that includes all taxes levied by the government that do not fit into specific tax categories. Economic flows that result from interactions between institutional units by mutual agreement, involving an exchange of value."
CL_GFS_INDICATOR,G11_T,"Taxes, Transactions",,"Compulsory financial charges levied by the government on individuals, businesses, and transactions to fund public services and programs. Economic flows that result from interactions between institutional units by mutual agreement, involving an exchange of value."
CL_GFS_INDICATOR,G11_TCB_CAB,"Taxes, Transactions (cash basis of recording), Cash basis",,"Compulsory financial charges levied by the government on individuals, businesses, and transactions to fund public services and programs. Transactions (cash basis of recording). Cash basis"
CL_GFS_INDICATOR,G1211_T,"Social security contributions: employee contributions, Transactions",,"Contributions made by employees to social security schemes. Economic flows that result from interactions between institutional units by mutual agreement, involving an exchange of value."
CL_GFS_INDICATOR,G1212_T,"Social security contributions: employer contributions, Transactions",,"Contributions made by employers to social security schemes on behalf of their employees. Economic flows that result from interactions between institutional units by mutual agreement, involving an exchange of value."
CL_GFS_INDICATOR,G1213_T,"Social security contributions: self-employed or nonemployed contributions, Transactions",,"Contributions made by self-employed individuals or those not employed to social security schemes. Economic flows that result from interactions between institutional units by mutual agreement, involving an exchange of value."
CL_GFS_INDICATOR,G121_T,"Social security contributions, Transactions",,"Compulsory payments made to social security schemes by employees, employers, and the self-employed. Economic flows that result from interactions between institutional units by mutual agreement, involving an exchange of value."
CL_GFS_INDICATOR,G1221_T,"Other social contributions: employee contributions, Transactions",,"Contributions made by employees to social security schemes and other social benefits. Economic flows that result from interactions between institutional units by mutual agreement, involving an exchange of value."
CL_GFS_INDICATOR,G1222_T,"Other social contributions: employer contributions, Transactions",,"Contributions made by employers to social security schemes and other social benefits on behalf of their employees. Economic flows that result from interactions between institutional units by mutual agreement, involving an exchange of value."
CL_GFS_INDICATOR,G1223_T,"Other social contributions: imputed contributions, Transactions",,"Contributions that are assumed to have been made to social security schemes and other social benefits, even if no actual transaction took place. Economic flows that result from interactions between institutional units by mutual agreement, involving an exchange of value."
CL_GFS_INDICATOR,G122_T,"Other social contributions, Transactions",,"Contributions to social security schemes and other social benefits that do not fit into specific categories. Economic flows that result from interactions between institutional units by mutual agreement, involving an exchange of value."
CL_GFS_INDICATOR,G125U_T,"Social security contributions, unallocable contributions, Transactions",,"This refers to social security contributions that cannot be directly assigned or allocated to specific individuals or programs.  Economic flows that result from interactions between institutional units by mutual agreement, involving an exchange of value."
CL_GFS_INDICATOR,G12_T,"Social contributions, Transactions",,"Compulsory payments made to social insurance schemes by employees, employers, and the self-employed to fund future social benefits. Economic flows that result from interactions between institutional units by mutual agreement, involving an exchange of value."
CL_GFS_INDICATOR,G12_TCB_CAB,"Social contributions, Transactions (cash basis of recording), Cash basis",,"Compulsory payments made to social insurance schemes by employees, employers, and the self-employed to fund future social benefits. Transactions (cash basis of recording). Cash basis"
CL_GFS_INDICATOR,G13C_IO_T,"Current grants receivable, International Organizations, Transactions",,"Transfers that the government expects to receive from other entities for current purposes, such as operational support or social benefits. International Organizations Economic flows that result from interactions between institutional units by mutual agreement, involving an exchange of value."
CL_GFS_INDICATOR,G13C_S13U_T,"Current grants receivable, Other general government, Transactions",,"Transfers that the government expects to receive from other entities for current purposes, such as operational support or social benefits. Other general government Economic flows that result from interactions between institutional units by mutual agreement, involving an exchange of value."
CL_GFS_INDICATOR,G13FG_T,"Grants receivable from foreign governments: current grants, Transactions",,"Current grants that the government expects to receive from foreign governments for operational support or social programs. Economic flows that result from interactions between institutional units by mutual agreement, involving an exchange of value."
CL_GFS_INDICATOR,G13KFG_T,"Grants receivable from foreign governments: capital grants, Transactions",,"Capital grants that the government expects to receive from foreign governments for infrastructure development or major equipment purchases. Economic flows that result from interactions between institutional units by mutual agreement, involving an exchange of value."
CL_GFS_INDICATOR,G13K_IO_T,"Capital grants receivable, International Organizations, Transactions",,"Transfers that the government expects to receive from other entities for capital purposes, such as infrastructure development or major equipment purchases. International Organizations Economic flows that result from interactions between institutional units by mutual agreement, involving an exchange of value."
CL_GFS_INDICATOR,G13K_S13U_T,"Capital grants receivable, Other general government, Transactions",,"Transfers that the government expects to receive from other entities for capital purposes, such as infrastructure development or major equipment purchases. Other general government Economic flows that result from interactions between institutional units by mutual agreement, involving an exchange of value."
CL_GFS_INDICATOR,G13_IO_T,"Grants receivable, International Organizations, Transactions",,"Transfers that the government expects to receive from various entities for various purposes, including operational support and capital projects. International Organizations Economic flows that result from interactions between institutional units by mutual agreement, involving an exchange of value."
CL_GFS_INDICATOR,G13_S13U_T,"Grants receivable, Other general government, Transactions",,"Transfers that the government expects to receive from various entities for various purposes, including operational support and capital projects. Other general government Economic flows that result from interactions between institutional units by mutual agreement, involving an exchange of value."
CL_GFS_INDICATOR,G13_T,"Grants receivable, Transactions",,"Transfers that the government expects to receive from various entities for various purposes, including operational support and capital projects. Economic flows that result from interactions between institutional units by mutual agreement, involving an exchange of value."
CL_GFS_INDICATOR,G13_TCB_CAB,"Grants receivable, Transactions (cash basis of recording), Cash basis",,"Transfers that the government expects to receive from various entities for various purposes, including operational support and capital projects. Transactions (cash basis of recording). Cash basis"
CL_GFS_INDICATOR,G1411_NRES_T,"Interest (before FISIM allocation), receivable, Nonresidents, Transactions",,"Interest income that the government is entitled to receive before the allocation of Financial Intermediation Services Indirectly Measured (FISIM). Nonresidents Economic flows that result from interactions between institutional units by mutual agreement, involving an exchange of value."
CL_GFS_INDICATOR,G1411_S13U_T,"Interest (before FISIM allocation), receivable, Other general government, Transactions",,"Interest income that the government is entitled to receive before the allocation of Financial Intermediation Services Indirectly Measured (FISIM). Other general government Economic flows that result from interactions between institutional units by mutual agreement, involving an exchange of value."
CL_GFS_INDICATOR,G1411_S1W_T,"Interest (before FISIM allocation), receivable, Financial corporations, nonfinancial corporations, households, and NPISHs, Transactions",,"Interest income that the government is entitled to receive before the allocation of Financial Intermediation Services Indirectly Measured (FISIM). Financial corporations, nonfinancial corporations, households, and NPISHs Economic flows that result from interactions between institutional units by mutual agreement, involving an exchange of value."
CL_GFS_INDICATOR,G1411_T,"Interest (before FISIM allocation), receivable, Transactions",,"Interest income that the government is entitled to receive before the allocation of Financial Intermediation Services Indirectly Measured (FISIM). Economic flows that result from interactions between institutional units by mutual agreement, involving an exchange of value."
CL_GFS_INDICATOR,G1412_T,"Dividends receivable, Transactions",,"Payments that the government expects to receive from its investments in state-owned enterprises or other equity holdings. Economic flows that result from interactions between institutional units by mutual agreement, involving an exchange of value."
CL_GFS_INDICATOR,G1413_T,"Withdrawals from income of quasi-corporations, receivable, Transactions",,"Payments that the government expects to receive from quasi-corporations from their income, typically representing the government's share of profits or other earnings. Economic flows that result from interactions between institutional units by mutual agreement, involving an exchange of value."
CL_GFS_INDICATOR,G1414I_T,"Insurance income receivable, Transactions",,"Income that the government expects to receive from insurance policies, such as premium payments or claims reimbursements. Economic flows that result from interactions between institutional units by mutual agreement, involving an exchange of value."
CL_GFS_INDICATOR,G1415_T,"Rent receivable, Transactions",,"Rent payments that the government expects to receive for the use of its property or land. Economic flows that result from interactions between institutional units by mutual agreement, involving an exchange of value."
CL_GFS_INDICATOR,G1416_T,"Reinvested earnings on foreign direct investment, Transactions",,"Earnings from foreign direct investments that are reinvested in the same foreign enterprises. Economic flows that result from interactions between institutional units by mutual agreement, involving an exchange of value."
CL_GFS_INDICATOR,G141_T,"Property income, Transactions",,"Income generated from government-owned property, including rent, leases, and sales. Economic flows that result from interactions between institutional units by mutual agreement, involving an exchange of value."
CL_GFS_INDICATOR,G1421_T,"Sales by market establishments, Transactions",,"Revenue generated from the sale of goods and services by government or nonprofit establishments operating in the market. Economic flows that result from interactions between institutional units by mutual agreement, involving an exchange of value."
CL_GFS_INDICATOR,G1422_T,"Administrative fees, Transactions",,"Charges levied by government entities or organizations for the provision of administrative services. These fees cover the costs associated with processing applications, permits, and other administrative activities. Economic flows that result from interactions between institutional units by mutual agreement, involving an exchange of value."
CL_GFS_INDICATOR,G1423_T,"Incidental sales by nonmarket establishments, Transactions",,"Sales of goods and services by government or nonprofit establishments that primarily do not operate in the market but occasionally sell products as a by-product of their main activities. Economic flows that result from interactions between institutional units by mutual agreement, involving an exchange of value."
CL_GFS_INDICATOR,G1424_T,"Imputed sales of goods and services, Transactions",,"Sales that are assumed to have occurred, even if no actual transaction took place, based on Economic flows that result from interactions between institutional units by mutual agreement, involving an exchange of value."
CL_GFS_INDICATOR,G142_T,"Sales of goods and services, Transactions",,"Revenue generated from the sale of goods and services by the government. Economic flows that result from interactions between institutional units by mutual agreement, involving an exchange of value."
CL_GFS_INDICATOR,G143_T,"Fines, penalties, and forfeits, Transactions",,"Revenue collected by the government from fines, penalties, and forfeits imposed for legal or regulatory violations. Economic flows that result from interactions between institutional units by mutual agreement, involving an exchange of value."
CL_GFS_INDICATOR,G1451_T,"Premiums, fees, and current claims, receivable, Transactions",,"Amounts that the government expects to receive for premiums, fees, and current claims related to nonlife insurance policies and standardized guarantee schemes. Economic flows that result from interactions between institutional units by mutual agreement, involving an exchange of value."
CL_GFS_INDICATOR,G1452_T,"Capital claims receivable, Transactions",,"Amounts that the government expects to receive from other entities for capital transactions, such as sales of nonfinancial assets or repayments of loans. Economic flows that result from interactions between institutional units by mutual agreement, involving an exchange of value."
CL_GFS_INDICATOR,G145_T,"Premiums, fees, and claims related to nonlife insurance and standardized guarantee schemes, receivable, Transactions",,"Amounts that the government expects to receive from nonlife insurance policies and standardized guarantee schemes, including premiums, fees, and claims. Economic flows that result from interactions between institutional units by mutual agreement, involving an exchange of value."
CL_GFS_INDICATOR,G14_T,"Other revenue, Transactions",,"Revenue collected by the government from various sources that do not fit into specific categories. Economic flows that result from interactions between institutional units by mutual agreement, involving an exchange of value."
CL_GFS_INDICATOR,G14_TCB_CAB,"Other revenue, Transactions (cash basis of recording), Cash basis",,Revenue collected by the government from various sources that do not fit into specific categories. Transactions (cash basis of recording). Cash basis
CL_GFS_INDICATOR,G1M13A_TCB_MI,"Grants in cash receivable, Transactions (cash basis of recording), Memorandum Item",,"Cash grants that the government expects to receive from other entities, such as local governments or international organizations. Transactions (cash basis of recording). Memorandum Item"
CL_GFS_INDICATOR,G1_T,"Revenue, Transactions",,"Revenue refers to the total inflow of resources, typically in the form of taxes, fees, charges, grants, and other income, received by a government entity during a specific period. It represents the funds generated by the government through its various activities and sources, including taxation, sales of goods or services, investment income, and transfers from other entities.  Economic flows that result from interactions between institutional units by mutual agreement, involving an exchange of value."
CL_GFS_INDICATOR,G1_TCB_CAB,"Revenue, Transactions (cash basis of recording), Cash basis",,"Revenue refers to the total inflow of resources, typically in the form of taxes, fees, charges, grants, and other income, received by a government entity during a specific period. It represents the funds generated by the government through its various activities and sources, including taxation, sales of goods or services, investment income, and transfers from other entities.  Transactions (cash basis of recording). Cash basis"
CL_GFS_INDICATOR,G211_T,"Wages and salaries, Transactions",,"The total remuneration paid to employees by the government, including regular pay, bonuses, and other compensation. Economic flows that result from interactions between institutional units by mutual agreement, involving an exchange of value."
CL_GFS_INDICATOR,G212A_T,"Employers' social contributions: actual, Transactions",,"This refers to the mandatory payments made by employers to social security programs and other social insurance schemes on behalf of their employees. Economic flows that result from interactions between institutional units by mutual agreement, involving an exchange of value."
CL_GFS_INDICATOR,G212I_T,"Employers' social contributions: imputed, Transactions",,"In some cases, governments provide social benefits directly to employees or self-employed individuals without requiring employers to make explicit contributions. In these situations, an imputed value is assigned to represent the cost of these benefits if they were financed through employer contributions. Economic flows that result from interactions between institutional units by mutual agreement, involving an exchange of value."
CL_GFS_INDICATOR,G212_T,"Employers' social contributions, Transactions",,"Payments made by employers to social security schemes or other social insurance programs on behalf of their employees. Economic flows that result from interactions between institutional units by mutual agreement, involving an exchange of value."
CL_GFS_INDICATOR,G21_T,"Compensation of employees, Transactions",,"The total remuneration, including wages, salaries, and benefits, paid to employees by the government for their work. Economic flows that result from interactions between institutional units by mutual agreement, involving an exchange of value."
CL_GFS_INDICATOR,G21_TCB_CAB,"Compensation of employees, Transactions (cash basis of recording), Cash basis",,"The total remuneration, including wages, salaries, and benefits, paid to employees by the government for their work. Transactions (cash basis of recording). Cash basis"
CL_GFS_INDICATOR,G22_T,"Use of goods and services, Transactions",,"The consumption of goods and services by the government for its operational activities. Economic flows that result from interactions between institutional units by mutual agreement, involving an exchange of value."
CL_GFS_INDICATOR,G22_TCB_CAB,"Use of goods and services, Transactions (cash basis of recording), Cash basis",,The consumption of goods and services by the government for its operational activities. Transactions (cash basis of recording). Cash basis
CL_GFS_INDICATOR,G23_A_T_MI,"Consumption of fixed capital (CFC), Assets, Transactions, Memorandum Item",,"The systematic allocation of the cost of fixed assets over their useful lives, reflecting the reduction in their value over time. Assets are a store of value representing a benefit or series of benefits accruing to the economic owner by holding or using the item over a period of time. It is a means of carrying forward value from one accounting period to another. Economic flows that result from interactions between institutional units by mutual agreement, involving an exchange of value. Memorandum Item"
CL_GFS_INDICATOR,G23_T,"Consumption of fixed capital (CFC), Transactions",,"The systematic allocation of the cost of fixed assets over their useful lives, reflecting the reduction in their value over time. Economic flows that result from interactions between institutional units by mutual agreement, involving an exchange of value."
CL_GFS_INDICATOR,G24_NRES_T,"Interest payable, Nonresidents, Transactions",,"The amount of interest that the government is obligated to pay on its borrowed funds. Nonresidents Economic flows that result from interactions between institutional units by mutual agreement, involving an exchange of value."
CL_GFS_INDICATOR,G24_S13U_T,"Interest payable, Other general government, Transactions",,"The amount of interest that the government is obligated to pay on its borrowed funds. Other general government Economic flows that result from interactions between institutional units by mutual agreement, involving an exchange of value."
CL_GFS_INDICATOR,G24_S1W_T,"Interest payable, Financial corporations, nonfinancial corporations, households, and NPISHs, Transactions",,"The amount of interest that the government is obligated to pay on its borrowed funds. Financial corporations, nonfinancial corporations, households, and NPISHs Economic flows that result from interactions between institutional units by mutual agreement, involving an exchange of value."
CL_GFS_INDICATOR,G24_T,"Interest payable, Transactions",,"The amount of interest that the government is obligated to pay on its borrowed funds. Economic flows that result from interactions between institutional units by mutual agreement, involving an exchange of value."
CL_GFS_INDICATOR,G24_TCB_CAB,"Interest payable, Transactions (cash basis of recording), Cash basis",,The amount of interest that the government is obligated to pay on its borrowed funds. Transactions (cash basis of recording). Cash basis
CL_GFS_INDICATOR,G25_S1K1_T,"Subsidies payable, Public corporations, Transactions",,"Amounts that the government owes as subsidies to various sectors, activities, or entities. Public corporations Economic flows that result from interactions between institutional units by mutual agreement, involving an exchange of value."
CL_GFS_INDICATOR,G25_S1KP_T,"Subsidies payable, Private corporations, Transactions",,"Amounts that the government owes as subsidies to various sectors, activities, or entities. Private corporations Economic flows that result from interactions between institutional units by mutual agreement, involving an exchange of value."
CL_GFS_INDICATOR,G25_S1_Z_T,"Subsidies payable, Other sectors, Transactions",,"Amounts that the government owes as subsidies to various sectors, activities, or entities. Other sectors Economic flows that result from interactions between institutional units by mutual agreement, involving an exchange of value."
CL_GFS_INDICATOR,G25_T,"Subsidies payable, Transactions",,"Amounts that the government owes as subsidies to various sectors, activities, or entities. Economic flows that result from interactions between institutional units by mutual agreement, involving an exchange of value."
CL_GFS_INDICATOR,G25_TCB_CAB,"Subsidies payable, Transactions (cash basis of recording), Cash basis",,"Amounts that the government owes as subsidies to various sectors, activities, or entities. Transactions (cash basis of recording). Cash basis"
CL_GFS_INDICATOR,G26CFG_T,"Grants payable to foreign governments: current grants, Transactions",,"Current grants that the government provides to foreign governments for operational support or social programs. Economic flows that result from interactions between institutional units by mutual agreement, involving an exchange of value."
CL_GFS_INDICATOR,G26CIO_IO_T,"Grants payable to international organizations: current grants, International Organizations, Transactions",,"Current grants that the government provides to international organizations for operational support or social programs. International Organizations Economic flows that result from interactions between institutional units by mutual agreement, involving an exchange of value."
CL_GFS_INDICATOR,G26C_S13U_T,"Current grants payable, Other general government, Transactions",,"Transfers that the government provides to other entities for current purposes, such as operational support or social benefits. Other general government Economic flows that result from interactions between institutional units by mutual agreement, involving an exchange of value."
CL_GFS_INDICATOR,G26FGR_T,"Grants receivable from foreign governments, Transactions",,"Transfers that the government expects to receive from foreign governments for various purposes, including development assistance and disaster relief. Economic flows that result from interactions between institutional units by mutual agreement, involving an exchange of value."
CL_GFS_INDICATOR,G26FG_T,"Grants payable to foreign governments, Transactions",,"Transfers that the government provides to foreign governments for various purposes, including development assistance and disaster relief. Economic flows that result from interactions between institutional units by mutual agreement, involving an exchange of value."
CL_GFS_INDICATOR,G26KFG_T,"Grants payable to foreign governments: capital grants, Transactions",,"Capital grants that the government provides to foreign governments for infrastructure development or major equipment purchases. Economic flows that result from interactions between institutional units by mutual agreement, involving an exchange of value."
CL_GFS_INDICATOR,G26KIO_IO_T,"Grants payable to international organizations: capital grants, International Organizations, Transactions",,"Capital grants that the government provides to international organizations for infrastructure development or major equipment purchases. International Organizations Economic flows that result from interactions between institutional units by mutual agreement, involving an exchange of value."
CL_GFS_INDICATOR,G26K_S13U_T,"Capital grants payable, Other general government, Transactions",,"Transfers that the government provides to other entities for capital purposes, such as infrastructure development or major equipment purchases. Other general government Economic flows that result from interactions between institutional units by mutual agreement, involving an exchange of value."
CL_GFS_INDICATOR,G26_IO_T,"Grants payable, International Organizations, Transactions",,"Transfers that the government provides to other entities for various purposes, including operational support and capital projects. International Organizations Economic flows that result from interactions between institutional units by mutual agreement, involving an exchange of value."
CL_GFS_INDICATOR,G26_S13111_T_MI,"Grants payable, Budgetary central government, Transactions, Memorandum Item",,"Transfers that the government provides to other entities for various purposes, including operational support and capital projects. Budgetary units, central government Economic flows that result from interactions between institutional units by mutual agreement, involving an exchange of value. Memorandum Item"
CL_GFS_INDICATOR,G26_S13U_T,"Grants payable, Other general government, Transactions",,"Transfers that the government provides to other entities for various purposes, including operational support and capital projects. Other general government Economic flows that result from interactions between institutional units by mutual agreement, involving an exchange of value."
CL_GFS_INDICATOR,G26_T,"Grants payable, Transactions",,"Transfers that the government provides to other entities for various purposes, including operational support and capital projects. Economic flows that result from interactions between institutional units by mutual agreement, involving an exchange of value."
CL_GFS_INDICATOR,G26_TCB_CAB,"Grants payable, Transactions (cash basis of recording), Cash basis",,"Transfers that the government provides to other entities for various purposes, including operational support and capital projects. Transactions (cash basis of recording). Cash basis"
CL_GFS_INDICATOR,G271_T,"Social security benefits, Transactions",,"Benefits provided by social security schemes, including pensions, unemployment benefits, and disability payments. Economic flows that result from interactions between institutional units by mutual agreement, involving an exchange of value."
CL_GFS_INDICATOR,G272_T,"Social assistance benefits, Transactions",,"Government-provided financial assistance to individuals or households in need, aimed at improving their economic well-being. Economic flows that result from interactions between institutional units by mutual agreement, involving an exchange of value."
CL_GFS_INDICATOR,G273_T,"Employer social benefits, Transactions",,"Benefits provided by employers to their employees, including health insurance, retirement benefits, and other welfare benefits. Economic flows that result from interactions between institutional units by mutual agreement, involving an exchange of value."
CL_GFS_INDICATOR,G27_T,"Social benefits, Transactions",,"Financial or in-kind benefits provided by the government to individuals or households to support their well-being, including social assistance, pensions, and unemployment benefits. Economic flows that result from interactions between institutional units by mutual agreement, involving an exchange of value."
CL_GFS_INDICATOR,G27_TCB_CAB,"Social benefits, Transactions (cash basis of recording), Cash basis",,"Financial or in-kind benefits provided by the government to individuals or households to support their well-being, including social assistance, pensions, and unemployment benefits. Transactions (cash basis of recording). Cash basis"
CL_GFS_INDICATOR,G2811_T,"Dividends payable, Transactions",,"Payments that the government owes to shareholders of state-owned enterprises as a distribution of profits. Economic flows that result from interactions between institutional units by mutual agreement, involving an exchange of value."
CL_GFS_INDICATOR,G2812_T,"Withdrawals from income of quasi-corporations, payable, Transactions",,"Payments that quasi-corporations are required to make to the government from their income, typically representing the government's share of profits or other earnings. Economic flows that result from interactions between institutional units by mutual agreement, involving an exchange of value."
CL_GFS_INDICATOR,G2813_T,"Property expense for investment income disbursements, Transactions",,"Expenses related to the disbursement of investment income from property assets. Economic flows that result from interactions between institutional units by mutual agreement, involving an exchange of value."
CL_GFS_INDICATOR,G2814_T,"Rent payable, Transactions",,"Rent payments that the government owes for the use of property or land. Economic flows that result from interactions between institutional units by mutual agreement, involving an exchange of value."
CL_GFS_INDICATOR,G2815_T,"Reinvested earnings on foreign direct investment, payable, Transactions",,"Earnings from foreign direct investments that are reinvested in the same foreign enterprises, representing amounts owed to foreign investors. Economic flows that result from interactions between institutional units by mutual agreement, involving an exchange of value."
CL_GFS_INDICATOR,G281MC_T,"Miscellaneous current property expense other than interest, Transactions",,"Expenses related to property that do not include interest payments, such as maintenance, insurance, and taxes. Economic flows that result from interactions between institutional units by mutual agreement, involving an exchange of value."
CL_GFS_INDICATOR,G281MK_T,"Miscellaneous non-interest property expense: capital, Transactions",,"Capital expenses related to property that do not involve interest, such as major repairs and improvements. Economic flows that result from interactions between institutional units by mutual agreement, involving an exchange of value."
CL_GFS_INDICATOR,G281_T,"Property expense other than interest, Transactions",,"Property-related expenses that do not include interest payments, such as maintenance, insurance, and taxes. Economic flows that result from interactions between institutional units by mutual agreement, involving an exchange of value."
CL_GFS_INDICATOR,G282_T,"Transfers payable not elsewhere classified, Transactions",,"Transfer payments that do not fit into specific categories and are classified as miscellaneous. Economic flows that result from interactions between institutional units by mutual agreement, involving an exchange of value."
CL_GFS_INDICATOR,G28313_T,"Capital claims payable (premiums, fees, and claims related to nonlife insurance and standardized guarantee schemes), Transactions",,"Amounts owed by the government for premiums, fees, and claims related to nonlife insurance policies and standardized guarantee schemes. Economic flows that result from interactions between institutional units by mutual agreement, involving an exchange of value."
CL_GFS_INDICATOR,G2831_T,"Premiums, fees, and current claims, payable, Transactions",,"Amounts that the government owes for premiums, fees, and current claims related to nonlife insurance policies and standardized guarantee schemes. Economic flows that result from interactions between institutional units by mutual agreement, involving an exchange of value."
CL_GFS_INDICATOR,G283_T,"Premiums, fees, and claims related to nonlife insurance and standardized guarantee schemes, Transactions",,"Payments related to nonlife insurance policies and standardized guarantee schemes, including premiums, fees, and claims. Economic flows that result from interactions between institutional units by mutual agreement, involving an exchange of value."
CL_GFS_INDICATOR,G28_T,"Other expense, Transactions",,"Expenses incurred by the government that do not fit into specific categories and are classified as miscellaneous expenses. Economic flows that result from interactions between institutional units by mutual agreement, involving an exchange of value."
CL_GFS_INDICATOR,G28_TCB_CAB,"Other expense, Transactions (cash basis of recording), Cash basis",,Expenses incurred by the government that do not fit into specific categories and are classified as miscellaneous expenses. Transactions (cash basis of recording). Cash basis
CL_GFS_INDICATOR,G2G_T,"Expense excluding consumption of fixed capital, Transactions",,"The total outflow of resources for operating expenses, excluding the depreciation of fixed assets. Economic flows that result from interactions between institutional units by mutual agreement, involving an exchange of value."
CL_GFS_INDICATOR,G2M_T,"Expenditure, Transactions",,"Expenditure refers to the total outflow of resources, including payments, purchases, and transfers, made by a government entity during a specific period to fulfill its various functions and obligations. It encompasses spending on goods and services, wages and salaries, social benefits, debt servicing, infrastructure investments, and other government programs and activities. Expenditure represents the utilization of government funds to provide public services, maintain infrastructure, implement policies, and meet financial obligations. Monitoring expenditure patterns and allocations provides insight into government priorities, policy objectives, and fiscal sustainability.  Economic flows that result from interactions between institutional units by mutual agreement, involving an exchange of value."
CL_GFS_INDICATOR,G2M_TCB_CAB,"Expenditure, Transactions (cash basis of recording), Cash basis",,"Expenditure refers to the total outflow of resources, including payments, purchases, and transfers, made by a government entity during a specific period to fulfill its various functions and obligations. It encompasses spending on goods and services, wages and salaries, social benefits, debt servicing, infrastructure investments, and other government programs and activities. Expenditure represents the utilization of government funds to provide public services, maintain infrastructure, implement policies, and meet financial obligations. Monitoring expenditure patterns and allocations provides insight into government priorities, policy objectives, and fiscal sustainability.  Transactions (cash basis of recording). Cash basis"
CL_GFS_INDICATOR,G2_T,"Expense, Transactions",,"The total outflow of resources, including payments, purchases, and transfers, made by a government entity during a specific period to fulfill its various functions and obligations. Economic flows that result from interactions between institutional units by mutual agreement, involving an exchange of value."
CL_GFS_INDICATOR,G2_TCB_CAB,"Expense, Transactions (cash basis of recording), Cash basis",,"The total outflow of resources, including payments, purchases, and transfers, made by a government entity during a specific period to fulfill its various functions and obligations. Transactions (cash basis of recording). Cash basis"
CL_GFS_INDICATOR,G31_A_T,"Investment in nonfinancial assets (acquisitions less disposals), Transactions",,"Expenditures by the government on acquiring, constructing, or improving physical assets such as infrastructure, buildings, and equipment. Assets are a store of value representing a benefit or series of benefits accruing to the economic owner by holding or using the item over a period of time. It is a means of carrying forward value from one accounting period to another. Economic flows that result from interactions between institutional units by mutual agreement, involving an exchange of value."
CL_GFS_INDICATOR,G31_A_TCB_CAB,"Investment in nonfinancial assets (acquisitions less disposals), Transactions (cash basis of recording), Cash basis",,"Expenditures by the government on acquiring, constructing, or improving physical assets such as infrastructure, buildings, and equipment. Assets are a store of value representing a benefit or series of benefits accruing to the economic owner by holding or using the item over a period of time. It is a means of carrying forward value from one accounting period to another. Transactions (cash basis of recording). Cash basis"
CL_GFS_INDICATOR,G32OTCD_DD_A_TCB_CAB_MI,"Net acquisition of financial assets other than cash: domestic, Domestic Debtors, Transactions (cash basis of recording), Cash basis, Memorandum Item",,"The net increase in the government's financial assets within the domestic economy, excluding cash. Domestic Debtors Assets are a store of value representing a benefit or series of benefits accruing to the economic owner by holding or using the item over a period of time. It is a means of carrying forward value from one accounting period to another. Transactions (cash basis of recording). Cash basis Memorandum Item"
CL_GFS_INDICATOR,G32OTC_A_TCB_CAB_MI,"Net acquisition of financial assets other than cash, Transactions (cash basis of recording), Cash basis, Memorandum Item",,"The net increase in the government's financial assets excluding cash, such as investments in securities or loans. Assets are a store of value representing a benefit or series of benefits accruing to the economic owner by holding or using the item over a period of time. It is a means of carrying forward value from one accounting period to another. Transactions (cash basis of recording). Cash basis Memorandum Item"
CL_GFS_INDICATOR,G32OTC_A_T_CAB_MI,"Net acquisition of financial assets other than cash, Transactions, Cash basis, Memorandum Item",,"The net increase in the government's financial assets excluding cash, such as investments in securities or loans. Assets are a store of value representing a benefit or series of benefits accruing to the economic owner by holding or using the item over a period of time. It is a means of carrying forward value from one accounting period to another. Economic flows that result from interactions between institutional units by mutual agreement, involving an exchange of value. Cash basis Memorandum Item"
CL_GFS_INDICATOR,G32OTC_FD_A_TCB_CAB_MI,"Net acquisition of financial assets other than cash, Foreign Debtors, Transactions (cash basis of recording), Cash basis, Memorandum Item",,"The net increase in the government's financial assets excluding cash, such as investments in securities or loans. Foreign Debtors Assets are a store of value representing a benefit or series of benefits accruing to the economic owner by holding or using the item over a period of time. It is a means of carrying forward value from one accounting period to another. Transactions (cash basis of recording). Cash basis Memorandum Item"
CL_GFS_INDICATOR,G32_A_T,"Net acquisition of financial assets, Transactions",,"The difference between the acquisition and disposal of financial assets by the government, representing the net increase in financial assets. Assets are a store of value representing a benefit or series of benefits accruing to the economic owner by holding or using the item over a period of time. It is a means of carrying forward value from one accounting period to another. Economic flows that result from interactions between institutional units by mutual agreement, involving an exchange of value."
CL_GFS_INDICATOR,G32_A_TCB_CAB,"Net acquisition of financial assets, Transactions (cash basis of recording), Cash basis",,"The difference between the acquisition and disposal of financial assets by the government, representing the net increase in financial assets. Assets are a store of value representing a benefit or series of benefits accruing to the economic owner by holding or using the item over a period of time. It is a means of carrying forward value from one accounting period to another. Transactions (cash basis of recording). Cash basis"
CL_GFS_INDICATOR,G32_DD_A_T,"Net acquisition of financial assets, Domestic Debtors, Transactions",,"The difference between the acquisition and disposal of financial assets by the government, representing the net increase in financial assets. Domestic Debtors Assets are a store of value representing a benefit or series of benefits accruing to the economic owner by holding or using the item over a period of time. It is a means of carrying forward value from one accounting period to another. Economic flows that result from interactions between institutional units by mutual agreement, involving an exchange of value."
CL_GFS_INDICATOR,G32_DD_A_TCB_CAB,"Net acquisition of financial assets, Domestic Debtors, Transactions (cash basis of recording), Cash basis",,"The difference between the acquisition and disposal of financial assets by the government, representing the net increase in financial assets. Domestic Debtors Assets are a store of value representing a benefit or series of benefits accruing to the economic owner by holding or using the item over a period of time. It is a means of carrying forward value from one accounting period to another. Transactions (cash basis of recording). Cash basis"
CL_GFS_INDICATOR,G32_FD_A_T,"Net acquisition of financial assets, Foreign Debtors, Transactions",,"The difference between the acquisition and disposal of financial assets by the government, representing the net increase in financial assets. Foreign Debtors Assets are a store of value representing a benefit or series of benefits accruing to the economic owner by holding or using the item over a period of time. It is a means of carrying forward value from one accounting period to another. Economic flows that result from interactions between institutional units by mutual agreement, involving an exchange of value."
CL_GFS_INDICATOR,G32_FD_A_TCB_CAB,"Net acquisition of financial assets, Foreign Debtors, Transactions (cash basis of recording), Cash basis",,"The difference between the acquisition and disposal of financial assets by the government, representing the net increase in financial assets. Foreign Debtors Assets are a store of value representing a benefit or series of benefits accruing to the economic owner by holding or using the item over a period of time. It is a means of carrying forward value from one accounting period to another. Transactions (cash basis of recording). Cash basis"
CL_GFS_INDICATOR,G32_IO_FD_A_T,"Net acquisition of financial assets, International Organizations, Foreign Debtors, Transactions",,"The difference between the acquisition and disposal of financial assets by the government, representing the net increase in financial assets. International Organizations Foreign Debtors Assets are a store of value representing a benefit or series of benefits accruing to the economic owner by holding or using the item over a period of time. It is a means of carrying forward value from one accounting period to another. Economic flows that result from interactions between institutional units by mutual agreement, involving an exchange of value."
CL_GFS_INDICATOR,G32_ONRES_FD_A_T,"Net acquisition of financial assets, Nonresidents, Other, Foreign Debtors, Transactions",,"The difference between the acquisition and disposal of financial assets by the government, representing the net increase in financial assets. Nonresidents, Other Foreign Debtors Assets are a store of value representing a benefit or series of benefits accruing to the economic owner by holding or using the item over a period of time. It is a means of carrying forward value from one accounting period to another. Economic flows that result from interactions between institutional units by mutual agreement, involving an exchange of value."
CL_GFS_INDICATOR,G32_S11_DD_A_T,"Net acquisition of financial assets, Non-financial corporations, Domestic Debtors, Transactions",,"The difference between the acquisition and disposal of financial assets by the government, representing the net increase in financial assets. Non-financial corporations are institutional units whose principal activity is the production of market goods or non-financial services. Domestic Debtors Assets are a store of value representing a benefit or series of benefits accruing to the economic owner by holding or using the item over a period of time. It is a means of carrying forward value from one accounting period to another. Economic flows that result from interactions between institutional units by mutual agreement, involving an exchange of value."
CL_GFS_INDICATOR,G32_S121_DD_A_T,"Net acquisition of financial assets, Central bank, Domestic Debtors, Transactions",,"The difference between the acquisition and disposal of financial assets by the government, representing the net increase in financial assets. Central bank Domestic Debtors Assets are a store of value representing a benefit or series of benefits accruing to the economic owner by holding or using the item over a period of time. It is a means of carrying forward value from one accounting period to another. Economic flows that result from interactions between institutional units by mutual agreement, involving an exchange of value."
CL_GFS_INDICATOR,G32_S122_DD_A_T,"Net acquisition of financial assets, Deposit taking corporations, except the Central Bank, Domestic Debtors, Transactions",,"The difference between the acquisition and disposal of financial assets by the government, representing the net increase in financial assets. Financial corporations accepting deposits, except for the central bank. Domestic Debtors Assets are a store of value representing a benefit or series of benefits accruing to the economic owner by holding or using the item over a period of time. It is a means of carrying forward value from one accounting period to another. Economic flows that result from interactions between institutional units by mutual agreement, involving an exchange of value."
CL_GFS_INDICATOR,G32_S12R_DD_A_T,"Net acquisition of financial assets, Other financial corporations, Domestic Debtors, Transactions",,"The difference between the acquisition and disposal of financial assets by the government, representing the net increase in financial assets. Other financial corporations Domestic Debtors Assets are a store of value representing a benefit or series of benefits accruing to the economic owner by holding or using the item over a period of time. It is a means of carrying forward value from one accounting period to another. Economic flows that result from interactions between institutional units by mutual agreement, involving an exchange of value."
CL_GFS_INDICATOR,G32_S12XIOS_FD_A_T,"Net acquisition of financial assets, Financial corporations other than International Organizations, Foreign Debtors, Transactions",,"The difference between the acquisition and disposal of financial assets by the government, representing the net increase in financial assets. Financial corporations other than International Organizations Foreign Debtors Assets are a store of value representing a benefit or series of benefits accruing to the economic owner by holding or using the item over a period of time. It is a means of carrying forward value from one accounting period to another. Economic flows that result from interactions between institutional units by mutual agreement, involving an exchange of value."
CL_GFS_INDICATOR,G32_S13_DD_A_T,"Net acquisition of financial assets, General government, Domestic Debtors, Transactions",,"The difference between the acquisition and disposal of financial assets by the government, representing the net increase in financial assets. The General Government sector consists of legal entities established by political processes that have legislative, judicial or executive authority over other institutional units within a given area, principally engaged in non-market production intended for individual and collective consumption and in the redistribution of income and wealth by transfers, which is financed mainly by compulsory payments made by units belonging to other sectors. The general government sector includes institutional units at central, state and local level together with social security funds and non-profit institutions controlled by them. Domestic Debtors Assets are a store of value representing a benefit or series of benefits accruing to the economic owner by holding or using the item over a period of time. It is a means of carrying forward value from one accounting period to another. Economic flows that result from interactions between institutional units by mutual agreement, involving an exchange of value."
CL_GFS_INDICATOR,G32_S13_FD_A_T,"Net acquisition of financial assets, General government, Foreign Debtors, Transactions",,"The difference between the acquisition and disposal of financial assets by the government, representing the net increase in financial assets. The General Government sector consists of legal entities established by political processes that have legislative, judicial or executive authority over other institutional units within a given area, principally engaged in non-market production intended for individual and collective consumption and in the redistribution of income and wealth by transfers, which is financed mainly by compulsory payments made by units belonging to other sectors. The general government sector includes institutional units at central, state and local level together with social security funds and non-profit institutions controlled by them. Foreign Debtors Assets are a store of value representing a benefit or series of benefits accruing to the economic owner by holding or using the item over a period of time. It is a means of carrying forward value from one accounting period to another. Economic flows that result from interactions between institutional units by mutual agreement, involving an exchange of value."
CL_GFS_INDICATOR,G32_S1M_DD_A_T,"Net acquisition of financial assets, Households and non profit institutions serving households (NPISH), Domestic Debtors, Transactions",,"The difference between the acquisition and disposal of financial assets by the government, representing the net increase in financial assets. Households and non profit institutions serving households (NPISH) Domestic Debtors Assets are a store of value representing a benefit or series of benefits accruing to the economic owner by holding or using the item over a period of time. It is a means of carrying forward value from one accounting period to another. Economic flows that result from interactions between institutional units by mutual agreement, involving an exchange of value."
CL_GFS_INDICATOR,G33_FC_L_T,"Net incurrence of liabilities, Foreign Creditors, Transactions",,"The net increase in the government's liabilities to domestic creditors, representing new borrowing from domestic sources minus repayments. Foreign Creditors Obligations where one unit (the debtor) is obliged, under specific circumstances, to provide funds or other resources to another unit (the creditor). These include shares and other equity in corporations. Economic flows that result from interactions between institutional units by mutual agreement, involving an exchange of value."
CL_GFS_INDICATOR,G33_FC_L_TCB_CAB,"Net incurrence of liabilities, Foreign Creditors, Transactions (cash basis of recording), Cash basis",,"The net increase in the government's liabilities to domestic creditors, representing new borrowing from domestic sources minus repayments. Foreign Creditors Obligations where one unit (the debtor) is obliged, under specific circumstances, to provide funds or other resources to another unit (the creditor). These include shares and other equity in corporations. Transactions (cash basis of recording). Cash basis"
CL_GFS_INDICATOR,G33_S13_FC_L_T,"Net incurrence of liabilities, General government, Foreign Creditors, Transactions",,"The net increase in the government's liabilities to domestic creditors, representing new borrowing from domestic sources minus repayments. The General Government sector consists of legal entities established by political processes that have legislative, judicial or executive authority over other institutional units within a given area, principally engaged in non-market production intended for individual and collective consumption and in the redistribution of income and wealth by transfers, which is financed mainly by compulsory payments made by units belonging to other sectors. The general government sector includes institutional units at central, state and local level together with social security funds and non-profit institutions controlled by them. Foreign Creditors Obligations where one unit (the debtor) is obliged, under specific circumstances, to provide funds or other resources to another unit (the creditor). These include shares and other equity in corporations. Economic flows that result from interactions between institutional units by mutual agreement, involving an exchange of value."
CL_GFS_INDICATOR,G3M2_N_T_MI,"Net transactions in financial assets and liabilities, Net ( minus ), Transactions, Memorandum Item",,"The difference between the acquisition and disposal of financial assets and the incurrence and repayment of financial liabilities by the government. The net value obtained by subtracting total liabilities from total assets. Economic flows that result from interactions between institutional units by mutual agreement, involving an exchange of value. Memorandum Item"
CL_GFS_INDICATOR,G3_A_T,"Net transactions in assets and liabilities, Transactions",,"The difference between the acquisition and disposal of assets and the incurrence and repayment of liabilities by the government. Assets are a store of value representing a benefit or series of benefits accruing to the economic owner by holding or using the item over a period of time. It is a means of carrying forward value from one accounting period to another. Economic flows that result from interactions between institutional units by mutual agreement, involving an exchange of value."
CL_GFS_INDICATOR,G3_T,"Net transactions in assets and liabilities, Transactions",,"The difference between the acquisition and disposal of assets and the incurrence and repayment of liabilities by the government. Economic flows that result from interactions between institutional units by mutual agreement, involving an exchange of value."
CL_GFS_INDICATOR,G6_A_SP,"Net worth, Assets, Stock positions",,"The difference between the government's total assets and total liabilities, representing its net financial position. Assets are a store of value representing a benefit or series of benefits accruing to the economic owner by holding or using the item over a period of time. It is a means of carrying forward value from one accounting period to another. The values of assets, liabilities, and equity held at a specific point in time."
CL_GFS_INDICATOR,G91_A_OEF,"Other economic flows in nonfinancial assets, Other economic flows",,"Changes in the value of nonfinancial Assets are a store of value representing a benefit or series of benefits accruing to the economic owner by holding or using the item over a period of time. It is a means of carrying forward value from one accounting period to another. The sum of all changes in the value and volume of assets and liabilities that are not due to transactions, including holding gains and other changes in volume."
CL_GFS_INDICATOR,G92_A_OEF,"Other economic flows in financial assets, Other economic flows",,"Changes in the value of financial assets due to economic flows other than transactions, such as revaluations or other volume changes. Assets are a store of value representing a benefit or series of benefits accruing to the economic owner by holding or using the item over a period of time. It is a means of carrying forward value from one accounting period to another. The sum of all changes in the value and volume of assets and liabilities that are not due to transactions, including holding gains and other changes in volume."
CL_GFS_INDICATOR,G93_L_OEF,"Other economic flows in liabilities, Other economic flows",,"Changes in the value of liabilities due to economic flows other than transactions, such as revaluations or other volume changes. Obligations where one unit (the debtor) is obliged, under specific circumstances, to provide funds or other resources to another unit (the creditor). These include shares and other equity in corporations. The sum of all changes in the value and volume of assets and liabilities that are not due to transactions, including holding gains and other changes in volume."
CL_GFS_INDICATOR,G9M2_N_OEF,"Change in net financial worth due to other economic flows, Net (assets minus liabilities), Other economic flows",,"The change in the government's net financial worth due to factors other than transactions, such as revaluations or other changes in volume. The net value obtained by subtracting total liabilities from total assets. The sum of all changes in the value and volume of assets and liabilities that are not due to transactions, including holding gains and other changes in volume."
CL_GFS_INDICATOR,G9_A_OEF,"Change in net worth due to other economic flows, Assets, Other economic flows",,"The change in the government's net worth due to factors other than transactions, such as revaluations or other changes in volume. Assets are a store of value representing a benefit or series of benefits accruing to the economic owner by holding or using the item over a period of time. It is a means of carrying forward value from one accounting period to another. The sum of all changes in the value and volume of assets and liabilities that are not due to transactions, including holding gains and other changes in volume."
CL_GFS_INDICATOR,GDD4D1T_G33_L_T_MV_MI,"Gross debt (D1) transactions, (D1) debt liabilities transactions, Net incurrence of , Liabilities, Transactions, Market value, Memorandum Item",,"The total debt liabilities categorized under classification (D1), including transactions and D1 debt liabilities. The net increase in the government's liabilities to domestic creditors, representing new borrowing from domestic sources minus repayments. Obligations where one unit (the debtor) is obliged, under specific circumstances, to provide funds or other resources to another unit (the creditor). These include shares and other equity in corporations. Economic flows that result from interactions between institutional units by mutual agreement, involving an exchange of value. Market value Memorandum Item"
CL_GFS_INDICATOR,GDD4D1_L_SP_FV_MI,"Gross debt (D1) debt liabilities, Stock positions, Face value, Memorandum Item",,"The total debt liabilities categorized under classification D1, specifically including D1 debt liabilities. Obligations where one unit (the debtor) is obliged, under specific circumstances, to provide funds or other resources to another unit (the creditor). These include shares and other equity in corporations. The values of assets, liabilities, and equity held at a specific point in time. Face value Memorandum Item"
CL_GFS_INDICATOR,GDD4D1_L_SP_LAG1O_MI,"Gross debt (D1) debt liabilities, Stock positions, Lag 1 (Opening), Memorandum Item",,"The total debt liabilities categorized under classification D1, specifically including D1 debt liabilities. Obligations where one unit (the debtor) is obliged, under specific circumstances, to provide funds or other resources to another unit (the creditor). These include shares and other equity in corporations. The values of assets, liabilities, and equity held at a specific point in time. A variable used in calculations or comparisons to assess price movement or trends, referring to the opening price or value of the first period. Memorandum Item"
CL_GFS_INDICATOR,GDD4D1_L_SP_MV_MI,"Gross debt (D1) debt liabilities, Stock positions, Market value, Memorandum Item",,"The total debt liabilities categorized under classification D1, specifically including D1 debt liabilities. Obligations where one unit (the debtor) is obliged, under specific circumstances, to provide funds or other resources to another unit (the creditor). These include shares and other equity in corporations. The values of assets, liabilities, and equity held at a specific point in time. Market value Memorandum Item"
CL_GFS_INDICATOR,GDD4D1_L_SP_NV_MI,"Gross debt (D1) debt liabilities, Stock positions, Nominal value, Memorandum Item",,"The total debt liabilities categorized under classification D1, specifically including D1 debt liabilities. Obligations where one unit (the debtor) is obliged, under specific circumstances, to provide funds or other resources to another unit (the creditor). These include shares and other equity in corporations. The values of assets, liabilities, and equity held at a specific point in time. Nominal value Memorandum Item"
CL_GFS_INDICATOR,GDD4D1_SFD_L_T,"Gross debt (D1) debt liabilities, Stock-flow discrepancy, Transactions",,"The total debt liabilities categorized under classification D1, specifically including D1 debt liabilities. Stock-flow discrepancy Obligations where one unit (the debtor) is obliged, under specific circumstances, to provide funds or other resources to another unit (the creditor). These include shares and other equity in corporations. Economic flows that result from interactions between institutional units by mutual agreement, involving an exchange of value."
CL_GFS_INDICATOR,GDD4D2T_G33_L_T_MV_MI,"Gross debt (D2) transactions, (D2) debt liabilities transactions, Net incurrence of , Liabilities, Transactions, Market value, Memorandum Item",,"The total debt liabilities categorized under classification (D2), including transactions and (D2) debt liabilities. The net increase in the government's liabilities to domestic creditors, representing new borrowing from domestic sources minus repayments. Obligations where one unit (the debtor) is obliged, under specific circumstances, to provide funds or other resources to another unit (the creditor). These include shares and other equity in corporations. Economic flows that result from interactions between institutional units by mutual agreement, involving an exchange of value. Market value Memorandum Item"
CL_GFS_INDICATOR,GDD4D2_L_SP_FV_MI,"Gross debt (D2), debt liabilities, Stock positions, Face value, Memorandum Item",,"The total debt liabilities categorized under classification (D2), specifically including (D2) debt liabilities. Obligations where one unit (the debtor) is obliged, under specific circumstances, to provide funds or other resources to another unit (the creditor). These include shares and other equity in corporations. The values of assets, liabilities, and equity held at a specific point in time. Face value Memorandum Item"
CL_GFS_INDICATOR,GDD4D2_L_SP_MV_MI,"Gross debt (D2), debt liabilities, Stock positions, Market value, Memorandum Item",,"The total debt liabilities categorized under classification (D2), specifically including (D2) debt liabilities. Obligations where one unit (the debtor) is obliged, under specific circumstances, to provide funds or other resources to another unit (the creditor). These include shares and other equity in corporations. The values of assets, liabilities, and equity held at a specific point in time. Market value Memorandum Item"
CL_GFS_INDICATOR,GDD4D2_L_SP_NV_MI,"Gross debt (D2), debt liabilities, Stock positions, Nominal value, Memorandum Item",,"The total debt liabilities categorized under classification (D2), specifically including (D2) debt liabilities. Obligations where one unit (the debtor) is obliged, under specific circumstances, to provide funds or other resources to another unit (the creditor). These include shares and other equity in corporations. The values of assets, liabilities, and equity held at a specific point in time. Nominal value Memorandum Item"
CL_GFS_INDICATOR,GDD4D3T_G33_L_T_MV_MI,"Gross debt (D3) transactions, (D3) debt liabilities transactions, Net incurrence of , Liabilities, Transactions, Market value, Memorandum Item",,"The total debt liabilities categorized under classification (D3), including transactions and (D)3 debt liabilities. The net increase in the government's liabilities to domestic creditors, representing new borrowing from domestic sources minus repayments. Obligations where one unit (the debtor) is obliged, under specific circumstances, to provide funds or other resources to another unit (the creditor). These include shares and other equity in corporations. Economic flows that result from interactions between institutional units by mutual agreement, involving an exchange of value. Market value Memorandum Item"
CL_GFS_INDICATOR,GDD4D3_L_SP_FV_MI,"Gross debt (D3)  debt liabilities, Stock positions, Face value, Memorandum Item",,"The total debt liabilities categorized under classification D3, specifically including D3 debt liabilities. Obligations where one unit (the debtor) is obliged, under specific circumstances, to provide funds or other resources to another unit (the creditor). These include shares and other equity in corporations. The values of assets, liabilities, and equity held at a specific point in time. Face value Memorandum Item"
CL_GFS_INDICATOR,GDD4D3_L_SP_MV_MI,"Gross debt (D3)  debt liabilities, Stock positions, Market value, Memorandum Item",,"The total debt liabilities categorized under classification D3, specifically including D3 debt liabilities. Obligations where one unit (the debtor) is obliged, under specific circumstances, to provide funds or other resources to another unit (the creditor). These include shares and other equity in corporations. The values of assets, liabilities, and equity held at a specific point in time. Market value Memorandum Item"
CL_GFS_INDICATOR,GDD4D3_L_SP_NV_MI,"Gross debt (D3)  debt liabilities, Stock positions, Nominal value, Memorandum Item",,"The total debt liabilities categorized under classification D3, specifically including D3 debt liabilities. Obligations where one unit (the debtor) is obliged, under specific circumstances, to provide funds or other resources to another unit (the creditor). These include shares and other equity in corporations. The values of assets, liabilities, and equity held at a specific point in time. Nominal value Memorandum Item"
CL_GFS_INDICATOR,GDD4NCDD1_L_SP_MI,"Gross debt (D1), net of currency and deposits assets, (D1) debt liabilities net of currency and deposits , Stock positions, Memorandum Item",,"The total debt liabilities categorized under classification (D1), net of currency and deposit assets, specifically including (D1) debt liabilities. Obligations where one unit (the debtor) is obliged, under specific circumstances, to provide funds or other resources to another unit (the creditor). These include shares and other equity in corporations. The values of assets, liabilities, and equity held at a specific point in time. Memorandum Item"
CL_GFS_INDICATOR,GDD4NCDD2_L_SP_MI,"Gross debt (D2), net of currency and deposits assets, (D2) debt liabilities net of currency and deposits , Stock positions, Memorandum Item",,"The total debt liabilities categorized under classification (D2), net of currency and deposit assets, specifically including (D2) debt liabilities. Obligations where one unit (the debtor) is obliged, under specific circumstances, to provide funds or other resources to another unit (the creditor). These include shares and other equity in corporations. The values of assets, liabilities, and equity held at a specific point in time. Memorandum Item"
CL_GFS_INDICATOR,GDD4NCDD3_L_SP_MI,"Gross debt (D3), net of currency and deposits assets, (D3) debt liabilities net of currency and deposits , Stock positions, Memorandum Item",,"The total debt liabilities categorized under classification (D3), net of currency and deposit assets, specifically including (D3) debt liabilities. Obligations where one unit (the debtor) is obliged, under specific circumstances, to provide funds or other resources to another unit (the creditor). These include shares and other equity in corporations. The values of assets, liabilities, and equity held at a specific point in time. Memorandum Item"
CL_GFS_INDICATOR,GDD4NCD_L_SP_MV_MI,"Gross debt (D4), net of currency and deposits assets, Liabilities, Stock positions, Market value, Memorandum Item",,"The total debt liabilities categorized under classification D4, net of currency and deposit assets. Obligations where one unit (the debtor) is obliged, under specific circumstances, to provide funds or other resources to another unit (the creditor). These include shares and other equity in corporations. The values of assets, liabilities, and equity held at a specific point in time. Market value Memorandum Item"
CL_GFS_INDICATOR,GDD4_L_SP_FV_MI,"Gross debt (D4), Liabilities, Stock positions, Face value, Memorandum Item",,"The total debt liabilities, including various economic flows and transactions, as categorized under classification D4. Obligations where one unit (the debtor) is obliged, under specific circumstances, to provide funds or other resources to another unit (the creditor). These include shares and other equity in corporations. The values of assets, liabilities, and equity held at a specific point in time. Face value Memorandum Item"
CL_GFS_INDICATOR,GDD4_L_SP_MV_MI,"Gross debt (D4), Liabilities, Stock positions, Market value, Memorandum Item",,"The total debt liabilities, including various economic flows and transactions, as categorized under classification D4. Obligations where one unit (the debtor) is obliged, under specific circumstances, to provide funds or other resources to another unit (the creditor). These include shares and other equity in corporations. The values of assets, liabilities, and equity held at a specific point in time. Market value Memorandum Item"
CL_GFS_INDICATOR,GDD4_L_SP_NV_MI,"Gross debt (D4), Liabilities, Stock positions, Nominal value, Memorandum Item",,"The total debt liabilities, including various economic flows and transactions, as categorized under classification D4. Obligations where one unit (the debtor) is obliged, under specific circumstances, to provide funds or other resources to another unit (the creditor). These include shares and other equity in corporations. The values of assets, liabilities, and equity held at a specific point in time. Nominal value Memorandum Item"
CL_GFS_INDICATOR,GDEBT_L_SP_MI,"Guaranteed Debt (at Market Value), Liabilities, Stock positions, Memorandum Item",,"Debt that is backed by a guarantee and valued at its current market price. Obligations where one unit (the debtor) is obliged, under specific circumstances, to provide funds or other resources to another unit (the creditor). These include shares and other equity in corporations. The values of assets, liabilities, and equity held at a specific point in time. Memorandum Item"
CL_GFS_INDICATOR,GDPND_L_SP_MI,"Government gross debt per national definition, Liabilities, Stock positions, Memorandum Item",,"The total amount of government debt calculated according to the national definition. Obligations where one unit (the debtor) is obliged, under specific circumstances, to provide funds or other resources to another unit (the creditor). These include shares and other equity in corporations. The values of assets, liabilities, and equity held at a specific point in time. Memorandum Item"
CL_GFS_INDICATOR,GF011_T,"Executive and legislative organs, financial and fiscal affairs, external affairs, Transactions",GF01_T,"Expenditures related to the core functions of government administration, financial management, and foreign relations. Economic flows that result from interactions between institutional units by mutual agreement, involving an exchange of value."
CL_GFS_INDICATOR,GF012_T,"Foreign economic aid, Transactions",GF01_T,"Government spending on aid programs aimed at supporting economic development in other countries. Economic flows that result from interactions between institutional units by mutual agreement, involving an exchange of value."
CL_GFS_INDICATOR,GF013_T,"General services, Transactions",GF01_T,"Expenditures on administrative and support services that are not classified elsewhere. Economic flows that result from interactions between institutional units by mutual agreement, involving an exchange of value."
CL_GFS_INDICATOR,GF0140_T,"Basic research, Transactions",GF01_T,"Government funding for fundamental scientific research that does not have immediate commercial applications. Economic flows that result from interactions between institutional units by mutual agreement, involving an exchange of value."
CL_GFS_INDICATOR,GF0150_T,"R&D General public services, Transactions",GF01_T,"Research and development expenses related to improving general public services. Economic flows that result from interactions between institutional units by mutual agreement, involving an exchange of value."
CL_GFS_INDICATOR,GF0160_T,"General public services n.e.c., Transactions",GF01_T,"General public services that do not fit into other specific categories. Economic flows that result from interactions between institutional units by mutual agreement, involving an exchange of value."
CL_GFS_INDICATOR,GF0170_T,"Public debt transactions, Transactions",GF01_T,"Expenses related to managing and servicing government debt. Economic flows that result from interactions between institutional units by mutual agreement, involving an exchange of value."
CL_GFS_INDICATOR,GF0180_T,"Transfers of a general character between different levels of government, Transactions",GF01_T,"Payments made between different levels of government (e.g., central to local) for general purposes. Economic flows that result from interactions between institutional units by mutual agreement, involving an exchange of value."
CL_GFS_INDICATOR,GF01_T,"General public services, Transactions",,"Broad category for expenditures related to the general functioning of government, such as executive and legislative functions, financial administration, and external affairs. Economic flows that result from interactions between institutional units by mutual agreement, involving an exchange of value."
CL_GFS_INDICATOR,GF0210_T,"Military defence, Transactions",GF02_T,"Expenditures on armed forces, military equipment, and related operations. Economic flows that result from interactions between institutional units by mutual agreement, involving an exchange of value."
CL_GFS_INDICATOR,GF0220_T,"Civil defence, Transactions",GF02_T,"Spending on measures to protect civilians in emergencies or disasters. Economic flows that result from interactions between institutional units by mutual agreement, involving an exchange of value."
CL_GFS_INDICATOR,GF0230_T,"Foreign military aid, Transactions",GF02_T,"Government assistance to other countries in the form of military equipment or financial support. Economic flows that result from interactions between institutional units by mutual agreement, involving an exchange of value."
CL_GFS_INDICATOR,GF0240_T,"R&D Defence, Transactions",GF02_T,"Research and development expenses aimed at improving military defense capabilities. Economic flows that result from interactions between institutional units by mutual agreement, involving an exchange of value."
CL_GFS_INDICATOR,GF025_T,"Defence n.e.c., Transactions",GF02_T,"Defense-related expenditures that do not fall into other specific categories. Economic flows that result from interactions between institutional units by mutual agreement, involving an exchange of value."
CL_GFS_INDICATOR,GF02_T,"Defence, Transactions",,"Government spending on military personnel, operations, equipment, research, and foreign military aid. Economic flows that result from interactions between institutional units by mutual agreement, involving an exchange of value."
CL_GFS_INDICATOR,GF0310_T,"Police services, Transactions",GF03_T,"Expenditures on law enforcement agencies, police personnel, and equipment. Economic flows that result from interactions between institutional units by mutual agreement, involving an exchange of value."
CL_GFS_INDICATOR,GF0320_T,"Fire-protection services, Transactions",GF03_T,"Government spending on fire departments, firefighting equipment, and related services. Economic flows that result from interactions between institutional units by mutual agreement, involving an exchange of value."
CL_GFS_INDICATOR,GF0330_T,"Law courts, Transactions",GF03_T,"Government spending on the judicial system, including courts, judges, and legal personnel. Economic flows that result from interactions between institutional units by mutual agreement, involving an exchange of value."
CL_GFS_INDICATOR,GF0340_T,"Prisons, Transactions",GF03_T,"Expenses related to the operation of correctional facilities, including staff, security, and inmate care. Economic flows that result from interactions between institutional units by mutual agreement, involving an exchange of value."
CL_GFS_INDICATOR,GF0350_T,"R&D Public order and safety, Transactions",GF03_T,"Research and development expenses aimed at improving public order and safety measures. Economic flows that result from interactions between institutional units by mutual agreement, involving an exchange of value."
CL_GFS_INDICATOR,GF0360_T,"Public order and safety n.e.c., Transactions",GF03_T,"Public order and safety expenditures that do not fit into other specific categories. Economic flows that result from interactions between institutional units by mutual agreement, involving an exchange of value."
CL_GFS_INDICATOR,GF03_T,"Public order and safety, Transactions",,"Includes expenditures on law enforcement (police), fire protection, judicial systems, and prisons. Economic flows that result from interactions between institutional units by mutual agreement, involving an exchange of value."
CL_GFS_INDICATOR,GF041_T,"General economic, commercial and labour affairs, Transactions",GF04_T,"Government spending on policies and programs to promote economic growth, trade, and labor conditions. Economic flows that result from interactions between institutional units by mutual agreement, involving an exchange of value."
CL_GFS_INDICATOR,GF042_T,"Agriculture, forestry, fishing and hunting, Transactions",GF04_T,"Expenditures on agricultural subsidies, forestry management, fisheries, and wildlife conservation. Economic flows that result from interactions between institutional units by mutual agreement, involving an exchange of value."
CL_GFS_INDICATOR,GF043_T,"Fuel and energy, Transactions",GF04_T,"Government investment in energy production, distribution, and regulation. Economic flows that result from interactions between institutional units by mutual agreement, involving an exchange of value."
CL_GFS_INDICATOR,GF044_T,"Mining, manufacturing and construction, Transactions",GF04_T,"Spending on infrastructure development, support for industrial sectors, and construction projects. Economic flows that result from interactions between institutional units by mutual agreement, involving an exchange of value."
CL_GFS_INDICATOR,GF045_T,"Transport, Transactions",GF04_T,"Government investment in transportation infrastructure, public transit, and road maintenance. Economic flows that result from interactions between institutional units by mutual agreement, involving an exchange of value."
CL_GFS_INDICATOR,GF0460_T,"Communication, Transactions",GF04_T,"Expenses related to telecommunications infrastructure, regulation, and services. Economic flows that result from interactions between institutional units by mutual agreement, involving an exchange of value."
CL_GFS_INDICATOR,GF047_T,"Other industries, Transactions",GF04_T,"Government support for other industries not specifically classified elsewhere. Economic flows that result from interactions between institutional units by mutual agreement, involving an exchange of value."
CL_GFS_INDICATOR,GF048_T,"R&D Economic affairs, Transactions",GF04_T,"Research and development aimed at improving economic performance and competitiveness. Economic flows that result from interactions between institutional units by mutual agreement, involving an exchange of value."
CL_GFS_INDICATOR,GF0490_T,"Economic affairs n.e.c., Transactions",GF04_T,"Economic affairs expenditures that do not fit into other specific categories. Economic flows that result from interactions between institutional units by mutual agreement, involving an exchange of value."
CL_GFS_INDICATOR,GF04_T,"Economic affairs, Transactions",,"A broad category encompassing government spending on activities that promote economic growth and development, such as  general economic, commercial and labour affairs, agriculture, forestry, fishing and hunting, fuel and energy, mining, manufacturing and construction, transport, communication, other industries, R&D, and other economic affairs not elsewhere classified. Economic flows that result from interactions between institutional units by mutual agreement, involving an exchange of value."
CL_GFS_INDICATOR,GF0510_T,"Waste management, Transactions",GF05_T,"Government spending on waste collection, treatment, and disposal. Economic flows that result from interactions between institutional units by mutual agreement, involving an exchange of value."
CL_GFS_INDICATOR,GF0520_T,"Waste water management, Transactions",GF05_T,"Expenses related to the treatment and management of wastewater. Economic flows that result from interactions between institutional units by mutual agreement, involving an exchange of value."
CL_GFS_INDICATOR,GF0530_T,"Pollution abatement, Transactions",GF05_T,"Government efforts to reduce pollution through regulation, incentives, and cleanup programs. Economic flows that result from interactions between institutional units by mutual agreement, involving an exchange of value."
CL_GFS_INDICATOR,GF0540_T,"Protection of biodiversity and landscape, Transactions",GF05_T,"Spending on conservation of natural habitats, species protection, and landscape preservation. Economic flows that result from interactions between institutional units by mutual agreement, involving an exchange of value."
CL_GFS_INDICATOR,GF0550_T,"R&D Environmental protection, Transactions",GF05_T,"Research and development focused on environmental protection and sustainability. Economic flows that result from interactions between institutional units by mutual agreement, involving an exchange of value."
CL_GFS_INDICATOR,GF0560_T,"Environmental protection n.e.c., Transactions",GF05_T,"Environmental protection expenditures not categorized elsewhere. Economic flows that result from interactions between institutional units by mutual agreement, involving an exchange of value."
CL_GFS_INDICATOR,GF05_T,"Environmental protection, Transactions",,"Spending on environmental protection measures, such as pollution abatement, waste management, biodiversity conservation, and environmental research. Economic flows that result from interactions between institutional units by mutual agreement, involving an exchange of value."
CL_GFS_INDICATOR,GF0610_T,"Housing development, Transactions",GF06_T,"Government investment in affordable housing initiatives and housing programs. Economic flows that result from interactions between institutional units by mutual agreement, involving an exchange of value."
CL_GFS_INDICATOR,GF0620_T,"Community development, Transactions",GF06_T,"Government spending on improving local communities, including infrastructure, social services, and economic development. Economic flows that result from interactions between institutional units by mutual agreement, involving an exchange of value."
CL_GFS_INDICATOR,GF0630_T,"Water supply, Transactions",GF06_T,"Expenditures on providing clean water to households and businesses, including infrastructure and treatment facilities. Economic flows that result from interactions between institutional units by mutual agreement, involving an exchange of value."
CL_GFS_INDICATOR,GF0640_T,"Street lighting, Transactions",GF06_T,"Expenses related to maintaining street lighting systems. Economic flows that result from interactions between institutional units by mutual agreement, involving an exchange of value."
CL_GFS_INDICATOR,GF0650_T,"R&D Housing and community amenities, Transactions",GF06_T,"Research and development expenses aimed at improving housing and community amenities. Economic flows that result from interactions between institutional units by mutual agreement, involving an exchange of value."
CL_GFS_INDICATOR,GF0660_T,"Housing and community amenities n.e.c., Transactions",GF066_T,"Expenditures on housing and community amenities that are not categorized into more specific sub-categories within this function. Economic flows that result from interactions between institutional units by mutual agreement, involving an exchange of value."
CL_GFS_INDICATOR,GF066_T,"Housing and community amenities n.e.c., Transactions",GF06_T,"Housing and community amenities expenditures not categorized elsewhere. Economic flows that result from interactions between institutional units by mutual agreement, involving an exchange of value."
CL_GFS_INDICATOR,GF06_T,"Housing and community amenities, Transactions",,"Government spending on the development and maintenance of housing, as well as community facilities like parks, recreation centers, and cultural venues. Economic flows that result from interactions between institutional units by mutual agreement, involving an exchange of value."
CL_GFS_INDICATOR,GF0712_T,"Other medical products, Transactions",GF07_T,"Government spending on medical products not categorized elsewhere, such as diagnostic tools, medical textiles, and laboratory supplies. Economic flows that result from interactions between institutional units by mutual agreement, involving an exchange of value."
CL_GFS_INDICATOR,GF072_T,"Outpatient services, Transactions",GF07_T,"Expenses related to medical care provided outside of a hospital setting, such as clinics and doctor's offices. Economic flows that result from interactions between institutional units by mutual agreement, involving an exchange of value."
CL_GFS_INDICATOR,GF073_T,"Hospital services, Transactions",GF07_T,"Government spending on hospital operations, including staff salaries, medical supplies, and facility maintenance. Economic flows that result from interactions between institutional units by mutual agreement, involving an exchange of value."
CL_GFS_INDICATOR,GF0740_T,"Public health services, Transactions",GF07_T,"Expenditures on public health programs, such as disease prevention, health education, and sanitation. Economic flows that result from interactions between institutional units by mutual agreement, involving an exchange of value."
CL_GFS_INDICATOR,GF075_T,"R&D Health, Transactions",GF07_T,"Research and development focused on improving healthcare and medical treatments. Economic flows that result from interactions between institutional units by mutual agreement, involving an exchange of value."
CL_GFS_INDICATOR,GF0760_T,"Health n.e.c., Transactions",GF07_T,"Health-related expenditures not categorized elsewhere. Economic flows that result from interactions between institutional units by mutual agreement, involving an exchange of value."
CL_GFS_INDICATOR,GF07_T,"Health, Transactions",,"Encompasses all government expenditures on healthcare services, including medical products, appliances, outpatient services, hospital care, public health initiatives, and medical research. Economic flows that result from interactions between institutional units by mutual agreement, involving an exchange of value."
CL_GFS_INDICATOR,GF0810_T,"Recreational and sporting services, Transactions",GF08_T,"Government spending on recreational facilities, parks, sports programs, and other leisure activities. Economic flows that result from interactions between institutional units by mutual agreement, involving an exchange of value."
CL_GFS_INDICATOR,GF0820_T,"Cultural services, Transactions",GF08_T,"Expenditures on cultural institutions (museums, theaters), arts programs, and heritage preservation. Economic flows that result from interactions between institutional units by mutual agreement, involving an exchange of value."
CL_GFS_INDICATOR,GF0830_T,"Broadcasting and publishing services, Transactions",GF08_T,"Government support for public broadcasting, media, and publishing industries. Economic flows that result from interactions between institutional units by mutual agreement, involving an exchange of value."
CL_GFS_INDICATOR,GF0840_T,"Religious and other community services, Transactions",GF08_T,"Spending on religious institutions and community organizations that provide social services. Economic flows that result from interactions between institutional units by mutual agreement, involving an exchange of value."
CL_GFS_INDICATOR,GF0850_T,"R&D Recreation, culture and religion, Transactions",GF08_T,"Research and development aimed at improving recreational, cultural, and religious activities. Economic flows that result from interactions between institutional units by mutual agreement, involving an exchange of value."
CL_GFS_INDICATOR,GF0860_T,"Recreation, culture and religion n.e.c., Transactions",GF08_T,"Recreational, cultural, and religious expenditures not categorized elsewhere. Economic flows that result from interactions between institutional units by mutual agreement, involving an exchange of value."
CL_GFS_INDICATOR,GF08_T,"Recreation, culture and religion, Transactions",,"Spending on recreational facilities, cultural institutions (e.g., museums, theaters), religious organizations, and related services. Economic flows that result from interactions between institutional units by mutual agreement, involving an exchange of value."
CL_GFS_INDICATOR,GF091_T,"Pre-primary and primary education, Transactions",GF09_T,"Government spending on early childhood education and elementary schools. Economic flows that result from interactions between institutional units by mutual agreement, involving an exchange of value."
CL_GFS_INDICATOR,GF092_T,"Secondary education, Transactions",GF09_T,"Expenditures on middle schools and high schools. Economic flows that result from interactions between institutional units by mutual agreement, involving an exchange of value."
CL_GFS_INDICATOR,GF0930_T,"Post-secondary non-tertiary education, Transactions",GF09_T,"Government funding for vocational training and other non-university post-secondary education. Economic flows that result from interactions between institutional units by mutual agreement, involving an exchange of value."
CL_GFS_INDICATOR,GF094_T,"Tertiary education, Transactions",GF09_T,"Spending on universities and other higher education institutions. Economic flows that result from interactions between institutional units by mutual agreement, involving an exchange of value."
CL_GFS_INDICATOR,GF0950_T,"Education not definable by level, Transactions",GF09_T,"Educational expenses that cannot be categorized by a specific level. Economic flows that result from interactions between institutional units by mutual agreement, involving an exchange of value."
CL_GFS_INDICATOR,GF0960_T,"Subsidiary services to education, Transactions",GF09_T,"Expenditures on support services for education, such as transportation, meals, and school supplies. Economic flows that result from interactions between institutional units by mutual agreement, involving an exchange of value."
CL_GFS_INDICATOR,GF0970_T,"R&D Education, Transactions",GF09_T,"Research and development focused on improving educational outcomes and methods. Economic flows that result from interactions between institutional units by mutual agreement, involving an exchange of value."
CL_GFS_INDICATOR,GF0980_T,"Education n.e.c., Transactions",GF09_T,"Education-related expenditures not categorized elsewhere. Economic flows that result from interactions between institutional units by mutual agreement, involving an exchange of value."
CL_GFS_INDICATOR,GF09_T,"Education, Transactions",,"All levels of education, from pre-primary to tertiary, as well as ancillary services like school transportation and meals. Economic flows that result from interactions between institutional units by mutual agreement, involving an exchange of value."
CL_GFS_INDICATOR,GF101_T,"Sickness and disability, Transactions",GF10_T,"Government spending on programs that provide financial support to individuals with illnesses or disabilities. Economic flows that result from interactions between institutional units by mutual agreement, involving an exchange of value."
CL_GFS_INDICATOR,GF1020_T,"Old age, Transactions",GF10_T,"Expenditures on pensions and other social security programs for the elderly. Economic flows that result from interactions between institutional units by mutual agreement, involving an exchange of value."
CL_GFS_INDICATOR,GF1030_T,"Survivors, Transactions",GF10_T,"Government payments to surviving family members of deceased workers. Economic flows that result from interactions between institutional units by mutual agreement, involving an exchange of value."
CL_GFS_INDICATOR,GF1040_T,"Family and children, Transactions",GF10_T,"Spending on family support programs, child care, and other services for children and families. Economic flows that result from interactions between institutional units by mutual agreement, involving an exchange of value."
CL_GFS_INDICATOR,GF1050_T,"Unemployment, Transactions",GF10_T,"Government expenditures on unemployment benefits and job training programs. Economic flows that result from interactions between institutional units by mutual agreement, involving an exchange of value."
CL_GFS_INDICATOR,GF1060_T,"Housing, Transactions",GF10_T,"Spending on housing assistance programs for low-income individuals and families. Economic flows that result from interactions between institutional units by mutual agreement, involving an exchange of value."
CL_GFS_INDICATOR,GF1070_T,"Social exclusion n.e.c., Transactions",GF10_T,"Expenditures on programs to address social exclusion and poverty not categorized elsewhere. Economic flows that result from interactions between institutional units by mutual agreement, involving an exchange of value."
CL_GFS_INDICATOR,GF1080_T,"R&D Social protection, Transactions",GF10_T,"Research and development aimed at improving social protection programs and policies. Economic flows that result from interactions between institutional units by mutual agreement, involving an exchange of value."
CL_GFS_INDICATOR,GF1090_T,"Social protection n.e.c., Transactions",GF10_T,"Social protection expenditures not categorized elsewhere. Economic flows that result from interactions between institutional units by mutual agreement, involving an exchange of value."
CL_GFS_INDICATOR,GF10_T,"Social protection, Transactions",,"Covers government programs aimed at providing social security and welfare, including pensions, unemployment benefits, family support, and social exclusion initiatives. Economic flows that result from interactions between institutional units by mutual agreement, involving an exchange of value."
CL_GFS_INDICATOR,GGB_T,"Government balance per national definition, Transactions",,"The government's fiscal balance as defined by national accounting standards, reflecting the difference between total revenue and total expenditure. Economic flows that result from interactions between institutional units by mutual agreement, involving an exchange of value."
CL_GFS_INDICATOR,GGB_TCB_CAB,"Government balance per national definition, Transactions (cash basis of recording), Cash basis",,"The government's fiscal balance as defined by national accounting standards, reflecting the difference between total revenue and total expenditure. Transactions (cash basis of recording). Cash basis"
CL_GFS_INDICATOR,GGOB_T,"Gross operating balance, Transactions",,"The difference between total revenue and total operating expenses, excluding capital expenditures and interest payments. Economic flows that result from interactions between institutional units by mutual agreement, involving an exchange of value."
CL_GFS_INDICATOR,GNFB_TCB_CAB,"Cash inflow from financing activities, Transactions (cash basis of recording), Cash basis",,"The cash received from financing activities such as borrowing, issuing bonds, or receiving grants. Transactions (cash basis of recording). Cash basis"
CL_GFS_INDICATOR,GNLB_T,"Net lending (+) / net borrowing (-), Transactions",,"Net lending is defined as the difference between changes in net worth due to saving and capital transfers and net acquisitions of non-financial assets (acquisitions less disposals of non-financial assets, less depreciation). If the amount is negative, it represents net borrowing. In the external accounts, it represents the sum of the balances on the current and capital accounts. This is conceptually  equal to the net balance of the financial account. If the balance is positive, it is called net lending, implying that in net terms, the economy supplies funds to the rest of the world. If the balance is negative, it is called net borrowing, implying that in net terms, the economy receives funds from the rest of the world.  Economic flows that result from interactions between institutional units by mutual agreement, involving an exchange of value."
CL_GFS_INDICATOR,GNLB_TCB_CAB,"Net lending (+) / net borrowing (-), Transactions (cash basis of recording), Cash basis",,"Net lending is defined as the difference between changes in net worth due to saving and capital transfers and net acquisitions of non-financial assets (acquisitions less disposals of non-financial assets, less depreciation). If the amount is negative, it represents net borrowing. In the external accounts, it represents the sum of the balances on the current and capital accounts. This is conceptually  equal to the net balance of the financial account. If the balance is positive, it is called net lending, implying that in net terms, the economy supplies funds to the rest of the world. If the balance is negative, it is called net borrowing, implying that in net terms, the economy receives funds from the rest of the world.  Transactions (cash basis of recording). Cash basis"
CL_GFS_INDICATOR,GNOB_T,"Net operating balance, Transactions",,"The difference between the government's total revenue and total operating expenses, excluding capital expenditures and interest payments. Economic flows that result from interactions between institutional units by mutual agreement, involving an exchange of value."
CL_GFS_INDICATOR,GPB_T,"Primary net lending (+) / net borrowing (-), Transactions",,"Primary net lending/borrowing refers to the difference between a government's total revenue (excluding borrowing) and its total expenditures (excluding debt repayments and interest payments). It represents the government's fiscal position, indicating whether it is running a surplus (positive value) or a deficit (negative value) before considering the impact of debt servicing costs.  Economic flows that result from interactions between institutional units by mutual agreement, involving an exchange of value."
CL_GFS_INDICATOR,GPB_TCB_CAB,"Primary net lending (+) / net borrowing (-), Transactions (cash basis of recording), Cash basis",,"Primary net lending/borrowing refers to the difference between a government's total revenue (excluding borrowing) and its total expenditures (excluding debt repayments and interest payments). It represents the government's fiscal position, indicating whether it is running a surplus (positive value) or a deficit (negative value) before considering the impact of debt servicing costs.  Transactions (cash basis of recording). Cash basis"
CL_GFS_INDICATOR,IO_FC_L_T,"International Organizations, Foreign Creditors, Liabilities, Transactions",,"International Organizations Foreign Creditors Obligations where one unit (the debtor) is obliged, under specific circumstances, to provide funds or other resources to another unit (the creditor). These include shares and other equity in corporations. Economic flows that result from interactions between institutional units by mutual agreement, involving an exchange of value."
CL_GFS_INDICATOR,L_SFD_L_T,"Liabilities, Stock-flow discrepancy, Transactions",,"Financial obligations that a company or individual owes to others. Stock-flow discrepancy Obligations where one unit (the debtor) is obliged, under specific circumstances, to provide funds or other resources to another unit (the creditor). These include shares and other equity in corporations. Economic flows that result from interactions between institutional units by mutual agreement, involving an exchange of value."
CL_GFS_INDICATOR,L_SP,"Liabilities, Stock positions",,"Obligations where one unit (the debtor) is obliged, under specific circumstances, to provide funds or other resources to another unit (the creditor). These include shares and other equity in corporations. The values of assets, liabilities, and equity held at a specific point in time."
CL_GFS_INDICATOR,L_T,"Liabilities, Transactions",,"Obligations where one unit (the debtor) is obliged, under specific circumstances, to provide funds or other resources to another unit (the creditor). These include shares and other equity in corporations. Economic flows that result from interactions between institutional units by mutual agreement, involving an exchange of value."
CL_GFS_INDICATOR,L_TCB_CAB,"Liabilities, Transactions (cash basis of recording), Cash basis",,"Obligations where one unit (the debtor) is obliged, under specific circumstances, to provide funds or other resources to another unit (the creditor). These include shares and other equity in corporations. Transactions (cash basis of recording). Cash basis"
CL_GFS_INDICATOR,MIN2N_A_T,"Major improvements non-produced assets, Transactions",,"Major improvements non-produced assets Assets are a store of value representing a benefit or series of benefits accruing to the economic owner by holding or using the item over a period of time. It is a means of carrying forward value from one accounting period to another. Economic flows that result from interactions between institutional units by mutual agreement, involving an exchange of value."
CL_GFS_INDICATOR,N113N_A_T,"Machinery and equipment (acquisitions less disposals), Assets, Transactions",,"The value of machinery and equipment after accounting for depreciation or disposals. Assets are a store of value representing a benefit or series of benefits accruing to the economic owner by holding or using the item over a period of time. It is a means of carrying forward value from one accounting period to another. Economic flows that result from interactions between institutional units by mutual agreement, involving an exchange of value."
CL_GFS_INDICATOR,N113_A_SP,"Machinery and equipment, Assets, Stock positions",,"Physical assets used in the operation of a business, including tools, machinery, and equipment. Assets are a store of value representing a benefit or series of benefits accruing to the economic owner by holding or using the item over a period of time. It is a means of carrying forward value from one accounting period to another. The values of assets, liabilities, and equity held at a specific point in time."
CL_GFS_INDICATOR,N114N_A_T,"Weapons systems (acquisitions less disposals), Assets, Transactions",,"The value of weapons systems after accounting for depreciation or consumption. Assets are a store of value representing a benefit or series of benefits accruing to the economic owner by holding or using the item over a period of time. It is a means of carrying forward value from one accounting period to another. Economic flows that result from interactions between institutional units by mutual agreement, involving an exchange of value."
CL_GFS_INDICATOR,N114_A_SP,"Weapons systems, Assets, Stock positions",,"Weapons systems. Assets are a store of value representing a benefit or series of benefits accruing to the economic owner by holding or using the item over a period of time. It is a means of carrying forward value from one accounting period to another. The values of assets, liabilities, and equity held at a specific point in time."
CL_GFS_INDICATOR,N11A_A_T_MI,"Fixed assets, acquisitions, Transactions, Memorandum Item",,"The total value of fixed assets acquired during the accounting period. Assets are a store of value representing a benefit or series of benefits accruing to the economic owner by holding or using the item over a period of time. It is a means of carrying forward value from one accounting period to another. Economic flows that result from interactions between institutional units by mutual agreement, involving an exchange of value. Memorandum Item"
CL_GFS_INDICATOR,N11D_A_T_MI,"Fixed assets, disposals, Transactions, Memorandum Item",,"The total value of fixed assets disposed of during the accounting period. Assets are a store of value representing a benefit or series of benefits accruing to the economic owner by holding or using the item over a period of time. It is a means of carrying forward value from one accounting period to another. Economic flows that result from interactions between institutional units by mutual agreement, involving an exchange of value. Memorandum Item"
CL_GFS_INDICATOR,N11N_A_T,"Fixed assets (acquisitions less disposals), Transactions",,"The net value of fixed assets acquired minus those disposed of during the accounting period. Assets are a store of value representing a benefit or series of benefits accruing to the economic owner by holding or using the item over a period of time. It is a means of carrying forward value from one accounting period to another. Economic flows that result from interactions between institutional units by mutual agreement, involving an exchange of value."
CL_GFS_INDICATOR,N11N_A_TCB_CAB,"Fixed assets (acquisitions less disposals), Transactions (cash basis of recording), Cash basis",,The net value of fixed assets acquired minus those disposed of during the accounting period. Assets are a store of value representing a benefit or series of benefits accruing to the economic owner by holding or using the item over a period of time. It is a means of carrying forward value from one accounting period to another. Transactions (cash basis of recording). Cash basis
CL_GFS_INDICATOR,N11PN_A_T,"Other fixed assets (acquisitions less disposals), Transactions",,"The net value of other fixed assets after accounting for acquisitions and disposals. Assets are a store of value representing a benefit or series of benefits accruing to the economic owner by holding or using the item over a period of time. It is a means of carrying forward value from one accounting period to another. Economic flows that result from interactions between institutional units by mutual agreement, involving an exchange of value."
CL_GFS_INDICATOR,N11P_A_SP,"Other fixed assets, Stock positions",,"Other fixed assets. Assets are a store of value representing a benefit or series of benefits accruing to the economic owner by holding or using the item over a period of time. It is a means of carrying forward value from one accounting period to another. The values of assets, liabilities, and equity held at a specific point in time."
CL_GFS_INDICATOR,N11_A_SP,"Fixed assets, Stock positions",,"Fixed assets. Assets are a store of value representing a benefit or series of benefits accruing to the economic owner by holding or using the item over a period of time. It is a means of carrying forward value from one accounting period to another. The values of assets, liabilities, and equity held at a specific point in time."
CL_GFS_INDICATOR,N12N_A_T,"Inventories by type of inventory (acquisitions less disposals), Assets, Transactions",,"The value of inventories categorized by type after accounting for depreciation or disposals. Assets are a store of value representing a benefit or series of benefits accruing to the economic owner by holding or using the item over a period of time. It is a means of carrying forward value from one accounting period to another. Economic flows that result from interactions between institutional units by mutual agreement, involving an exchange of value."
CL_GFS_INDICATOR,N12N_A_TCB_CAB,"Inventories by type of inventory (acquisitions less disposals), Assets, Transactions (cash basis of recording), Cash basis",,The value of inventories categorized by type after accounting for depreciation or disposals. Assets are a store of value representing a benefit or series of benefits accruing to the economic owner by holding or using the item over a period of time. It is a means of carrying forward value from one accounting period to another. Transactions (cash basis of recording). Cash basis
CL_GFS_INDICATOR,N12_A_SP,"Inventories by type of inventory, Assets, Stock positions",,"Inventories by type of inventory. Assets are a store of value representing a benefit or series of benefits accruing to the economic owner by holding or using the item over a period of time. It is a means of carrying forward value from one accounting period to another. The values of assets, liabilities, and equity held at a specific point in time."
CL_GFS_INDICATOR,N13A_A_T_MI,"Valuables, acquisitions (net of consumption of fixed capital), Assets, Transactions, Memorandum Item",,"The acquisitions of valuable items after accounting for the consumption of fixed capital. Assets are a store of value representing a benefit or series of benefits accruing to the economic owner by holding or using the item over a period of time. It is a means of carrying forward value from one accounting period to another. Economic flows that result from interactions between institutional units by mutual agreement, involving an exchange of value. Memorandum Item"
CL_GFS_INDICATOR,N13D_A_T_MI,"Valuables, disposals, Assets, Transactions, Memorandum Item",,"The disposals of valuable items. Assets are a store of value representing a benefit or series of benefits accruing to the economic owner by holding or using the item over a period of time. It is a means of carrying forward value from one accounting period to another. Economic flows that result from interactions between institutional units by mutual agreement, involving an exchange of value. Memorandum Item"
CL_GFS_INDICATOR,N13N_A_T,"Valuables (acquisitions less disposals), Assets, Transactions",,"The net acquisitions of valuable items, such as precious metals, stones, and art, after accounting for disposals. Assets are a store of value representing a benefit or series of benefits accruing to the economic owner by holding or using the item over a period of time. It is a means of carrying forward value from one accounting period to another. Economic flows that result from interactions between institutional units by mutual agreement, involving an exchange of value."
CL_GFS_INDICATOR,N13N_A_TCB_CAB,"Valuables (acquisitions less disposals), Assets, Transactions (cash basis of recording), Cash basis",,"The net acquisitions of valuable items, such as precious metals, stones, and art, after accounting for disposals. Assets are a store of value representing a benefit or series of benefits accruing to the economic owner by holding or using the item over a period of time. It is a means of carrying forward value from one accounting period to another. Transactions (cash basis of recording). Cash basis"
CL_GFS_INDICATOR,N13_A_SP,"Valuables, Assets, Stock positions",,"Valuables. Assets are a store of value representing a benefit or series of benefits accruing to the economic owner by holding or using the item over a period of time. It is a means of carrying forward value from one accounting period to another. The values of assets, liabilities, and equity held at a specific point in time."
CL_GFS_INDICATOR,N211N_A_T,"Land (acquisitions less disposals), Assets, Transactions",,"The net value of land acquired minus land disposed of during the accounting period. Assets are a store of value representing a benefit or series of benefits accruing to the economic owner by holding or using the item over a period of time. It is a means of carrying forward value from one accounting period to another. Economic flows that result from interactions between institutional units by mutual agreement, involving an exchange of value."
CL_GFS_INDICATOR,N211_A_SP,"Land, Assets, Stock positions",,"Land. Assets are a store of value representing a benefit or series of benefits accruing to the economic owner by holding or using the item over a period of time. It is a means of carrying forward value from one accounting period to another. The values of assets, liabilities, and equity held at a specific point in time."
CL_GFS_INDICATOR,N212G_A_T,"Mineral and energy reserves (gross), Assets, Transactions",,"The total value of mineral and energy reserves before accounting for extraction or usage. Assets are a store of value representing a benefit or series of benefits accruing to the economic owner by holding or using the item over a period of time. It is a means of carrying forward value from one accounting period to another. Economic flows that result from interactions between institutional units by mutual agreement, involving an exchange of value."
CL_GFS_INDICATOR,N212_A_SP,"Mineral and energy reserves, Assets, Stock positions",,"Mineral and energy reserves. Assets are a store of value representing a benefit or series of benefits accruing to the economic owner by holding or using the item over a period of time. It is a means of carrying forward value from one accounting period to another. The values of assets, liabilities, and equity held at a specific point in time."
CL_GFS_INDICATOR,N21KN_A_T,"Other naturally occurring assets (acquisitions less disposals), Transactions",,"The net value of other naturally occurring assets after accounting for acquisitions and disposals. Assets are a store of value representing a benefit or series of benefits accruing to the economic owner by holding or using the item over a period of time. It is a means of carrying forward value from one accounting period to another. Economic flows that result from interactions between institutional units by mutual agreement, involving an exchange of value."
CL_GFS_INDICATOR,N21K_A_SP,"Other naturally occuring assets, Stock positions",,"Other naturally occuring assets. Assets are a store of value representing a benefit or series of benefits accruing to the economic owner by holding or using the item over a period of time. It is a means of carrying forward value from one accounting period to another. The values of assets, liabilities, and equity held at a specific point in time."
CL_GFS_INDICATOR,N2KN_A_SP,"Intangible non-produced assets, Stock positions",,"Non-physical assets that have not been produced, such as patents, trademarks, and goodwill. Assets are a store of value representing a benefit or series of benefits accruing to the economic owner by holding or using the item over a period of time. It is a means of carrying forward value from one accounting period to another. The values of assets, liabilities, and equity held at a specific point in time."
CL_GFS_INDICATOR,N2KN_A_T,"Intangible non-produced assets, Transactions",,"Non-physical assets that have not been produced, such as patents, trademarks, and goodwill. Assets are a store of value representing a benefit or series of benefits accruing to the economic owner by holding or using the item over a period of time. It is a means of carrying forward value from one accounting period to another. Economic flows that result from interactions between institutional units by mutual agreement, involving an exchange of value."
CL_GFS_INDICATOR,N2N_A_T,"Non-produced non-financial assets (acquisitions less disposals), Transactions",,"The net value of acquisitions of non-produced non-financial assets after accounting for disposals. Assets are a store of value representing a benefit or series of benefits accruing to the economic owner by holding or using the item over a period of time. It is a means of carrying forward value from one accounting period to another. Economic flows that result from interactions between institutional units by mutual agreement, involving an exchange of value."
CL_GFS_INDICATOR,N2N_A_TCB_CAB,"Non-produced non-financial assets (acquisitions less disposals), Transactions (cash basis of recording), Cash basis",,The net value of acquisitions of non-produced non-financial assets after accounting for disposals. Assets are a store of value representing a benefit or series of benefits accruing to the economic owner by holding or using the item over a period of time. It is a means of carrying forward value from one accounting period to another. Transactions (cash basis of recording). Cash basis
CL_GFS_INDICATOR,N2_A_SP,"Non-produced non-financial assets, Stock positions",,"Non-produced non-financial assets. Assets are a store of value representing a benefit or series of benefits accruing to the economic owner by holding or using the item over a period of time. It is a means of carrying forward value from one accounting period to another. The values of assets, liabilities, and equity held at a specific point in time."
CL_GFS_INDICATOR,NCSC_A_TCB,"Net change in the stock of cash, Assets, Transactions (cash basis of recording)",,The difference between the opening and closing balances of cash held by the government over a specific period. Assets are a store of value representing a benefit or series of benefits accruing to the economic owner by holding or using the item over a period of time. It is a means of carrying forward value from one accounting period to another. Transactions (cash basis of recording).
CL_GFS_INDICATOR,NCSC_TCB_CAB,"Net change in the stock of cash, Transactions (cash basis of recording), Cash basis",,The difference between the opening and closing balances of cash held by the government over a specific period. Transactions (cash basis of recording). Cash basis
CL_GFS_INDICATOR,NDEBT_L_SP_MV_MI,"Net debt (D4), Liabilities, Stock positions, Market value, Memorandum Item",,"The total debt classified under category D4, net of financial assets. Obligations where one unit (the debtor) is obliged, under specific circumstances, to provide funds or other resources to another unit (the creditor). These include shares and other equity in corporations. The values of assets, liabilities, and equity held at a specific point in time. Market value Memorandum Item"
CL_GFS_INDICATOR,NDOTI_A_T_MI,"Nonfinanical assets other than inventories, disposals, Transactions, Memorandum Item",,"The total value of disposals of nonfinancial assets other than inventories. Assets are a store of value representing a benefit or series of benefits accruing to the economic owner by holding or using the item over a period of time. It is a means of carrying forward value from one accounting period to another. Economic flows that result from interactions between institutional units by mutual agreement, involving an exchange of value. Memorandum Item"
CL_GFS_INDICATOR,NFA_A_SP,"Nonfinancial assets, Stock positions",,"Tangible and intangible economic resources owned by an entity that are not financial assets. These include fixed assets like buildings, machinery, and land, as well as inventories, valuables, and non-produced assets. Assets are a store of value representing a benefit or series of benefits accruing to the economic owner by holding or using the item over a period of time. It is a means of carrying forward value from one accounting period to another. The values of assets, liabilities, and equity held at a specific point in time."
CL_GFS_INDICATOR,NFA_SFD_A_T,"Nonfinancial assets, Stock-flow discrepancy, Transactions",,"Tangible and intangible economic resources owned by an entity that are not financial assets. These include fixed assets like buildings, machinery, and land, as well as inventories, valuables, and non-produced assets. Stock-flow discrepancy Assets are a store of value representing a benefit or series of benefits accruing to the economic owner by holding or using the item over a period of time. It is a means of carrying forward value from one accounting period to another. Economic flows that result from interactions between institutional units by mutual agreement, involving an exchange of value."
CL_GFS_INDICATOR,NFWSFD_L_T,"Stock-flow discrepancy, net financial worth, Liabilities, Transactions",,"The difference between changes in stocks (assets and liabilities) and flows (transactions) that affect the net financial worth of the government. Obligations where one unit (the debtor) is obliged, under specific circumstances, to provide funds or other resources to another unit (the creditor). These include shares and other equity in corporations. Economic flows that result from interactions between institutional units by mutual agreement, involving an exchange of value."
CL_GFS_INDICATOR,NFWSFD_NETAL_T,"Stock-flow discrepancy, net financial worth, Net (assets less liabilities), Transactions",,"The difference between changes in stocks (assets and liabilities) and flows (transactions) that affect the net financial worth of the government. Net refers to the value of assets less the value of liabilities Economic flows that result from interactions between institutional units by mutual agreement, involving an exchange of value."
CL_GFS_INDICATOR,NFW_A_SP_MI,"Net financial worth, Assets, Stock positions, Memorandum Item",,"The difference between the government's total financial assets and total liabilities, representing its net financial position. Assets are a store of value representing a benefit or series of benefits accruing to the economic owner by holding or using the item over a period of time. It is a means of carrying forward value from one accounting period to another. The values of assets, liabilities, and equity held at a specific point in time. Memorandum Item"
CL_GFS_INDICATOR,NLG_A_T_MI,"Nonproduced assets other than inventories, acquisitions, Transactions, Memorandum Item",,"The net value of acquisitions of nonproduced assets other than inventories. Assets are a store of value representing a benefit or series of benefits accruing to the economic owner by holding or using the item over a period of time. It is a means of carrying forward value from one accounting period to another. Economic flows that result from interactions between institutional units by mutual agreement, involving an exchange of value. Memorandum Item"
CL_GFS_INDICATOR,NNADISP_A_T_MI,"Disposals, nonproduced nonfinancial assets, Transactions, Memorandum Item",,"The sale or disposal of nonproduced assets, such as land or natural resources. Assets are a store of value representing a benefit or series of benefits accruing to the economic owner by holding or using the item over a period of time. It is a means of carrying forward value from one accounting period to another. Economic flows that result from interactions between institutional units by mutual agreement, involving an exchange of value. Memorandum Item"
CL_GFS_INDICATOR,NNFAG_A_T,"Gross investment in nonfinancial assets, Transactions",,"The total investment in assets that are not financial in nature, such as property, plant, and equipment. Assets are a store of value representing a benefit or series of benefits accruing to the economic owner by holding or using the item over a period of time. It is a means of carrying forward value from one accounting period to another. Economic flows that result from interactions between institutional units by mutual agreement, involving an exchange of value."
CL_GFS_INDICATOR,NYNA_A_T_MI,"Nonfinancial assets other than inventories, acquisitions (net of CFC), Transactions, Memorandum Item",,"The net value of acquisitions of nonfinancial assets other than inventories, after accounting for consumption of fixed capital (CFC). Assets are a store of value representing a benefit or series of benefits accruing to the economic owner by holding or using the item over a period of time. It is a means of carrying forward value from one accounting period to another. Economic flows that result from interactions between institutional units by mutual agreement, involving an exchange of value. Memorandum Item"
CL_GFS_INDICATOR,NYNBS_A_SP,"Buildings and structures, Assets, Stock positions",,"Physical structures, including residential and non-residential buildings and infrastructure. Assets are a store of value representing a benefit or series of benefits accruing to the economic owner by holding or using the item over a period of time. It is a means of carrying forward value from one accounting period to another. The values of assets, liabilities, and equity held at a specific point in time."
CL_GFS_INDICATOR,NYNBS_A_T,"Buildings and structures, Assets, Transactions",,"Physical structures, including residential and non-residential buildings and infrastructure. Assets are a store of value representing a benefit or series of benefits accruing to the economic owner by holding or using the item over a period of time. It is a means of carrying forward value from one accounting period to another. Economic flows that result from interactions between institutional units by mutual agreement, involving an exchange of value."
CL_GFS_INDICATOR,ONRES_FC_L_T,"Nonresidents, Other, Foreign Creditors, Liabilities, Transactions",,"Nonresidents, Other Foreign Creditors Obligations where one unit (the debtor) is obliged, under specific circumstances, to provide funds or other resources to another unit (the creditor). These include shares and other equity in corporations. Economic flows that result from interactions between institutional units by mutual agreement, involving an exchange of value."
CL_GFS_INDICATOR,OVTRANC_T,"Other voluntary transfers: current transfers, Transactions",,"Current transfers that do not fit into specific categories and are classified as miscellaneous. Economic flows that result from interactions between institutional units by mutual agreement, involving an exchange of value."
CL_GFS_INDICATOR,OVTRANSK_T,"Other voluntary transfers: capital transfers, Transactions",,"Capital transfers that do not fit into specific categories and are classified as miscellaneous. Economic flows that result from interactions between institutional units by mutual agreement, involving an exchange of value."
CL_GFS_INDICATOR,OVTRANS_T,"Other voluntary transfers, Transactions",,"Financial transfers that do not fit into specific categories and are classified as miscellaneous. Economic flows that result from interactions between institutional units by mutual agreement, involving an exchange of value."
CL_GFS_INDICATOR,S11_DC_L_T,"Non-financial corporations, Domestic Creditors, Liabilities, Transactions",,"Non-financial corporations are institutional units whose principal activity is the production of market goods or non-financial services. Domestic Creditors Obligations where one unit (the debtor) is obliged, under specific circumstances, to provide funds or other resources to another unit (the creditor). These include shares and other equity in corporations. Economic flows that result from interactions between institutional units by mutual agreement, involving an exchange of value."
CL_GFS_INDICATOR,S121_DC_L_T,"Central bank, Domestic Creditors, Liabilities, Transactions",,"Central bank Domestic Creditors Obligations where one unit (the debtor) is obliged, under specific circumstances, to provide funds or other resources to another unit (the creditor). These include shares and other equity in corporations. Economic flows that result from interactions between institutional units by mutual agreement, involving an exchange of value."
CL_GFS_INDICATOR,S122_DC_L_T,"Deposit taking corporations, except the Central Bank, Domestic Creditors, Liabilities, Transactions",,"Financial corporations accepting deposits, except for the central bank. Domestic Creditors Obligations where one unit (the debtor) is obliged, under specific circumstances, to provide funds or other resources to another unit (the creditor). These include shares and other equity in corporations. Economic flows that result from interactions between institutional units by mutual agreement, involving an exchange of value."
CL_GFS_INDICATOR,S12R_DC_L_T,"Other financial corporations, Domestic Creditors, Liabilities, Transactions",,"Other financial corporations Domestic Creditors Obligations where one unit (the debtor) is obliged, under specific circumstances, to provide funds or other resources to another unit (the creditor). These include shares and other equity in corporations. Economic flows that result from interactions between institutional units by mutual agreement, involving an exchange of value."
CL_GFS_INDICATOR,S12XIOS_FC_L_T,"Financial corporations other than International Organizations, Foreign Creditors, Liabilities, Transactions",,"Financial corporations other than International Organizations Foreign Creditors Obligations where one unit (the debtor) is obliged, under specific circumstances, to provide funds or other resources to another unit (the creditor). These include shares and other equity in corporations. Economic flows that result from interactions between institutional units by mutual agreement, involving an exchange of value."
CL_GFS_INDICATOR,S13_DC_L_T,"General government, Domestic Creditors, Liabilities, Transactions",,"The General Government sector consists of legal entities established by political processes that have legislative, judicial or executive authority over other institutional units within a given area, principally engaged in non-market production intended for individual and collective consumption and in the redistribution of income and wealth by transfers, which is financed mainly by compulsory payments made by units belonging to other sectors. The general government sector includes institutional units at central, state and local level together with social security funds and non-profit institutions controlled by them. Domestic Creditors Obligations where one unit (the debtor) is obliged, under specific circumstances, to provide funds or other resources to another unit (the creditor). These include shares and other equity in corporations. Economic flows that result from interactions between institutional units by mutual agreement, involving an exchange of value."
CL_GFS_INDICATOR,S13_FC_L_T,"General government, Foreign Creditors, Liabilities, Transactions",,"The General Government sector consists of legal entities established by political processes that have legislative, judicial or executive authority over other institutional units within a given area, principally engaged in non-market production intended for individual and collective consumption and in the redistribution of income and wealth by transfers, which is financed mainly by compulsory payments made by units belonging to other sectors. The general government sector includes institutional units at central, state and local level together with social security funds and non-profit institutions controlled by them. Foreign Creditors Obligations where one unit (the debtor) is obliged, under specific circumstances, to provide funds or other resources to another unit (the creditor). These include shares and other equity in corporations. Economic flows that result from interactions between institutional units by mutual agreement, involving an exchange of value."
CL_GFS_INDICATOR,S1M_DC_L_T,"Households and non profit institutions serving households (NPISH), Domestic Creditors, Liabilities, Transactions",,"Households and non profit institutions serving households (NPISH) Domestic Creditors Obligations where one unit (the debtor) is obliged, under specific circumstances, to provide funds or other resources to another unit (the creditor). These include shares and other equity in corporations. Economic flows that result from interactions between institutional units by mutual agreement, involving an exchange of value."
CL_GFS_INDICATOR,SFDCNWCS_T,"Stock-flow discrepancy, Change in net worth vs change in stocks, Transactions",,"Stock-flow discrepancy, Change in net worth vs change in stocks Economic flows that result from interactions between institutional units by mutual agreement, involving an exchange of value."
CL_GFS_INDICATOR,TL_DC_L_SP,"Total liabilities, Domestic Creditors, Stock positions",,"The total value of all financial obligations owed by an entity to other entities. These obligations represent claims held by others against the entity and may include loans, debt securities, accounts payable, and other forms of debt. Domestic Creditors Obligations where one unit (the debtor) is obliged, under specific circumstances, to provide funds or other resources to another unit (the creditor). These include shares and other equity in corporations. The values of assets, liabilities, and equity held at a specific point in time."
CL_GFS_INDICATOR,TL_FC_L_SP,"Total liabilities, Foreign Creditors, Stock positions",,"The total value of all financial obligations owed by an entity to other entities. These obligations represent claims held by others against the entity and may include loans, debt securities, accounts payable, and other forms of debt. Foreign Creditors Obligations where one unit (the debtor) is obliged, under specific circumstances, to provide funds or other resources to another unit (the creditor). These include shares and other equity in corporations. The values of assets, liabilities, and equity held at a specific point in time."
CL_GFS_INDICATOR,TL_IO_FC_L_SP,"Total liabilities, International Organizations, Foreign Creditors, Stock positions",,"The total value of all financial obligations owed by an entity to other entities. These obligations represent claims held by others against the entity and may include loans, debt securities, accounts payable, and other forms of debt. International Organizations Foreign Creditors Obligations where one unit (the debtor) is obliged, under specific circumstances, to provide funds or other resources to another unit (the creditor). These include shares and other equity in corporations. The values of assets, liabilities, and equity held at a specific point in time."
CL_GFS_INDICATOR,TL_ONRES_FC_L_SP,"Total liabilities, Nonresidents, Other, Foreign Creditors, Stock positions",,"The total value of all financial obligations owed by an entity to other entities. These obligations represent claims held by others against the entity and may include loans, debt securities, accounts payable, and other forms of debt. Nonresidents, Other Foreign Creditors Obligations where one unit (the debtor) is obliged, under specific circumstances, to provide funds or other resources to another unit (the creditor). These include shares and other equity in corporations. The values of assets, liabilities, and equity held at a specific point in time."
CL_GFS_INDICATOR,TL_S11_DC_L_SP,"Total liabilities, Non-financial corporations, Domestic Creditors, Stock positions",,"The total value of all financial obligations owed by an entity to other entities. These obligations represent claims held by others against the entity and may include loans, debt securities, accounts payable, and other forms of debt. Non-financial corporations are institutional units whose principal activity is the production of market goods or non-financial services. Domestic Creditors Obligations where one unit (the debtor) is obliged, under specific circumstances, to provide funds or other resources to another unit (the creditor). These include shares and other equity in corporations. The values of assets, liabilities, and equity held at a specific point in time."
CL_GFS_INDICATOR,TL_S121_DC_L_SP,"Total liabilities, Central bank, Domestic Creditors, Stock positions",,"The total value of all financial obligations owed by an entity to other entities. These obligations represent claims held by others against the entity and may include loans, debt securities, accounts payable, and other forms of debt. Central bank Domestic Creditors Obligations where one unit (the debtor) is obliged, under specific circumstances, to provide funds or other resources to another unit (the creditor). These include shares and other equity in corporations. The values of assets, liabilities, and equity held at a specific point in time."
CL_GFS_INDICATOR,TL_S122_DC_L_SP,"Total liabilities, Deposit taking corporations, except the Central Bank, Domestic Creditors, Stock positions",,"The total value of all financial obligations owed by an entity to other entities. These obligations represent claims held by others against the entity and may include loans, debt securities, accounts payable, and other forms of debt. Financial corporations accepting deposits, except for the central bank. Domestic Creditors Obligations where one unit (the debtor) is obliged, under specific circumstances, to provide funds or other resources to another unit (the creditor). These include shares and other equity in corporations. The values of assets, liabilities, and equity held at a specific point in time."
CL_GFS_INDICATOR,TL_S12R_DC_L_SP,"Total liabilities, Other financial corporations, Domestic Creditors, Stock positions",,"The total value of all financial obligations owed by an entity to other entities. These obligations represent claims held by others against the entity and may include loans, debt securities, accounts payable, and other forms of debt. Other financial corporations Domestic Creditors Obligations where one unit (the debtor) is obliged, under specific circumstances, to provide funds or other resources to another unit (the creditor). These include shares and other equity in corporations. The values of assets, liabilities, and equity held at a specific point in time."
CL_GFS_INDICATOR,TL_S12XIOS_FC_L_SP,"Total liabilities, Financial corporations other than International Organizations, Foreign Creditors, Stock positions",,"The total value of all financial obligations owed by an entity to other entities. These obligations represent claims held by others against the entity and may include loans, debt securities, accounts payable, and other forms of debt. Financial corporations other than International Organizations Foreign Creditors Obligations where one unit (the debtor) is obliged, under specific circumstances, to provide funds or other resources to another unit (the creditor). These include shares and other equity in corporations. The values of assets, liabilities, and equity held at a specific point in time."
CL_GFS_INDICATOR,TL_S13_DC_L_SP,"Total liabilities, General government, Domestic Creditors, Stock positions",,"The total value of all financial obligations owed by an entity to other entities. These obligations represent claims held by others against the entity and may include loans, debt securities, accounts payable, and other forms of debt. The General Government sector consists of legal entities established by political processes that have legislative, judicial or executive authority over other institutional units within a given area, principally engaged in non-market production intended for individual and collective consumption and in the redistribution of income and wealth by transfers, which is financed mainly by compulsory payments made by units belonging to other sectors. The general government sector includes institutional units at central, state and local level together with social security funds and non-profit institutions controlled by them. Domestic Creditors Obligations where one unit (the debtor) is obliged, under specific circumstances, to provide funds or other resources to another unit (the creditor). These include shares and other equity in corporations. The values of assets, liabilities, and equity held at a specific point in time."
CL_GFS_INDICATOR,TL_S13_FC_SP,"Total liabilities, General government, Foreign Creditors, Stock positions",,"The total value of all financial obligations owed by an entity to other entities. These obligations represent claims held by others against the entity and may include loans, debt securities, accounts payable, and other forms of debt. The General Government sector consists of legal entities established by political processes that have legislative, judicial or executive authority over other institutional units within a given area, principally engaged in non-market production intended for individual and collective consumption and in the redistribution of income and wealth by transfers, which is financed mainly by compulsory payments made by units belonging to other sectors. The general government sector includes institutional units at central, state and local level together with social security funds and non-profit institutions controlled by them. Foreign Creditors The values of assets, liabilities, and equity held at a specific point in time."
CL_GFS_INDICATOR,TL_S1M_DC_L_SP,"Total liabilities, Households and non profit institutions serving households (NPISH), Domestic Creditors, Stock positions",,"The total value of all financial obligations owed by an entity to other entities. These obligations represent claims held by others against the entity and may include loans, debt securities, accounts payable, and other forms of debt. Households and non profit institutions serving households (NPISH) Domestic Creditors Obligations where one unit (the debtor) is obliged, under specific circumstances, to provide funds or other resources to another unit (the creditor). These include shares and other equity in corporations. The values of assets, liabilities, and equity held at a specific point in time."
CL_GFS_INDICATOR,TOA_T,"Tota outlays (adjustment), Transactions",,"Adjustments made to total outlays to account for specific factors or discrepancies. Economic flows that result from interactions between institutional units by mutual agreement, involving an exchange of value."
CL_GFS_INDICATOR,TOTOUT_T,"Total outlays, Transactions",,"The total amount of government expenditures, including operating expenses, capital expenditures, and transfer payments. Economic flows that result from interactions between institutional units by mutual agreement, involving an exchange of value."
CL_GFS_INDICATOR,_TADJ_L_SP,"Liabilities, adjustment, Stock positions",,"Liabilities, adjustment. Obligations where one unit (the debtor) is obliged, under specific circumstances, to provide funds or other resources to another unit (the creditor). These include shares and other equity in corporations. The values of assets, liabilities, and equity held at a specific point in time."
